"unitid","year","metric","value"
100654,2024,"female_athletes_undup",204
100654,2024,"male_athletes_undup",294
100654,2024,"mens_varsity_sports",6
100654,2024,"multi_sport_ratio",1.10441767068273
100654,2024,"pct_athletes_overall",8.78616796047989
100654,2024,"pct_female_athletes",6.19495900394777
100654,2024,"pct_male_athletes",12.3789473684211
100654,2024,"total_athletes_undup",498
100654,2024,"total_varsity_sports",13
100654,2024,"womens_varsity_sports",7
100663,2024,"female_athletes_undup",188
100663,2024,"male_athletes_undup",228
100663,2024,"mens_varsity_sports",6
100663,2024,"multi_sport_ratio",1.12980769230769
100663,2024,"pct_athletes_overall",4.3628736234924
100663,2024,"pct_female_athletes",3.10692447529334
100663,2024,"pct_male_athletes",6.54420206659013
100663,2024,"total_athletes_undup",416
100663,2024,"total_varsity_sports",15
100663,2024,"womens_varsity_sports",9
100706,2024,"female_athletes_undup",165
100706,2024,"male_athletes_undup",225
100706,2024,"mens_varsity_sports",5
100706,2024,"multi_sport_ratio",1.41538461538462
100706,2024,"pct_athletes_overall",6.87830687830688
100706,2024,"pct_female_athletes",7.46606334841629
100706,2024,"pct_male_athletes",6.5028901734104
100706,2024,"total_athletes_undup",390
100706,2024,"total_varsity_sports",11
100706,2024,"womens_varsity_sports",6
100724,2024,"female_athletes_undup",73
100724,2024,"male_athletes_undup",212
100724,2024,"mens_varsity_sports",6
100724,2024,"multi_sport_ratio",1.46315789473684
100724,2024,"pct_athletes_overall",8.7881591119334
100724,2024,"pct_female_athletes",3.53339787028074
100724,2024,"pct_male_athletes",18.0118946474087
100724,2024,"total_athletes_undup",285
100724,2024,"total_varsity_sports",14
100724,2024,"womens_varsity_sports",8
100751,2024,"female_athletes_undup",348
100751,2024,"male_athletes_undup",320
100751,2024,"mens_varsity_sports",7
100751,2024,"multi_sport_ratio",1.23952095808383
100751,2024,"pct_athletes_overall",2.15671714073548
100751,2024,"pct_female_athletes",1.99770378874856
100751,2024,"pct_male_athletes",2.3611008632775
100751,2024,"total_athletes_undup",668
100751,2024,"total_varsity_sports",17
100751,2024,"womens_varsity_sports",10
100830,2024,"female_athletes_undup",93
100830,2024,"male_athletes_undup",111
100830,2024,"mens_varsity_sports",5
100830,2024,"multi_sport_ratio",1.02450980392157
100830,2024,"pct_athletes_overall",10.0790513833992
100830,2024,"pct_female_athletes",6.98722764838467
100830,2024,"pct_male_athletes",16.017316017316
100830,2024,"total_athletes_undup",204
100830,2024,"total_varsity_sports",12
100830,2024,"womens_varsity_sports",7
100858,2024,"female_athletes_undup",273
100858,2024,"male_athletes_undup",282
100858,2024,"mens_varsity_sports",7
100858,2024,"multi_sport_ratio",1.2018018018018
100858,2024,"pct_athletes_overall",2.20439289828018
100858,2024,"pct_female_athletes",2.12434829974321
100858,2024,"pct_male_athletes",2.28784682784358
100858,2024,"total_athletes_undup",555
100858,2024,"total_varsity_sports",17
100858,2024,"womens_varsity_sports",10
101189,2024,"female_athletes_undup",96
101189,2024,"male_athletes_undup",257
101189,2024,"mens_varsity_sports",6
101189,2024,"multi_sport_ratio",1
101189,2024,"pct_athletes_overall",30.6689834926151
101189,2024,"pct_female_athletes",16.1888701517707
101189,2024,"pct_male_athletes",46.0573476702509
101189,2024,"total_athletes_undup",353
101189,2024,"total_varsity_sports",12
101189,2024,"womens_varsity_sports",6
101435,2024,"female_athletes_undup",176
101435,2024,"male_athletes_undup",387
101435,2024,"mens_varsity_sports",10
101435,2024,"multi_sport_ratio",1.08170515097691
101435,2024,"pct_athletes_overall",64.4902634593356
101435,2024,"pct_female_athletes",45.7142857142857
101435,2024,"pct_male_athletes",79.3032786885246
101435,2024,"total_athletes_undup",563
101435,2024,"total_varsity_sports",22
101435,2024,"womens_varsity_sports",12
101480,2024,"female_athletes_undup",159
101480,2024,"male_athletes_undup",262
101480,2024,"mens_varsity_sports",6
101480,2024,"multi_sport_ratio",1.18289786223278
101480,2024,"pct_athletes_overall",6.60495764041418
101480,2024,"pct_female_athletes",4.18751646036344
101480,2024,"pct_male_athletes",10.1668606907257
101480,2024,"total_athletes_undup",421
101480,2024,"total_varsity_sports",17
101480,2024,"womens_varsity_sports",11
101587,2024,"female_athletes_undup",109
101587,2024,"male_athletes_undup",238
101587,2024,"mens_varsity_sports",7
101587,2024,"multi_sport_ratio",1.10662824207493
101587,2024,"pct_athletes_overall",14.4162858329871
101587,2024,"pct_female_athletes",6.13048368953881
101587,2024,"pct_male_athletes",37.8378378378378
101587,2024,"total_athletes_undup",347
101587,2024,"total_varsity_sports",14
101587,2024,"womens_varsity_sports",7
101675,2024,"female_athletes_undup",76
101675,2024,"male_athletes_undup",180
101675,2024,"mens_varsity_sports",5
101675,2024,"multi_sport_ratio",1.0703125
101675,2024,"pct_athletes_overall",22.8775692582663
101675,2024,"pct_female_athletes",14.0221402214022
101675,2024,"pct_male_athletes",31.1958405545927
101675,2024,"total_athletes_undup",256
101675,2024,"total_varsity_sports",10
101675,2024,"womens_varsity_sports",5
101693,2024,"female_athletes_undup",180
101693,2024,"male_athletes_undup",159
101693,2024,"mens_varsity_sports",9
101693,2024,"multi_sport_ratio",1.17699115044248
101693,2024,"pct_athletes_overall",27.2289156626506
101693,2024,"pct_female_athletes",23.841059602649
101693,2024,"pct_male_athletes",32.4489795918367
101693,2024,"total_athletes_undup",339
101693,2024,"total_varsity_sports",20
101693,2024,"womens_varsity_sports",11
101709,2024,"female_athletes_undup",218
101709,2024,"male_athletes_undup",313
101709,2024,"mens_varsity_sports",9
101709,2024,"multi_sport_ratio",1.23540489642185
101709,2024,"pct_athletes_overall",26.3001485884101
101709,2024,"pct_female_athletes",18.1063122923588
101709,2024,"pct_male_athletes",38.4049079754601
101709,2024,"total_athletes_undup",531
101709,2024,"total_varsity_sports",19
101709,2024,"womens_varsity_sports",10
101879,2024,"female_athletes_undup",144
101879,2024,"male_athletes_undup",212
101879,2024,"mens_varsity_sports",6
101879,2024,"multi_sport_ratio",1.00561797752809
101879,2024,"pct_athletes_overall",7.16297786720322
101879,2024,"pct_female_athletes",4.63469584808497
101879,2024,"pct_male_athletes",11.3794954374665
101879,2024,"total_athletes_undup",356
101879,2024,"total_varsity_sports",14
101879,2024,"womens_varsity_sports",8
101912,2024,"female_athletes_undup",55
101912,2024,"male_athletes_undup",55
101912,2024,"mens_varsity_sports",3
101912,2024,"multi_sport_ratio",1.01818181818182
101912,2024,"pct_athletes_overall",9.96376811594203
101912,2024,"pct_female_athletes",8.88529886914378
101912,2024,"pct_male_athletes",11.340206185567
101912,2024,"total_athletes_undup",110
101912,2024,"total_varsity_sports",7
101912,2024,"womens_varsity_sports",4
102049,2024,"female_athletes_undup",144
102049,2024,"male_athletes_undup",244
102049,2024,"mens_varsity_sports",6
102049,2024,"multi_sport_ratio",1.29639175257732
102049,2024,"pct_athletes_overall",9.35390549662488
102049,2024,"pct_female_athletes",5.32938564026647
102049,2024,"pct_male_athletes",16.8741355463347
102049,2024,"total_athletes_undup",388
102049,2024,"total_varsity_sports",13
102049,2024,"womens_varsity_sports",7
102094,2024,"female_athletes_undup",144
102094,2024,"male_athletes_undup",242
102094,2024,"mens_varsity_sports",8
102094,2024,"multi_sport_ratio",1.30310880829016
102094,2024,"pct_athletes_overall",4.95507060333761
102094,2024,"pct_female_athletes",2.95021511985249
102094,2024,"pct_male_athletes",8.31900996906153
102094,2024,"total_athletes_undup",386
102094,2024,"total_varsity_sports",17
102094,2024,"womens_varsity_sports",9
102234,2024,"female_athletes_undup",133
102234,2024,"male_athletes_undup",160
102234,2024,"mens_varsity_sports",6
102234,2024,"multi_sport_ratio",1.15699658703072
102234,2024,"pct_athletes_overall",38.7054161162484
102234,2024,"pct_female_athletes",30.787037037037
102234,2024,"pct_male_athletes",49.2307692307692
102234,2024,"total_athletes_undup",293
102234,2024,"total_varsity_sports",14
102234,2024,"womens_varsity_sports",8
102270,2024,"female_athletes_undup",68
102270,2024,"male_athletes_undup",91
102270,2024,"mens_varsity_sports",5
102270,2024,"multi_sport_ratio",1.0125786163522
102270,2024,"pct_athletes_overall",25.1582278481013
102270,2024,"pct_female_athletes",18.3783783783784
102270,2024,"pct_male_athletes",34.7328244274809
102270,2024,"total_athletes_undup",159
102270,2024,"total_varsity_sports",11
102270,2024,"womens_varsity_sports",6
102298,2024,"female_athletes_undup",39
102298,2024,"male_athletes_undup",41
102298,2024,"mens_varsity_sports",6
102298,2024,"multi_sport_ratio",2.8
102298,2024,"pct_athletes_overall",11.5107913669065
102298,2024,"pct_female_athletes",13.8297872340426
102298,2024,"pct_male_athletes",9.9273607748184
102298,2024,"total_athletes_undup",80
102298,2024,"total_varsity_sports",11
102298,2024,"womens_varsity_sports",5
102368,2024,"female_athletes_undup",154
102368,2024,"male_athletes_undup",259
102368,2024,"mens_varsity_sports",6
102368,2024,"multi_sport_ratio",1.17675544794189
102368,2024,"pct_athletes_overall",5.88990302338848
102368,2024,"pct_female_athletes",3.46534653465347
102368,2024,"pct_male_athletes",10.0856697819315
102368,2024,"total_athletes_undup",413
102368,2024,"total_varsity_sports",13
102368,2024,"womens_varsity_sports",7
102377,2024,"female_athletes_undup",97
102377,2024,"male_athletes_undup",248
102377,2024,"mens_varsity_sports",7
102377,2024,"multi_sport_ratio",1.20869565217391
102377,2024,"pct_athletes_overall",13.5029354207436
102377,2024,"pct_female_athletes",6.11601513240857
102377,2024,"pct_male_athletes",25.593395252838
102377,2024,"total_athletes_undup",345
102377,2024,"total_varsity_sports",14
102377,2024,"womens_varsity_sports",7
102395,2024,"female_athletes_undup",37
102395,2024,"male_athletes_undup",76
102395,2024,"mens_varsity_sports",3
102395,2024,"multi_sport_ratio",1
102395,2024,"pct_athletes_overall",64.9425287356322
102395,2024,"pct_female_athletes",78.7234042553192
102395,2024,"pct_male_athletes",59.8425196850394
102395,2024,"total_athletes_undup",113
102395,2024,"total_varsity_sports",6
102395,2024,"womens_varsity_sports",3
102553,2024,"female_athletes_undup",87
102553,2024,"male_athletes_undup",106
102553,2024,"mens_varsity_sports",6
102553,2024,"multi_sport_ratio",1.51813471502591
102553,2024,"pct_athletes_overall",5.01428942582489
102553,2024,"pct_female_athletes",4.10764872521247
102553,2024,"pct_male_athletes",6.12362796071635
102553,2024,"total_athletes_undup",193
102553,2024,"total_varsity_sports",13
102553,2024,"womens_varsity_sports",7
102614,2024,"female_athletes_undup",69
102614,2024,"male_athletes_undup",71
102614,2024,"mens_varsity_sports",4
102614,2024,"multi_sport_ratio",1.10714285714286
102614,2024,"pct_athletes_overall",5.63607085346216
102614,2024,"pct_female_athletes",5.08474576271187
102614,2024,"pct_male_athletes",6.29991126885537
102614,2024,"total_athletes_undup",140
102614,2024,"total_varsity_sports",9
102614,2024,"womens_varsity_sports",5
104151,2024,"female_athletes_undup",267
104151,2024,"male_athletes_undup",349
104151,2024,"mens_varsity_sports",9
104151,2024,"multi_sport_ratio",1.15584415584416
104151,2024,"pct_athletes_overall",1.02194867030542
104151,2024,"pct_female_athletes",0.901844220766061
104151,2024,"pct_male_athletes",1.13788269048939
104151,2024,"total_athletes_undup",616
104151,2024,"total_varsity_sports",22
104151,2024,"womens_varsity_sports",13
104179,2024,"female_athletes_undup",233
104179,2024,"male_athletes_undup",268
104179,2024,"mens_varsity_sports",7
104179,2024,"multi_sport_ratio",1.21956087824351
104179,2024,"pct_athletes_overall",1.41075099259426
104179,2024,"pct_female_athletes",1.14338993031701
104179,2024,"pct_male_athletes",1.77073009580443
104179,2024,"total_athletes_undup",501
104179,2024,"total_varsity_sports",18
104179,2024,"womens_varsity_sports",11
104425,2024,"female_athletes_undup",51
104425,2024,"male_athletes_undup",55
104425,2024,"mens_varsity_sports",3
104425,2024,"multi_sport_ratio",1
104425,2024,"pct_athletes_overall",7.30027548209366
104425,2024,"pct_female_athletes",6.18932038834951
104425,2024,"pct_male_athletes",8.75796178343949
104425,2024,"total_athletes_undup",106
104425,2024,"total_varsity_sports",6
104425,2024,"womens_varsity_sports",3
104577,2024,"female_athletes_undup",86
104577,2024,"male_athletes_undup",83
104577,2024,"mens_varsity_sports",4
104577,2024,"multi_sport_ratio",1
104577,2024,"pct_athletes_overall",13.11093871218
104577,2024,"pct_female_athletes",13.5860979462875
104577,2024,"pct_male_athletes",12.6524390243902
104577,2024,"total_athletes_undup",169
104577,2024,"total_varsity_sports",8
104577,2024,"womens_varsity_sports",4
104586,2024,"female_athletes_undup",98
104586,2024,"male_athletes_undup",132
104586,2024,"mens_varsity_sports",6
104586,2024,"multi_sport_ratio",1.08260869565217
104586,2024,"pct_athletes_overall",7.5261780104712
104586,2024,"pct_female_athletes",11.5158636897767
104586,2024,"pct_male_athletes",5.98639455782313
104586,2024,"total_athletes_undup",230
104586,2024,"total_varsity_sports",12
104586,2024,"womens_varsity_sports",6
104708,2024,"female_athletes_undup",101
104708,2024,"male_athletes_undup",142
104708,2024,"mens_varsity_sports",8
104708,2024,"multi_sport_ratio",1.16049382716049
104708,2024,"pct_athletes_overall",6.39642011055541
104708,2024,"pct_female_athletes",5.13472292831723
104708,2024,"pct_male_athletes",7.75109170305677
104708,2024,"total_athletes_undup",243
104708,2024,"total_varsity_sports",16
104708,2024,"womens_varsity_sports",8
105145,2024,"female_athletes_undup",18
105145,2024,"male_athletes_undup",62
105145,2024,"mens_varsity_sports",2
105145,2024,"multi_sport_ratio",1
105145,2024,"pct_athletes_overall",7.31261425959781
105145,2024,"pct_female_athletes",2.57510729613734
105145,2024,"pct_male_athletes",15.6962025316456
105145,2024,"total_athletes_undup",80
105145,2024,"total_varsity_sports",3
105145,2024,"womens_varsity_sports",1
105154,2024,"female_athletes_undup",104
105154,2024,"male_athletes_undup",137
105154,2024,"mens_varsity_sports",8
105154,2024,"multi_sport_ratio",1.35269709543568
105154,2024,"pct_athletes_overall",5.38908765652952
105154,2024,"pct_female_athletes",4.60992907801418
105154,2024,"pct_male_athletes",6.18231046931408
105154,2024,"total_athletes_undup",241
105154,2024,"total_varsity_sports",18
105154,2024,"womens_varsity_sports",10
105297,2024,"female_athletes_undup",12
105297,2024,"male_athletes_undup",14
105297,2024,"mens_varsity_sports",3
105297,2024,"multi_sport_ratio",1
105297,2024,"pct_athletes_overall",4.05616224648986
105297,2024,"pct_female_athletes",2.62008733624454
105297,2024,"pct_male_athletes",7.65027322404372
105297,2024,"total_athletes_undup",26
105297,2024,"total_varsity_sports",6
105297,2024,"womens_varsity_sports",3
105330,2024,"female_athletes_undup",150
105330,2024,"male_athletes_undup",203
105330,2024,"mens_varsity_sports",4
105330,2024,"multi_sport_ratio",1.39943342776204
105330,2024,"pct_athletes_overall",1.76147704590818
105330,2024,"pct_female_athletes",1.20792398131744
105330,2024,"pct_male_athletes",2.66334295460509
105330,2024,"total_athletes_undup",353
105330,2024,"total_varsity_sports",11
105330,2024,"womens_varsity_sports",7
105428,2024,"female_athletes_undup",85
105428,2024,"male_athletes_undup",68
105428,2024,"mens_varsity_sports",3
105428,2024,"multi_sport_ratio",1
105428,2024,"pct_athletes_overall",6.4070351758794
105428,2024,"pct_female_athletes",5.92334494773519
105428,2024,"pct_male_athletes",7.13536201469045
105428,2024,"total_athletes_undup",153
105428,2024,"total_varsity_sports",7
105428,2024,"womens_varsity_sports",4
105747,2024,"female_athletes_undup",77
105747,2024,"male_athletes_undup",80
105747,2024,"mens_varsity_sports",3
105747,2024,"multi_sport_ratio",1
105747,2024,"pct_athletes_overall",10.4111405835544
105747,2024,"pct_female_athletes",9.73451327433628
105747,2024,"pct_male_athletes",11.1576011157601
105747,2024,"total_athletes_undup",157
105747,2024,"total_varsity_sports",7
105747,2024,"womens_varsity_sports",4
105792,2024,"female_athletes_undup",55
105792,2024,"male_athletes_undup",86
105792,2024,"mens_varsity_sports",4
105792,2024,"multi_sport_ratio",1
105792,2024,"pct_athletes_overall",10.1147776183644
105792,2024,"pct_female_athletes",6.65054413542926
105792,2024,"pct_male_athletes",15.1675485008818
105792,2024,"total_athletes_undup",141
105792,2024,"total_varsity_sports",8
105792,2024,"womens_varsity_sports",4
105899,2024,"female_athletes_undup",198
105899,2024,"male_athletes_undup",322
105899,2024,"mens_varsity_sports",10
105899,2024,"multi_sport_ratio",1.17307692307692
105899,2024,"pct_athletes_overall",47.3588342440801
105899,2024,"pct_female_athletes",45.6221198156682
105899,2024,"pct_male_athletes",48.4939759036145
105899,2024,"total_athletes_undup",520
105899,2024,"total_varsity_sports",20
105899,2024,"womens_varsity_sports",10
106148,2024,"female_athletes_undup",77
106148,2024,"male_athletes_undup",78
106148,2024,"mens_varsity_sports",3
106148,2024,"multi_sport_ratio",1
106148,2024,"pct_athletes_overall",10.0388601036269
106148,2024,"pct_female_athletes",10.0260416666667
106148,2024,"pct_male_athletes",10.0515463917526
106148,2024,"total_athletes_undup",155
106148,2024,"total_varsity_sports",7
106148,2024,"womens_varsity_sports",4
106245,2024,"female_athletes_undup",127
106245,2024,"male_athletes_undup",151
106245,2024,"mens_varsity_sports",5
106245,2024,"multi_sport_ratio",1.3273381294964
106245,2024,"pct_athletes_overall",8.99967627063775
106245,2024,"pct_female_athletes",6.91344583560152
106245,2024,"pct_male_athletes",12.0607028753994
106245,2024,"total_athletes_undup",278
106245,2024,"total_varsity_sports",11
106245,2024,"womens_varsity_sports",6
106306,2024,"female_athletes_undup",19
106306,2024,"male_athletes_undup",174
106306,2024,"mens_varsity_sports",4
106306,2024,"multi_sport_ratio",1
106306,2024,"pct_athletes_overall",64.3333333333333
106306,2024,"pct_female_athletes",31.6666666666667
106306,2024,"pct_male_athletes",72.5
106306,2024,"total_athletes_undup",193
106306,2024,"total_varsity_sports",6
106306,2024,"womens_varsity_sports",2
106342,2024,"female_athletes_undup",122
106342,2024,"male_athletes_undup",273
106342,2024,"mens_varsity_sports",9
106342,2024,"multi_sport_ratio",1.1746835443038
106342,2024,"pct_athletes_overall",61.6224648985959
106342,2024,"pct_female_athletes",43.7275985663082
106342,2024,"pct_male_athletes",75.414364640884
106342,2024,"total_athletes_undup",395
106342,2024,"total_varsity_sports",18
106342,2024,"womens_varsity_sports",9
106397,2024,"female_athletes_undup",212
106397,2024,"male_athletes_undup",245
106397,2024,"mens_varsity_sports",6
106397,2024,"multi_sport_ratio",1.30634573304158
106397,2024,"pct_athletes_overall",1.7381713068614
106397,2024,"pct_female_athletes",1.44247125263659
106397,2024,"pct_male_athletes",2.11297973264338
106397,2024,"total_athletes_undup",457
106397,2024,"total_varsity_sports",15
106397,2024,"womens_varsity_sports",9
106412,2024,"female_athletes_undup",98
106412,2024,"male_athletes_undup",200
106412,2024,"mens_varsity_sports",5
106412,2024,"multi_sport_ratio",1.10738255033557
106412,2024,"pct_athletes_overall",18.2262996941896
106412,2024,"pct_female_athletes",10.8407079646018
106412,2024,"pct_male_athletes",27.359781121751
106412,2024,"total_athletes_undup",298
106412,2024,"total_varsity_sports",10
106412,2024,"womens_varsity_sports",5
106458,2024,"female_athletes_undup",143
106458,2024,"male_athletes_undup",269
106458,2024,"mens_varsity_sports",5
106458,2024,"multi_sport_ratio",1.07766990291262
106458,2024,"pct_athletes_overall",7.46376811594203
106458,2024,"pct_female_athletes",4.3202416918429
106458,2024,"pct_male_athletes",12.1719457013575
106458,2024,"total_athletes_undup",412
106458,2024,"total_varsity_sports",12
106458,2024,"womens_varsity_sports",7
106467,2024,"female_athletes_undup",94
106467,2024,"male_athletes_undup",220
106467,2024,"mens_varsity_sports",4
106467,2024,"multi_sport_ratio",1.05095541401274
106467,2024,"pct_athletes_overall",7.00111482720178
106467,2024,"pct_female_athletes",3.75249500998004
106467,2024,"pct_male_athletes",11.1111111111111
106467,2024,"total_athletes_undup",314
106467,2024,"total_varsity_sports",10
106467,2024,"womens_varsity_sports",6
106485,2024,"female_athletes_undup",63
106485,2024,"male_athletes_undup",208
106485,2024,"mens_varsity_sports",5
106485,2024,"multi_sport_ratio",1.02952029520295
106485,2024,"pct_athletes_overall",16.832298136646
106485,2024,"pct_female_athletes",6.90032858707558
106485,2024,"pct_male_athletes",29.8421807747489
106485,2024,"total_athletes_undup",271
106485,2024,"total_varsity_sports",10
106485,2024,"womens_varsity_sports",5
106704,2024,"female_athletes_undup",204
106704,2024,"male_athletes_undup",320
106704,2024,"mens_varsity_sports",6
106704,2024,"multi_sport_ratio",1.29389312977099
106704,2024,"pct_athletes_overall",7.61849374818261
106704,2024,"pct_female_athletes",4.8181388757676
106704,2024,"pct_male_athletes",12.1028744326778
106704,2024,"total_athletes_undup",524
106704,2024,"total_varsity_sports",15
106704,2024,"womens_varsity_sports",9
106713,2024,"female_athletes_undup",79
106713,2024,"male_athletes_undup",114
106713,2024,"mens_varsity_sports",8
106713,2024,"multi_sport_ratio",1.04145077720207
106713,2024,"pct_athletes_overall",42.9844097995546
106713,2024,"pct_female_athletes",41.1458333333333
106713,2024,"pct_male_athletes",44.3579766536965
106713,2024,"total_athletes_undup",193
106713,2024,"total_varsity_sports",15
106713,2024,"womens_varsity_sports",7
106810,2024,"female_athletes_undup",54
106810,2024,"male_athletes_undup",72
106810,2024,"mens_varsity_sports",4
106810,2024,"multi_sport_ratio",1
106810,2024,"pct_athletes_overall",79.746835443038
106810,2024,"pct_female_athletes",84.375
106810,2024,"pct_male_athletes",76.5957446808511
106810,2024,"total_athletes_undup",126
106810,2024,"total_varsity_sports",8
106810,2024,"womens_varsity_sports",4
107044,2024,"female_athletes_undup",133
107044,2024,"male_athletes_undup",312
107044,2024,"mens_varsity_sports",7
107044,2024,"multi_sport_ratio",1.07415730337079
107044,2024,"pct_athletes_overall",13.8802245789145
107044,2024,"pct_female_athletes",7.6878612716763
107044,2024,"pct_male_athletes",21.1382113821138
107044,2024,"total_athletes_undup",445
107044,2024,"total_varsity_sports",14
107044,2024,"womens_varsity_sports",7
107071,2024,"female_athletes_undup",123
107071,2024,"male_athletes_undup",265
107071,2024,"mens_varsity_sports",5
107071,2024,"multi_sport_ratio",1.00515463917526
107071,2024,"pct_athletes_overall",29.2168674698795
107071,2024,"pct_female_athletes",18.0351906158358
107071,2024,"pct_male_athletes",41.0216718266254
107071,2024,"total_athletes_undup",388
107071,2024,"total_varsity_sports",12
107071,2024,"womens_varsity_sports",7
107080,2024,"female_athletes_undup",157
107080,2024,"male_athletes_undup",305
107080,2024,"mens_varsity_sports",10
107080,2024,"multi_sport_ratio",1.05844155844156
107080,2024,"pct_athletes_overall",42.2689844464776
107080,2024,"pct_female_athletes",28.1867145421903
107080,2024,"pct_male_athletes",56.9029850746269
107080,2024,"total_athletes_undup",462
107080,2024,"total_varsity_sports",21
107080,2024,"womens_varsity_sports",11
107141,2024,"female_athletes_undup",102
107141,2024,"male_athletes_undup",96
107141,2024,"mens_varsity_sports",4
107141,2024,"multi_sport_ratio",1.41414141414141
107141,2024,"pct_athletes_overall",14.1428571428571
107141,2024,"pct_female_athletes",13.2985658409387
107141,2024,"pct_male_athletes",15.1658767772512
107141,2024,"total_athletes_undup",198
107141,2024,"total_varsity_sports",9
107141,2024,"womens_varsity_sports",5
107512,2024,"female_athletes_undup",252
107512,2024,"male_athletes_undup",325
107512,2024,"mens_varsity_sports",9
107512,2024,"multi_sport_ratio",1.07798960138648
107512,2024,"pct_athletes_overall",36.5189873417722
107512,2024,"pct_female_athletes",28.8329519450801
107512,2024,"pct_male_athletes",46.0339943342776
107512,2024,"total_athletes_undup",577
107512,2024,"total_varsity_sports",18
107512,2024,"womens_varsity_sports",9
107558,2024,"female_athletes_undup",93
107558,2024,"male_athletes_undup",160
107558,2024,"mens_varsity_sports",8
107558,2024,"multi_sport_ratio",1.17786561264822
107558,2024,"pct_athletes_overall",33.3333333333333
107558,2024,"pct_female_athletes",21.830985915493
107558,2024,"pct_male_athletes",48.048048048048
107558,2024,"total_athletes_undup",253
107558,2024,"total_varsity_sports",15
107558,2024,"womens_varsity_sports",7
107600,2024,"female_athletes_undup",39
107600,2024,"male_athletes_undup",65
107600,2024,"mens_varsity_sports",5
107600,2024,"multi_sport_ratio",1.54807692307692
107600,2024,"pct_athletes_overall",16.4296998420221
107600,2024,"pct_female_athletes",11.2068965517241
107600,2024,"pct_male_athletes",22.8070175438596
107600,2024,"total_athletes_undup",104
107600,2024,"total_varsity_sports",10
107600,2024,"womens_varsity_sports",5
107877,2024,"female_athletes_undup",102
107877,2024,"male_athletes_undup",153
107877,2024,"mens_varsity_sports",6
107877,2024,"multi_sport_ratio",1.12156862745098
107877,2024,"pct_athletes_overall",53.9112050739958
107877,2024,"pct_female_athletes",43.2203389830509
107877,2024,"pct_male_athletes",64.5569620253165
107877,2024,"total_athletes_undup",255
107877,2024,"total_varsity_sports",12
107877,2024,"womens_varsity_sports",6
107983,2024,"female_athletes_undup",158
107983,2024,"male_athletes_undup",307
107983,2024,"mens_varsity_sports",7
107983,2024,"multi_sport_ratio",1.06881720430108
107983,2024,"pct_athletes_overall",17.953667953668
107983,2024,"pct_female_athletes",10.44282881692
107983,2024,"pct_male_athletes",28.5051067780873
107983,2024,"total_athletes_undup",465
107983,2024,"total_varsity_sports",14
107983,2024,"womens_varsity_sports",7
108092,2024,"female_athletes_undup",58
108092,2024,"male_athletes_undup",86
108092,2024,"mens_varsity_sports",5
108092,2024,"multi_sport_ratio",1
108092,2024,"pct_athletes_overall",4.50704225352113
108092,2024,"pct_female_athletes",2.91897332662305
108092,2024,"pct_male_athletes",7.11920529801325
108092,2024,"total_athletes_undup",144
108092,2024,"total_varsity_sports",10
108092,2024,"womens_varsity_sports",5
109350,2024,"female_athletes_undup",81
109350,2024,"male_athletes_undup",228
109350,2024,"mens_varsity_sports",8
109350,2024,"multi_sport_ratio",1.01294498381877
109350,2024,"pct_athletes_overall",7.63528539659007
109350,2024,"pct_female_athletes",3.7639405204461
109350,2024,"pct_male_athletes",12.0316622691293
109350,2024,"total_athletes_undup",309
109350,2024,"total_varsity_sports",16
109350,2024,"womens_varsity_sports",8
109785,2024,"female_athletes_undup",179
109785,2024,"male_athletes_undup",147
109785,2024,"mens_varsity_sports",5
109785,2024,"multi_sport_ratio",1.28220858895706
109785,2024,"pct_athletes_overall",13.3442488743348
109785,2024,"pct_female_athletes",10.9146341463415
109785,2024,"pct_male_athletes",18.3063511830635
109785,2024,"total_athletes_undup",326
109785,2024,"total_varsity_sports",14
109785,2024,"womens_varsity_sports",9
109819,2024,"female_athletes_undup",148
109819,2024,"male_athletes_undup",275
109819,2024,"mens_varsity_sports",10
109819,2024,"multi_sport_ratio",1.04728132387707
109819,2024,"pct_athletes_overall",6.80064308681672
109819,2024,"pct_female_athletes",4.13870246085011
109819,2024,"pct_male_athletes",10.4009077155825
109819,2024,"total_athletes_undup",423
109819,2024,"total_varsity_sports",21
109819,2024,"womens_varsity_sports",11
110060,2024,"female_athletes_undup",14
110060,2024,"male_athletes_undup",89
110060,2024,"mens_varsity_sports",3
110060,2024,"multi_sport_ratio",1
110060,2024,"pct_athletes_overall",56.2841530054645
110060,2024,"pct_female_athletes",30.4347826086957
110060,2024,"pct_male_athletes",64.963503649635
110060,2024,"total_athletes_undup",103
110060,2024,"total_varsity_sports",4
110060,2024,"womens_varsity_sports",1
110097,2024,"female_athletes_undup",188
110097,2024,"male_athletes_undup",182
110097,2024,"mens_varsity_sports",7
110097,2024,"multi_sport_ratio",1.07027027027027
110097,2024,"pct_athletes_overall",11.6425424795469
110097,2024,"pct_female_athletes",10.1075268817204
110097,2024,"pct_male_athletes",13.8088012139605
110097,2024,"total_athletes_undup",370
110097,2024,"total_varsity_sports",16
110097,2024,"womens_varsity_sports",9
110361,2024,"female_athletes_undup",225
110361,2024,"male_athletes_undup",205
110361,2024,"mens_varsity_sports",9
110361,2024,"multi_sport_ratio",1.04186046511628
110361,2024,"pct_athletes_overall",5.76794097920858
110361,2024,"pct_female_athletes",4.84496124031008
110361,2024,"pct_male_athletes",7.29277837068659
110361,2024,"total_athletes_undup",430
110361,2024,"total_varsity_sports",19
110361,2024,"womens_varsity_sports",10
110404,2024,"female_athletes_undup",116
110404,2024,"male_athletes_undup",147
110404,2024,"mens_varsity_sports",8
110404,2024,"multi_sport_ratio",1.16349809885932
110404,2024,"pct_athletes_overall",26.6464032421479
110404,2024,"pct_female_athletes",26.0089686098655
110404,2024,"pct_male_athletes",27.1719038817006
110404,2024,"total_athletes_undup",263
110404,2024,"total_varsity_sports",16
110404,2024,"womens_varsity_sports",8
110413,2024,"female_athletes_undup",223
110413,2024,"male_athletes_undup",358
110413,2024,"mens_varsity_sports",11
110413,2024,"multi_sport_ratio",1.05851979345955
110413,2024,"pct_athletes_overall",25.8451957295374
110413,2024,"pct_female_athletes",18.1596091205212
110413,2024,"pct_male_athletes",35.0980392156863
110413,2024,"total_athletes_undup",581
110413,2024,"total_varsity_sports",22
110413,2024,"womens_varsity_sports",11
110422,2024,"female_athletes_undup",284
110422,2024,"male_athletes_undup",393
110422,2024,"mens_varsity_sports",9
110422,2024,"multi_sport_ratio",1.16100443131462
110422,2024,"pct_athletes_overall",3.1888836552049
110422,2024,"pct_female_athletes",2.62016791216902
110422,2024,"pct_male_athletes",3.78211914156482
110422,2024,"total_athletes_undup",677
110422,2024,"total_varsity_sports",18
110422,2024,"womens_varsity_sports",9
110486,2024,"female_athletes_undup",195
110486,2024,"male_athletes_undup",155
110486,2024,"mens_varsity_sports",6
110486,2024,"multi_sport_ratio",1.08571428571429
110486,2024,"pct_athletes_overall",4.88826815642458
110486,2024,"pct_female_athletes",4.18724500751557
110486,2024,"pct_male_athletes",6.19256891729924
110486,2024,"total_athletes_undup",350
110486,2024,"total_varsity_sports",14
110486,2024,"womens_varsity_sports",8
110495,2024,"female_athletes_undup",136
110495,2024,"male_athletes_undup",135
110495,2024,"mens_varsity_sports",5
110495,2024,"multi_sport_ratio",1.14391143911439
110495,2024,"pct_athletes_overall",4.03393867222388
110495,2024,"pct_female_athletes",3.09372156505914
110495,2024,"pct_male_athletes",5.81395348837209
110495,2024,"total_athletes_undup",271
110495,2024,"total_varsity_sports",11
110495,2024,"womens_varsity_sports",6
110510,2024,"female_athletes_undup",127
110510,2024,"male_athletes_undup",95
110510,2024,"mens_varsity_sports",4
110510,2024,"multi_sport_ratio",1.07657657657658
110510,2024,"pct_athletes_overall",1.77344623741812
110510,2024,"pct_female_athletes",1.66929547844374
110510,2024,"pct_male_athletes",1.93482688391039
110510,2024,"total_athletes_undup",222
110510,2024,"total_varsity_sports",10
110510,2024,"womens_varsity_sports",6
110529,2024,"female_athletes_undup",126
110529,2024,"male_athletes_undup",140
110529,2024,"mens_varsity_sports",4
110529,2024,"multi_sport_ratio",1.34962406015038
110529,2024,"pct_athletes_overall",1.20722519742217
110529,2024,"pct_female_athletes",1.28939828080229
110529,2024,"pct_male_athletes",1.1417387049421
110529,2024,"total_athletes_undup",266
110529,2024,"total_varsity_sports",8
110529,2024,"womens_varsity_sports",4
110538,2024,"female_athletes_undup",141
110538,2024,"male_athletes_undup",171
110538,2024,"mens_varsity_sports",6
110538,2024,"multi_sport_ratio",1.08653846153846
110538,2024,"pct_athletes_overall",2.51897303407073
110538,2024,"pct_female_athletes",2.03816131830009
110538,2024,"pct_male_athletes",3.1272860277981
110538,2024,"total_athletes_undup",312
110538,2024,"total_varsity_sports",13
110538,2024,"womens_varsity_sports",7
110547,2024,"female_athletes_undup",111
110547,2024,"male_athletes_undup",110
110547,2024,"mens_varsity_sports",4
110547,2024,"multi_sport_ratio",1.0814479638009
110547,2024,"pct_athletes_overall",2.29419703103914
110547,2024,"pct_female_athletes",1.94839389152185
110547,2024,"pct_male_athletes",2.79471544715447
110547,2024,"total_athletes_undup",221
110547,2024,"total_varsity_sports",10
110547,2024,"womens_varsity_sports",6
110556,2024,"female_athletes_undup",258
110556,2024,"male_athletes_undup",198
110556,2024,"mens_varsity_sports",5
110556,2024,"multi_sport_ratio",1.13377192982456
110556,2024,"pct_athletes_overall",2.50205761316872
110556,2024,"pct_female_athletes",2.39487607908661
110556,2024,"pct_male_athletes",2.65700483091787
110556,2024,"total_athletes_undup",456
110556,2024,"total_varsity_sports",15
110556,2024,"womens_varsity_sports",10
110565,2024,"female_athletes_undup",184
110565,2024,"male_athletes_undup",164
110565,2024,"mens_varsity_sports",6
110565,2024,"multi_sport_ratio",1.38505747126437
110565,2024,"pct_athletes_overall",1.09803426624176
110565,2024,"pct_female_athletes",1.03254769921437
110565,2024,"pct_male_athletes",1.18215238232538
110565,2024,"total_athletes_undup",348
110565,2024,"total_varsity_sports",14
110565,2024,"womens_varsity_sports",8
110574,2024,"female_athletes_undup",131
110574,2024,"male_athletes_undup",123
110574,2024,"mens_varsity_sports",5
110574,2024,"multi_sport_ratio",1.09842519685039
110574,2024,"pct_athletes_overall",3.35136561551656
110574,2024,"pct_female_athletes",2.95844625112918
110574,2024,"pct_male_athletes",3.90352269120914
110574,2024,"total_athletes_undup",254
110574,2024,"total_varsity_sports",12
110574,2024,"womens_varsity_sports",7
110583,2024,"female_athletes_undup",208
110583,2024,"male_athletes_undup",161
110583,2024,"mens_varsity_sports",6
110583,2024,"multi_sport_ratio",1.22222222222222
110583,2024,"pct_athletes_overall",1.20215018732693
110583,2024,"pct_female_athletes",1.14638447971781
110583,2024,"pct_male_athletes",1.28276631344116
110583,2024,"total_athletes_undup",369
110583,2024,"total_varsity_sports",15
110583,2024,"womens_varsity_sports",9
110592,2024,"female_athletes_undup",129
110592,2024,"male_athletes_undup",133
110592,2024,"mens_varsity_sports",6
110592,2024,"multi_sport_ratio",1.45038167938931
110592,2024,"pct_athletes_overall",1.6260162601626
110592,2024,"pct_female_athletes",1.43524699599466
110592,2024,"pct_male_athletes",1.86666666666667
110592,2024,"total_athletes_undup",262
110592,2024,"total_varsity_sports",15
110592,2024,"womens_varsity_sports",9
110608,2024,"female_athletes_undup",169
110608,2024,"male_athletes_undup",146
110608,2024,"mens_varsity_sports",6
110608,2024,"multi_sport_ratio",1.29206349206349
110608,2024,"pct_athletes_overall",1.14238050337274
110608,2024,"pct_female_athletes",1.13896751583771
110608,2024,"pct_male_athletes",1.1463567839196
110608,2024,"total_athletes_undup",315
110608,2024,"total_varsity_sports",15
110608,2024,"womens_varsity_sports",9
110617,2024,"female_athletes_undup",207
110617,2024,"male_athletes_undup",307
110617,2024,"mens_varsity_sports",7
110617,2024,"multi_sport_ratio",1.22178988326848
110617,2024,"pct_athletes_overall",2.24945295404814
110617,2024,"pct_female_athletes",1.61895823557015
110617,2024,"pct_male_athletes",3.05047694753577
110617,2024,"total_athletes_undup",514
110617,2024,"total_varsity_sports",17
110617,2024,"womens_varsity_sports",10
110635,2024,"female_athletes_undup",378
110635,2024,"male_athletes_undup",540
110635,2024,"mens_varsity_sports",12
110635,2024,"multi_sport_ratio",1.18518518518519
110635,2024,"pct_athletes_overall",2.90745550136188
110635,2024,"pct_female_athletes",2.13655889667646
110635,2024,"pct_male_athletes",3.88992940498487
110635,2024,"total_athletes_undup",918
110635,2024,"total_varsity_sports",26
110635,2024,"womens_varsity_sports",14
110644,2024,"female_athletes_undup",393
110644,2024,"male_athletes_undup",288
110644,2024,"mens_varsity_sports",8
110644,2024,"multi_sport_ratio",1.13215859030837
110644,2024,"pct_athletes_overall",2.16437833714722
110644,2024,"pct_female_athletes",2.12754439151148
110644,2024,"pct_male_athletes",2.21674876847291
110644,2024,"total_athletes_undup",681
110644,2024,"total_varsity_sports",22
110644,2024,"womens_varsity_sports",14
110653,2024,"female_athletes_undup",177
110653,2024,"male_athletes_undup",181
110653,2024,"mens_varsity_sports",9
110653,2024,"multi_sport_ratio",1.20670391061453
110653,2024,"pct_athletes_overall",1.21142393069843
110653,2024,"pct_female_athletes",1.06261631746413
110653,2024,"pct_male_athletes",1.40364482357503
110653,2024,"total_athletes_undup",358
110653,2024,"total_varsity_sports",18
110653,2024,"womens_varsity_sports",9
110662,2024,"female_athletes_undup",365
110662,2024,"male_athletes_undup",318
110662,2024,"mens_varsity_sports",9
110662,2024,"multi_sport_ratio",1.15226939970717
110662,2024,"pct_athletes_overall",2.07145456751183
110662,2024,"pct_female_athletes",1.83049147442327
110662,2024,"pct_male_athletes",2.44014732965009
110662,2024,"total_athletes_undup",683
110662,2024,"total_varsity_sports",21
110662,2024,"womens_varsity_sports",12
110671,2024,"female_athletes_undup",154
110671,2024,"male_athletes_undup",154
110671,2024,"mens_varsity_sports",6
110671,2024,"multi_sport_ratio",1.27922077922078
110671,2024,"pct_athletes_overall",1.39398053858339
110671,2024,"pct_female_athletes",1.32052821128451
110671,2024,"pct_male_athletes",1.47608549793923
110671,2024,"total_athletes_undup",308
110671,2024,"total_varsity_sports",13
110671,2024,"womens_varsity_sports",7
110680,2024,"female_athletes_undup",271
110680,2024,"male_athletes_undup",292
110680,2024,"mens_varsity_sports",11
110680,2024,"multi_sport_ratio",1.15275310834814
110680,2024,"pct_athletes_overall",1.65034883039221
110680,2024,"pct_female_athletes",1.44317818724039
110680,2024,"pct_male_athletes",1.90401669274909
110680,2024,"total_athletes_undup",563
110680,2024,"total_varsity_sports",21
110680,2024,"womens_varsity_sports",10
110705,2024,"female_athletes_undup",216
110705,2024,"male_athletes_undup",272
110705,2024,"mens_varsity_sports",10
110705,2024,"multi_sport_ratio",1.18647540983607
110705,2024,"pct_athletes_overall",2.15233978741234
110705,2024,"pct_female_athletes",1.64684354986276
110705,2024,"pct_male_athletes",2.84608140629905
110705,2024,"total_athletes_undup",488
110705,2024,"total_varsity_sports",20
110705,2024,"womens_varsity_sports",10
110714,2024,"female_athletes_undup",155
110714,2024,"male_athletes_undup",157
110714,2024,"mens_varsity_sports",6
110714,2024,"multi_sport_ratio",1.42948717948718
110714,2024,"pct_athletes_overall",1.79166188124498
110714,2024,"pct_female_athletes",1.67712616316815
110714,2024,"pct_male_athletes",1.92119432207538
110714,2024,"total_athletes_undup",312
110714,2024,"total_varsity_sports",13
110714,2024,"womens_varsity_sports",7
111188,2024,"female_athletes_undup",72
111188,2024,"male_athletes_undup",158
111188,2024,"mens_varsity_sports",7
111188,2024,"multi_sport_ratio",1.0304347826087
111188,2024,"pct_athletes_overall",29.639175257732
111188,2024,"pct_female_athletes",52.5547445255474
111188,2024,"pct_male_athletes",24.7261345852895
111188,2024,"total_athletes_undup",230
111188,2024,"total_varsity_sports",14
111188,2024,"womens_varsity_sports",7
111948,2024,"female_athletes_undup",252
111948,2024,"male_athletes_undup",343
111948,2024,"mens_varsity_sports",11
111948,2024,"multi_sport_ratio",1.2
111948,2024,"pct_athletes_overall",8.21596244131455
111948,2024,"pct_female_athletes",5.61872909698997
111948,2024,"pct_male_athletes",12.4410591222343
111948,2024,"total_athletes_undup",595
111948,2024,"total_varsity_sports",23
111948,2024,"womens_varsity_sports",12
112075,2024,"female_athletes_undup",282
112075,2024,"male_athletes_undup",266
112075,2024,"mens_varsity_sports",9
112075,2024,"multi_sport_ratio",1.2043795620438
112075,2024,"pct_athletes_overall",36.3877822045153
112075,2024,"pct_female_athletes",30.6855277475517
112075,2024,"pct_male_athletes",45.3151618398637
112075,2024,"total_athletes_undup",548
112075,2024,"total_varsity_sports",20
112075,2024,"womens_varsity_sports",11
112260,2024,"female_athletes_undup",240
112260,2024,"male_athletes_undup",294
112260,2024,"mens_varsity_sports",11
112260,2024,"multi_sport_ratio",1.32022471910112
112260,2024,"pct_athletes_overall",38.6676321506155
112260,2024,"pct_female_athletes",34.7322720694645
112260,2024,"pct_male_athletes",42.6086956521739
112260,2024,"total_athletes_undup",534
112260,2024,"total_varsity_sports",23
112260,2024,"womens_varsity_sports",12
113111,2024,"female_athletes_undup",32
113111,2024,"male_athletes_undup",24
113111,2024,"mens_varsity_sports",3
113111,2024,"multi_sport_ratio",1.125
113111,2024,"pct_athletes_overall",3.31557134399053
113111,2024,"pct_female_athletes",3.52422907488987
113111,2024,"pct_male_athletes",3.0729833546735
113111,2024,"total_athletes_undup",56
113111,2024,"total_varsity_sports",6
113111,2024,"womens_varsity_sports",3
113236,2024,"female_athletes_undup",102
113236,2024,"male_athletes_undup",134
113236,2024,"mens_varsity_sports",6
113236,2024,"multi_sport_ratio",1.07627118644068
113236,2024,"pct_athletes_overall",4.0851653107149
113236,2024,"pct_female_athletes",3.16868592730662
113236,2024,"pct_male_athletes",5.23846755277561
113236,2024,"total_athletes_undup",236
113236,2024,"total_varsity_sports",13
113236,2024,"womens_varsity_sports",7
113698,2024,"female_athletes_undup",153
113698,2024,"male_athletes_undup",122
113698,2024,"mens_varsity_sports",5
113698,2024,"multi_sport_ratio",1.01454545454545
113698,2024,"pct_athletes_overall",27.4451097804391
113698,2024,"pct_female_athletes",21.3986013986014
113698,2024,"pct_male_athletes",42.5087108013937
113698,2024,"total_athletes_undup",275
113698,2024,"total_varsity_sports",13
113698,2024,"womens_varsity_sports",8
114433,2024,"female_athletes_undup",87
114433,2024,"male_athletes_undup",167
114433,2024,"mens_varsity_sports",5
114433,2024,"multi_sport_ratio",1.04330708661417
114433,2024,"pct_athletes_overall",42.5460636515913
114433,2024,"pct_female_athletes",27.7955271565495
114433,2024,"pct_male_athletes",58.8028169014084
114433,2024,"total_athletes_undup",254
114433,2024,"total_varsity_sports",10
114433,2024,"womens_varsity_sports",5
114716,2024,"female_athletes_undup",52
114716,2024,"male_athletes_undup",132
114716,2024,"mens_varsity_sports",5
114716,2024,"multi_sport_ratio",1
114716,2024,"pct_athletes_overall",4.78046245778124
114716,2024,"pct_female_athletes",2.55528255528256
114716,2024,"pct_male_athletes",7.27673649393605
114716,2024,"total_athletes_undup",184
114716,2024,"total_varsity_sports",10
114716,2024,"womens_varsity_sports",5
114789,2024,"female_athletes_undup",157
114789,2024,"male_athletes_undup",263
114789,2024,"mens_varsity_sports",9
114789,2024,"multi_sport_ratio",1.06428571428571
114789,2024,"pct_athletes_overall",6.30535955562228
114789,2024,"pct_female_athletes",4.37935843793584
114789,2024,"pct_male_athletes",8.55006501950585
114789,2024,"total_athletes_undup",420
114789,2024,"total_varsity_sports",22
114789,2024,"womens_varsity_sports",13
114813,2024,"female_athletes_undup",152
114813,2024,"male_athletes_undup",214
114813,2024,"mens_varsity_sports",7
114813,2024,"multi_sport_ratio",1.01912568306011
114813,2024,"pct_athletes_overall",38.8123011664899
114813,2024,"pct_female_athletes",24.32
114813,2024,"pct_male_athletes",67.2955974842767
114813,2024,"total_athletes_undup",366
114813,2024,"total_varsity_sports",14
114813,2024,"womens_varsity_sports",7
115755,2024,"female_athletes_undup",167
115755,2024,"male_athletes_undup",143
115755,2024,"mens_varsity_sports",5
115755,2024,"multi_sport_ratio",1.08709677419355
115755,2024,"pct_athletes_overall",6.30081300813008
115755,2024,"pct_female_athletes",6.25
115755,2024,"pct_male_athletes",6.36120996441281
115755,2024,"total_athletes_undup",310
115755,2024,"total_varsity_sports",13
115755,2024,"womens_varsity_sports",8
117104,2024,"female_athletes_undup",58
117104,2024,"male_athletes_undup",45
117104,2024,"mens_varsity_sports",2
117104,2024,"multi_sport_ratio",1.11650485436893
117104,2024,"pct_athletes_overall",27.4666666666667
117104,2024,"pct_female_athletes",29.1457286432161
117104,2024,"pct_male_athletes",25.5681818181818
117104,2024,"total_athletes_undup",103
117104,2024,"total_varsity_sports",6
117104,2024,"womens_varsity_sports",4
117140,2024,"female_athletes_undup",148
117140,2024,"male_athletes_undup",273
117140,2024,"mens_varsity_sports",9
117140,2024,"multi_sport_ratio",1.06888361045131
117140,2024,"pct_athletes_overall",16.0136934195512
117140,2024,"pct_female_athletes",9.4147582697201
117140,2024,"pct_male_athletes",25.8278145695364
117140,2024,"total_athletes_undup",421
117140,2024,"total_varsity_sports",18
117140,2024,"womens_varsity_sports",9
117627,2024,"female_athletes_undup",130
117627,2024,"male_athletes_undup",107
117627,2024,"mens_varsity_sports",5
117627,2024,"multi_sport_ratio",1.05907172995781
117627,2024,"pct_athletes_overall",22.2744360902256
117627,2024,"pct_female_athletes",20.8
117627,2024,"pct_male_athletes",24.373576309795
117627,2024,"total_athletes_undup",237
117627,2024,"total_varsity_sports",11
117627,2024,"womens_varsity_sports",6
117733,2024,"female_athletes_undup",75
117733,2024,"male_athletes_undup",173
117733,2024,"mens_varsity_sports",5
117733,2024,"multi_sport_ratio",1.02016129032258
117733,2024,"pct_athletes_overall",7.0096099491238
117733,2024,"pct_female_athletes",3.99361022364217
117733,2024,"pct_male_athletes",10.421686746988
117733,2024,"total_athletes_undup",248
117733,2024,"total_varsity_sports",10
117733,2024,"womens_varsity_sports",5
117751,2024,"female_athletes_undup",115
117751,2024,"male_athletes_undup",184
117751,2024,"mens_varsity_sports",7
117751,2024,"multi_sport_ratio",1.31438127090301
117751,2024,"pct_athletes_overall",25.1049538203191
117751,2024,"pct_female_athletes",18.9456342668863
117751,2024,"pct_male_athletes",31.5068493150685
117751,2024,"total_athletes_undup",299
117751,2024,"total_varsity_sports",14
117751,2024,"womens_varsity_sports",7
117867,2024,"female_athletes_undup",65
117867,2024,"male_athletes_undup",92
117867,2024,"mens_varsity_sports",3
117867,2024,"multi_sport_ratio",1.00636942675159
117867,2024,"pct_athletes_overall",8.67882808181316
117867,2024,"pct_female_athletes",6.14366729678639
117867,2024,"pct_male_athletes",12.2503328894807
117867,2024,"total_athletes_undup",157
117867,2024,"total_varsity_sports",8
117867,2024,"womens_varsity_sports",5
117946,2024,"female_athletes_undup",157
117946,2024,"male_athletes_undup",139
117946,2024,"mens_varsity_sports",6
117946,2024,"multi_sport_ratio",1
117946,2024,"pct_athletes_overall",4.25043078690408
117946,2024,"pct_female_athletes",4.30490814367974
117946,2024,"pct_male_athletes",4.19053361471209
117946,2024,"total_athletes_undup",296
117946,2024,"total_varsity_sports",14
117946,2024,"womens_varsity_sports",8
118693,2024,"female_athletes_undup",144
118693,2024,"male_athletes_undup",185
118693,2024,"mens_varsity_sports",7
118693,2024,"multi_sport_ratio",1.00303951367781
118693,2024,"pct_athletes_overall",45.0068399452804
118693,2024,"pct_female_athletes",45.859872611465
118693,2024,"pct_male_athletes",44.3645083932854
118693,2024,"total_athletes_undup",329
118693,2024,"total_varsity_sports",14
118693,2024,"womens_varsity_sports",7
118912,2024,"female_athletes_undup",56
118912,2024,"male_athletes_undup",52
118912,2024,"mens_varsity_sports",2
118912,2024,"multi_sport_ratio",1.05555555555556
118912,2024,"pct_athletes_overall",2.44786944696283
118912,2024,"pct_female_athletes",2.36986881083369
118912,2024,"pct_male_athletes",2.5378233284529
118912,2024,"total_athletes_undup",108
118912,2024,"total_varsity_sports",6
118912,2024,"womens_varsity_sports",4
118976,2024,"female_athletes_undup",125
118976,2024,"male_athletes_undup",254
118976,2024,"mens_varsity_sports",11
118976,2024,"multi_sport_ratio",1.12401055408971
118976,2024,"pct_athletes_overall",6.52548209366391
118976,2024,"pct_female_athletes",3.73803827751196
118976,2024,"pct_male_athletes",10.3084415584416
118976,2024,"total_athletes_undup",379
118976,2024,"total_varsity_sports",21
118976,2024,"womens_varsity_sports",10
119137,2024,"female_athletes_undup",97
119137,2024,"male_athletes_undup",258
119137,2024,"mens_varsity_sports",8
119137,2024,"multi_sport_ratio",1.06760563380282
119137,2024,"pct_athletes_overall",7.95607350963693
119137,2024,"pct_female_athletes",4.51372731503025
119137,2024,"pct_male_athletes",11.1543450064851
119137,2024,"total_athletes_undup",355
119137,2024,"total_varsity_sports",17
119137,2024,"womens_varsity_sports",9
120254,2024,"female_athletes_undup",185
120254,2024,"male_athletes_undup",189
120254,2024,"mens_varsity_sports",8
120254,2024,"multi_sport_ratio",1.10695187165775
120254,2024,"pct_athletes_overall",20.1400107700592
120254,2024,"pct_female_athletes",17.0036764705882
120254,2024,"pct_male_athletes",24.5773732119636
120254,2024,"total_athletes_undup",374
120254,2024,"total_varsity_sports",18
120254,2024,"womens_varsity_sports",10
120537,2024,"female_athletes_undup",125
120537,2024,"male_athletes_undup",190
120537,2024,"mens_varsity_sports",8
120537,2024,"multi_sport_ratio",1.46349206349206
120537,2024,"pct_athletes_overall",63
120537,2024,"pct_female_athletes",46.2962962962963
120537,2024,"pct_male_athletes",82.6086956521739
120537,2024,"total_athletes_undup",315
120537,2024,"total_varsity_sports",17
120537,2024,"womens_varsity_sports",9
120865,2024,"female_athletes_undup",62
120865,2024,"male_athletes_undup",74
120865,2024,"mens_varsity_sports",4
120865,2024,"multi_sport_ratio",1
120865,2024,"pct_athletes_overall",19.3732193732194
120865,2024,"pct_female_athletes",14.4859813084112
120865,2024,"pct_male_athletes",27.007299270073
120865,2024,"total_athletes_undup",136
120865,2024,"total_varsity_sports",8
120865,2024,"womens_varsity_sports",4
120883,2024,"female_athletes_undup",174
120883,2024,"male_athletes_undup",160
120883,2024,"mens_varsity_sports",7
120883,2024,"multi_sport_ratio",1.04790419161677
120883,2024,"pct_athletes_overall",10.688
120883,2024,"pct_female_athletes",10.0869565217391
120883,2024,"pct_male_athletes",11.4285714285714
120883,2024,"total_athletes_undup",334
120883,2024,"total_varsity_sports",17
120883,2024,"womens_varsity_sports",10
121150,2024,"female_athletes_undup",172
121150,2024,"male_athletes_undup",150
121150,2024,"mens_varsity_sports",8
121150,2024,"multi_sport_ratio",1.2111801242236
121150,2024,"pct_athletes_overall",9.49852507374631
121150,2024,"pct_female_athletes",8.51906884596335
121150,2024,"pct_male_athletes",10.9409190371991
121150,2024,"total_athletes_undup",322
121150,2024,"total_varsity_sports",16
121150,2024,"womens_varsity_sports",8
121257,2024,"female_athletes_undup",237
121257,2024,"male_athletes_undup",305
121257,2024,"mens_varsity_sports",10
121257,2024,"multi_sport_ratio",1.07564575645756
121257,2024,"pct_athletes_overall",45.3556485355649
121257,2024,"pct_female_athletes",33.8088445078459
121257,2024,"pct_male_athletes",61.7408906882591
121257,2024,"total_athletes_undup",542
121257,2024,"total_varsity_sports",21
121257,2024,"womens_varsity_sports",11
121309,2024,"female_athletes_undup",127
121309,2024,"male_athletes_undup",88
121309,2024,"mens_varsity_sports",4
121309,2024,"multi_sport_ratio",1.06046511627907
121309,2024,"pct_athletes_overall",7.79267850670533
121309,2024,"pct_female_athletes",7.17108977978543
121309,2024,"pct_male_athletes",8.90688259109312
121309,2024,"total_athletes_undup",215
121309,2024,"total_varsity_sports",10
121309,2024,"womens_varsity_sports",6
121345,2024,"female_athletes_undup",237
121345,2024,"male_athletes_undup",305
121345,2024,"mens_varsity_sports",10
121345,2024,"multi_sport_ratio",1.07564575645756
121345,2024,"pct_athletes_overall",32.6702833031947
121345,2024,"pct_female_athletes",25.7889009793254
121345,2024,"pct_male_athletes",41.2162162162162
121345,2024,"total_athletes_undup",542
121345,2024,"total_varsity_sports",21
121345,2024,"womens_varsity_sports",11
121619,2024,"female_athletes_undup",84
121619,2024,"male_athletes_undup",200
121619,2024,"mens_varsity_sports",6
121619,2024,"multi_sport_ratio",1.09154929577465
121619,2024,"pct_athletes_overall",6.67920978363123
121619,2024,"pct_female_athletes",4.02106270943035
121619,2024,"pct_male_athletes",9.2464170134073
121619,2024,"total_athletes_undup",284
121619,2024,"total_varsity_sports",13
121619,2024,"womens_varsity_sports",7
121691,2024,"female_athletes_undup",213
121691,2024,"male_athletes_undup",348
121691,2024,"mens_varsity_sports",10
121691,2024,"multi_sport_ratio",1.05704099821747
121691,2024,"pct_athletes_overall",29.2492179353493
121691,2024,"pct_female_athletes",19.5952161913523
121691,2024,"pct_male_athletes",41.8772563176895
121691,2024,"total_athletes_undup",561
121691,2024,"total_varsity_sports",21
121691,2024,"womens_varsity_sports",11
121886,2024,"female_athletes_undup",71
121886,2024,"male_athletes_undup",125
121886,2024,"mens_varsity_sports",6
121886,2024,"multi_sport_ratio",1.05612244897959
121886,2024,"pct_athletes_overall",5
121886,2024,"pct_female_athletes",3.79273504273504
121886,2024,"pct_male_athletes",6.103515625
121886,2024,"total_athletes_undup",196
121886,2024,"total_varsity_sports",13
121886,2024,"womens_varsity_sports",7
122375,2024,"female_athletes_undup",126
122375,2024,"male_athletes_undup",288
122375,2024,"mens_varsity_sports",9
122375,2024,"multi_sport_ratio",1.10628019323672
122375,2024,"pct_athletes_overall",14.7226173541963
122375,2024,"pct_female_athletes",9.00643316654753
122375,2024,"pct_male_athletes",20.3821656050955
122375,2024,"total_athletes_undup",414
122375,2024,"total_varsity_sports",18
122375,2024,"womens_varsity_sports",9
122409,2024,"female_athletes_undup",243
122409,2024,"male_athletes_undup",223
122409,2024,"mens_varsity_sports",6
122409,2024,"multi_sport_ratio",1.11158798283262
122409,2024,"pct_athletes_overall",1.45035792094616
122409,2024,"pct_female_athletes",1.32273692232323
122409,2024,"pct_male_athletes",1.62075732247983
122409,2024,"total_athletes_undup",466
122409,2024,"total_varsity_sports",16
122409,2024,"womens_varsity_sports",10
122436,2024,"female_athletes_undup",222
122436,2024,"male_athletes_undup",252
122436,2024,"mens_varsity_sports",8
122436,2024,"multi_sport_ratio",1.05274261603376
122436,2024,"pct_athletes_overall",8.48853868194842
122436,2024,"pct_female_athletes",7.01421800947867
122436,2024,"pct_male_athletes",10.4175279040926
122436,2024,"total_athletes_undup",474
122436,2024,"total_varsity_sports",16
122436,2024,"womens_varsity_sports",8
122597,2024,"female_athletes_undup",123
122597,2024,"male_athletes_undup",137
122597,2024,"mens_varsity_sports",6
122597,2024,"multi_sport_ratio",1.10384615384615
122597,2024,"pct_athletes_overall",1.70235055326393
122597,2024,"pct_female_athletes",1.47464332813811
122597,2024,"pct_male_athletes",1.97634160415465
122597,2024,"total_athletes_undup",260
122597,2024,"total_varsity_sports",12
122597,2024,"womens_varsity_sports",6
122612,2024,"female_athletes_undup",115
122612,2024,"male_athletes_undup",108
122612,2024,"mens_varsity_sports",6
122612,2024,"multi_sport_ratio",1.34529147982063
122612,2024,"pct_athletes_overall",4.36399217221135
122612,2024,"pct_female_athletes",3.4576067348166
122612,2024,"pct_male_athletes",6.05381165919283
122612,2024,"total_athletes_undup",223
122612,2024,"total_varsity_sports",13
122612,2024,"womens_varsity_sports",7
122728,2024,"female_athletes_undup",186
122728,2024,"male_athletes_undup",156
122728,2024,"mens_varsity_sports",6
122728,2024,"multi_sport_ratio",1.00877192982456
122728,2024,"pct_athletes_overall",29.4320137693632
122728,2024,"pct_female_athletes",29.570747217806
122728,2024,"pct_male_athletes",29.2682926829268
122728,2024,"total_athletes_undup",342
122728,2024,"total_varsity_sports",14
122728,2024,"womens_varsity_sports",8
122755,2024,"female_athletes_undup",212
122755,2024,"male_athletes_undup",272
122755,2024,"mens_varsity_sports",7
122755,2024,"multi_sport_ratio",1.18801652892562
122755,2024,"pct_athletes_overall",2.13639373206798
122755,2024,"pct_female_athletes",1.92832454065854
122755,2024,"pct_male_athletes",2.33256152988594
122755,2024,"total_athletes_undup",484
122755,2024,"total_varsity_sports",18
122755,2024,"womens_varsity_sports",11
122931,2024,"female_athletes_undup",198
122931,2024,"male_athletes_undup",198
122931,2024,"mens_varsity_sports",10
122931,2024,"multi_sport_ratio",1.21212121212121
122931,2024,"pct_athletes_overall",6.16918523134445
122931,2024,"pct_female_athletes",6.19912335629305
122931,2024,"pct_male_athletes",6.13953488372093
122931,2024,"total_athletes_undup",396
122931,2024,"total_varsity_sports",22
122931,2024,"womens_varsity_sports",12
122977,2024,"female_athletes_undup",134
122977,2024,"male_athletes_undup",238
122977,2024,"mens_varsity_sports",8
122977,2024,"multi_sport_ratio",1.09408602150538
122977,2024,"pct_athletes_overall",3.99742101869761
122977,2024,"pct_female_athletes",2.7098078867543
122977,2024,"pct_male_athletes",5.45746388443018
122977,2024,"total_athletes_undup",372
122977,2024,"total_varsity_sports",18
122977,2024,"womens_varsity_sports",10
123299,2024,"female_athletes_undup",82
123299,2024,"male_athletes_undup",215
123299,2024,"mens_varsity_sports",9
123299,2024,"multi_sport_ratio",1.03030303030303
123299,2024,"pct_athletes_overall",9.69637610186092
123299,2024,"pct_female_athletes",4.60674157303371
123299,2024,"pct_male_athletes",16.7575993764614
123299,2024,"total_athletes_undup",297
123299,2024,"total_varsity_sports",17
123299,2024,"womens_varsity_sports",8
123457,2024,"female_athletes_undup",196
123457,2024,"male_athletes_undup",212
123457,2024,"mens_varsity_sports",10
123457,2024,"multi_sport_ratio",1.2843137254902
123457,2024,"pct_athletes_overall",55.8139534883721
123457,2024,"pct_female_athletes",58.160237388724
123457,2024,"pct_male_athletes",53.8071065989848
123457,2024,"total_athletes_undup",408
123457,2024,"total_varsity_sports",20
123457,2024,"womens_varsity_sports",10
123509,2024,"female_athletes_undup",69
123509,2024,"male_athletes_undup",121
123509,2024,"mens_varsity_sports",4
123509,2024,"multi_sport_ratio",1
123509,2024,"pct_athletes_overall",9.57178841309824
123509,2024,"pct_female_athletes",6.78466076696165
123509,2024,"pct_male_athletes",12.5
123509,2024,"total_athletes_undup",190
123509,2024,"total_varsity_sports",8
123509,2024,"womens_varsity_sports",4
123554,2024,"female_athletes_undup",196
123554,2024,"male_athletes_undup",145
123554,2024,"mens_varsity_sports",8
123554,2024,"multi_sport_ratio",1.3782991202346
123554,2024,"pct_athletes_overall",18.4623714131023
123554,2024,"pct_female_athletes",19.560878243513
123554,2024,"pct_male_athletes",17.1597633136095
123554,2024,"total_athletes_undup",341
123554,2024,"total_varsity_sports",18
123554,2024,"womens_varsity_sports",10
123563,2024,"female_athletes_undup",65
123563,2024,"male_athletes_undup",66
123563,2024,"mens_varsity_sports",4
123563,2024,"multi_sport_ratio",1.08396946564885
123563,2024,"pct_athletes_overall",4.57721872816212
123563,2024,"pct_female_athletes",4.11392405063291
123563,2024,"pct_male_athletes",5.14820592823713
123563,2024,"total_athletes_undup",131
123563,2024,"total_varsity_sports",11
123563,2024,"womens_varsity_sports",7
123572,2024,"female_athletes_undup",124
123572,2024,"male_athletes_undup",103
123572,2024,"mens_varsity_sports",4
123572,2024,"multi_sport_ratio",1.17180616740088
123572,2024,"pct_athletes_overall",4.97588776852258
123572,2024,"pct_female_athletes",4.5238963881795
123572,2024,"pct_male_athletes",5.6562328390994
123572,2024,"total_athletes_undup",227
123572,2024,"total_varsity_sports",12
123572,2024,"womens_varsity_sports",8
123651,2024,"female_athletes_undup",242
123651,2024,"male_athletes_undup",174
123651,2024,"mens_varsity_sports",7
123651,2024,"multi_sport_ratio",1.04326923076923
123651,2024,"pct_athletes_overall",24.0740740740741
123651,2024,"pct_female_athletes",20.9342560553633
123651,2024,"pct_male_athletes",30.4195804195804
123651,2024,"total_athletes_undup",416
123651,2024,"total_varsity_sports",16
123651,2024,"womens_varsity_sports",9
123961,2024,"female_athletes_undup",313
123961,2024,"male_athletes_undup",316
123961,2024,"mens_varsity_sports",9
123961,2024,"multi_sport_ratio",1.13831478537361
123961,2024,"pct_athletes_overall",3.13387474465647
123961,2024,"pct_female_athletes",2.97981721249048
123961,2024,"pct_male_athletes",3.30302080066897
123961,2024,"total_athletes_undup",629
123961,2024,"total_varsity_sports",20
123961,2024,"womens_varsity_sports",11
124113,2024,"female_athletes_undup",66
124113,2024,"male_athletes_undup",70
124113,2024,"mens_varsity_sports",3
124113,2024,"multi_sport_ratio",1.00735294117647
124113,2024,"pct_athletes_overall",14.7345612134345
124113,2024,"pct_female_athletes",10.7142857142857
124113,2024,"pct_male_athletes",22.8013029315961
124113,2024,"total_athletes_undup",136
124113,2024,"total_varsity_sports",8
124113,2024,"womens_varsity_sports",5
125471,2024,"female_athletes_undup",81
125471,2024,"male_athletes_undup",145
125471,2024,"mens_varsity_sports",5
125471,2024,"multi_sport_ratio",1.02212389380531
125471,2024,"pct_athletes_overall",14.3310082435003
125471,2024,"pct_female_athletes",8.88157894736842
125471,2024,"pct_male_athletes",21.8045112781955
125471,2024,"total_athletes_undup",226
125471,2024,"total_varsity_sports",10
125471,2024,"womens_varsity_sports",5
125727,2024,"female_athletes_undup",159
125727,2024,"male_athletes_undup",160
125727,2024,"mens_varsity_sports",6
125727,2024,"multi_sport_ratio",1.10031347962382
125727,2024,"pct_athletes_overall",24.6713070378964
125727,2024,"pct_female_athletes",20.126582278481
125727,2024,"pct_male_athletes",31.8091451292247
125727,2024,"total_athletes_undup",319
125727,2024,"total_varsity_sports",13
125727,2024,"womens_varsity_sports",7
125763,2024,"female_athletes_undup",131
125763,2024,"male_athletes_undup",159
125763,2024,"mens_varsity_sports",7
125763,2024,"multi_sport_ratio",1.0551724137931
125763,2024,"pct_athletes_overall",38.9261744966443
125763,2024,"pct_female_athletes",30.8962264150943
125763,2024,"pct_male_athletes",49.5327102803738
125763,2024,"total_athletes_undup",290
125763,2024,"total_varsity_sports",16
125763,2024,"womens_varsity_sports",9
126182,2024,"female_athletes_undup",213
126182,2024,"male_athletes_undup",458
126182,2024,"mens_varsity_sports",8
126182,2024,"multi_sport_ratio",1.00745156482861
126182,2024,"pct_athletes_overall",73.3333333333333
126182,2024,"pct_female_athletes",49.5348837209302
126182,2024,"pct_male_athletes",94.4329896907216
126182,2024,"total_athletes_undup",671
126182,2024,"total_varsity_sports",16
126182,2024,"womens_varsity_sports",8
126580,2024,"female_athletes_undup",173
126580,2024,"male_athletes_undup",177
126580,2024,"mens_varsity_sports",4
126580,2024,"multi_sport_ratio",1.21428571428571
126580,2024,"pct_athletes_overall",4.90814752489132
126580,2024,"pct_female_athletes",4.59984046796065
126580,2024,"pct_male_athletes",5.25222551928783
126580,2024,"total_athletes_undup",350
126580,2024,"total_varsity_sports",10
126580,2024,"womens_varsity_sports",6
126614,2024,"female_athletes_undup",154
126614,2024,"male_athletes_undup",218
126614,2024,"mens_varsity_sports",5
126614,2024,"multi_sport_ratio",1.24462365591398
126614,2024,"pct_athletes_overall",1.28893662728249
126614,2024,"pct_female_athletes",1.12228538113978
126614,2024,"pct_male_athletes",1.43998943127023
126614,2024,"total_athletes_undup",372
126614,2024,"total_varsity_sports",13
126614,2024,"womens_varsity_sports",8
126669,2024,"female_athletes_undup",113
126669,2024,"male_athletes_undup",124
126669,2024,"mens_varsity_sports",5
126669,2024,"multi_sport_ratio",1.43881856540084
126669,2024,"pct_athletes_overall",13.527397260274
126669,2024,"pct_female_athletes",9.78354978354978
126669,2024,"pct_male_athletes",20.7705192629816
126669,2024,"total_athletes_undup",237
126669,2024,"total_varsity_sports",11
126669,2024,"womens_varsity_sports",6
126678,2024,"female_athletes_undup",156
126678,2024,"male_athletes_undup",200
126678,2024,"mens_varsity_sports",8
126678,2024,"multi_sport_ratio",1.23876404494382
126678,2024,"pct_athletes_overall",17.9254783484391
126678,2024,"pct_female_athletes",14.0161725067385
126678,2024,"pct_male_athletes",22.9095074455899
126678,2024,"total_athletes_undup",356
126678,2024,"total_varsity_sports",17
126678,2024,"womens_varsity_sports",9
126711,2024,"female_athletes_undup",5
126711,2024,"male_athletes_undup",10
126711,2024,"mens_varsity_sports",1
126711,2024,"multi_sport_ratio",1
126711,2024,"pct_athletes_overall",1.17554858934169
126711,2024,"pct_female_athletes",0.666666666666667
126711,2024,"pct_male_athletes",1.90114068441065
126711,2024,"total_athletes_undup",15
126711,2024,"total_varsity_sports",2
126711,2024,"womens_varsity_sports",1
126748,2024,"female_athletes_undup",54
126748,2024,"male_athletes_undup",79
126748,2024,"mens_varsity_sports",3
126748,2024,"multi_sport_ratio",1
126748,2024,"pct_athletes_overall",36.7403314917127
126748,2024,"pct_female_athletes",26.2135922330097
126748,2024,"pct_male_athletes",50.6410256410256
126748,2024,"total_athletes_undup",133
126748,2024,"total_varsity_sports",7
126748,2024,"womens_varsity_sports",4
126775,2024,"female_athletes_undup",153
126775,2024,"male_athletes_undup",371
126775,2024,"mens_varsity_sports",10
126775,2024,"multi_sport_ratio",1.30152671755725
126775,2024,"pct_athletes_overall",8.8349350868319
126775,2024,"pct_female_athletes",8.12964930924548
126775,2024,"pct_male_athletes",9.16275623610768
126775,2024,"total_athletes_undup",524
126775,2024,"total_varsity_sports",18
126775,2024,"womens_varsity_sports",8
126818,2024,"female_athletes_undup",191
126818,2024,"male_athletes_undup",184
126818,2024,"mens_varsity_sports",4
126818,2024,"multi_sport_ratio",1.38133333333333
126818,2024,"pct_athletes_overall",1.63192480090517
126818,2024,"pct_female_athletes",1.50381859696087
126818,2024,"pct_male_athletes",1.79023156256081
126818,2024,"total_athletes_undup",375
126818,2024,"total_varsity_sports",12
126818,2024,"womens_varsity_sports",8
127060,2024,"female_athletes_undup",178
127060,2024,"male_athletes_undup",193
127060,2024,"mens_varsity_sports",8
127060,2024,"multi_sport_ratio",1.00269541778976
127060,2024,"pct_athletes_overall",6.45217391304348
127060,2024,"pct_female_athletes",5.56771973725368
127060,2024,"pct_male_athletes",7.55973364669017
127060,2024,"total_athletes_undup",371
127060,2024,"total_varsity_sports",18
127060,2024,"womens_varsity_sports",10
127185,2024,"female_athletes_undup",154
127185,2024,"male_athletes_undup",216
127185,2024,"mens_varsity_sports",5
127185,2024,"multi_sport_ratio",1.36216216216216
127185,2024,"pct_athletes_overall",13.1438721136767
127185,2024,"pct_female_athletes",10.3148024112525
127185,2024,"pct_male_athletes",16.338880484115
127185,2024,"total_athletes_undup",370
127185,2024,"total_varsity_sports",12
127185,2024,"womens_varsity_sports",7
127556,2024,"female_athletes_undup",324
127556,2024,"male_athletes_undup",507
127556,2024,"mens_varsity_sports",10
127556,2024,"multi_sport_ratio",1.1985559566787
127556,2024,"pct_athletes_overall",12.0086705202312
127556,2024,"pct_female_athletes",8.64461045891142
127556,2024,"pct_male_athletes",15.983606557377
127556,2024,"total_athletes_undup",831
127556,2024,"total_varsity_sports",22
127556,2024,"womens_varsity_sports",12
127565,2024,"female_athletes_undup",127
127565,2024,"male_athletes_undup",141
127565,2024,"mens_varsity_sports",5
127565,2024,"multi_sport_ratio",1.37313432835821
127565,2024,"pct_athletes_overall",3.16709997636493
127565,2024,"pct_female_athletes",2.83545434248716
127565,2024,"pct_male_athletes",3.54004519206628
127565,2024,"total_athletes_undup",268
127565,2024,"total_varsity_sports",12
127565,2024,"womens_varsity_sports",7
127741,2024,"female_athletes_undup",185
127741,2024,"male_athletes_undup",260
127741,2024,"mens_varsity_sports",6
127741,2024,"multi_sport_ratio",1.30561797752809
127741,2024,"pct_athletes_overall",8.66095757103932
127741,2024,"pct_female_athletes",5.42840375586854
127741,2024,"pct_male_athletes",15.028901734104
127741,2024,"total_athletes_undup",445
127741,2024,"total_varsity_sports",13
127741,2024,"womens_varsity_sports",7
127918,2024,"female_athletes_undup",126
127918,2024,"male_athletes_undup",124
127918,2024,"mens_varsity_sports",5
127918,2024,"multi_sport_ratio",1.148
127918,2024,"pct_athletes_overall",13.4916351861846
127918,2024,"pct_female_athletes",10.1367658889783
127918,2024,"pct_male_athletes",20.327868852459
127918,2024,"total_athletes_undup",250
127918,2024,"total_varsity_sports",13
127918,2024,"womens_varsity_sports",8
128106,2024,"female_athletes_undup",153
128106,2024,"male_athletes_undup",302
128106,2024,"mens_varsity_sports",7
128106,2024,"multi_sport_ratio",1.2043956043956
128106,2024,"pct_athletes_overall",18.3024939662108
128106,2024,"pct_female_athletes",11.4264376400299
128106,2024,"pct_male_athletes",26.3295553618134
128106,2024,"total_athletes_undup",455
128106,2024,"total_varsity_sports",16
128106,2024,"womens_varsity_sports",9
128258,2024,"female_athletes_undup",85
128258,2024,"male_athletes_undup",98
128258,2024,"mens_varsity_sports",5
128258,2024,"multi_sport_ratio",1.15300546448087
128258,2024,"pct_athletes_overall",30.6532663316583
128258,2024,"pct_female_athletes",28.1456953642384
128258,2024,"pct_male_athletes",33.2203389830508
128258,2024,"total_athletes_undup",183
128258,2024,"total_varsity_sports",12
128258,2024,"womens_varsity_sports",7
128391,2024,"female_athletes_undup",175
128391,2024,"male_athletes_undup",285
128391,2024,"mens_varsity_sports",4
128391,2024,"multi_sport_ratio",1.44130434782609
128391,2024,"pct_athletes_overall",32.0781032078103
128391,2024,"pct_female_athletes",28.5947712418301
128391,2024,"pct_male_athletes",34.6715328467153
128391,2024,"total_athletes_undup",460
128391,2024,"total_varsity_sports",9
128391,2024,"womens_varsity_sports",5
128498,2024,"female_athletes_undup",125
128498,2024,"male_athletes_undup",149
128498,2024,"mens_varsity_sports",8
128498,2024,"multi_sport_ratio",1.14598540145985
128498,2024,"pct_athletes_overall",29.3048128342246
128498,2024,"pct_female_athletes",21.7391304347826
128498,2024,"pct_male_athletes",41.3888888888889
128498,2024,"total_athletes_undup",274
128498,2024,"total_varsity_sports",18
128498,2024,"womens_varsity_sports",10
128744,2024,"female_athletes_undup",159
128744,2024,"male_athletes_undup",149
128744,2024,"mens_varsity_sports",5
128744,2024,"multi_sport_ratio",1.13636363636364
128744,2024,"pct_athletes_overall",24.6992782678428
128744,2024,"pct_female_athletes",18.8388625592417
128744,2024,"pct_male_athletes",36.9727047146402
128744,2024,"total_athletes_undup",308
128744,2024,"total_varsity_sports",12
128744,2024,"womens_varsity_sports",7
128771,2024,"female_athletes_undup",186
128771,2024,"male_athletes_undup",245
128771,2024,"mens_varsity_sports",5
128771,2024,"multi_sport_ratio",1.29002320185615
128771,2024,"pct_athletes_overall",6.57914822164555
128771,2024,"pct_female_athletes",6.12446493249918
128771,2024,"pct_male_athletes",6.97211155378486
128771,2024,"total_athletes_undup",431
128771,2024,"total_varsity_sports",12
128771,2024,"womens_varsity_sports",7
128902,2024,"female_athletes_undup",320
128902,2024,"male_athletes_undup",302
128902,2024,"mens_varsity_sports",12
128902,2024,"multi_sport_ratio",1.2604501607717
128902,2024,"pct_athletes_overall",32.1447028423773
128902,2024,"pct_female_athletes",27.2804774083546
128902,2024,"pct_male_athletes",39.6325459317585
128902,2024,"total_athletes_undup",622
128902,2024,"total_varsity_sports",27
128902,2024,"womens_varsity_sports",15
129020,2024,"female_athletes_undup",306
129020,2024,"male_athletes_undup",283
129020,2024,"mens_varsity_sports",7
129020,2024,"multi_sport_ratio",1.1748726655348
129020,2024,"pct_athletes_overall",3.02423495584309
129020,2024,"pct_female_athletes",2.83464566929134
129020,2024,"pct_male_athletes",3.25999308835388
129020,2024,"total_athletes_undup",589
129020,2024,"total_varsity_sports",18
129020,2024,"womens_varsity_sports",11
129215,2024,"female_athletes_undup",183
129215,2024,"male_athletes_undup",194
129215,2024,"mens_varsity_sports",7
129215,2024,"multi_sport_ratio",1.20159151193634
129215,2024,"pct_athletes_overall",11.5573267933783
129215,2024,"pct_female_athletes",9.47695494562403
129215,2024,"pct_male_athletes",14.5755071374906
129215,2024,"total_athletes_undup",377
129215,2024,"total_varsity_sports",15
129215,2024,"womens_varsity_sports",8
129242,2024,"female_athletes_undup",260
129242,2024,"male_athletes_undup",245
129242,2024,"mens_varsity_sports",9
129242,2024,"multi_sport_ratio",1
129242,2024,"pct_athletes_overall",9.48178745775441
129242,2024,"pct_female_athletes",8.44978875528112
129242,2024,"pct_male_athletes",10.8937305469097
129242,2024,"total_athletes_undup",505
129242,2024,"total_varsity_sports",20
129242,2024,"womens_varsity_sports",11
129525,2024,"female_athletes_undup",147
129525,2024,"male_athletes_undup",194
129525,2024,"mens_varsity_sports",8
129525,2024,"multi_sport_ratio",1.30791788856305
129525,2024,"pct_athletes_overall",8.63728470111449
129525,2024,"pct_female_athletes",6.38852672750978
129525,2024,"pct_male_athletes",11.778992106861
129525,2024,"total_athletes_undup",341
129525,2024,"total_varsity_sports",17
129525,2024,"womens_varsity_sports",9
129774,2024,"female_athletes_undup",60
129774,2024,"male_athletes_undup",98
129774,2024,"mens_varsity_sports",6
129774,2024,"multi_sport_ratio",1.13291139240506
129774,2024,"pct_athletes_overall",43.4065934065934
129774,2024,"pct_female_athletes",36.5853658536585
129774,2024,"pct_male_athletes",49
129774,2024,"total_athletes_undup",158
129774,2024,"total_varsity_sports",12
129774,2024,"womens_varsity_sports",6
129941,2024,"female_athletes_undup",256
129941,2024,"male_athletes_undup",310
129941,2024,"mens_varsity_sports",6
129941,2024,"multi_sport_ratio",1.19611307420495
129941,2024,"pct_athletes_overall",12.4068391056554
129941,2024,"pct_female_athletes",9.11356354574582
129941,2024,"pct_male_athletes",17.6839703365659
129941,2024,"total_athletes_undup",566
129941,2024,"total_varsity_sports",16
129941,2024,"womens_varsity_sports",10
130226,2024,"female_athletes_undup",302
130226,2024,"male_athletes_undup",174
130226,2024,"mens_varsity_sports",7
130226,2024,"multi_sport_ratio",1.13865546218487
130226,2024,"pct_athletes_overall",7.43285446595878
130226,2024,"pct_female_athletes",7.83601453035807
130226,2024,"pct_male_athletes",6.82352941176471
130226,2024,"total_athletes_undup",476
130226,2024,"total_varsity_sports",18
130226,2024,"womens_varsity_sports",11
130253,2024,"female_athletes_undup",554
130253,2024,"male_athletes_undup",563
130253,2024,"mens_varsity_sports",12
130253,2024,"multi_sport_ratio",1.26141450313339
130253,2024,"pct_athletes_overall",16.5163389028538
130253,2024,"pct_female_athletes",12.7944572748268
130253,2024,"pct_male_athletes",23.1401561857789
130253,2024,"total_athletes_undup",1117
130253,2024,"total_varsity_sports",29
130253,2024,"womens_varsity_sports",17
130314,2024,"female_athletes_undup",150
130314,2024,"male_athletes_undup",158
130314,2024,"mens_varsity_sports",7
130314,2024,"multi_sport_ratio",1.03246753246753
130314,2024,"pct_athletes_overall",37.9310344827586
130314,2024,"pct_female_athletes",27.1739130434783
130314,2024,"pct_male_athletes",60.7692307692308
130314,2024,"total_athletes_undup",308
130314,2024,"total_varsity_sports",16
130314,2024,"womens_varsity_sports",9
130493,2024,"female_athletes_undup",238
130493,2024,"male_athletes_undup",281
130493,2024,"mens_varsity_sports",6
130493,2024,"multi_sport_ratio",1.25818882466281
130493,2024,"pct_athletes_overall",9.47080291970803
130493,2024,"pct_female_athletes",7.16651610960554
130493,2024,"pct_male_athletes",13.0152848540991
130493,2024,"total_athletes_undup",519
130493,2024,"total_varsity_sports",15
130493,2024,"womens_varsity_sports",9
130590,2024,"female_athletes_undup",300
130590,2024,"male_athletes_undup",441
130590,2024,"mens_varsity_sports",13
130590,2024,"multi_sport_ratio",1.1417004048583
130590,2024,"pct_athletes_overall",34.7887323943662
130590,2024,"pct_female_athletes",26.4084507042254
130590,2024,"pct_male_athletes",44.3661971830986
130590,2024,"total_athletes_undup",741
130590,2024,"total_varsity_sports",26
130590,2024,"womens_varsity_sports",13
130697,2024,"female_athletes_undup",305
130697,2024,"male_athletes_undup",440
130697,2024,"mens_varsity_sports",13
130697,2024,"multi_sport_ratio",1.18926174496644
130697,2024,"pct_athletes_overall",24.3543641712978
130697,2024,"pct_female_athletes",19.0983093299937
130697,2024,"pct_male_athletes",30.0957592339261
130697,2024,"total_athletes_undup",745
130697,2024,"total_varsity_sports",26
130697,2024,"womens_varsity_sports",13
130776,2024,"female_athletes_undup",163
130776,2024,"male_athletes_undup",363
130776,2024,"mens_varsity_sports",10
130776,2024,"multi_sport_ratio",1.09125475285171
130776,2024,"pct_athletes_overall",16.5356806035838
130776,2024,"pct_female_athletes",10.264483627204
130776,2024,"pct_male_athletes",22.7871939736347
130776,2024,"total_athletes_undup",526
130776,2024,"total_varsity_sports",21
130776,2024,"womens_varsity_sports",11
130794,2024,"female_athletes_undup",418
130794,2024,"male_athletes_undup",518
130794,2024,"mens_varsity_sports",14
130794,2024,"multi_sport_ratio",1.17307692307692
130794,2024,"pct_athletes_overall",13.8625592417062
130794,2024,"pct_female_athletes",12.0218579234973
130794,2024,"pct_male_athletes",15.8167938931298
130794,2024,"total_athletes_undup",936
130794,2024,"total_varsity_sports",30
130794,2024,"womens_varsity_sports",16
130907,2024,"female_athletes_undup",41
130907,2024,"male_athletes_undup",75
130907,2024,"mens_varsity_sports",4
130907,2024,"multi_sport_ratio",1.01724137931034
130907,2024,"pct_athletes_overall",2.71345029239766
130907,2024,"pct_female_athletes",1.59038013964313
130907,2024,"pct_male_athletes",4.41956393635828
130907,2024,"total_athletes_undup",116
130907,2024,"total_varsity_sports",8
130907,2024,"womens_varsity_sports",4
130934,2024,"female_athletes_undup",247
130934,2024,"male_athletes_undup",165
130934,2024,"mens_varsity_sports",4
130934,2024,"multi_sport_ratio",1.22330097087379
130934,2024,"pct_athletes_overall",10.6459948320413
130934,2024,"pct_female_athletes",9.82888977317947
130934,2024,"pct_male_athletes",12.1591746499632
130934,2024,"total_athletes_undup",412
130934,2024,"total_varsity_sports",15
130934,2024,"womens_varsity_sports",11
130943,2024,"female_athletes_undup",328
130943,2024,"male_athletes_undup",299
130943,2024,"mens_varsity_sports",8
130943,2024,"multi_sport_ratio",1.11164274322169
130943,2024,"pct_athletes_overall",3.41410291315001
130943,2024,"pct_female_athletes",2.9443447037702
130943,2024,"pct_male_athletes",4.13840830449827
130943,2024,"total_athletes_undup",627
130943,2024,"total_varsity_sports",21
130943,2024,"womens_varsity_sports",13
130989,2024,"female_athletes_undup",116
130989,2024,"male_athletes_undup",153
130989,2024,"mens_varsity_sports",6
130989,2024,"multi_sport_ratio",1.07063197026022
130989,2024,"pct_athletes_overall",42.4290220820189
130989,2024,"pct_female_athletes",36.0248447204969
130989,2024,"pct_male_athletes",49.0384615384615
130989,2024,"total_athletes_undup",269
130989,2024,"total_varsity_sports",13
130989,2024,"womens_varsity_sports",7
131113,2024,"female_athletes_undup",131
131113,2024,"male_athletes_undup",183
131113,2024,"mens_varsity_sports",7
131113,2024,"multi_sport_ratio",1.07324840764331
131113,2024,"pct_athletes_overall",10.5192629815745
131113,2024,"pct_female_athletes",7.5854082223509
131113,2024,"pct_male_athletes",14.5468998410175
131113,2024,"total_athletes_undup",314
131113,2024,"total_varsity_sports",16
131113,2024,"womens_varsity_sports",9
131159,2024,"female_athletes_undup",174
131159,2024,"male_athletes_undup",124
131159,2024,"mens_varsity_sports",5
131159,2024,"multi_sport_ratio",1.28859060402685
131159,2024,"pct_athletes_overall",4.2203653873389
131159,2024,"pct_female_athletes",3.94110985277463
131159,2024,"pct_male_athletes",4.68631897203326
131159,2024,"total_athletes_undup",298
131159,2024,"total_varsity_sports",12
131159,2024,"womens_varsity_sports",7
131283,2024,"female_athletes_undup",269
131283,2024,"male_athletes_undup",404
131283,2024,"mens_varsity_sports",10
131283,2024,"multi_sport_ratio",1.16493313521545
131283,2024,"pct_athletes_overall",22.652305621003
131283,2024,"pct_female_athletes",17.2215108834827
131283,2024,"pct_male_athletes",28.6728176011356
131283,2024,"total_athletes_undup",673
131283,2024,"total_varsity_sports",21
131283,2024,"womens_varsity_sports",11
131399,2024,"female_athletes_undup",46
131399,2024,"male_athletes_undup",59
131399,2024,"mens_varsity_sports",4
131399,2024,"multi_sport_ratio",1.31428571428571
131399,2024,"pct_athletes_overall",7.3943661971831
131399,2024,"pct_female_athletes",5.72139303482587
131399,2024,"pct_male_athletes",9.57792207792208
131399,2024,"total_athletes_undup",105
131399,2024,"total_varsity_sports",10
131399,2024,"womens_varsity_sports",6
131450,2024,"female_athletes_undup",88
131450,2024,"male_athletes_undup",147
131450,2024,"mens_varsity_sports",8
131450,2024,"multi_sport_ratio",1.23404255319149
131450,2024,"pct_athletes_overall",30.6788511749347
131450,2024,"pct_female_athletes",22.3918575063613
131450,2024,"pct_male_athletes",39.4101876675603
131450,2024,"total_athletes_undup",235
131450,2024,"total_varsity_sports",16
131450,2024,"womens_varsity_sports",8
131469,2024,"female_athletes_undup",269
131469,2024,"male_athletes_undup",151
131469,2024,"mens_varsity_sports",7
131469,2024,"multi_sport_ratio",1.12857142857143
131469,2024,"pct_athletes_overall",3.93037619314992
131469,2024,"pct_female_athletes",3.93102440450095
131469,2024,"pct_male_athletes",3.92922196200885
131469,2024,"total_athletes_undup",420
131469,2024,"total_varsity_sports",17
131469,2024,"womens_varsity_sports",10
131496,2024,"female_athletes_undup",339
131496,2024,"male_athletes_undup",435
131496,2024,"mens_varsity_sports",10
131496,2024,"multi_sport_ratio",1.14728682170543
131496,2024,"pct_athletes_overall",10.7470147181339
131496,2024,"pct_female_athletes",7.95587890166628
131496,2024,"pct_male_athletes",14.7908874532472
131496,2024,"total_athletes_undup",774
131496,2024,"total_varsity_sports",22
131496,2024,"womens_varsity_sports",12
131520,2024,"female_athletes_undup",230
131520,2024,"male_athletes_undup",235
131520,2024,"mens_varsity_sports",7
131520,2024,"multi_sport_ratio",1.21720430107527
131520,2024,"pct_athletes_overall",4.70695414515639
131520,2024,"pct_female_athletes",3.16194665933462
131520,2024,"pct_male_athletes",9.021113243762
131520,2024,"total_athletes_undup",465
131520,2024,"total_varsity_sports",17
131520,2024,"womens_varsity_sports",10
131876,2024,"female_athletes_undup",49
131876,2024,"male_athletes_undup",0
131876,2024,"mens_varsity_sports",0
131876,2024,"multi_sport_ratio",1.22448979591837
131876,2024,"pct_athletes_overall",5.17970401691332
131876,2024,"pct_female_athletes",5.22388059701492
131876,2024,"pct_male_athletes",0
131876,2024,"total_athletes_undup",49
131876,2024,"total_varsity_sports",5
131876,2024,"womens_varsity_sports",5
132471,2024,"female_athletes_undup",176
132471,2024,"male_athletes_undup",218
132471,2024,"mens_varsity_sports",9
132471,2024,"multi_sport_ratio",1.10152284263959
132471,2024,"pct_athletes_overall",18.7887458273724
132471,2024,"pct_female_athletes",13.4044173648134
132471,2024,"pct_male_athletes",27.8061224489796
132471,2024,"total_athletes_undup",394
132471,2024,"total_varsity_sports",20
132471,2024,"womens_varsity_sports",11
132602,2024,"female_athletes_undup",104
132602,2024,"male_athletes_undup",241
132602,2024,"mens_varsity_sports",6
132602,2024,"multi_sport_ratio",1.23478260869565
132602,2024,"pct_athletes_overall",12.9310344827586
132602,2024,"pct_female_athletes",6.26128838049368
132602,2024,"pct_male_athletes",23.9324726911619
132602,2024,"total_athletes_undup",345
132602,2024,"total_varsity_sports",14
132602,2024,"womens_varsity_sports",8
132657,2024,"female_athletes_undup",188
132657,2024,"male_athletes_undup",219
132657,2024,"mens_varsity_sports",8
132657,2024,"multi_sport_ratio",1.05896805896806
132657,2024,"pct_athletes_overall",15.4870624048706
132657,2024,"pct_female_athletes",14.7335423197492
132657,2024,"pct_male_athletes",16.198224852071
132657,2024,"total_athletes_undup",407
132657,2024,"total_varsity_sports",17
132657,2024,"womens_varsity_sports",9
132693,2024,"female_athletes_undup",96
132693,2024,"male_athletes_undup",99
132693,2024,"mens_varsity_sports",6
132693,2024,"multi_sport_ratio",1
132693,2024,"pct_athletes_overall",4.60339943342776
132693,2024,"pct_female_athletes",4.3956043956044
132693,2024,"pct_male_athletes",4.82456140350877
132693,2024,"total_athletes_undup",195
132693,2024,"total_varsity_sports",13
132693,2024,"womens_varsity_sports",7
132851,2024,"female_athletes_undup",36
132851,2024,"male_athletes_undup",28
132851,2024,"mens_varsity_sports",1
132851,2024,"multi_sport_ratio",1
132851,2024,"pct_athletes_overall",2.89986406887177
132851,2024,"pct_female_athletes",2.66272189349112
132851,2024,"pct_male_athletes",3.27485380116959
132851,2024,"total_athletes_undup",64
132851,2024,"total_varsity_sports",3
132851,2024,"womens_varsity_sports",2
132903,2024,"female_athletes_undup",199
132903,2024,"male_athletes_undup",224
132903,2024,"mens_varsity_sports",6
132903,2024,"multi_sport_ratio",1.13002364066194
132903,2024,"pct_athletes_overall",1.00408279529054
132903,2024,"pct_female_athletes",0.877502425257959
132903,2024,"pct_male_athletes",1.15167095115681
132903,2024,"total_athletes_undup",423
132903,2024,"total_varsity_sports",14
132903,2024,"womens_varsity_sports",8
133021,2024,"female_athletes_undup",46
133021,2024,"male_athletes_undup",41
133021,2024,"mens_varsity_sports",2
133021,2024,"multi_sport_ratio",1
133021,2024,"pct_athletes_overall",11.328125
133021,2024,"pct_female_athletes",11.0047846889952
133021,2024,"pct_male_athletes",11.7142857142857
133021,2024,"total_athletes_undup",87
133021,2024,"total_varsity_sports",5
133021,2024,"womens_varsity_sports",3
133386,2024,"female_athletes_undup",122
133386,2024,"male_athletes_undup",119
133386,2024,"mens_varsity_sports",4
133386,2024,"multi_sport_ratio",1
133386,2024,"pct_athletes_overall",5.42792792792793
133386,2024,"pct_female_athletes",4.98366013071895
133386,2024,"pct_male_athletes",5.97389558232932
133386,2024,"total_athletes_undup",241
133386,2024,"total_varsity_sports",11
133386,2024,"womens_varsity_sports",7
133492,2024,"female_athletes_undup",118
133492,2024,"male_athletes_undup",112
133492,2024,"mens_varsity_sports",5
133492,2024,"multi_sport_ratio",1.02608695652174
133492,2024,"pct_athletes_overall",12.4932102118414
133492,2024,"pct_female_athletes",9.10493827160494
133492,2024,"pct_male_athletes",20.5504587155963
133492,2024,"total_athletes_undup",230
133492,2024,"total_varsity_sports",13
133492,2024,"womens_varsity_sports",8
133508,2024,"female_athletes_undup",48
133508,2024,"male_athletes_undup",41
133508,2024,"mens_varsity_sports",2
133508,2024,"multi_sport_ratio",1
133508,2024,"pct_athletes_overall",2.11100569259962
133508,2024,"pct_female_athletes",1.92848533547609
133508,2024,"pct_male_athletes",2.37405906195715
133508,2024,"total_athletes_undup",89
133508,2024,"total_varsity_sports",5
133508,2024,"womens_varsity_sports",3
133526,2024,"female_athletes_undup",122
133526,2024,"male_athletes_undup",275
133526,2024,"mens_varsity_sports",5
133526,2024,"multi_sport_ratio",1.23929471032746
133526,2024,"pct_athletes_overall",38.921568627451
133526,2024,"pct_female_athletes",25.7383966244726
133526,2024,"pct_male_athletes",50.3663003663004
133526,2024,"total_athletes_undup",397
133526,2024,"total_varsity_sports",12
133526,2024,"womens_varsity_sports",7
133553,2024,"female_athletes_undup",231
133553,2024,"male_athletes_undup",298
133553,2024,"mens_varsity_sports",9
133553,2024,"multi_sport_ratio",1.2835538752363
133553,2024,"pct_athletes_overall",7.01219512195122
133553,2024,"pct_female_athletes",10.8298171589311
133553,2024,"pct_male_athletes",5.50729994455738
133553,2024,"total_athletes_undup",529
133553,2024,"total_varsity_sports",19
133553,2024,"womens_varsity_sports",10
133650,2024,"female_athletes_undup",109
133650,2024,"male_athletes_undup",205
133650,2024,"mens_varsity_sports",6
133650,2024,"multi_sport_ratio",1.16242038216561
133650,2024,"pct_athletes_overall",4.58528037383178
133650,2024,"pct_female_athletes",2.42114615726344
133650,2024,"pct_male_athletes",8.7382779198636
133650,2024,"total_athletes_undup",314
133650,2024,"total_varsity_sports",14
133650,2024,"womens_varsity_sports",8
133669,2024,"female_athletes_undup",190
133669,2024,"male_athletes_undup",254
133669,2024,"mens_varsity_sports",8
133669,2024,"multi_sport_ratio",1.09684684684685
133669,2024,"pct_athletes_overall",2.48211091234347
133669,2024,"pct_female_athletes",1.82956186807896
133669,2024,"pct_male_athletes",3.38531254165001
133669,2024,"total_athletes_undup",444
133669,2024,"total_varsity_sports",17
133669,2024,"womens_varsity_sports",9
133702,2024,"female_athletes_undup",60
133702,2024,"male_athletes_undup",55
133702,2024,"mens_varsity_sports",3
133702,2024,"multi_sport_ratio",1.10434782608696
133702,2024,"pct_athletes_overall",1.77798392084106
133702,2024,"pct_female_athletes",1.55844155844156
133702,2024,"pct_male_athletes",2.10084033613445
133702,2024,"total_athletes_undup",115
133702,2024,"total_varsity_sports",8
133702,2024,"womens_varsity_sports",5
133711,2024,"female_athletes_undup",188
133711,2024,"male_athletes_undup",204
133711,2024,"mens_varsity_sports",7
133711,2024,"multi_sport_ratio",1.38265306122449
133711,2024,"pct_athletes_overall",16.6879523201362
133711,2024,"pct_female_athletes",11.7426608369769
133711,2024,"pct_male_athletes",27.2727272727273
133711,2024,"total_athletes_undup",392
133711,2024,"total_varsity_sports",15
133711,2024,"womens_varsity_sports",8
133809,2024,"female_athletes_undup",47
133809,2024,"male_athletes_undup",77
133809,2024,"mens_varsity_sports",5
133809,2024,"multi_sport_ratio",1
133809,2024,"pct_athletes_overall",21.4904679376083
133809,2024,"pct_female_athletes",16.0409556313993
133809,2024,"pct_male_athletes",27.112676056338
133809,2024,"total_athletes_undup",124
133809,2024,"total_varsity_sports",10
133809,2024,"womens_varsity_sports",5
133881,2024,"female_athletes_undup",135
133881,2024,"male_athletes_undup",223
133881,2024,"mens_varsity_sports",7
133881,2024,"multi_sport_ratio",1.11173184357542
133881,2024,"pct_athletes_overall",10.9079829372334
133881,2024,"pct_female_athletes",12.2727272727273
133881,2024,"pct_male_athletes",10.2199816681943
133881,2024,"total_athletes_undup",358
133881,2024,"total_varsity_sports",13
133881,2024,"womens_varsity_sports",6
133951,2024,"female_athletes_undup",219
133951,2024,"male_athletes_undup",222
133951,2024,"mens_varsity_sports",5
133951,2024,"multi_sport_ratio",1.1859410430839
133951,2024,"pct_athletes_overall",1.68224299065421
133951,2024,"pct_female_athletes",1.46136393967703
133951,2024,"pct_male_athletes",1.97702377771841
133951,2024,"total_athletes_undup",441
133951,2024,"total_varsity_sports",14
133951,2024,"womens_varsity_sports",9
133960,2024,"female_athletes_undup",3
133960,2024,"male_athletes_undup",4
133960,2024,"mens_varsity_sports",1
133960,2024,"multi_sport_ratio",1
133960,2024,"pct_athletes_overall",1.52173913043478
133960,2024,"pct_female_athletes",1.4218009478673
133960,2024,"pct_male_athletes",1.60642570281124
133960,2024,"total_athletes_undup",7
133960,2024,"total_varsity_sports",2
133960,2024,"womens_varsity_sports",1
133979,2024,"female_athletes_undup",107
133979,2024,"male_athletes_undup",215
133979,2024,"mens_varsity_sports",6
133979,2024,"multi_sport_ratio",1.09627329192547
133979,2024,"pct_athletes_overall",28.1714785651794
133979,2024,"pct_female_athletes",16.6926677067083
133979,2024,"pct_male_athletes",42.8286852589641
133979,2024,"total_athletes_undup",322
133979,2024,"total_varsity_sports",13
133979,2024,"womens_varsity_sports",7
134079,2024,"female_athletes_undup",214
134079,2024,"male_athletes_undup",281
134079,2024,"mens_varsity_sports",8
134079,2024,"multi_sport_ratio",1.18989898989899
134079,2024,"pct_athletes_overall",19.0677966101695
134079,2024,"pct_female_athletes",12.6777251184834
134079,2024,"pct_male_athletes",30.9471365638767
134079,2024,"total_athletes_undup",495
134079,2024,"total_varsity_sports",18
134079,2024,"womens_varsity_sports",10
134097,2024,"female_athletes_undup",206
134097,2024,"male_athletes_undup",270
134097,2024,"mens_varsity_sports",7
134097,2024,"multi_sport_ratio",1.23109243697479
134097,2024,"pct_athletes_overall",1.62618291141403
134097,2024,"pct_female_athletes",1.24576681180455
134097,2024,"pct_male_athletes",2.12014134275618
134097,2024,"total_athletes_undup",476
134097,2024,"total_varsity_sports",16
134097,2024,"womens_varsity_sports",9
134130,2024,"female_athletes_undup",247
134130,2024,"male_athletes_undup",308
134130,2024,"mens_varsity_sports",7
134130,2024,"multi_sport_ratio",1.26666666666667
134130,2024,"pct_athletes_overall",1.68913777885991
134130,2024,"pct_female_athletes",1.35811293781272
134130,2024,"pct_male_athletes",2.09952283571915
134130,2024,"total_athletes_undup",555
134130,2024,"total_varsity_sports",17
134130,2024,"womens_varsity_sports",10
134343,2024,"female_athletes_undup",59
134343,2024,"male_athletes_undup",38
134343,2024,"mens_varsity_sports",2
134343,2024,"multi_sport_ratio",1
134343,2024,"pct_athletes_overall",4.69961240310078
134343,2024,"pct_female_athletes",4.55246913580247
134343,2024,"pct_male_athletes",4.94791666666667
134343,2024,"total_athletes_undup",97
134343,2024,"total_varsity_sports",6
134343,2024,"womens_varsity_sports",4
134495,2024,"female_athletes_undup",57
134495,2024,"male_athletes_undup",46
134495,2024,"mens_varsity_sports",2
134495,2024,"multi_sport_ratio",1
134495,2024,"pct_athletes_overall",1.0261008168958
134495,2024,"pct_female_athletes",1.05829929446714
134495,2024,"pct_male_athletes",0.988822012037833
134495,2024,"total_athletes_undup",103
134495,2024,"total_varsity_sports",6
134495,2024,"womens_varsity_sports",4
134608,2024,"female_athletes_undup",66
134608,2024,"male_athletes_undup",59
134608,2024,"mens_varsity_sports",3
134608,2024,"multi_sport_ratio",1
134608,2024,"pct_athletes_overall",2.29315721885893
134608,2024,"pct_female_athletes",2.14146658014276
134608,2024,"pct_male_athletes",2.49050232165471
134608,2024,"total_athletes_undup",125
134608,2024,"total_varsity_sports",6
134608,2024,"womens_varsity_sports",3
134945,2024,"female_athletes_undup",248
134945,2024,"male_athletes_undup",227
134945,2024,"mens_varsity_sports",7
134945,2024,"multi_sport_ratio",1.09052631578947
134945,2024,"pct_athletes_overall",17.1852387843705
134945,2024,"pct_female_athletes",16.2836506894288
134945,2024,"pct_male_athletes",18.2917002417405
134945,2024,"total_athletes_undup",475
134945,2024,"total_varsity_sports",16
134945,2024,"womens_varsity_sports",9
135081,2024,"female_athletes_undup",231
135081,2024,"male_athletes_undup",533
135081,2024,"mens_varsity_sports",11
135081,2024,"multi_sport_ratio",1.1348167539267
135081,2024,"pct_athletes_overall",6.60899653979239
135081,2024,"pct_female_athletes",2.99883162404258
135081,2024,"pct_male_athletes",13.8190303344568
135081,2024,"total_athletes_undup",764
135081,2024,"total_varsity_sports",21
135081,2024,"womens_varsity_sports",10
135160,2024,"female_athletes_undup",50
135160,2024,"male_athletes_undup",21
135160,2024,"mens_varsity_sports",2
135160,2024,"multi_sport_ratio",1
135160,2024,"pct_athletes_overall",7.53715498938429
135160,2024,"pct_female_athletes",8.16993464052288
135160,2024,"pct_male_athletes",6.36363636363636
135160,2024,"total_athletes_undup",71
135160,2024,"total_varsity_sports",6
135160,2024,"womens_varsity_sports",4
135188,2024,"female_athletes_undup",70
135188,2024,"male_athletes_undup",63
135188,2024,"mens_varsity_sports",4
135188,2024,"multi_sport_ratio",1.23308270676692
135188,2024,"pct_athletes_overall",7.78688524590164
135188,2024,"pct_female_athletes",6.77637947725073
135188,2024,"pct_male_athletes",9.33333333333333
135188,2024,"total_athletes_undup",133
135188,2024,"total_varsity_sports",9
135188,2024,"womens_varsity_sports",5
135391,2024,"female_athletes_undup",35
135391,2024,"male_athletes_undup",32
135391,2024,"mens_varsity_sports",1
135391,2024,"multi_sport_ratio",1.07462686567164
135391,2024,"pct_athletes_overall",2.05269607843137
135391,2024,"pct_female_athletes",1.77574835109082
135391,2024,"pct_male_athletes",2.47486465583913
135391,2024,"total_athletes_undup",67
135391,2024,"total_varsity_sports",4
135391,2024,"womens_varsity_sports",3
135717,2024,"female_athletes_undup",83
135717,2024,"male_athletes_undup",76
135717,2024,"mens_varsity_sports",3
135717,2024,"multi_sport_ratio",1
135717,2024,"pct_athletes_overall",0.710138454667262
135717,2024,"pct_female_athletes",0.656282122242429
135717,2024,"pct_male_athletes",0.780047213383968
135717,2024,"total_athletes_undup",159
135717,2024,"total_varsity_sports",7
135717,2024,"womens_varsity_sports",4
135726,2024,"female_athletes_undup",221
135726,2024,"male_athletes_undup",217
135726,2024,"mens_varsity_sports",6
135726,2024,"multi_sport_ratio",1.22146118721461
135726,2024,"pct_athletes_overall",3.485596052841
135726,2024,"pct_female_athletes",3.22439451415232
135726,2024,"pct_male_athletes",3.79901960784314
135726,2024,"total_athletes_undup",438
135726,2024,"total_varsity_sports",14
135726,2024,"womens_varsity_sports",8
136172,2024,"female_athletes_undup",187
136172,2024,"male_athletes_undup",138
136172,2024,"mens_varsity_sports",6
136172,2024,"multi_sport_ratio",1.31076923076923
136172,2024,"pct_athletes_overall",3.23383084577114
136172,2024,"pct_female_athletes",3.18406265962881
136172,2024,"pct_male_athletes",3.30380655973187
136172,2024,"total_athletes_undup",325
136172,2024,"total_varsity_sports",15
136172,2024,"womens_varsity_sports",9
136215,2024,"female_athletes_undup",182
136215,2024,"male_athletes_undup",122
136215,2024,"mens_varsity_sports",6
136215,2024,"multi_sport_ratio",1.09868421052632
136215,2024,"pct_athletes_overall",4.45355991796074
136215,2024,"pct_female_athletes",3.74485596707819
136215,2024,"pct_male_athletes",6.20549338758901
136215,2024,"total_athletes_undup",304
136215,2024,"total_varsity_sports",15
136215,2024,"womens_varsity_sports",9
136233,2024,"female_athletes_undup",32
136233,2024,"male_athletes_undup",41
136233,2024,"mens_varsity_sports",2
136233,2024,"multi_sport_ratio",1
136233,2024,"pct_athletes_overall",4.49507389162562
136233,2024,"pct_female_athletes",3.57142857142857
136233,2024,"pct_male_athletes",5.63186813186813
136233,2024,"total_athletes_undup",73
136233,2024,"total_varsity_sports",4
136233,2024,"womens_varsity_sports",2
136330,2024,"female_athletes_undup",184
136330,2024,"male_athletes_undup",180
136330,2024,"mens_varsity_sports",8
136330,2024,"multi_sport_ratio",1.09615384615385
136330,2024,"pct_athletes_overall",14.6774193548387
136330,2024,"pct_female_athletes",10.9916367980884
136330,2024,"pct_male_athletes",22.3325062034739
136330,2024,"total_athletes_undup",364
136330,2024,"total_varsity_sports",18
136330,2024,"womens_varsity_sports",10
136358,2024,"female_athletes_undup",44
136358,2024,"male_athletes_undup",38
136358,2024,"mens_varsity_sports",2
136358,2024,"multi_sport_ratio",1.07317073170732
136358,2024,"pct_athletes_overall",1.03640040444894
136358,2024,"pct_female_athletes",0.979737252282342
136358,2024,"pct_male_athletes",1.11078631978954
136358,2024,"total_athletes_undup",82
136358,2024,"total_varsity_sports",6
136358,2024,"womens_varsity_sports",4
136400,2024,"female_athletes_undup",65
136400,2024,"male_athletes_undup",49
136400,2024,"mens_varsity_sports",3
136400,2024,"multi_sport_ratio",1
136400,2024,"pct_athletes_overall",3.70731707317073
136400,2024,"pct_female_athletes",3.7037037037037
136400,2024,"pct_male_athletes",3.71212121212121
136400,2024,"total_athletes_undup",114
136400,2024,"total_varsity_sports",7
136400,2024,"womens_varsity_sports",4
136473,2024,"female_athletes_undup",80
136473,2024,"male_athletes_undup",71
136473,2024,"mens_varsity_sports",2
136473,2024,"multi_sport_ratio",1
136473,2024,"pct_athletes_overall",4.24753867791842
136473,2024,"pct_female_athletes",3.55239786856128
136473,2024,"pct_male_athletes",5.44896392939371
136473,2024,"total_athletes_undup",151
136473,2024,"total_varsity_sports",7
136473,2024,"womens_varsity_sports",5
136516,2024,"female_athletes_undup",57
136516,2024,"male_athletes_undup",36
136516,2024,"mens_varsity_sports",2
136516,2024,"multi_sport_ratio",1
136516,2024,"pct_athletes_overall",3.73493975903614
136516,2024,"pct_female_athletes",3.6869340232859
136516,2024,"pct_male_athletes",3.8135593220339
136516,2024,"total_athletes_undup",93
136516,2024,"total_varsity_sports",5
136516,2024,"womens_varsity_sports",3
136950,2024,"female_athletes_undup",217
136950,2024,"male_athletes_undup",279
136950,2024,"mens_varsity_sports",9
136950,2024,"multi_sport_ratio",1
136950,2024,"pct_athletes_overall",19.2248062015504
136950,2024,"pct_female_athletes",13.7690355329949
136950,2024,"pct_male_athletes",27.7888446215139
136950,2024,"total_athletes_undup",496
136950,2024,"total_varsity_sports",19
136950,2024,"womens_varsity_sports",10
137032,2024,"female_athletes_undup",253
137032,2024,"male_athletes_undup",266
137032,2024,"mens_varsity_sports",7
137032,2024,"multi_sport_ratio",1.01926782273603
137032,2024,"pct_athletes_overall",11.5538735529831
137032,2024,"pct_female_athletes",9.7532767925983
137032,2024,"pct_male_athletes",14.0147523709168
137032,2024,"total_athletes_undup",519
137032,2024,"total_varsity_sports",17
137032,2024,"womens_varsity_sports",10
137078,2024,"female_athletes_undup",55
137078,2024,"male_athletes_undup",41
137078,2024,"mens_varsity_sports",2
137078,2024,"multi_sport_ratio",1
137078,2024,"pct_athletes_overall",1.52988047808765
137078,2024,"pct_female_athletes",1.57909847832328
137078,2024,"pct_male_athletes",1.46848137535817
137078,2024,"total_athletes_undup",96
137078,2024,"total_varsity_sports",6
137078,2024,"womens_varsity_sports",4
137096,2024,"female_athletes_undup",49
137096,2024,"male_athletes_undup",39
137096,2024,"mens_varsity_sports",2
137096,2024,"multi_sport_ratio",1
137096,2024,"pct_athletes_overall",1.58444364422038
137096,2024,"pct_female_athletes",1.73697270471464
137096,2024,"pct_male_athletes",1.42700329308452
137096,2024,"total_athletes_undup",88
137096,2024,"total_varsity_sports",5
137096,2024,"womens_varsity_sports",3
137209,2024,"female_athletes_undup",40
137209,2024,"male_athletes_undup",37
137209,2024,"mens_varsity_sports",2
137209,2024,"multi_sport_ratio",1
137209,2024,"pct_athletes_overall",1.47058823529412
137209,2024,"pct_female_athletes",1.42959256611866
137209,2024,"pct_male_athletes",1.51763740771124
137209,2024,"total_athletes_undup",77
137209,2024,"total_varsity_sports",5
137209,2024,"womens_varsity_sports",3
137281,2024,"female_athletes_undup",41
137281,2024,"male_athletes_undup",29
137281,2024,"mens_varsity_sports",1
137281,2024,"multi_sport_ratio",1
137281,2024,"pct_athletes_overall",3.89972144846797
137281,2024,"pct_female_athletes",3.85338345864662
137281,2024,"pct_male_athletes",3.9671682626539
137281,2024,"total_athletes_undup",70
137281,2024,"total_varsity_sports",4
137281,2024,"womens_varsity_sports",3
137315,2024,"female_athletes_undup",37
137315,2024,"male_athletes_undup",24
137315,2024,"mens_varsity_sports",1
137315,2024,"multi_sport_ratio",1
137315,2024,"pct_athletes_overall",7.08478513356562
137315,2024,"pct_female_athletes",6.76416819012797
137315,2024,"pct_male_athletes",7.64331210191083
137315,2024,"total_athletes_undup",61
137315,2024,"total_varsity_sports",4
137315,2024,"womens_varsity_sports",3
137351,2024,"female_athletes_undup",225
137351,2024,"male_athletes_undup",293
137351,2024,"mens_varsity_sports",7
137351,2024,"multi_sport_ratio",1.18339768339768
137351,2024,"pct_athletes_overall",1.6507855572198
137351,2024,"pct_female_athletes",1.24688279301746
137351,2024,"pct_male_athletes",2.19739013049348
137351,2024,"total_athletes_undup",518
137351,2024,"total_varsity_sports",17
137351,2024,"womens_varsity_sports",10
137476,2024,"female_athletes_undup",310
137476,2024,"male_athletes_undup",499
137476,2024,"mens_varsity_sports",11
137476,2024,"multi_sport_ratio",1.0593325092707
137476,2024,"pct_athletes_overall",40.049504950495
137476,2024,"pct_female_athletes",36.9047619047619
137476,2024,"pct_male_athletes",42.2881355932203
137476,2024,"total_athletes_undup",809
137476,2024,"total_varsity_sports",23
137476,2024,"womens_varsity_sports",12
137546,2024,"female_athletes_undup",212
137546,2024,"male_athletes_undup",283
137546,2024,"mens_varsity_sports",8
137546,2024,"multi_sport_ratio",1
137546,2024,"pct_athletes_overall",21.7965653896962
137546,2024,"pct_female_athletes",16.3706563706564
137546,2024,"pct_male_athletes",28.9959016393443
137546,2024,"total_athletes_undup",495
137546,2024,"total_varsity_sports",18
137546,2024,"womens_varsity_sports",10
137564,2024,"female_athletes_undup",131
137564,2024,"male_athletes_undup",338
137564,2024,"mens_varsity_sports",10
137564,2024,"multi_sport_ratio",1.33688699360341
137564,2024,"pct_athletes_overall",11.076995748701
137564,2024,"pct_female_athletes",5.20667726550079
137564,2024,"pct_male_athletes",19.674039580908
137564,2024,"total_athletes_undup",469
137564,2024,"total_varsity_sports",19
137564,2024,"womens_varsity_sports",9
137759,2024,"female_athletes_undup",43
137759,2024,"male_athletes_undup",42
137759,2024,"mens_varsity_sports",2
137759,2024,"multi_sport_ratio",1
137759,2024,"pct_athletes_overall",1.14002145922747
137759,2024,"pct_female_athletes",1.03864734299517
137759,2024,"pct_male_athletes",1.26658624849216
137759,2024,"total_athletes_undup",85
137759,2024,"total_varsity_sports",5
137759,2024,"womens_varsity_sports",3
137847,2024,"female_athletes_undup",289
137847,2024,"male_athletes_undup",264
137847,2024,"mens_varsity_sports",7
137847,2024,"multi_sport_ratio",1.26039783001808
137847,2024,"pct_athletes_overall",5.32088905994419
137847,2024,"pct_female_athletes",4.81666666666667
137847,2024,"pct_male_athletes",6.00956066469383
137847,2024,"total_athletes_undup",553
137847,2024,"total_varsity_sports",18
137847,2024,"womens_varsity_sports",11
137953,2024,"female_athletes_undup",49
137953,2024,"male_athletes_undup",104
137953,2024,"mens_varsity_sports",3
137953,2024,"multi_sport_ratio",1.01960784313725
137953,2024,"pct_athletes_overall",50.8305647840532
137953,2024,"pct_female_athletes",41.8803418803419
137953,2024,"pct_male_athletes",56.5217391304348
137953,2024,"total_athletes_undup",153
137953,2024,"total_varsity_sports",7
137953,2024,"womens_varsity_sports",4
137962,2024,"female_athletes_undup",23
137962,2024,"male_athletes_undup",12
137962,2024,"mens_varsity_sports",1
137962,2024,"multi_sport_ratio",1.02857142857143
137962,2024,"pct_athletes_overall",29.9145299145299
137962,2024,"pct_female_athletes",41.0714285714286
137962,2024,"pct_male_athletes",19.672131147541
137962,2024,"total_athletes_undup",35
137962,2024,"total_varsity_sports",3
137962,2024,"womens_varsity_sports",2
138275,2024,"female_athletes_undup",137
138275,2024,"male_athletes_undup",367
138275,2024,"mens_varsity_sports",9
138275,2024,"multi_sport_ratio",1.16865079365079
138275,2024,"pct_athletes_overall",71.2871287128713
138275,2024,"pct_female_athletes",43.6305732484076
138275,2024,"pct_male_athletes",93.3842239185751
138275,2024,"total_athletes_undup",504
138275,2024,"total_varsity_sports",20
138275,2024,"womens_varsity_sports",11
138293,2024,"female_athletes_undup",114
138293,2024,"male_athletes_undup",234
138293,2024,"mens_varsity_sports",13
138293,2024,"multi_sport_ratio",1.12068965517241
138293,2024,"pct_athletes_overall",43.7735849056604
138293,2024,"pct_female_athletes",50.6666666666667
138293,2024,"pct_male_athletes",41.0526315789474
138293,2024,"total_athletes_undup",348
138293,2024,"total_varsity_sports",24
138293,2024,"womens_varsity_sports",11
138354,2024,"female_athletes_undup",154
138354,2024,"male_athletes_undup",244
138354,2024,"mens_varsity_sports",7
138354,2024,"multi_sport_ratio",1
138354,2024,"pct_athletes_overall",5.89716995110387
138354,2024,"pct_female_athletes",4.06332453825858
138354,2024,"pct_male_athletes",8.24602906387293
138354,2024,"total_athletes_undup",398
138354,2024,"total_varsity_sports",15
138354,2024,"womens_varsity_sports",8
138558,2024,"female_athletes_undup",90
138558,2024,"male_athletes_undup",91
138558,2024,"mens_varsity_sports",5
138558,2024,"multi_sport_ratio",1
138558,2024,"pct_athletes_overall",7.35772357723577
138558,2024,"pct_female_athletes",6.43776824034335
138558,2024,"pct_male_athletes",8.56873822975518
138558,2024,"total_athletes_undup",181
138558,2024,"total_varsity_sports",10
138558,2024,"womens_varsity_sports",5
138716,2024,"female_athletes_undup",114
138716,2024,"male_athletes_undup",159
138716,2024,"mens_varsity_sports",4
138716,2024,"multi_sport_ratio",1.04029304029304
138716,2024,"pct_athletes_overall",6.16531165311653
138716,2024,"pct_female_athletes",3.61102312321825
138716,2024,"pct_male_athletes",12.5098347757671
138716,2024,"total_athletes_undup",273
138716,2024,"total_varsity_sports",11
138716,2024,"womens_varsity_sports",7
138761,2024,"female_athletes_undup",77
138761,2024,"male_athletes_undup",169
138761,2024,"mens_varsity_sports",6
138761,2024,"multi_sport_ratio",1.02032520325203
138761,2024,"pct_athletes_overall",64.0625
138761,2024,"pct_female_athletes",71.9626168224299
138761,2024,"pct_male_athletes",61.0108303249097
138761,2024,"total_athletes_undup",246
138761,2024,"total_varsity_sports",11
138761,2024,"womens_varsity_sports",5
138868,2024,"female_athletes_undup",140
138868,2024,"male_athletes_undup",282
138868,2024,"mens_varsity_sports",6
138868,2024,"multi_sport_ratio",1.03080568720379
138868,2024,"pct_athletes_overall",34.8472336911643
138868,2024,"pct_female_athletes",24.9110320284698
138868,2024,"pct_male_athletes",43.4514637904468
138868,2024,"total_athletes_undup",422
138868,2024,"total_varsity_sports",12
138868,2024,"womens_varsity_sports",6
138947,2024,"female_athletes_undup",101
138947,2024,"male_athletes_undup",156
138947,2024,"mens_varsity_sports",4
138947,2024,"multi_sport_ratio",1.04669260700389
138947,2024,"pct_athletes_overall",7.28045325779037
138947,2024,"pct_female_athletes",3.70234604105572
138947,2024,"pct_male_athletes",19.4513715710723
138947,2024,"total_athletes_undup",257
138947,2024,"total_varsity_sports",9
138947,2024,"womens_varsity_sports",5
139144,2024,"female_athletes_undup",199
139144,2024,"male_athletes_undup",311
139144,2024,"mens_varsity_sports",10
139144,2024,"multi_sport_ratio",1.19019607843137
139144,2024,"pct_athletes_overall",22.8904847396768
139144,2024,"pct_female_athletes",14.3268538516919
139144,2024,"pct_male_athletes",37.0679380214541
139144,2024,"total_athletes_undup",510
139144,2024,"total_varsity_sports",22
139144,2024,"womens_varsity_sports",12
139199,2024,"female_athletes_undup",178
139199,2024,"male_athletes_undup",0
139199,2024,"mens_varsity_sports",0
139199,2024,"multi_sport_ratio",1.20786516853933
139199,2024,"pct_athletes_overall",20.389461626575
139199,2024,"pct_female_athletes",22.4464060529634
139199,2024,"pct_male_athletes",0
139199,2024,"total_athletes_undup",178
139199,2024,"total_varsity_sports",12
139199,2024,"womens_varsity_sports",12
139205,2024,"female_athletes_undup",131
139205,2024,"male_athletes_undup",201
139205,2024,"mens_varsity_sports",10
139205,2024,"multi_sport_ratio",1.21084337349398
139205,2024,"pct_athletes_overall",53.8961038961039
139205,2024,"pct_female_athletes",57.2052401746725
139205,2024,"pct_male_athletes",51.937984496124
139205,2024,"total_athletes_undup",332
139205,2024,"total_varsity_sports",19
139205,2024,"womens_varsity_sports",9
139250,2024,"female_athletes_undup",45
139250,2024,"male_athletes_undup",26
139250,2024,"mens_varsity_sports",3
139250,2024,"multi_sport_ratio",1
139250,2024,"pct_athletes_overall",3.67114788004137
139250,2024,"pct_female_athletes",3.3457249070632
139250,2024,"pct_male_athletes",4.41426146010187
139250,2024,"total_athletes_undup",71
139250,2024,"total_varsity_sports",7
139250,2024,"womens_varsity_sports",4
139311,2024,"female_athletes_undup",85
139311,2024,"male_athletes_undup",89
139311,2024,"mens_varsity_sports",5
139311,2024,"multi_sport_ratio",1.39080459770115
139311,2024,"pct_athletes_overall",6.44922164566345
139311,2024,"pct_female_athletes",4.57727517501346
139311,2024,"pct_male_athletes",10.5826397146254
139311,2024,"total_athletes_undup",174
139311,2024,"total_varsity_sports",10
139311,2024,"womens_varsity_sports",5
139366,2024,"female_athletes_undup",148
139366,2024,"male_athletes_undup",169
139366,2024,"mens_varsity_sports",6
139366,2024,"multi_sport_ratio",1.07570977917981
139366,2024,"pct_athletes_overall",7.80980537078098
139366,2024,"pct_female_athletes",6.21065883340327
139366,2024,"pct_male_athletes",10.0835322195704
139366,2024,"total_athletes_undup",317
139366,2024,"total_varsity_sports",13
139366,2024,"womens_varsity_sports",7
139393,2024,"female_athletes_undup",95
139393,2024,"male_athletes_undup",113
139393,2024,"mens_varsity_sports",7
139393,2024,"multi_sport_ratio",1.20192307692308
139393,2024,"pct_athletes_overall",22.3896663078579
139393,2024,"pct_female_athletes",19.8329853862213
139393,2024,"pct_male_athletes",25.1111111111111
139393,2024,"total_athletes_undup",208
139393,2024,"total_varsity_sports",14
139393,2024,"womens_varsity_sports",7
139463,2024,"female_athletes_undup",41
139463,2024,"male_athletes_undup",48
139463,2024,"mens_varsity_sports",3
139463,2024,"multi_sport_ratio",1.24719101123595
139463,2024,"pct_athletes_overall",3.12390312390312
139463,2024,"pct_female_athletes",2.28031145717464
139463,2024,"pct_male_athletes",4.56707897240723
139463,2024,"total_athletes_undup",89
139463,2024,"total_varsity_sports",7
139463,2024,"womens_varsity_sports",4
139621,2024,"female_athletes_undup",55
139621,2024,"male_athletes_undup",84
139621,2024,"mens_varsity_sports",2
139621,2024,"multi_sport_ratio",1
139621,2024,"pct_athletes_overall",13.0393996247655
139621,2024,"pct_female_athletes",9.29054054054054
139621,2024,"pct_male_athletes",17.7215189873418
139621,2024,"total_athletes_undup",139
139621,2024,"total_varsity_sports",4
139621,2024,"womens_varsity_sports",2
139630,2024,"female_athletes_undup",265
139630,2024,"male_athletes_undup",418
139630,2024,"mens_varsity_sports",14
139630,2024,"multi_sport_ratio",1.06442166910688
139630,2024,"pct_athletes_overall",89.7503285151117
139630,2024,"pct_female_athletes",78.6350148367952
139630,2024,"pct_male_athletes",98.5849056603774
139630,2024,"total_athletes_undup",683
139630,2024,"total_varsity_sports",29
139630,2024,"womens_varsity_sports",15
139658,2024,"female_athletes_undup",209
139658,2024,"male_athletes_undup",212
139658,2024,"mens_varsity_sports",7
139658,2024,"multi_sport_ratio",1.37054631828979
139658,2024,"pct_athletes_overall",5.82618322723498
139658,2024,"pct_female_athletes",5.09011203117389
139658,2024,"pct_male_athletes",6.7948717948718
139658,2024,"total_athletes_undup",421
139658,2024,"total_varsity_sports",15
139658,2024,"womens_varsity_sports",8
139700,2024,"female_athletes_undup",22
139700,2024,"male_athletes_undup",57
139700,2024,"mens_varsity_sports",2
139700,2024,"multi_sport_ratio",1
139700,2024,"pct_athletes_overall",4.08268733850129
139700,2024,"pct_female_athletes",1.85497470489039
139700,2024,"pct_male_athletes",7.61014686248331
139700,2024,"total_athletes_undup",79
139700,2024,"total_varsity_sports",3
139700,2024,"womens_varsity_sports",1
139719,2024,"female_athletes_undup",82
139719,2024,"male_athletes_undup",189
139719,2024,"mens_varsity_sports",6
139719,2024,"multi_sport_ratio",1.08118081180812
139719,2024,"pct_athletes_overall",11.1430921052632
139719,2024,"pct_female_athletes",5.039950829748
139719,2024,"pct_male_athletes",23.4782608695652
139719,2024,"total_athletes_undup",271
139719,2024,"total_varsity_sports",12
139719,2024,"womens_varsity_sports",6
139755,2024,"female_athletes_undup",174
139755,2024,"male_athletes_undup",275
139755,2024,"mens_varsity_sports",7
139755,2024,"multi_sport_ratio",1.33407572383074
139755,2024,"pct_athletes_overall",2.54751773049645
139755,2024,"pct_female_athletes",2.44210526315789
139755,2024,"pct_male_athletes",2.61904761904762
139755,2024,"total_athletes_undup",449
139755,2024,"total_varsity_sports",13
139755,2024,"womens_varsity_sports",6
139764,2024,"female_athletes_undup",68
139764,2024,"male_athletes_undup",98
139764,2024,"mens_varsity_sports",5
139764,2024,"multi_sport_ratio",1.05421686746988
139764,2024,"pct_athletes_overall",9.21198668146504
139764,2024,"pct_female_athletes",5.6525353283458
139764,2024,"pct_male_athletes",16.3606010016695
139764,2024,"total_athletes_undup",166
139764,2024,"total_varsity_sports",10
139764,2024,"womens_varsity_sports",5
139861,2024,"female_athletes_undup",120
139861,2024,"male_athletes_undup",103
139861,2024,"mens_varsity_sports",5
139861,2024,"multi_sport_ratio",1
139861,2024,"pct_athletes_overall",4.02454430608193
139861,2024,"pct_female_athletes",3.35476656415991
139861,2024,"pct_male_athletes",5.24439918533605
139861,2024,"total_athletes_undup",223
139861,2024,"total_varsity_sports",11
139861,2024,"womens_varsity_sports",6
139931,2024,"female_athletes_undup",181
139931,2024,"male_athletes_undup",269
139931,2024,"mens_varsity_sports",6
139931,2024,"multi_sport_ratio",1.11777777777778
139931,2024,"pct_athletes_overall",2.39731500719195
139931,2024,"pct_female_athletes",1.6852886405959
139931,2024,"pct_male_athletes",3.34952060764537
139931,2024,"total_athletes_undup",450
139931,2024,"total_varsity_sports",15
139931,2024,"womens_varsity_sports",9
139940,2024,"female_athletes_undup",158
139940,2024,"male_athletes_undup",222
139940,2024,"mens_varsity_sports",6
139940,2024,"multi_sport_ratio",1.11315789473684
139940,2024,"pct_athletes_overall",1.86365865620402
139940,2024,"pct_female_athletes",1.32073894508067
139940,2024,"pct_male_athletes",2.63438946244215
139940,2024,"total_athletes_undup",380
139940,2024,"total_varsity_sports",14
139940,2024,"womens_varsity_sports",8
139959,2024,"female_athletes_undup",281
139959,2024,"male_athletes_undup",301
139959,2024,"mens_varsity_sports",7
139959,2024,"multi_sport_ratio",1.16323024054983
139959,2024,"pct_athletes_overall",1.89861029555686
139959,2024,"pct_female_athletes",1.59224841341795
139959,2024,"pct_male_athletes",2.31431646932185
139959,2024,"total_athletes_undup",582
139959,2024,"total_varsity_sports",17
139959,2024,"womens_varsity_sports",10
139968,2024,"female_athletes_undup",34
139968,2024,"male_athletes_undup",57
139968,2024,"mens_varsity_sports",2
139968,2024,"multi_sport_ratio",1.01098901098901
139968,2024,"pct_athletes_overall",5.43933054393306
139968,2024,"pct_female_athletes",3.04386750223814
139968,2024,"pct_male_athletes",10.2517985611511
139968,2024,"total_athletes_undup",91
139968,2024,"total_varsity_sports",4
139968,2024,"womens_varsity_sports",2
140234,2024,"female_athletes_undup",89
140234,2024,"male_athletes_undup",243
140234,2024,"mens_varsity_sports",7
140234,2024,"multi_sport_ratio",1
140234,2024,"pct_athletes_overall",52.3659305993691
140234,2024,"pct_female_athletes",31.1188811188811
140234,2024,"pct_male_athletes",69.8275862068966
140234,2024,"total_athletes_undup",332
140234,2024,"total_varsity_sports",14
140234,2024,"womens_varsity_sports",7
140252,2024,"female_athletes_undup",305
140252,2024,"male_athletes_undup",386
140252,2024,"mens_varsity_sports",8
140252,2024,"multi_sport_ratio",1.1273516642547
140252,2024,"pct_athletes_overall",87.913486005089
140252,2024,"pct_female_athletes",76.8261964735516
140252,2024,"pct_male_athletes",99.2287917737789
140252,2024,"total_athletes_undup",691
140252,2024,"total_varsity_sports",16
140252,2024,"womens_varsity_sports",8
140447,2024,"female_athletes_undup",181
140447,2024,"male_athletes_undup",287
140447,2024,"mens_varsity_sports",8
140447,2024,"multi_sport_ratio",1.02991452991453
140447,2024,"pct_athletes_overall",11.6650049850449
140447,2024,"pct_female_athletes",7.14849921011058
140447,2024,"pct_male_athletes",19.3918918918919
140447,2024,"total_athletes_undup",468
140447,2024,"total_varsity_sports",18
140447,2024,"womens_varsity_sports",10
140696,2024,"female_athletes_undup",113
140696,2024,"male_athletes_undup",200
140696,2024,"mens_varsity_sports",7
140696,2024,"multi_sport_ratio",1.10223642172524
140696,2024,"pct_athletes_overall",23.6941710825132
140696,2024,"pct_female_athletes",13.6308805790109
140696,2024,"pct_male_athletes",40.650406504065
140696,2024,"total_athletes_undup",313
140696,2024,"total_varsity_sports",14
140696,2024,"womens_varsity_sports",7
140720,2024,"female_athletes_undup",57
140720,2024,"male_athletes_undup",59
140720,2024,"mens_varsity_sports",4
140720,2024,"multi_sport_ratio",1
140720,2024,"pct_athletes_overall",32.7683615819209
140720,2024,"pct_female_athletes",28.5
140720,2024,"pct_male_athletes",38.3116883116883
140720,2024,"total_athletes_undup",116
140720,2024,"total_varsity_sports",9
140720,2024,"womens_varsity_sports",5
140818,2024,"female_athletes_undup",205
140818,2024,"male_athletes_undup",226
140818,2024,"mens_varsity_sports",8
140818,2024,"multi_sport_ratio",1.11136890951276
140818,2024,"pct_athletes_overall",40.4315196998124
140818,2024,"pct_female_athletes",29.3276108726753
140818,2024,"pct_male_athletes",61.5803814713896
140818,2024,"total_athletes_undup",431
140818,2024,"total_varsity_sports",18
140818,2024,"womens_varsity_sports",10
140872,2024,"female_athletes_undup",224
140872,2024,"male_athletes_undup",432
140872,2024,"mens_varsity_sports",11
140872,2024,"multi_sport_ratio",1.0625
140872,2024,"pct_athletes_overall",63.6893203883495
140872,2024,"pct_female_athletes",47.7611940298507
140872,2024,"pct_male_athletes",77.0053475935829
140872,2024,"total_athletes_undup",656
140872,2024,"total_varsity_sports",21
140872,2024,"womens_varsity_sports",10
140951,2024,"female_athletes_undup",228
140951,2024,"male_athletes_undup",199
140951,2024,"mens_varsity_sports",9
140951,2024,"multi_sport_ratio",1.01170960187354
140951,2024,"pct_athletes_overall",3.18775662560657
140951,2024,"pct_female_athletes",2.40989324595709
140951,2024,"pct_male_athletes",5.05846466700559
140951,2024,"total_athletes_undup",427
140951,2024,"total_varsity_sports",18
140951,2024,"womens_varsity_sports",9
140960,2024,"female_athletes_undup",73
140960,2024,"male_athletes_undup",240
140960,2024,"mens_varsity_sports",5
140960,2024,"multi_sport_ratio",1.27476038338658
140960,2024,"pct_athletes_overall",12.514994002399
140960,2024,"pct_female_athletes",4.6290424857324
140960,2024,"pct_male_athletes",25.974025974026
140960,2024,"total_athletes_undup",313
140960,2024,"total_varsity_sports",11
140960,2024,"womens_varsity_sports",6
140988,2024,"female_athletes_undup",139
140988,2024,"male_athletes_undup",304
140988,2024,"mens_varsity_sports",9
140988,2024,"multi_sport_ratio",1.04063205417607
140988,2024,"pct_athletes_overall",45.2040816326531
140988,2024,"pct_female_athletes",29.2631578947368
140988,2024,"pct_male_athletes",60.1980198019802
140988,2024,"total_athletes_undup",443
140988,2024,"total_varsity_sports",17
140988,2024,"womens_varsity_sports",8
141167,2024,"female_athletes_undup",117
141167,2024,"male_athletes_undup",244
141167,2024,"mens_varsity_sports",6
141167,2024,"multi_sport_ratio",1.13019390581717
141167,2024,"pct_athletes_overall",62.8919860627178
141167,2024,"pct_female_athletes",36.5625
141167,2024,"pct_male_athletes",96.0629921259843
141167,2024,"total_athletes_undup",361
141167,2024,"total_varsity_sports",12
141167,2024,"womens_varsity_sports",6
141185,2024,"female_athletes_undup",51
141185,2024,"male_athletes_undup",89
141185,2024,"mens_varsity_sports",5
141185,2024,"multi_sport_ratio",1
141185,2024,"pct_athletes_overall",17.9028132992327
141185,2024,"pct_female_athletes",10.4722792607803
141185,2024,"pct_male_athletes",30.1694915254237
141185,2024,"total_athletes_undup",140
141185,2024,"total_varsity_sports",10
141185,2024,"womens_varsity_sports",5
141237,2024,"female_athletes_undup",177
141237,2024,"male_athletes_undup",246
141237,2024,"mens_varsity_sports",10
141237,2024,"multi_sport_ratio",1.0709219858156
141237,2024,"pct_athletes_overall",60.2564102564103
141237,2024,"pct_female_athletes",51.6034985422741
141237,2024,"pct_male_athletes",68.5236768802228
141237,2024,"total_athletes_undup",423
141237,2024,"total_varsity_sports",21
141237,2024,"womens_varsity_sports",11
141264,2024,"female_athletes_undup",94
141264,2024,"male_athletes_undup",234
141264,2024,"mens_varsity_sports",6
141264,2024,"multi_sport_ratio",1
141264,2024,"pct_athletes_overall",6.26312774489211
141264,2024,"pct_female_athletes",2.64267641270734
141264,2024,"pct_male_athletes",13.9285714285714
141264,2024,"total_athletes_undup",328
141264,2024,"total_varsity_sports",12
141264,2024,"womens_varsity_sports",6
141334,2024,"female_athletes_undup",136
141334,2024,"male_athletes_undup",284
141334,2024,"mens_varsity_sports",5
141334,2024,"multi_sport_ratio",1.28571428571429
141334,2024,"pct_athletes_overall",7.08860759493671
141334,2024,"pct_female_athletes",3.76418488790479
141334,2024,"pct_male_athletes",12.2837370242215
141334,2024,"total_athletes_undup",420
141334,2024,"total_varsity_sports",11
141334,2024,"womens_varsity_sports",6
141361,2024,"female_athletes_undup",155
141361,2024,"male_athletes_undup",222
141361,2024,"mens_varsity_sports",7
141361,2024,"multi_sport_ratio",1.18832891246684
141361,2024,"pct_athletes_overall",50.2666666666667
141361,2024,"pct_female_athletes",37.0813397129187
141361,2024,"pct_male_athletes",66.8674698795181
141361,2024,"total_athletes_undup",377
141361,2024,"total_varsity_sports",15
141361,2024,"womens_varsity_sports",8
141486,2024,"female_athletes_undup",102
141486,2024,"male_athletes_undup",97
141486,2024,"mens_varsity_sports",5
141486,2024,"multi_sport_ratio",1.10050251256281
141486,2024,"pct_athletes_overall",14.3268538516919
141486,2024,"pct_female_athletes",10.5919003115265
141486,2024,"pct_male_athletes",22.7699530516432
141486,2024,"total_athletes_undup",199
141486,2024,"total_varsity_sports",12
141486,2024,"womens_varsity_sports",7
141565,2024,"female_athletes_undup",114
141565,2024,"male_athletes_undup",123
141565,2024,"mens_varsity_sports",5
141565,2024,"multi_sport_ratio",1
141565,2024,"pct_athletes_overall",13.3747178329571
141565,2024,"pct_female_athletes",10.5069124423963
141565,2024,"pct_male_athletes",17.9039301310044
141565,2024,"total_athletes_undup",237
141565,2024,"total_varsity_sports",12
141565,2024,"womens_varsity_sports",7
141574,2024,"female_athletes_undup",238
141574,2024,"male_athletes_undup",246
141574,2024,"mens_varsity_sports",7
141574,2024,"multi_sport_ratio",1.16735537190083
141574,2024,"pct_athletes_overall",3.82911392405063
141574,2024,"pct_female_athletes",3.16279069767442
141574,2024,"pct_male_athletes",4.80938416422287
141574,2024,"total_athletes_undup",484
141574,2024,"total_varsity_sports",18
141574,2024,"womens_varsity_sports",11
141644,2024,"female_athletes_undup",154
141644,2024,"male_athletes_undup",105
141644,2024,"mens_varsity_sports",6
141644,2024,"multi_sport_ratio",1
141644,2024,"pct_athletes_overall",12.7397934087555
141644,2024,"pct_female_athletes",11.2163146394756
141644,2024,"pct_male_athletes",15.9090909090909
141644,2024,"total_athletes_undup",259
141644,2024,"total_varsity_sports",15
141644,2024,"womens_varsity_sports",9
142115,2024,"female_athletes_undup",203
142115,2024,"male_athletes_undup",179
142115,2024,"mens_varsity_sports",5
142115,2024,"multi_sport_ratio",1.28272251308901
142115,2024,"pct_athletes_overall",2.71075787680954
142115,2024,"pct_female_athletes",2.53117206982544
142115,2024,"pct_male_athletes",2.94795783926219
142115,2024,"total_athletes_undup",382
142115,2024,"total_varsity_sports",14
142115,2024,"womens_varsity_sports",9
142276,2024,"female_athletes_undup",157
142276,2024,"male_athletes_undup",172
142276,2024,"mens_varsity_sports",4
142276,2024,"multi_sport_ratio",1.35258358662614
142276,2024,"pct_athletes_overall",5.2783571313974
142276,2024,"pct_female_athletes",4.25704989154013
142276,2024,"pct_male_athletes",6.75834970530452
142276,2024,"total_athletes_undup",329
142276,2024,"total_varsity_sports",11
142276,2024,"womens_varsity_sports",7
142285,2024,"female_athletes_undup",151
142285,2024,"male_athletes_undup",180
142285,2024,"mens_varsity_sports",5
142285,2024,"multi_sport_ratio",1.30211480362538
142285,2024,"pct_athletes_overall",4.53052285792499
142285,2024,"pct_female_athletes",4.24515040764689
142285,2024,"pct_male_athletes",4.80128034142438
142285,2024,"total_athletes_undup",331
142285,2024,"total_varsity_sports",12
142285,2024,"womens_varsity_sports",7
142294,2024,"female_athletes_undup",180
142294,2024,"male_athletes_undup",330
142294,2024,"mens_varsity_sports",9
142294,2024,"multi_sport_ratio",1.27254901960784
142294,2024,"pct_athletes_overall",49.466537342386
142294,2024,"pct_female_athletes",33.8983050847458
142294,2024,"pct_male_athletes",66
142294,2024,"total_athletes_undup",510
142294,2024,"total_varsity_sports",19
142294,2024,"womens_varsity_sports",10
142328,2024,"female_athletes_undup",90
142328,2024,"male_athletes_undup",117
142328,2024,"mens_varsity_sports",7
142328,2024,"multi_sport_ratio",1.3719806763285
142328,2024,"pct_athletes_overall",11.0813704496788
142328,2024,"pct_female_athletes",7.7120822622108
142328,2024,"pct_male_athletes",16.6904422253923
142328,2024,"total_athletes_undup",207
142328,2024,"total_varsity_sports",15
142328,2024,"womens_varsity_sports",8
142461,2024,"female_athletes_undup",118
142461,2024,"male_athletes_undup",140
142461,2024,"mens_varsity_sports",5
142461,2024,"multi_sport_ratio",1.36821705426357
142461,2024,"pct_athletes_overall",27.6231263383298
142461,2024,"pct_female_athletes",23.1827111984283
142461,2024,"pct_male_athletes",32.9411764705882
142461,2024,"total_athletes_undup",258
142461,2024,"total_varsity_sports",11
142461,2024,"womens_varsity_sports",6
142559,2024,"female_athletes_undup",103
142559,2024,"male_athletes_undup",87
142559,2024,"mens_varsity_sports",5
142559,2024,"multi_sport_ratio",1.26315789473684
142559,2024,"pct_athletes_overall",10.6026785714286
142559,2024,"pct_female_athletes",10.1477832512315
142559,2024,"pct_male_athletes",11.1969111969112
142559,2024,"total_athletes_undup",190
142559,2024,"total_varsity_sports",12
142559,2024,"womens_varsity_sports",7
143084,2024,"female_athletes_undup",278
143084,2024,"male_athletes_undup",492
143084,2024,"mens_varsity_sports",12
143084,2024,"multi_sport_ratio",1.25584415584416
143084,2024,"pct_athletes_overall",31.1236863379143
143084,2024,"pct_female_athletes",21.092564491654
143084,2024,"pct_male_athletes",42.560553633218
143084,2024,"total_athletes_undup",770
143084,2024,"total_varsity_sports",24
143084,2024,"womens_varsity_sports",12
143118,2024,"female_athletes_undup",186
143118,2024,"male_athletes_undup",367
143118,2024,"mens_varsity_sports",12
143118,2024,"multi_sport_ratio",1.33092224231465
143118,2024,"pct_athletes_overall",15.1092896174863
143118,2024,"pct_female_athletes",7.72746157041961
143118,2024,"pct_male_athletes",29.2897047086991
143118,2024,"total_athletes_undup",553
143118,2024,"total_varsity_sports",24
143118,2024,"womens_varsity_sports",12
143288,2024,"female_athletes_undup",57
143288,2024,"male_athletes_undup",116
143288,2024,"mens_varsity_sports",6
143288,2024,"multi_sport_ratio",1.30635838150289
143288,2024,"pct_athletes_overall",37.855579868709
143288,2024,"pct_female_athletes",21.8390804597701
143288,2024,"pct_male_athletes",59.1836734693878
143288,2024,"total_athletes_undup",173
143288,2024,"total_varsity_sports",13
143288,2024,"womens_varsity_sports",7
143358,2024,"female_athletes_undup",100
143358,2024,"male_athletes_undup",112
143358,2024,"mens_varsity_sports",5
143358,2024,"multi_sport_ratio",1.5188679245283
143358,2024,"pct_athletes_overall",6.06060606060606
143358,2024,"pct_female_athletes",5.56792873051225
143358,2024,"pct_male_athletes",6.58049353701528
143358,2024,"total_athletes_undup",212
143358,2024,"total_varsity_sports",11
143358,2024,"womens_varsity_sports",6
144005,2024,"female_athletes_undup",115
144005,2024,"male_athletes_undup",100
144005,2024,"mens_varsity_sports",5
144005,2024,"multi_sport_ratio",1.15813953488372
144005,2024,"pct_athletes_overall",22.6554267650158
144005,2024,"pct_female_athletes",18.4
144005,2024,"pct_male_athletes",30.8641975308642
144005,2024,"total_athletes_undup",215
144005,2024,"total_varsity_sports",12
144005,2024,"womens_varsity_sports",7
144050,2024,"female_athletes_undup",234
144050,2024,"male_athletes_undup",344
144050,2024,"mens_varsity_sports",8
144050,2024,"multi_sport_ratio",1.34602076124567
144050,2024,"pct_athletes_overall",7.64348056069823
144050,2024,"pct_female_athletes",6.75909878682842
144050,2024,"pct_male_athletes",8.39024390243902
144050,2024,"total_athletes_undup",578
144050,2024,"total_varsity_sports",16
144050,2024,"womens_varsity_sports",8
144351,2024,"female_athletes_undup",150
144351,2024,"male_athletes_undup",246
144351,2024,"mens_varsity_sports",9
144351,2024,"multi_sport_ratio",1.19444444444444
144351,2024,"pct_athletes_overall",33.4177215189873
144351,2024,"pct_female_athletes",23.961661341853
144351,2024,"pct_male_athletes",44.0071556350626
144351,2024,"total_athletes_undup",396
144351,2024,"total_varsity_sports",18
144351,2024,"womens_varsity_sports",9
144740,2024,"female_athletes_undup",123
144740,2024,"male_athletes_undup",95
144740,2024,"mens_varsity_sports",5
144740,2024,"multi_sport_ratio",1.39908256880734
144740,2024,"pct_athletes_overall",1.64727217772404
144740,2024,"pct_female_athletes",1.67643451001772
144740,2024,"pct_male_athletes",1.61098863829066
144740,2024,"total_athletes_undup",218
144740,2024,"total_varsity_sports",11
144740,2024,"womens_varsity_sports",6
144892,2024,"female_athletes_undup",168
144892,2024,"male_athletes_undup",305
144892,2024,"mens_varsity_sports",8
144892,2024,"multi_sport_ratio",1.26849894291755
144892,2024,"pct_athletes_overall",12.7321668909825
144892,2024,"pct_female_athletes",7.65724703737466
144892,2024,"pct_male_athletes",20.0525969756739
144892,2024,"total_athletes_undup",473
144892,2024,"total_varsity_sports",17
144892,2024,"womens_varsity_sports",9
144962,2024,"female_athletes_undup",221
144962,2024,"male_athletes_undup",322
144962,2024,"mens_varsity_sports",9
144962,2024,"multi_sport_ratio",1.24677716390424
144962,2024,"pct_athletes_overall",18.3198380566802
144962,2024,"pct_female_athletes",12.0435967302452
144962,2024,"pct_male_athletes",28.5208148804252
144962,2024,"total_athletes_undup",543
144962,2024,"total_varsity_sports",19
144962,2024,"womens_varsity_sports",10
144971,2024,"female_athletes_undup",83
144971,2024,"male_athletes_undup",207
144971,2024,"mens_varsity_sports",7
144971,2024,"multi_sport_ratio",1.07586206896552
144971,2024,"pct_athletes_overall",55.6621880998081
144971,2024,"pct_female_athletes",35.4700854700855
144971,2024,"pct_male_athletes",72.1254355400697
144971,2024,"total_athletes_undup",290
144971,2024,"total_varsity_sports",14
144971,2024,"womens_varsity_sports",7
145336,2024,"female_athletes_undup",146
145336,2024,"male_athletes_undup",143
145336,2024,"mens_varsity_sports",7
145336,2024,"multi_sport_ratio",1.04498269896194
145336,2024,"pct_athletes_overall",16.5806081468732
145336,2024,"pct_female_athletes",13.6321195144725
145336,2024,"pct_male_athletes",21.2797619047619
145336,2024,"total_athletes_undup",289
145336,2024,"total_varsity_sports",15
145336,2024,"womens_varsity_sports",8
145372,2024,"female_athletes_undup",152
145372,2024,"male_athletes_undup",357
145372,2024,"mens_varsity_sports",8
145372,2024,"multi_sport_ratio",1.25343811394892
145372,2024,"pct_athletes_overall",57.9726651480638
145372,2024,"pct_female_athletes",38.0952380952381
145372,2024,"pct_male_athletes",74.5302713987474
145372,2024,"total_athletes_undup",509
145372,2024,"total_varsity_sports",15
145372,2024,"womens_varsity_sports",7
145600,2024,"female_athletes_undup",166
145600,2024,"male_athletes_undup",155
145600,2024,"mens_varsity_sports",6
145600,2024,"multi_sport_ratio",1.27414330218069
145600,2024,"pct_athletes_overall",1.59013226333779
145600,2024,"pct_female_athletes",1.54103230597846
145600,2024,"pct_male_athletes",1.64630908125332
145600,2024,"total_athletes_undup",321
145600,2024,"total_varsity_sports",14
145600,2024,"womens_varsity_sports",8
145619,2024,"female_athletes_undup",207
145619,2024,"male_athletes_undup",476
145619,2024,"mens_varsity_sports",10
145619,2024,"multi_sport_ratio",1.06442166910688
145619,2024,"pct_athletes_overall",37.651598676957
145619,2024,"pct_female_athletes",23.6842105263158
145619,2024,"pct_male_athletes",50.6382978723404
145619,2024,"total_athletes_undup",683
145619,2024,"total_varsity_sports",18
145619,2024,"womens_varsity_sports",8
145637,2024,"female_athletes_undup",202
145637,2024,"male_athletes_undup",277
145637,2024,"mens_varsity_sports",8
145637,2024,"multi_sport_ratio",1.23382045929019
145637,2024,"pct_athletes_overall",1.34478789410146
145637,2024,"pct_female_athletes",1.17441860465116
145637,2024,"pct_male_athletes",1.50388186112167
145637,2024,"total_athletes_undup",479
145637,2024,"total_varsity_sports",17
145637,2024,"womens_varsity_sports",9
145646,2024,"female_athletes_undup",206
145646,2024,"male_athletes_undup",432
145646,2024,"mens_varsity_sports",11
145646,2024,"multi_sport_ratio",1.20532915360502
145646,2024,"pct_athletes_overall",40.379746835443
145646,2024,"pct_female_athletes",26.309067688378
145646,2024,"pct_male_athletes",54.2032622333752
145646,2024,"total_athletes_undup",638
145646,2024,"total_varsity_sports",22
145646,2024,"womens_varsity_sports",11
145691,2024,"female_athletes_undup",134
145691,2024,"male_athletes_undup",286
145691,2024,"mens_varsity_sports",8
145691,2024,"multi_sport_ratio",1.24047619047619
145691,2024,"pct_athletes_overall",48.3870967741936
145691,2024,"pct_female_athletes",30.2483069977427
145691,2024,"pct_male_athletes",67.2941176470588
145691,2024,"total_athletes_undup",420
145691,2024,"total_varsity_sports",16
145691,2024,"womens_varsity_sports",8
145725,2024,"female_athletes_undup",112
145725,2024,"male_athletes_undup",192
145725,2024,"mens_varsity_sports",10
145725,2024,"multi_sport_ratio",1.21052631578947
145725,2024,"pct_athletes_overall",11.4544084400904
145725,2024,"pct_female_athletes",11.9786096256684
145725,2024,"pct_male_athletes",11.1692844677138
145725,2024,"total_athletes_undup",304
145725,2024,"total_varsity_sports",19
145725,2024,"womens_varsity_sports",9
145813,2024,"female_athletes_undup",213
145813,2024,"male_athletes_undup",258
145813,2024,"mens_varsity_sports",6
145813,2024,"multi_sport_ratio",1.28025477707006
145813,2024,"pct_athletes_overall",2.60840671207842
145813,2024,"pct_female_athletes",2.06896551724138
145813,2024,"pct_male_athletes",3.32388559649575
145813,2024,"total_athletes_undup",471
145813,2024,"total_varsity_sports",15
145813,2024,"womens_varsity_sports",9
146339,2024,"female_athletes_undup",150
146339,2024,"male_athletes_undup",363
146339,2024,"mens_varsity_sports",10
146339,2024,"multi_sport_ratio",1.02729044834308
146339,2024,"pct_athletes_overall",74.6724890829694
146339,2024,"pct_female_athletes",53.9568345323741
146339,2024,"pct_male_athletes",88.7530562347188
146339,2024,"total_athletes_undup",513
146339,2024,"total_varsity_sports",19
146339,2024,"womens_varsity_sports",9
146427,2024,"female_athletes_undup",101
146427,2024,"male_athletes_undup",251
146427,2024,"mens_varsity_sports",8
146427,2024,"multi_sport_ratio",1.09943181818182
146427,2024,"pct_athletes_overall",31.484794275492
146427,2024,"pct_female_athletes",18.2310469314079
146427,2024,"pct_male_athletes",44.5035460992908
146427,2024,"total_athletes_undup",352
146427,2024,"total_varsity_sports",15
146427,2024,"womens_varsity_sports",7
146481,2024,"female_athletes_undup",196
146481,2024,"male_athletes_undup",313
146481,2024,"mens_varsity_sports",11
146481,2024,"multi_sport_ratio",1.13752455795678
146481,2024,"pct_athletes_overall",28.388176240937
146481,2024,"pct_female_athletes",19.2723697148476
146481,2024,"pct_male_athletes",40.3350515463918
146481,2024,"total_athletes_undup",509
146481,2024,"total_varsity_sports",23
146481,2024,"womens_varsity_sports",12
146612,2024,"female_athletes_undup",217
146612,2024,"male_athletes_undup",281
146612,2024,"mens_varsity_sports",9
146612,2024,"multi_sport_ratio",1.29718875502008
146612,2024,"pct_athletes_overall",14.5998240985048
146612,2024,"pct_female_athletes",12.3787792355961
146612,2024,"pct_male_athletes",16.9481302774427
146612,2024,"total_athletes_undup",498
146612,2024,"total_varsity_sports",20
146612,2024,"womens_varsity_sports",11
146719,2024,"female_athletes_undup",110
146719,2024,"male_athletes_undup",106
146719,2024,"mens_varsity_sports",5
146719,2024,"multi_sport_ratio",1.38425925925926
146719,2024,"pct_athletes_overall",1.91625266146203
146719,2024,"pct_female_athletes",1.40899193031894
146719,2024,"pct_male_athletes",3.05916305916306
146719,2024,"total_athletes_undup",216
146719,2024,"total_varsity_sports",11
146719,2024,"womens_varsity_sports",6
147013,2024,"female_athletes_undup",401
147013,2024,"male_athletes_undup",654
147013,2024,"mens_varsity_sports",14
147013,2024,"multi_sport_ratio",1.09668246445498
147013,2024,"pct_athletes_overall",64.6842427958308
147013,2024,"pct_female_athletes",46.8457943925234
147013,2024,"pct_male_athletes",84.3870967741936
147013,2024,"total_athletes_undup",1055
147013,2024,"total_varsity_sports",29
147013,2024,"womens_varsity_sports",15
147244,2024,"female_athletes_undup",150
147244,2024,"male_athletes_undup",308
147244,2024,"mens_varsity_sports",11
147244,2024,"multi_sport_ratio",1.25327510917031
147244,2024,"pct_athletes_overall",34.5921450151057
147244,2024,"pct_female_athletes",21.398002853067
147244,2024,"pct_male_athletes",49.438202247191
147244,2024,"total_athletes_undup",458
147244,2024,"total_varsity_sports",22
147244,2024,"womens_varsity_sports",11
147341,2024,"female_athletes_undup",122
147341,2024,"male_athletes_undup",246
147341,2024,"mens_varsity_sports",10
147341,2024,"multi_sport_ratio",1.23369565217391
147341,2024,"pct_athletes_overall",52.5714285714286
147341,2024,"pct_female_athletes",37.5384615384615
147341,2024,"pct_male_athletes",65.6
147341,2024,"total_athletes_undup",368
147341,2024,"total_varsity_sports",20
147341,2024,"womens_varsity_sports",10
147369,2024,"female_athletes_undup",22
147369,2024,"male_athletes_undup",20
147369,2024,"mens_varsity_sports",2
147369,2024,"multi_sport_ratio",1
147369,2024,"pct_athletes_overall",3.43698854337152
147369,2024,"pct_female_athletes",3.85288966725044
147369,2024,"pct_male_athletes",3.07219662058372
147369,2024,"total_athletes_undup",42
147369,2024,"total_varsity_sports",4
147369,2024,"womens_varsity_sports",2
147660,2024,"female_athletes_undup",259
147660,2024,"male_athletes_undup",482
147660,2024,"mens_varsity_sports",13
147660,2024,"multi_sport_ratio",1.35222672064777
147660,2024,"pct_athletes_overall",30.9782608695652
147660,2024,"pct_female_athletes",21.0740439381611
147660,2024,"pct_male_athletes",41.4445399828031
147660,2024,"total_athletes_undup",741
147660,2024,"total_varsity_sports",26
147660,2024,"womens_varsity_sports",13
147679,2024,"female_athletes_undup",155
147679,2024,"male_athletes_undup",308
147679,2024,"mens_varsity_sports",7
147679,2024,"multi_sport_ratio",1.10583153347732
147679,2024,"pct_athletes_overall",26.7630057803468
147679,2024,"pct_female_athletes",16.028955532575
147679,2024,"pct_male_athletes",40.3669724770642
147679,2024,"total_athletes_undup",463
147679,2024,"total_varsity_sports",14
147679,2024,"womens_varsity_sports",7
147703,2024,"female_athletes_undup",160
147703,2024,"male_athletes_undup",285
147703,2024,"mens_varsity_sports",7
147703,2024,"multi_sport_ratio",1.10337078651685
147703,2024,"pct_athletes_overall",4.44156103403533
147703,2024,"pct_female_athletes",2.97619047619048
147703,2024,"pct_male_athletes",6.13827266853328
147703,2024,"total_athletes_undup",445
147703,2024,"total_varsity_sports",17
147703,2024,"womens_varsity_sports",10
147767,2024,"female_athletes_undup",256
147767,2024,"male_athletes_undup",262
147767,2024,"mens_varsity_sports",8
147767,2024,"multi_sport_ratio",1
147767,2024,"pct_athletes_overall",5.78900312919088
147767,2024,"pct_female_athletes",5.27726242011956
147767,2024,"pct_male_athletes",6.394923114474
147767,2024,"total_athletes_undup",518
147767,2024,"total_varsity_sports",19
147767,2024,"womens_varsity_sports",11
147828,2024,"female_athletes_undup",217
147828,2024,"male_athletes_undup",437
147828,2024,"mens_varsity_sports",9
147828,2024,"multi_sport_ratio",1.3394495412844
147828,2024,"pct_athletes_overall",25.9833134684148
147828,2024,"pct_female_athletes",16.1098737936154
147828,2024,"pct_male_athletes",37.3504273504274
147828,2024,"total_athletes_undup",654
147828,2024,"total_varsity_sports",17
147828,2024,"womens_varsity_sports",8
148016,2024,"female_athletes_undup",68
148016,2024,"male_athletes_undup",95
148016,2024,"mens_varsity_sports",7
148016,2024,"multi_sport_ratio",1.44171779141104
148016,2024,"pct_athletes_overall",48.5119047619048
148016,2024,"pct_female_athletes",49.6350364963504
148016,2024,"pct_male_athletes",47.7386934673367
148016,2024,"total_athletes_undup",163
148016,2024,"total_varsity_sports",15
148016,2024,"womens_varsity_sports",8
148131,2024,"female_athletes_undup",220
148131,2024,"male_athletes_undup",523
148131,2024,"mens_varsity_sports",13
148131,2024,"multi_sport_ratio",1.02422611036339
148131,2024,"pct_athletes_overall",75.1263902932255
148131,2024,"pct_female_athletes",54.726368159204
148131,2024,"pct_male_athletes",89.0971039182283
148131,2024,"total_athletes_undup",743
148131,2024,"total_varsity_sports",25
148131,2024,"womens_varsity_sports",12
148405,2024,"female_athletes_undup",101
148405,2024,"male_athletes_undup",231
148405,2024,"mens_varsity_sports",6
148405,2024,"multi_sport_ratio",1.06325301204819
148405,2024,"pct_athletes_overall",35.6989247311828
148405,2024,"pct_female_athletes",21.5811965811966
148405,2024,"pct_male_athletes",50
148405,2024,"total_athletes_undup",332
148405,2024,"total_varsity_sports",14
148405,2024,"womens_varsity_sports",8
148487,2024,"female_athletes_undup",107
148487,2024,"male_athletes_undup",290
148487,2024,"mens_varsity_sports",8
148487,2024,"multi_sport_ratio",1.12594458438287
148487,2024,"pct_athletes_overall",15.7790143084261
148487,2024,"pct_female_athletes",6.93454309786131
148487,2024,"pct_male_athletes",29.8047276464543
148487,2024,"total_athletes_undup",397
148487,2024,"total_varsity_sports",14
148487,2024,"womens_varsity_sports",6
148496,2024,"female_athletes_undup",136
148496,2024,"male_athletes_undup",160
148496,2024,"mens_varsity_sports",8
148496,2024,"multi_sport_ratio",1.04391891891892
148496,2024,"pct_athletes_overall",11.9789558883043
148496,2024,"pct_female_athletes",7.89320951828207
148496,2024,"pct_male_athletes",21.3903743315508
148496,2024,"total_athletes_undup",296
148496,2024,"total_varsity_sports",15
148496,2024,"womens_varsity_sports",7
148584,2024,"female_athletes_undup",153
148584,2024,"male_athletes_undup",250
148584,2024,"mens_varsity_sports",8
148584,2024,"multi_sport_ratio",1.1985111662531
148584,2024,"pct_athletes_overall",37.6635514018692
148584,2024,"pct_female_athletes",22.5997045790251
148584,2024,"pct_male_athletes",63.6132315521629
148584,2024,"total_athletes_undup",403
148584,2024,"total_varsity_sports",16
148584,2024,"womens_varsity_sports",8
148627,2024,"female_athletes_undup",205
148627,2024,"male_athletes_undup",361
148627,2024,"mens_varsity_sports",10
148627,2024,"multi_sport_ratio",1.23498233215548
148627,2024,"pct_athletes_overall",19.2517006802721
148627,2024,"pct_female_athletes",11.3888888888889
148627,2024,"pct_male_athletes",31.6666666666667
148627,2024,"total_athletes_undup",566
148627,2024,"total_varsity_sports",20
148627,2024,"womens_varsity_sports",10
148654,2024,"female_athletes_undup",117
148654,2024,"male_athletes_undup",138
148654,2024,"mens_varsity_sports",6
148654,2024,"multi_sport_ratio",1.36470588235294
148654,2024,"pct_athletes_overall",15.8483530142946
148654,2024,"pct_female_athletes",12.407211028632
148654,2024,"pct_male_athletes",20.7207207207207
148654,2024,"total_athletes_undup",255
148654,2024,"total_varsity_sports",13
148654,2024,"womens_varsity_sports",7
149222,2024,"female_athletes_undup",175
149222,2024,"male_athletes_undup",233
149222,2024,"mens_varsity_sports",6
149222,2024,"multi_sport_ratio",1.30147058823529
149222,2024,"pct_athletes_overall",5.5532870559412
149222,2024,"pct_female_athletes",4.44388014220416
149222,2024,"pct_male_athletes",6.83484892930478
149222,2024,"total_athletes_undup",408
149222,2024,"total_varsity_sports",13
149222,2024,"womens_varsity_sports",7
149231,2024,"female_athletes_undup",143
149231,2024,"male_athletes_undup",141
149231,2024,"mens_varsity_sports",6
149231,2024,"multi_sport_ratio",1.31338028169014
149231,2024,"pct_athletes_overall",3.81003488060102
149231,2024,"pct_female_athletes",3.34034104181266
149231,2024,"pct_male_athletes",4.44374409076584
149231,2024,"total_athletes_undup",284
149231,2024,"total_varsity_sports",12
149231,2024,"womens_varsity_sports",6
149505,2024,"female_athletes_undup",116
149505,2024,"male_athletes_undup",151
149505,2024,"mens_varsity_sports",8
149505,2024,"multi_sport_ratio",1.23595505617978
149505,2024,"pct_athletes_overall",35.3174603174603
149505,2024,"pct_female_athletes",27.4231678486998
149505,2024,"pct_male_athletes",45.3453453453453
149505,2024,"total_athletes_undup",267
149505,2024,"total_varsity_sports",16
149505,2024,"womens_varsity_sports",8
149772,2024,"female_athletes_undup",142
149772,2024,"male_athletes_undup",216
149772,2024,"mens_varsity_sports",6
149772,2024,"multi_sport_ratio",1.22625698324022
149772,2024,"pct_athletes_overall",9.58244111349036
149772,2024,"pct_female_athletes",6.49588289112534
149772,2024,"pct_male_athletes",13.9354838709677
149772,2024,"total_athletes_undup",358
149772,2024,"total_varsity_sports",13
149772,2024,"womens_varsity_sports",7
149781,2024,"female_athletes_undup",135
149781,2024,"male_athletes_undup",367
149781,2024,"mens_varsity_sports",9
149781,2024,"multi_sport_ratio",1.300796812749
149781,2024,"pct_athletes_overall",24.0306366682623
149781,2024,"pct_female_athletes",11.8942731277533
149781,2024,"pct_male_athletes",38.4696016771488
149781,2024,"total_athletes_undup",502
149781,2024,"total_varsity_sports",17
149781,2024,"womens_varsity_sports",8
150066,2024,"female_athletes_undup",166
150066,2024,"male_athletes_undup",257
150066,2024,"mens_varsity_sports",9
150066,2024,"multi_sport_ratio",1.12529550827423
150066,2024,"pct_athletes_overall",41.2682926829268
150066,2024,"pct_female_athletes",33.6032388663968
150066,2024,"pct_male_athletes",48.3992467043315
150066,2024,"total_athletes_undup",423
150066,2024,"total_varsity_sports",18
150066,2024,"womens_varsity_sports",9
150136,2024,"female_athletes_undup",224
150136,2024,"male_athletes_undup",244
150136,2024,"mens_varsity_sports",7
150136,2024,"multi_sport_ratio",1.11752136752137
150136,2024,"pct_athletes_overall",3.59253857373148
150136,2024,"pct_female_athletes",2.84842319430315
150136,2024,"pct_male_athletes",4.72593453418555
150136,2024,"total_athletes_undup",468
150136,2024,"total_varsity_sports",17
150136,2024,"womens_varsity_sports",10
150145,2024,"female_athletes_undup",279
150145,2024,"male_athletes_undup",284
150145,2024,"mens_varsity_sports",9
150145,2024,"multi_sport_ratio",1.15452930728242
150145,2024,"pct_athletes_overall",59.2008412197687
150145,2024,"pct_female_athletes",52.247191011236
150145,2024,"pct_male_athletes",68.10551558753
150145,2024,"total_athletes_undup",563
150145,2024,"total_varsity_sports",19
150145,2024,"womens_varsity_sports",10
150163,2024,"female_athletes_undup",205
150163,2024,"male_athletes_undup",264
150163,2024,"mens_varsity_sports",7
150163,2024,"multi_sport_ratio",1.21748400852878
150163,2024,"pct_athletes_overall",10.9913288024373
150163,2024,"pct_female_athletes",7.96735328410416
150163,2024,"pct_male_athletes",15.5844155844156
150163,2024,"total_athletes_undup",469
150163,2024,"total_varsity_sports",16
150163,2024,"womens_varsity_sports",9
150172,2024,"female_athletes_undup",77
150172,2024,"male_athletes_undup",208
150172,2024,"mens_varsity_sports",6
150172,2024,"multi_sport_ratio",1.02105263157895
150172,2024,"pct_athletes_overall",74.4125326370757
150172,2024,"pct_female_athletes",55.3956834532374
150172,2024,"pct_male_athletes",85.2459016393443
150172,2024,"total_athletes_undup",285
150172,2024,"total_varsity_sports",11
150172,2024,"womens_varsity_sports",5
150400,2024,"female_athletes_undup",276
150400,2024,"male_athletes_undup",435
150400,2024,"mens_varsity_sports",9
150400,2024,"multi_sport_ratio",1.13080168776371
150400,2024,"pct_athletes_overall",37.6190476190476
150400,2024,"pct_female_athletes",29.1139240506329
150400,2024,"pct_male_athletes",46.1783439490446
150400,2024,"total_athletes_undup",711
150400,2024,"total_varsity_sports",19
150400,2024,"womens_varsity_sports",10
150455,2024,"female_athletes_undup",114
150455,2024,"male_athletes_undup",144
150455,2024,"mens_varsity_sports",9
150455,2024,"multi_sport_ratio",1.18217054263566
150455,2024,"pct_athletes_overall",38.796992481203
150455,2024,"pct_female_athletes",32.5714285714286
150455,2024,"pct_male_athletes",45.7142857142857
150455,2024,"total_athletes_undup",258
150455,2024,"total_varsity_sports",19
150455,2024,"womens_varsity_sports",10
150534,2024,"female_athletes_undup",129
150534,2024,"male_athletes_undup",163
150534,2024,"mens_varsity_sports",8
150534,2024,"multi_sport_ratio",1.25684931506849
150534,2024,"pct_athletes_overall",19.4407456724368
150534,2024,"pct_female_athletes",14.2699115044248
150534,2024,"pct_male_athletes",27.257525083612
150534,2024,"total_athletes_undup",292
150534,2024,"total_varsity_sports",17
150534,2024,"womens_varsity_sports",9
150604,2024,"female_athletes_undup",142
150604,2024,"male_athletes_undup",292
150604,2024,"mens_varsity_sports",9
150604,2024,"multi_sport_ratio",1.20046082949309
150604,2024,"pct_athletes_overall",48.8188976377953
150604,2024,"pct_female_athletes",31.8385650224215
150604,2024,"pct_male_athletes",65.9142212189616
150604,2024,"total_athletes_undup",434
150604,2024,"total_varsity_sports",18
150604,2024,"womens_varsity_sports",9
150668,2024,"female_athletes_undup",123
150668,2024,"male_athletes_undup",184
150668,2024,"mens_varsity_sports",7
150668,2024,"multi_sport_ratio",1.12377850162866
150668,2024,"pct_athletes_overall",44.4283646888567
150668,2024,"pct_female_athletes",32.03125
150668,2024,"pct_male_athletes",59.9348534201954
150668,2024,"total_athletes_undup",307
150668,2024,"total_varsity_sports",14
150668,2024,"womens_varsity_sports",7
150677,2024,"female_athletes_undup",144
150677,2024,"male_athletes_undup",146
150677,2024,"mens_varsity_sports",7
150677,2024,"multi_sport_ratio",1.41379310344828
150677,2024,"pct_athletes_overall",20.1109570041609
150677,2024,"pct_female_athletes",16.8028004667445
150677,2024,"pct_male_athletes",24.957264957265
150677,2024,"total_athletes_undup",290
150677,2024,"total_varsity_sports",15
150677,2024,"womens_varsity_sports",8
150756,2024,"female_athletes_undup",154
150756,2024,"male_athletes_undup",319
150756,2024,"mens_varsity_sports",11
150756,2024,"multi_sport_ratio",1.15221987315011
150756,2024,"pct_athletes_overall",46.3271302644466
150756,2024,"pct_female_athletes",29.9610894941634
150756,2024,"pct_male_athletes",62.9191321499014
150756,2024,"total_athletes_undup",473
150756,2024,"total_varsity_sports",22
150756,2024,"womens_varsity_sports",11
150774,2024,"female_athletes_undup",47
150774,2024,"male_athletes_undup",67
150774,2024,"mens_varsity_sports",4
150774,2024,"multi_sport_ratio",1
150774,2024,"pct_athletes_overall",19.3220338983051
150774,2024,"pct_female_athletes",22.488038277512
150774,2024,"pct_male_athletes",17.5853018372703
150774,2024,"total_athletes_undup",114
150774,2024,"total_varsity_sports",8
150774,2024,"womens_varsity_sports",4
150941,2024,"female_athletes_undup",161
150941,2024,"male_athletes_undup",169
150941,2024,"mens_varsity_sports",9
150941,2024,"multi_sport_ratio",1.3
150941,2024,"pct_athletes_overall",34.5911949685535
150941,2024,"pct_female_athletes",26.8781302170284
150941,2024,"pct_male_athletes",47.6056338028169
150941,2024,"total_athletes_undup",330
150941,2024,"total_varsity_sports",20
150941,2024,"womens_varsity_sports",11
151102,2024,"female_athletes_undup",127
151102,2024,"male_athletes_undup",155
151102,2024,"mens_varsity_sports",8
151102,2024,"multi_sport_ratio",1.41489361702128
151102,2024,"pct_athletes_overall",6.007669365147
151102,2024,"pct_female_athletes",5.61201944321697
151102,2024,"pct_male_athletes",6.37597696421226
151102,2024,"total_athletes_undup",282
151102,2024,"total_varsity_sports",16
151102,2024,"womens_varsity_sports",8
151111,2024,"female_athletes_undup",145
151111,2024,"male_athletes_undup",119
151111,2024,"mens_varsity_sports",6
151111,2024,"multi_sport_ratio",1.34469696969697
151111,2024,"pct_athletes_overall",2.17749917518971
151111,2024,"pct_female_athletes",1.76829268292683
151111,2024,"pct_male_athletes",3.03261977573904
151111,2024,"total_athletes_undup",264
151111,2024,"total_varsity_sports",14
151111,2024,"womens_varsity_sports",8
151263,2024,"female_athletes_undup",216
151263,2024,"male_athletes_undup",451
151263,2024,"mens_varsity_sports",10
151263,2024,"multi_sport_ratio",1.1424287856072
151263,2024,"pct_athletes_overall",23.4199438202247
151263,2024,"pct_female_athletes",12.9341317365269
151263,2024,"pct_male_athletes",38.2852292020373
151263,2024,"total_athletes_undup",667
151263,2024,"total_varsity_sports",21
151263,2024,"womens_varsity_sports",11
151290,2024,"female_athletes_undup",375
151290,2024,"male_athletes_undup",682
151290,2024,"mens_varsity_sports",14
151290,2024,"multi_sport_ratio",1.14001892147588
151290,2024,"pct_athletes_overall",75.6080114449213
151290,2024,"pct_female_athletes",67.4460431654676
151290,2024,"pct_male_athletes",80.9976247030879
151290,2024,"total_athletes_undup",1057
151290,2024,"total_varsity_sports",27
151290,2024,"womens_varsity_sports",13
151306,2024,"female_athletes_undup",155
151306,2024,"male_athletes_undup",187
151306,2024,"mens_varsity_sports",7
151306,2024,"multi_sport_ratio",1.3625730994152
151306,2024,"pct_athletes_overall",7.15181932245922
151306,2024,"pct_female_athletes",5.13925729442971
151306,2024,"pct_male_athletes",10.5889014722537
151306,2024,"total_athletes_undup",342
151306,2024,"total_varsity_sports",15
151306,2024,"womens_varsity_sports",8
151324,2024,"female_athletes_undup",191
151324,2024,"male_athletes_undup",235
151324,2024,"mens_varsity_sports",4
151324,2024,"multi_sport_ratio",1.34976525821596
151324,2024,"pct_athletes_overall",7.93000744601638
151324,2024,"pct_female_athletes",6.35818908122503
151324,2024,"pct_male_athletes",9.92398648648649
151324,2024,"total_athletes_undup",426
151324,2024,"total_varsity_sports",11
151324,2024,"womens_varsity_sports",7
151333,2024,"female_athletes_undup",118
151333,2024,"male_athletes_undup",147
151333,2024,"mens_varsity_sports",4
151333,2024,"multi_sport_ratio",1.11698113207547
151333,2024,"pct_athletes_overall",13.431322858591
151333,2024,"pct_female_athletes",8.97338403041825
151333,2024,"pct_male_athletes",22.3404255319149
151333,2024,"total_athletes_undup",265
151333,2024,"total_varsity_sports",10
151333,2024,"womens_varsity_sports",6
151342,2024,"female_athletes_undup",67
151342,2024,"male_athletes_undup",53
151342,2024,"mens_varsity_sports",2
151342,2024,"multi_sport_ratio",1.00833333333333
151342,2024,"pct_athletes_overall",3.90497884803124
151342,2024,"pct_female_athletes",3.32176499752107
151342,2024,"pct_male_athletes",5.01893939393939
151342,2024,"total_athletes_undup",120
151342,2024,"total_varsity_sports",6
151342,2024,"womens_varsity_sports",4
151351,2024,"female_athletes_undup",338
151351,2024,"male_athletes_undup",361
151351,2024,"mens_varsity_sports",9
151351,2024,"multi_sport_ratio",1.19742489270386
151351,2024,"pct_athletes_overall",1.88883184262437
151351,2024,"pct_female_athletes",1.82584269662921
151351,2024,"pct_male_athletes",1.95187888618546
151351,2024,"total_athletes_undup",699
151351,2024,"total_varsity_sports",20
151351,2024,"womens_varsity_sports",11
151360,2024,"female_athletes_undup",58
151360,2024,"male_athletes_undup",42
151360,2024,"mens_varsity_sports",3
151360,2024,"multi_sport_ratio",1
151360,2024,"pct_athletes_overall",4.94071146245059
151360,2024,"pct_female_athletes",3.96174863387978
151360,2024,"pct_male_athletes",7.5
151360,2024,"total_athletes_undup",100
151360,2024,"total_varsity_sports",7
151360,2024,"womens_varsity_sports",4
151379,2024,"female_athletes_undup",57
151379,2024,"male_athletes_undup",61
151379,2024,"mens_varsity_sports",3
151379,2024,"multi_sport_ratio",1.02542372881356
151379,2024,"pct_athletes_overall",5
151379,2024,"pct_female_athletes",3.83064516129032
151379,2024,"pct_male_athletes",6.9954128440367
151379,2024,"total_athletes_undup",118
151379,2024,"total_varsity_sports",7
151379,2024,"womens_varsity_sports",4
151388,2024,"female_athletes_undup",149
151388,2024,"male_athletes_undup",190
151388,2024,"mens_varsity_sports",8
151388,2024,"multi_sport_ratio",1
151388,2024,"pct_athletes_overall",20.1545778834721
151388,2024,"pct_female_athletes",12.7896995708154
151388,2024,"pct_male_athletes",36.7504835589942
151388,2024,"total_athletes_undup",339
151388,2024,"total_varsity_sports",16
151388,2024,"womens_varsity_sports",8
151777,2024,"female_athletes_undup",134
151777,2024,"male_athletes_undup",240
151777,2024,"mens_varsity_sports",10
151777,2024,"multi_sport_ratio",1.7807486631016
151777,2024,"pct_athletes_overall",40.5200433369447
151777,2024,"pct_female_athletes",30.4545454545455
151777,2024,"pct_male_athletes",49.6894409937888
151777,2024,"total_athletes_undup",374
151777,2024,"total_varsity_sports",21
151777,2024,"womens_varsity_sports",11
151786,2024,"female_athletes_undup",275
151786,2024,"male_athletes_undup",575
151786,2024,"mens_varsity_sports",10
151786,2024,"multi_sport_ratio",1.24705882352941
151786,2024,"pct_athletes_overall",40.2843601895735
151786,2024,"pct_female_athletes",23.3644859813084
151786,2024,"pct_male_athletes",61.6291532690246
151786,2024,"total_athletes_undup",850
151786,2024,"total_varsity_sports",20
151786,2024,"womens_varsity_sports",10
151801,2024,"female_athletes_undup",192
151801,2024,"male_athletes_undup",349
151801,2024,"mens_varsity_sports",10
151801,2024,"multi_sport_ratio",1.04436229205176
151801,2024,"pct_athletes_overall",27.7293695540748
151801,2024,"pct_female_athletes",16.3962425277541
151801,2024,"pct_male_athletes",44.7435897435897
151801,2024,"total_athletes_undup",541
151801,2024,"total_varsity_sports",20
151801,2024,"womens_varsity_sports",10
152080,2024,"female_athletes_undup",321
152080,2024,"male_athletes_undup",435
152080,2024,"mens_varsity_sports",11
152080,2024,"multi_sport_ratio",1.19444444444444
152080,2024,"pct_athletes_overall",8.58603066439523
152080,2024,"pct_female_athletes",7.47728860936408
152080,2024,"pct_male_athletes",9.64095744680851
152080,2024,"total_athletes_undup",756
152080,2024,"total_varsity_sports",22
152080,2024,"womens_varsity_sports",11
152099,2024,"female_athletes_undup",137
152099,2024,"male_athletes_undup",300
152099,2024,"mens_varsity_sports",10
152099,2024,"multi_sport_ratio",1.0091533180778
152099,2024,"pct_athletes_overall",89.0020366598778
152099,2024,"pct_female_athletes",73.6559139784946
152099,2024,"pct_male_athletes",98.3606557377049
152099,2024,"total_athletes_undup",437
152099,2024,"total_varsity_sports",19
152099,2024,"womens_varsity_sports",9
152318,2024,"female_athletes_undup",150
152318,2024,"male_athletes_undup",348
152318,2024,"mens_varsity_sports",10
152318,2024,"multi_sport_ratio",1.41967871485944
152318,2024,"pct_athletes_overall",21.7088055797733
152318,2024,"pct_female_athletes",26.7857142857143
152318,2024,"pct_male_athletes",20.0692041522491
152318,2024,"total_athletes_undup",498
152318,2024,"total_varsity_sports",20
152318,2024,"womens_varsity_sports",10
152336,2024,"female_athletes_undup",164
152336,2024,"male_athletes_undup",336
152336,2024,"mens_varsity_sports",7
152336,2024,"multi_sport_ratio",1.12
152336,2024,"pct_athletes_overall",34.7222222222222
152336,2024,"pct_female_athletes",17.3178458289335
152336,2024,"pct_male_athletes",68.1541582150101
152336,2024,"total_athletes_undup",500
152336,2024,"total_varsity_sports",14
152336,2024,"womens_varsity_sports",7
152381,2024,"female_athletes_undup",182
152381,2024,"male_athletes_undup",193
152381,2024,"mens_varsity_sports",8
152381,2024,"multi_sport_ratio",1.11466666666667
152381,2024,"pct_athletes_overall",48.4496124031008
152381,2024,"pct_female_athletes",34.7328244274809
152381,2024,"pct_male_athletes",77.2
152381,2024,"total_athletes_undup",375
152381,2024,"total_varsity_sports",17
152381,2024,"womens_varsity_sports",9
152530,2024,"female_athletes_undup",182
152530,2024,"male_athletes_undup",286
152530,2024,"mens_varsity_sports",8
152530,2024,"multi_sport_ratio",1.09615384615385
152530,2024,"pct_athletes_overall",23.4351527290936
152530,2024,"pct_female_athletes",16.836262719704
152530,2024,"pct_male_athletes",31.2227074235808
152530,2024,"total_athletes_undup",468
152530,2024,"total_varsity_sports",15
152530,2024,"womens_varsity_sports",7
152567,2024,"female_athletes_undup",381
152567,2024,"male_athletes_undup",714
152567,2024,"mens_varsity_sports",13
152567,2024,"multi_sport_ratio",1.2
152567,2024,"pct_athletes_overall",47.9212253829322
152567,2024,"pct_female_athletes",43.3447098976109
152567,2024,"pct_male_athletes",50.7823613086771
152567,2024,"total_athletes_undup",1095
152567,2024,"total_varsity_sports",26
152567,2024,"womens_varsity_sports",13
152600,2024,"female_athletes_undup",169
152600,2024,"male_athletes_undup",263
152600,2024,"mens_varsity_sports",6
152600,2024,"multi_sport_ratio",1.20601851851852
152600,2024,"pct_athletes_overall",21.021897810219
152600,2024,"pct_female_athletes",14.5189003436426
152600,2024,"pct_male_athletes",29.5173961840629
152600,2024,"total_athletes_undup",432
152600,2024,"total_varsity_sports",15
152600,2024,"womens_varsity_sports",9
152637,2024,"female_athletes_undup",36
152637,2024,"male_athletes_undup",102
152637,2024,"mens_varsity_sports",5
152637,2024,"multi_sport_ratio",1.36231884057971
152637,2024,"pct_athletes_overall",5.13392857142857
152637,2024,"pct_female_athletes",2.84584980237154
152637,2024,"pct_male_athletes",7.16795502459592
152637,2024,"total_athletes_undup",138
152637,2024,"total_varsity_sports",8
152637,2024,"womens_varsity_sports",3
152992,2024,"female_athletes_undup",133
152992,2024,"male_athletes_undup",262
152992,2024,"mens_varsity_sports",7
152992,2024,"multi_sport_ratio",1.23544303797468
152992,2024,"pct_athletes_overall",70.2846975088968
152992,2024,"pct_female_athletes",55.4166666666667
152992,2024,"pct_male_athletes",81.3664596273292
152992,2024,"total_athletes_undup",395
152992,2024,"total_varsity_sports",13
152992,2024,"womens_varsity_sports",6
153001,2024,"female_athletes_undup",163
153001,2024,"male_athletes_undup",233
153001,2024,"mens_varsity_sports",8
153001,2024,"multi_sport_ratio",1.12121212121212
153001,2024,"pct_athletes_overall",33.1380753138075
153001,2024,"pct_female_athletes",22.0568335588633
153001,2024,"pct_male_athletes",51.0964912280702
153001,2024,"total_athletes_undup",396
153001,2024,"total_varsity_sports",17
153001,2024,"womens_varsity_sports",9
153108,2024,"female_athletes_undup",207
153108,2024,"male_athletes_undup",422
153108,2024,"mens_varsity_sports",10
153108,2024,"multi_sport_ratio",1.27662957074722
153108,2024,"pct_athletes_overall",59.9047619047619
153108,2024,"pct_female_athletes",43.3962264150943
153108,2024,"pct_male_athletes",73.6474694589878
153108,2024,"total_athletes_undup",629
153108,2024,"total_varsity_sports",21
153108,2024,"womens_varsity_sports",11
153126,2024,"female_athletes_undup",199
153126,2024,"male_athletes_undup",369
153126,2024,"mens_varsity_sports",9
153126,2024,"multi_sport_ratio",1.13380281690141
153126,2024,"pct_athletes_overall",78.4530386740332
153126,2024,"pct_female_athletes",60.3030303030303
153126,2024,"pct_male_athletes",93.6548223350254
153126,2024,"total_athletes_undup",568
153126,2024,"total_varsity_sports",16
153126,2024,"womens_varsity_sports",7
153144,2024,"female_athletes_undup",194
153144,2024,"male_athletes_undup",370
153144,2024,"mens_varsity_sports",12
153144,2024,"multi_sport_ratio",1.16312056737589
153144,2024,"pct_athletes_overall",49.1289198606272
153144,2024,"pct_female_athletes",33.8568935427574
153144,2024,"pct_male_athletes",64.3478260869565
153144,2024,"total_athletes_undup",564
153144,2024,"total_varsity_sports",24
153144,2024,"womens_varsity_sports",12
153162,2024,"female_athletes_undup",43
153162,2024,"male_athletes_undup",110
153162,2024,"mens_varsity_sports",10
153162,2024,"multi_sport_ratio",3.89542483660131
153162,2024,"pct_athletes_overall",14.1929499072356
153162,2024,"pct_female_athletes",8.61723446893788
153162,2024,"pct_male_athletes",18.9982728842832
153162,2024,"total_athletes_undup",153
153162,2024,"total_varsity_sports",20
153162,2024,"womens_varsity_sports",10
153250,2024,"female_athletes_undup",268
153250,2024,"male_athletes_undup",416
153250,2024,"mens_varsity_sports",9
153250,2024,"multi_sport_ratio",1.14181286549708
153250,2024,"pct_athletes_overall",43.2911392405063
153250,2024,"pct_female_athletes",33.6260978670013
153250,2024,"pct_male_athletes",53.1289910600255
153250,2024,"total_athletes_undup",684
153250,2024,"total_varsity_sports",18
153250,2024,"womens_varsity_sports",9
153269,2024,"female_athletes_undup",188
153269,2024,"male_athletes_undup",199
153269,2024,"mens_varsity_sports",6
153269,2024,"multi_sport_ratio",1.24031007751938
153269,2024,"pct_athletes_overall",15.5671761866452
153269,2024,"pct_female_athletes",12.3847167325428
153269,2024,"pct_male_athletes",20.5578512396694
153269,2024,"total_athletes_undup",387
153269,2024,"total_varsity_sports",14
153269,2024,"womens_varsity_sports",8
153278,2024,"female_athletes_undup",194
153278,2024,"male_athletes_undup",402
153278,2024,"mens_varsity_sports",12
153278,2024,"multi_sport_ratio",1.25335570469799
153278,2024,"pct_athletes_overall",47.4522292993631
153278,2024,"pct_female_athletes",40.9282700421941
153278,2024,"pct_male_athletes",51.4066496163683
153278,2024,"total_athletes_undup",596
153278,2024,"total_varsity_sports",23
153278,2024,"womens_varsity_sports",11
153302,2024,"female_athletes_undup",26
153302,2024,"male_athletes_undup",38
153302,2024,"mens_varsity_sports",3
153302,2024,"multi_sport_ratio",1.015625
153302,2024,"pct_athletes_overall",31.8407960199005
153302,2024,"pct_female_athletes",25.4901960784314
153302,2024,"pct_male_athletes",38.3838383838384
153302,2024,"total_athletes_undup",64
153302,2024,"total_varsity_sports",6
153302,2024,"womens_varsity_sports",3
153320,2024,"female_athletes_undup",42
153320,2024,"male_athletes_undup",48
153320,2024,"mens_varsity_sports",4
153320,2024,"multi_sport_ratio",1.5
153320,2024,"pct_athletes_overall",24
153320,2024,"pct_female_athletes",20.4878048780488
153320,2024,"pct_male_athletes",28.2352941176471
153320,2024,"total_athletes_undup",90
153320,2024,"total_varsity_sports",9
153320,2024,"womens_varsity_sports",5
153366,2024,"female_athletes_undup",135
153366,2024,"male_athletes_undup",361
153366,2024,"mens_varsity_sports",11
153366,2024,"multi_sport_ratio",1.2741935483871
153366,2024,"pct_athletes_overall",64.0826873385013
153366,2024,"pct_female_athletes",43.6893203883495
153366,2024,"pct_male_athletes",77.6344086021505
153366,2024,"total_athletes_undup",496
153366,2024,"total_varsity_sports",20
153366,2024,"womens_varsity_sports",9
153375,2024,"female_athletes_undup",329
153375,2024,"male_athletes_undup",522
153375,2024,"mens_varsity_sports",10
153375,2024,"multi_sport_ratio",1.08460634547591
153375,2024,"pct_athletes_overall",61.7113850616389
153375,2024,"pct_female_athletes",44.2799461641992
153375,2024,"pct_male_athletes",82.0754716981132
153375,2024,"total_athletes_undup",851
153375,2024,"total_varsity_sports",20
153375,2024,"womens_varsity_sports",10
153384,2024,"female_athletes_undup",183
153384,2024,"male_athletes_undup",251
153384,2024,"mens_varsity_sports",10
153384,2024,"multi_sport_ratio",1.33640552995392
153384,2024,"pct_athletes_overall",25.1594202898551
153384,2024,"pct_female_athletes",19.5304162219851
153384,2024,"pct_male_athletes",31.8527918781726
153384,2024,"total_athletes_undup",434
153384,2024,"total_varsity_sports",20
153384,2024,"womens_varsity_sports",10
153603,2024,"female_athletes_undup",202
153603,2024,"male_athletes_undup",258
153603,2024,"mens_varsity_sports",5
153603,2024,"multi_sport_ratio",1.32391304347826
153603,2024,"pct_athletes_overall",1.88547772267082
153603,2024,"pct_female_athletes",1.83502906976744
153603,2024,"pct_male_athletes",1.92695496302935
153603,2024,"total_athletes_undup",460
153603,2024,"total_varsity_sports",14
153603,2024,"womens_varsity_sports",9
153658,2024,"female_athletes_undup",376
153658,2024,"male_athletes_undup",301
153658,2024,"mens_varsity_sports",6
153658,2024,"multi_sport_ratio",1.19793205317578
153658,2024,"pct_athletes_overall",3.20230831086514
153658,2024,"pct_female_athletes",3.13281119813364
153658,2024,"pct_male_athletes",3.2935769777875
153658,2024,"total_athletes_undup",677
153658,2024,"total_varsity_sports",18
153658,2024,"womens_varsity_sports",12
153825,2024,"female_athletes_undup",204
153825,2024,"male_athletes_undup",394
153825,2024,"mens_varsity_sports",12
153825,2024,"multi_sport_ratio",1.25919732441472
153825,2024,"pct_athletes_overall",56.4150943396226
153825,2024,"pct_female_athletes",46.5753424657534
153825,2024,"pct_male_athletes",63.3440514469453
153825,2024,"total_athletes_undup",598
153825,2024,"total_varsity_sports",23
153825,2024,"womens_varsity_sports",11
153834,2024,"female_athletes_undup",183
153834,2024,"male_athletes_undup",346
153834,2024,"mens_varsity_sports",10
153834,2024,"multi_sport_ratio",1.22873345935728
153834,2024,"pct_athletes_overall",38.6695906432749
153834,2024,"pct_female_athletes",25.6302521008403
153834,2024,"pct_male_athletes",52.9051987767584
153834,2024,"total_athletes_undup",529
153834,2024,"total_varsity_sports",19
153834,2024,"womens_varsity_sports",9
154004,2024,"female_athletes_undup",241
154004,2024,"male_athletes_undup",425
154004,2024,"mens_varsity_sports",11
154004,2024,"multi_sport_ratio",1.0960960960961
154004,2024,"pct_athletes_overall",59.7845601436266
154004,2024,"pct_female_athletes",43.1127012522361
154004,2024,"pct_male_athletes",76.5765765765766
154004,2024,"total_athletes_undup",666
154004,2024,"total_varsity_sports",21
154004,2024,"womens_varsity_sports",10
154013,2024,"female_athletes_undup",291
154013,2024,"male_athletes_undup",311
154013,2024,"mens_varsity_sports",9
154013,2024,"multi_sport_ratio",1.17109634551495
154013,2024,"pct_athletes_overall",56.1043802423113
154013,2024,"pct_female_athletes",46.4114832535885
154013,2024,"pct_male_athletes",69.7309417040359
154013,2024,"total_athletes_undup",602
154013,2024,"total_varsity_sports",20
154013,2024,"womens_varsity_sports",11
154095,2024,"female_athletes_undup",200
154095,2024,"male_athletes_undup",228
154095,2024,"mens_varsity_sports",5
154095,2024,"multi_sport_ratio",1.3107476635514
154095,2024,"pct_athletes_overall",6.19930475086906
154095,2024,"pct_female_athletes",4.74158368895211
154095,2024,"pct_male_athletes",8.48845867460908
154095,2024,"total_athletes_undup",428
154095,2024,"total_varsity_sports",13
154095,2024,"womens_varsity_sports",8
154101,2024,"female_athletes_undup",219
154101,2024,"male_athletes_undup",399
154101,2024,"mens_varsity_sports",9
154101,2024,"multi_sport_ratio",1.2831715210356
154101,2024,"pct_athletes_overall",58.4673604541154
154101,2024,"pct_female_athletes",42.9411764705882
154101,2024,"pct_male_athletes",72.9433272394881
154101,2024,"total_athletes_undup",618
154101,2024,"total_varsity_sports",17
154101,2024,"womens_varsity_sports",8
154235,2024,"female_athletes_undup",346
154235,2024,"male_athletes_undup",603
154235,2024,"mens_varsity_sports",14
154235,2024,"multi_sport_ratio",1.12223393045311
154235,2024,"pct_athletes_overall",52.5761772853186
154235,2024,"pct_female_athletes",36.769394261424
154235,2024,"pct_male_athletes",69.7916666666667
154235,2024,"total_athletes_undup",949
154235,2024,"total_varsity_sports",27
154235,2024,"womens_varsity_sports",13
154350,2024,"female_athletes_undup",291
154350,2024,"male_athletes_undup",392
154350,2024,"mens_varsity_sports",11
154350,2024,"multi_sport_ratio",1.22547584187408
154350,2024,"pct_athletes_overall",56.8692756036636
154350,2024,"pct_female_athletes",48.5
154350,2024,"pct_male_athletes",65.2246256239601
154350,2024,"total_athletes_undup",683
154350,2024,"total_varsity_sports",22
154350,2024,"womens_varsity_sports",11
154493,2024,"female_athletes_undup",135
154493,2024,"male_athletes_undup",272
154493,2024,"mens_varsity_sports",6
154493,2024,"multi_sport_ratio",1.03685503685504
154493,2024,"pct_athletes_overall",37.2369624885636
154493,2024,"pct_female_athletes",21.5654952076677
154493,2024,"pct_male_athletes",58.2441113490364
154493,2024,"total_athletes_undup",407
154493,2024,"total_varsity_sports",13
154493,2024,"womens_varsity_sports",7
154527,2024,"female_athletes_undup",277
154527,2024,"male_athletes_undup",581
154527,2024,"mens_varsity_sports",11
154527,2024,"multi_sport_ratio",1.34032634032634
154527,2024,"pct_athletes_overall",61.1111111111111
154527,2024,"pct_female_athletes",43.4850863422292
154527,2024,"pct_male_athletes",75.7496740547588
154527,2024,"total_athletes_undup",858
154527,2024,"total_varsity_sports",23
154527,2024,"womens_varsity_sports",12
154590,2024,"female_athletes_undup",260
154590,2024,"male_athletes_undup",582
154590,2024,"mens_varsity_sports",13
154590,2024,"multi_sport_ratio",1.08432304038005
154590,2024,"pct_athletes_overall",68.0129240710824
154590,2024,"pct_female_athletes",45.4545454545455
154590,2024,"pct_male_athletes",87.3873873873874
154590,2024,"total_athletes_undup",842
154590,2024,"total_varsity_sports",24
154590,2024,"womens_varsity_sports",11
154688,2024,"female_athletes_undup",204
154688,2024,"male_athletes_undup",379
154688,2024,"mens_varsity_sports",9
154688,2024,"multi_sport_ratio",1.15608919382504
154688,2024,"pct_athletes_overall",60.9195402298851
154688,2024,"pct_female_athletes",41.1290322580645
154688,2024,"pct_male_athletes",82.2125813449024
154688,2024,"total_athletes_undup",583
154688,2024,"total_varsity_sports",19
154688,2024,"womens_varsity_sports",10
154712,2024,"female_athletes_undup",177
154712,2024,"male_athletes_undup",448
154712,2024,"mens_varsity_sports",7
154712,2024,"multi_sport_ratio",1.2656
154712,2024,"pct_athletes_overall",27.7161862527716
154712,2024,"pct_female_athletes",15.8744394618834
154712,2024,"pct_male_athletes",39.2982456140351
154712,2024,"total_athletes_undup",625
154712,2024,"total_varsity_sports",13
154712,2024,"womens_varsity_sports",6
154721,2024,"female_athletes_undup",125
154721,2024,"male_athletes_undup",296
154721,2024,"mens_varsity_sports",8
154721,2024,"multi_sport_ratio",1.19714964370546
154721,2024,"pct_athletes_overall",74.3816254416961
154721,2024,"pct_female_athletes",65.7894736842105
154721,2024,"pct_male_athletes",78.7234042553192
154721,2024,"total_athletes_undup",421
154721,2024,"total_varsity_sports",15
154721,2024,"womens_varsity_sports",7
154749,2024,"female_athletes_undup",183
154749,2024,"male_athletes_undup",229
154749,2024,"mens_varsity_sports",8
154749,2024,"multi_sport_ratio",1.05825242718447
154749,2024,"pct_athletes_overall",83.9103869653768
154749,2024,"pct_female_athletes",75.9336099585062
154749,2024,"pct_male_athletes",91.6
154749,2024,"total_athletes_undup",412
154749,2024,"total_varsity_sports",18
154749,2024,"womens_varsity_sports",10
154855,2024,"female_athletes_undup",88
154855,2024,"male_athletes_undup",144
154855,2024,"mens_varsity_sports",7
154855,2024,"multi_sport_ratio",1.06465517241379
154855,2024,"pct_athletes_overall",63.2152588555858
154855,2024,"pct_female_athletes",53.6585365853659
154855,2024,"pct_male_athletes",70.935960591133
154855,2024,"total_athletes_undup",232
154855,2024,"total_varsity_sports",14
154855,2024,"womens_varsity_sports",7
155025,2024,"female_athletes_undup",181
155025,2024,"male_athletes_undup",335
155025,2024,"mens_varsity_sports",6
155025,2024,"multi_sport_ratio",1.01356589147287
155025,2024,"pct_athletes_overall",24.8674698795181
155025,2024,"pct_female_athletes",13.7329286798179
155025,2024,"pct_male_athletes",44.2536327608983
155025,2024,"total_athletes_undup",516
155025,2024,"total_varsity_sports",13
155025,2024,"womens_varsity_sports",7
155061,2024,"female_athletes_undup",173
155061,2024,"male_athletes_undup",338
155061,2024,"mens_varsity_sports",7
155061,2024,"multi_sport_ratio",1.20547945205479
155061,2024,"pct_athletes_overall",10.8515608409429
155061,2024,"pct_female_athletes",5.86440677966102
155061,2024,"pct_male_athletes",19.2154633314383
155061,2024,"total_athletes_undup",511
155061,2024,"total_varsity_sports",15
155061,2024,"womens_varsity_sports",8
155070,2024,"female_athletes_undup",21
155070,2024,"male_athletes_undup",39
155070,2024,"mens_varsity_sports",3
155070,2024,"multi_sport_ratio",1
155070,2024,"pct_athletes_overall",48.780487804878
155070,2024,"pct_female_athletes",41.1764705882353
155070,2024,"pct_male_athletes",54.1666666666667
155070,2024,"total_athletes_undup",60
155070,2024,"total_varsity_sports",6
155070,2024,"womens_varsity_sports",3
155089,2024,"female_athletes_undup",306
155089,2024,"male_athletes_undup",407
155089,2024,"mens_varsity_sports",9
155089,2024,"multi_sport_ratio",1.07293127629734
155089,2024,"pct_athletes_overall",72.020202020202
155089,2024,"pct_female_athletes",63.0927835051546
155089,2024,"pct_male_athletes",80.5940594059406
155089,2024,"total_athletes_undup",713
155089,2024,"total_varsity_sports",18
155089,2024,"womens_varsity_sports",9
155140,2024,"female_athletes_undup",67
155140,2024,"male_athletes_undup",52
155140,2024,"mens_varsity_sports",5
155140,2024,"multi_sport_ratio",1.63865546218487
155140,2024,"pct_athletes_overall",13.1201764057332
155140,2024,"pct_female_athletes",13.373253493014
155140,2024,"pct_male_athletes",12.807881773399
155140,2024,"total_athletes_undup",119
155140,2024,"total_varsity_sports",11
155140,2024,"womens_varsity_sports",6
155177,2024,"female_athletes_undup",89
155177,2024,"male_athletes_undup",152
155177,2024,"mens_varsity_sports",7
155177,2024,"multi_sport_ratio",1.26141078838174
155177,2024,"pct_athletes_overall",66.2087912087912
155177,2024,"pct_female_athletes",48.6338797814208
155177,2024,"pct_male_athletes",83.9779005524862
155177,2024,"total_athletes_undup",241
155177,2024,"total_varsity_sports",14
155177,2024,"womens_varsity_sports",7
155308,2024,"female_athletes_undup",19
155308,2024,"male_athletes_undup",79
155308,2024,"mens_varsity_sports",4
155308,2024,"multi_sport_ratio",1.26530612244898
155308,2024,"pct_athletes_overall",76.5625
155308,2024,"pct_female_athletes",61.2903225806452
155308,2024,"pct_male_athletes",81.4432989690722
155308,2024,"total_athletes_undup",98
155308,2024,"total_varsity_sports",7
155308,2024,"womens_varsity_sports",3
155317,2024,"female_athletes_undup",274
155317,2024,"male_athletes_undup",265
155317,2024,"mens_varsity_sports",5
155317,2024,"multi_sport_ratio",1.2708719851577
155317,2024,"pct_athletes_overall",2.75632830478139
155317,2024,"pct_female_athletes",2.62426970596686
155317,2024,"pct_male_athletes",2.90761465876673
155317,2024,"total_athletes_undup",539
155317,2024,"total_varsity_sports",14
155317,2024,"womens_varsity_sports",9
155335,2024,"female_athletes_undup",162
155335,2024,"male_athletes_undup",192
155335,2024,"mens_varsity_sports",8
155335,2024,"multi_sport_ratio",1
155335,2024,"pct_athletes_overall",43.3823529411765
155335,2024,"pct_female_athletes",30.3939962476548
155335,2024,"pct_male_athletes",67.8445229681979
155335,2024,"total_athletes_undup",354
155335,2024,"total_varsity_sports",17
155335,2024,"womens_varsity_sports",9
155399,2024,"female_athletes_undup",221
155399,2024,"male_athletes_undup",225
155399,2024,"mens_varsity_sports",5
155399,2024,"multi_sport_ratio",1.19506726457399
155399,2024,"pct_athletes_overall",3.20080378929238
155399,2024,"pct_female_athletes",3.12942509204191
155399,2024,"pct_male_athletes",3.27415599534342
155399,2024,"total_athletes_undup",446
155399,2024,"total_varsity_sports",12
155399,2024,"womens_varsity_sports",7
155414,2024,"female_athletes_undup",312
155414,2024,"male_athletes_undup",495
155414,2024,"mens_varsity_sports",9
155414,2024,"multi_sport_ratio",1.09417596034696
155414,2024,"pct_athletes_overall",89.9665551839465
155414,2024,"pct_female_athletes",79.5918367346939
155414,2024,"pct_male_athletes",98.019801980198
155414,2024,"total_athletes_undup",807
155414,2024,"total_varsity_sports",17
155414,2024,"womens_varsity_sports",8
155496,2024,"female_athletes_undup",33
155496,2024,"male_athletes_undup",32
155496,2024,"mens_varsity_sports",2
155496,2024,"multi_sport_ratio",1
155496,2024,"pct_athletes_overall",54.1666666666667
155496,2024,"pct_female_athletes",55.9322033898305
155496,2024,"pct_male_athletes",52.4590163934426
155496,2024,"total_athletes_undup",65
155496,2024,"total_varsity_sports",5
155496,2024,"womens_varsity_sports",3
155511,2024,"female_athletes_undup",186
155511,2024,"male_athletes_undup",378
155511,2024,"mens_varsity_sports",6
155511,2024,"multi_sport_ratio",1.07446808510638
155511,2024,"pct_athletes_overall",64.8275862068965
155511,2024,"pct_female_athletes",65.2631578947368
155511,2024,"pct_male_athletes",64.6153846153846
155511,2024,"total_athletes_undup",564
155511,2024,"total_varsity_sports",13
155511,2024,"womens_varsity_sports",7
155520,2024,"female_athletes_undup",203
155520,2024,"male_athletes_undup",374
155520,2024,"mens_varsity_sports",6
155520,2024,"multi_sport_ratio",1.1473136915078
155520,2024,"pct_athletes_overall",62.9912663755458
155520,2024,"pct_female_athletes",44.2265795206972
155520,2024,"pct_male_athletes",81.8380743982494
155520,2024,"total_athletes_undup",577
155520,2024,"total_varsity_sports",12
155520,2024,"womens_varsity_sports",6
155627,2024,"female_athletes_undup",318
155627,2024,"male_athletes_undup",540
155627,2024,"mens_varsity_sports",14
155627,2024,"multi_sport_ratio",1.09090909090909
155627,2024,"pct_athletes_overall",105.795314426634
155627,2024,"pct_female_athletes",100
155627,2024,"pct_male_athletes",109.533468559838
155627,2024,"total_athletes_undup",858
155627,2024,"total_varsity_sports",28
155627,2024,"womens_varsity_sports",14
155681,2024,"female_athletes_undup",139
155681,2024,"male_athletes_undup",168
155681,2024,"mens_varsity_sports",5
155681,2024,"multi_sport_ratio",1.97068403908795
155681,2024,"pct_athletes_overall",7.89406016970944
155681,2024,"pct_female_athletes",7.03441295546559
155681,2024,"pct_male_athletes",8.78201777313121
155681,2024,"total_athletes_undup",307
155681,2024,"total_varsity_sports",10
155681,2024,"womens_varsity_sports",5
155812,2024,"female_athletes_undup",305
155812,2024,"male_athletes_undup",386
155812,2024,"mens_varsity_sports",9
155812,2024,"multi_sport_ratio",1.03617945007236
155812,2024,"pct_athletes_overall",83.8592233009709
155812,2024,"pct_female_athletes",76.6331658291457
155812,2024,"pct_male_athletes",90.6103286384976
155812,2024,"total_athletes_undup",691
155812,2024,"total_varsity_sports",19
155812,2024,"womens_varsity_sports",10
155900,2024,"female_athletes_undup",116
155900,2024,"male_athletes_undup",327
155900,2024,"mens_varsity_sports",8
155900,2024,"multi_sport_ratio",1.00902934537246
155900,2024,"pct_athletes_overall",72.8618421052632
155900,2024,"pct_female_athletes",55.7692307692308
155900,2024,"pct_male_athletes",81.75
155900,2024,"total_athletes_undup",443
155900,2024,"total_varsity_sports",17
155900,2024,"womens_varsity_sports",9
155937,2024,"female_athletes_undup",126
155937,2024,"male_athletes_undup",254
155937,2024,"mens_varsity_sports",8
155937,2024,"multi_sport_ratio",1.08421052631579
155937,2024,"pct_athletes_overall",77.8688524590164
155937,2024,"pct_female_athletes",64.9484536082474
155937,2024,"pct_male_athletes",86.3945578231292
155937,2024,"total_athletes_undup",380
155937,2024,"total_varsity_sports",17
155937,2024,"womens_varsity_sports",9
155973,2024,"female_athletes_undup",182
155973,2024,"male_athletes_undup",285
155973,2024,"mens_varsity_sports",9
155973,2024,"multi_sport_ratio",1.11991434689507
155973,2024,"pct_athletes_overall",95.3061224489796
155973,2024,"pct_female_athletes",93.3333333333333
155973,2024,"pct_male_athletes",96.6101694915254
155973,2024,"total_athletes_undup",467
155973,2024,"total_varsity_sports",18
155973,2024,"womens_varsity_sports",9
156082,2024,"female_athletes_undup",138
156082,2024,"male_athletes_undup",286
156082,2024,"mens_varsity_sports",6
156082,2024,"multi_sport_ratio",1.46933962264151
156082,2024,"pct_athletes_overall",11.1227701993704
156082,2024,"pct_female_athletes",5.49800796812749
156082,2024,"pct_male_athletes",21.9662058371736
156082,2024,"total_athletes_undup",424
156082,2024,"total_varsity_sports",13
156082,2024,"womens_varsity_sports",7
156125,2024,"female_athletes_undup",153
156125,2024,"male_athletes_undup",134
156125,2024,"mens_varsity_sports",5
156125,2024,"multi_sport_ratio",1.49825783972125
156125,2024,"pct_athletes_overall",3.30378726833199
156125,2024,"pct_female_athletes",3.17164179104478
156125,2024,"pct_male_athletes",3.46880662697385
156125,2024,"total_athletes_undup",287
156125,2024,"total_varsity_sports",12
156125,2024,"womens_varsity_sports",7
156189,2024,"female_athletes_undup",88
156189,2024,"male_athletes_undup",122
156189,2024,"mens_varsity_sports",6
156189,2024,"multi_sport_ratio",1.05238095238095
156189,2024,"pct_athletes_overall",38.0434782608696
156189,2024,"pct_female_athletes",31.7689530685921
156189,2024,"pct_male_athletes",44.3636363636364
156189,2024,"total_athletes_undup",210
156189,2024,"total_varsity_sports",13
156189,2024,"womens_varsity_sports",7
156213,2024,"female_athletes_undup",134
156213,2024,"male_athletes_undup",157
156213,2024,"mens_varsity_sports",9
156213,2024,"multi_sport_ratio",1.2233676975945
156213,2024,"pct_athletes_overall",22.8235294117647
156213,2024,"pct_female_athletes",17.1136653895275
156213,2024,"pct_male_athletes",31.9105691056911
156213,2024,"total_athletes_undup",291
156213,2024,"total_varsity_sports",18
156213,2024,"womens_varsity_sports",9
156286,2024,"female_athletes_undup",176
156286,2024,"male_athletes_undup",311
156286,2024,"mens_varsity_sports",9
156286,2024,"multi_sport_ratio",1.21971252566735
156286,2024,"pct_athletes_overall",23.0805687203791
156286,2024,"pct_female_athletes",13.6117556071152
156286,2024,"pct_male_athletes",38.0660954712362
156286,2024,"total_athletes_undup",487
156286,2024,"total_varsity_sports",18
156286,2024,"womens_varsity_sports",9
156295,2024,"female_athletes_undup",97
156295,2024,"male_athletes_undup",118
156295,2024,"mens_varsity_sports",8
156295,2024,"multi_sport_ratio",1.35813953488372
156295,2024,"pct_athletes_overall",14.2384105960265
156295,2024,"pct_female_athletes",10.8866442199776
156295,2024,"pct_male_athletes",19.0630048465267
156295,2024,"total_athletes_undup",215
156295,2024,"total_varsity_sports",16
156295,2024,"womens_varsity_sports",8
156356,2024,"female_athletes_undup",132
156356,2024,"male_athletes_undup",172
156356,2024,"mens_varsity_sports",8
156356,2024,"multi_sport_ratio",1.26644736842105
156356,2024,"pct_athletes_overall",63.7316561844864
156356,2024,"pct_female_athletes",51.1627906976744
156356,2024,"pct_male_athletes",78.5388127853881
156356,2024,"total_athletes_undup",304
156356,2024,"total_varsity_sports",17
156356,2024,"womens_varsity_sports",9
156365,2024,"female_athletes_undup",308
156365,2024,"male_athletes_undup",519
156365,2024,"mens_varsity_sports",14
156365,2024,"multi_sport_ratio",1.14993954050786
156365,2024,"pct_athletes_overall",32.0046439628483
156365,2024,"pct_female_athletes",20.1702685003274
156365,2024,"pct_male_athletes",49.1012298959319
156365,2024,"total_athletes_undup",827
156365,2024,"total_varsity_sports",27
156365,2024,"womens_varsity_sports",13
156408,2024,"female_athletes_undup",266
156408,2024,"male_athletes_undup",390
156408,2024,"mens_varsity_sports",9
156408,2024,"multi_sport_ratio",1.2469512195122
156408,2024,"pct_athletes_overall",47.0250896057348
156408,2024,"pct_female_athletes",36.6391184573003
156408,2024,"pct_male_athletes",58.2959641255605
156408,2024,"total_athletes_undup",656
156408,2024,"total_varsity_sports",20
156408,2024,"womens_varsity_sports",11
156541,2024,"female_athletes_undup",335
156541,2024,"male_athletes_undup",401
156541,2024,"mens_varsity_sports",11
156541,2024,"multi_sport_ratio",1.14673913043478
156541,2024,"pct_athletes_overall",12.6634549208534
156541,2024,"pct_female_athletes",8.51117886178862
156541,2024,"pct_male_athletes",21.3752665245203
156541,2024,"total_athletes_undup",736
156541,2024,"total_varsity_sports",23
156541,2024,"womens_varsity_sports",12
156620,2024,"female_athletes_undup",149
156620,2024,"male_athletes_undup",246
156620,2024,"mens_varsity_sports",6
156620,2024,"multi_sport_ratio",1.2379746835443
156620,2024,"pct_athletes_overall",3.73169579593765
156620,2024,"pct_female_athletes",2.34682627185384
156620,2024,"pct_male_athletes",5.80736543909348
156620,2024,"total_athletes_undup",395
156620,2024,"total_varsity_sports",14
156620,2024,"womens_varsity_sports",8
156745,2024,"female_athletes_undup",157
156745,2024,"male_athletes_undup",361
156745,2024,"mens_varsity_sports",9
156745,2024,"multi_sport_ratio",1.04440154440154
156745,2024,"pct_athletes_overall",47.5229357798165
156745,2024,"pct_female_athletes",30.4263565891473
156745,2024,"pct_male_athletes",62.8919860627178
156745,2024,"total_athletes_undup",518
156745,2024,"total_varsity_sports",18
156745,2024,"womens_varsity_sports",9
157058,2024,"female_athletes_undup",60
157058,2024,"male_athletes_undup",240
157058,2024,"mens_varsity_sports",8
157058,2024,"multi_sport_ratio",1.25
157058,2024,"pct_athletes_overall",25.8175559380379
157058,2024,"pct_female_athletes",8.96860986547085
157058,2024,"pct_male_athletes",48.6815415821501
157058,2024,"total_athletes_undup",300
157058,2024,"total_varsity_sports",14
157058,2024,"womens_varsity_sports",6
157076,2024,"female_athletes_undup",97
157076,2024,"male_athletes_undup",265
157076,2024,"mens_varsity_sports",7
157076,2024,"multi_sport_ratio",1.00552486187845
157076,2024,"pct_athletes_overall",43.5096153846154
157076,2024,"pct_female_athletes",23.4866828087167
157076,2024,"pct_male_athletes",63.2458233890215
157076,2024,"total_athletes_undup",362
157076,2024,"total_varsity_sports",13
157076,2024,"womens_varsity_sports",6
157085,2024,"female_athletes_undup",299
157085,2024,"male_athletes_undup",315
157085,2024,"mens_varsity_sports",8
157085,2024,"multi_sport_ratio",1.16775244299674
157085,2024,"pct_athletes_overall",2.63090239095038
157085,2024,"pct_female_athletes",2.19063667667961
157085,2024,"pct_male_athletes",3.25110950562494
157085,2024,"total_athletes_undup",614
157085,2024,"total_varsity_sports",18
157085,2024,"womens_varsity_sports",10
157100,2024,"female_athletes_undup",106
157100,2024,"male_athletes_undup",280
157100,2024,"mens_varsity_sports",9
157100,2024,"multi_sport_ratio",1.0259067357513
157100,2024,"pct_athletes_overall",91.686460807601
157100,2024,"pct_female_athletes",84.1269841269841
157100,2024,"pct_male_athletes",94.9152542372881
157100,2024,"total_athletes_undup",386
157100,2024,"total_varsity_sports",17
157100,2024,"womens_varsity_sports",8
157216,2024,"female_athletes_undup",275
157216,2024,"male_athletes_undup",504
157216,2024,"mens_varsity_sports",11
157216,2024,"multi_sport_ratio",1.10911424903723
157216,2024,"pct_athletes_overall",51.692103516921
157216,2024,"pct_female_athletes",32.6991676575505
157216,2024,"pct_male_athletes",75.6756756756757
157216,2024,"total_athletes_undup",779
157216,2024,"total_varsity_sports",23
157216,2024,"womens_varsity_sports",12
157289,2024,"female_athletes_undup",305
157289,2024,"male_athletes_undup",305
157289,2024,"mens_varsity_sports",8
157289,2024,"multi_sport_ratio",1.23606557377049
157289,2024,"pct_athletes_overall",4.96055948605351
157289,2024,"pct_female_athletes",4.40496822645869
157289,2024,"pct_male_athletes",5.67653080215894
157289,2024,"total_athletes_undup",610
157289,2024,"total_varsity_sports",19
157289,2024,"womens_varsity_sports",11
157377,2024,"female_athletes_undup",267
157377,2024,"male_athletes_undup",414
157377,2024,"mens_varsity_sports",11
157377,2024,"multi_sport_ratio",1.04405286343612
157377,2024,"pct_athletes_overall",63.3488372093023
157377,2024,"pct_female_athletes",41.588785046729
157377,2024,"pct_male_athletes",95.6120092378753
157377,2024,"total_athletes_undup",681
157377,2024,"total_varsity_sports",20
157377,2024,"womens_varsity_sports",9
157386,2024,"female_athletes_undup",246
157386,2024,"male_athletes_undup",248
157386,2024,"mens_varsity_sports",5
157386,2024,"multi_sport_ratio",1.18421052631579
157386,2024,"pct_athletes_overall",11.7703121277103
157386,2024,"pct_female_athletes",9.70414201183432
157386,2024,"pct_male_athletes",14.9217809867629
157386,2024,"total_athletes_undup",494
157386,2024,"total_varsity_sports",13
157386,2024,"womens_varsity_sports",8
157401,2024,"female_athletes_undup",167
157401,2024,"male_athletes_undup",191
157401,2024,"mens_varsity_sports",5
157401,2024,"multi_sport_ratio",1.21787709497207
157401,2024,"pct_athletes_overall",5.87077730403411
157401,2024,"pct_female_athletes",4.46882526090447
157401,2024,"pct_male_athletes",8.08979246082169
157401,2024,"total_athletes_undup",358
157401,2024,"total_varsity_sports",12
157401,2024,"womens_varsity_sports",7
157447,2024,"female_athletes_undup",226
157447,2024,"male_athletes_undup",162
157447,2024,"mens_varsity_sports",8
157447,2024,"multi_sport_ratio",1.24226804123711
157447,2024,"pct_athletes_overall",5.70924072984108
157447,2024,"pct_female_athletes",5.72296783995948
157447,2024,"pct_male_athletes",5.69020021074816
157447,2024,"total_athletes_undup",388
157447,2024,"total_varsity_sports",17
157447,2024,"womens_varsity_sports",9
157535,2024,"female_athletes_undup",218
157535,2024,"male_athletes_undup",369
157535,2024,"mens_varsity_sports",12
157535,2024,"multi_sport_ratio",1.08347529812606
157535,2024,"pct_athletes_overall",52.9783393501805
157535,2024,"pct_female_athletes",38.3128295254833
157535,2024,"pct_male_athletes",68.4601113172542
157535,2024,"total_athletes_undup",587
157535,2024,"total_varsity_sports",23
157535,2024,"womens_varsity_sports",11
157757,2024,"female_athletes_undup",123
157757,2024,"male_athletes_undup",149
157757,2024,"mens_varsity_sports",6
157757,2024,"multi_sport_ratio",1.14705882352941
157757,2024,"pct_athletes_overall",52.5096525096525
157757,2024,"pct_female_athletes",39.9350649350649
157757,2024,"pct_male_athletes",70.952380952381
157757,2024,"total_athletes_undup",272
157757,2024,"total_varsity_sports",13
157757,2024,"womens_varsity_sports",7
157809,2024,"female_athletes_undup",191
157809,2024,"male_athletes_undup",384
157809,2024,"mens_varsity_sports",13
157809,2024,"multi_sport_ratio",1.11478260869565
157809,2024,"pct_athletes_overall",47.7574750830565
157809,2024,"pct_female_athletes",33.5087719298246
157809,2024,"pct_male_athletes",60.5678233438486
157809,2024,"total_athletes_undup",575
157809,2024,"total_varsity_sports",24
157809,2024,"womens_varsity_sports",11
157818,2024,"female_athletes_undup",204
157818,2024,"male_athletes_undup",210
157818,2024,"mens_varsity_sports",10
157818,2024,"multi_sport_ratio",1.1207729468599
157818,2024,"pct_athletes_overall",41.7338709677419
157818,2024,"pct_female_athletes",35.978835978836
157818,2024,"pct_male_athletes",49.4117647058824
157818,2024,"total_athletes_undup",414
157818,2024,"total_varsity_sports",22
157818,2024,"womens_varsity_sports",12
157863,2024,"female_athletes_undup",174
157863,2024,"male_athletes_undup",414
157863,2024,"mens_varsity_sports",10
157863,2024,"multi_sport_ratio",1.11734693877551
157863,2024,"pct_athletes_overall",83.4042553191489
157863,2024,"pct_female_athletes",65.1685393258427
157863,2024,"pct_male_athletes",94.5205479452055
157863,2024,"total_athletes_undup",588
157863,2024,"total_varsity_sports",20
157863,2024,"womens_varsity_sports",10
157951,2024,"female_athletes_undup",123
157951,2024,"male_athletes_undup",227
157951,2024,"mens_varsity_sports",5
157951,2024,"multi_sport_ratio",1.17428571428571
157951,2024,"pct_athletes_overall",3.15343724659879
157951,2024,"pct_female_athletes",1.81576616474756
157951,2024,"pct_male_athletes",5.2485549132948
157951,2024,"total_athletes_undup",350
157951,2024,"total_varsity_sports",12
157951,2024,"womens_varsity_sports",7
158477,2024,"female_athletes_undup",101
158477,2024,"male_athletes_undup",254
158477,2024,"mens_varsity_sports",8
158477,2024,"multi_sport_ratio",1.08169014084507
158477,2024,"pct_athletes_overall",52.0527859237537
158477,2024,"pct_female_athletes",29.2753623188406
158477,2024,"pct_male_athletes",75.3709198813056
158477,2024,"total_athletes_undup",355
158477,2024,"total_varsity_sports",16
158477,2024,"womens_varsity_sports",8
158802,2024,"female_athletes_undup",80
158802,2024,"male_athletes_undup",101
158802,2024,"mens_varsity_sports",4
158802,2024,"multi_sport_ratio",1.27624309392265
158802,2024,"pct_athletes_overall",17.6070038910506
158802,2024,"pct_female_athletes",10.738255033557
158802,2024,"pct_male_athletes",35.6890459363958
158802,2024,"total_athletes_undup",181
158802,2024,"total_varsity_sports",9
158802,2024,"womens_varsity_sports",5
159009,2024,"female_athletes_undup",150
159009,2024,"male_athletes_undup",250
159009,2024,"mens_varsity_sports",4
159009,2024,"multi_sport_ratio",1.125
159009,2024,"pct_athletes_overall",10.6524633821571
159009,2024,"pct_female_athletes",6.60211267605634
159009,2024,"pct_male_athletes",16.857720836143
159009,2024,"total_athletes_undup",400
159009,2024,"total_varsity_sports",11
159009,2024,"womens_varsity_sports",7
159382,2024,"female_athletes_undup",80
159382,2024,"male_athletes_undup",97
159382,2024,"mens_varsity_sports",3
159382,2024,"multi_sport_ratio",1
159382,2024,"pct_athletes_overall",5.04848830576155
159382,2024,"pct_female_athletes",3.16455696202532
159382,2024,"pct_male_athletes",9.91820040899796
159382,2024,"total_athletes_undup",177
159382,2024,"total_varsity_sports",7
159382,2024,"womens_varsity_sports",4
159391,2024,"female_athletes_undup",232
159391,2024,"male_athletes_undup",266
159391,2024,"mens_varsity_sports",7
159391,2024,"multi_sport_ratio",1.23092369477912
159391,2024,"pct_athletes_overall",1.70653142348023
159391,2024,"pct_female_athletes",1.3902205177373
159391,2024,"pct_male_athletes",2.12902193052665
159391,2024,"total_athletes_undup",498
159391,2024,"total_varsity_sports",17
159391,2024,"womens_varsity_sports",10
159416,2024,"female_athletes_undup",48
159416,2024,"male_athletes_undup",80
159416,2024,"mens_varsity_sports",3
159416,2024,"multi_sport_ratio",1
159416,2024,"pct_athletes_overall",7.89149198520345
159416,2024,"pct_female_athletes",5.27472527472527
159416,2024,"pct_male_athletes",11.2359550561798
159416,2024,"total_athletes_undup",128
159416,2024,"total_varsity_sports",6
159416,2024,"womens_varsity_sports",3
159568,2024,"female_athletes_undup",88
159568,2024,"male_athletes_undup",190
159568,2024,"mens_varsity_sports",5
159568,2024,"multi_sport_ratio",1
159568,2024,"pct_athletes_overall",43.4375
159568,2024,"pct_female_athletes",33.4600760456274
159568,2024,"pct_male_athletes",50.3978779840849
159568,2024,"total_athletes_undup",278
159568,2024,"total_varsity_sports",10
159568,2024,"womens_varsity_sports",5
159647,2024,"female_athletes_undup",135
159647,2024,"male_athletes_undup",213
159647,2024,"mens_varsity_sports",5
159647,2024,"multi_sport_ratio",1.20977011494253
159647,2024,"pct_athletes_overall",4.47645999485464
159647,2024,"pct_female_athletes",4.04554989511537
159647,2024,"pct_male_athletes",4.80054090601758
159647,2024,"total_athletes_undup",348
159647,2024,"total_varsity_sports",12
159647,2024,"womens_varsity_sports",7
159656,2024,"female_athletes_undup",152
159656,2024,"male_athletes_undup",182
159656,2024,"mens_varsity_sports",6
159656,2024,"multi_sport_ratio",1.31137724550898
159656,2024,"pct_athletes_overall",12.8018397853584
159656,2024,"pct_female_athletes",9.02612826603325
159656,2024,"pct_male_athletes",19.6756756756757
159656,2024,"total_athletes_undup",334
159656,2024,"total_varsity_sports",14
159656,2024,"womens_varsity_sports",8
159717,2024,"female_athletes_undup",155
159717,2024,"male_athletes_undup",217
159717,2024,"mens_varsity_sports",4
159717,2024,"multi_sport_ratio",1.26881720430108
159717,2024,"pct_athletes_overall",8.21373371605211
159717,2024,"pct_female_athletes",5.63431479462014
159717,2024,"pct_male_athletes",12.2047244094488
159717,2024,"total_athletes_undup",372
159717,2024,"total_varsity_sports",11
159717,2024,"womens_varsity_sports",7
159939,2024,"female_athletes_undup",69
159939,2024,"male_athletes_undup",99
159939,2024,"mens_varsity_sports",7
159939,2024,"multi_sport_ratio",1.28571428571429
159939,2024,"pct_athletes_overall",4.22322775263952
159939,2024,"pct_female_athletes",3.53121801432958
159939,2024,"pct_male_athletes",4.89130434782609
159939,2024,"total_athletes_undup",168
159939,2024,"total_varsity_sports",14
159939,2024,"womens_varsity_sports",7
159966,2024,"female_athletes_undup",143
159966,2024,"male_athletes_undup",240
159966,2024,"mens_varsity_sports",6
159966,2024,"multi_sport_ratio",1.2532637075718
159966,2024,"pct_athletes_overall",8.94441849602989
159966,2024,"pct_female_athletes",5.4915514592934
159966,2024,"pct_male_athletes",14.3027413587604
159966,2024,"total_athletes_undup",383
159966,2024,"total_varsity_sports",13
159966,2024,"womens_varsity_sports",7
159993,2024,"female_athletes_undup",134
159993,2024,"male_athletes_undup",216
159993,2024,"mens_varsity_sports",5
159993,2024,"multi_sport_ratio",1.24285714285714
159993,2024,"pct_athletes_overall",8.49514563106796
159993,2024,"pct_female_athletes",5.24051622995698
159993,2024,"pct_male_athletes",13.8195777351248
159993,2024,"total_athletes_undup",350
159993,2024,"total_varsity_sports",13
159993,2024,"womens_varsity_sports",8
160038,2024,"female_athletes_undup",127
160038,2024,"male_athletes_undup",212
160038,2024,"mens_varsity_sports",4
160038,2024,"multi_sport_ratio",1.24483775811209
160038,2024,"pct_athletes_overall",8.13730196831493
160038,2024,"pct_female_athletes",4.40360610263523
160038,2024,"pct_male_athletes",16.5366614664587
160038,2024,"total_athletes_undup",339
160038,2024,"total_varsity_sports",10
160038,2024,"womens_varsity_sports",6
160612,2024,"female_athletes_undup",152
160612,2024,"male_athletes_undup",237
160612,2024,"mens_varsity_sports",5
160612,2024,"multi_sport_ratio",1.19023136246787
160612,2024,"pct_athletes_overall",4.85642946317104
160612,2024,"pct_female_athletes",3.06760847628658
160612,2024,"pct_male_athletes",7.75777414075286
160612,2024,"total_athletes_undup",389
160612,2024,"total_varsity_sports",12
160612,2024,"womens_varsity_sports",7
160621,2024,"female_athletes_undup",148
160621,2024,"male_athletes_undup",236
160621,2024,"mens_varsity_sports",6
160621,2024,"multi_sport_ratio",1.1640625
160621,2024,"pct_athletes_overall",6.93265932478787
160621,2024,"pct_female_athletes",3.97742542327331
160621,2024,"pct_male_athletes",12.981298129813
160621,2024,"total_athletes_undup",384
160621,2024,"total_varsity_sports",14
160621,2024,"womens_varsity_sports",8
160630,2024,"female_athletes_undup",20
160630,2024,"male_athletes_undup",50
160630,2024,"mens_varsity_sports",2
160630,2024,"multi_sport_ratio",1
160630,2024,"pct_athletes_overall",7.79510022271715
160630,2024,"pct_female_athletes",3.22061191626409
160630,2024,"pct_male_athletes",18.0505415162455
160630,2024,"total_athletes_undup",70
160630,2024,"total_varsity_sports",4
160630,2024,"womens_varsity_sports",2
160658,2024,"female_athletes_undup",162
160658,2024,"male_athletes_undup",273
160658,2024,"mens_varsity_sports",6
160658,2024,"multi_sport_ratio",1.34712643678161
160658,2024,"pct_athletes_overall",3.86804197047839
160658,2024,"pct_female_athletes",2.46575342465753
160658,2024,"pct_male_athletes",5.83832335329341
160658,2024,"total_athletes_undup",435
160658,2024,"total_varsity_sports",12
160658,2024,"womens_varsity_sports",6
160755,2024,"female_athletes_undup",179
160755,2024,"male_athletes_undup",233
160755,2024,"mens_varsity_sports",5
160755,2024,"multi_sport_ratio",1.29126213592233
160755,2024,"pct_athletes_overall",5.59782608695652
160755,2024,"pct_female_athletes",3.94446892904363
160755,2024,"pct_male_athletes",8.25655563430191
160755,2024,"total_athletes_undup",412
160755,2024,"total_varsity_sports",14
160755,2024,"womens_varsity_sports",9
160904,2024,"female_athletes_undup",154
160904,2024,"male_athletes_undup",146
160904,2024,"mens_varsity_sports",5
160904,2024,"multi_sport_ratio",1.25666666666667
160904,2024,"pct_athletes_overall",11.71875
160904,2024,"pct_female_athletes",7.983411093831
160904,2024,"pct_male_athletes",23.1378763866878
160904,2024,"total_athletes_undup",300
160904,2024,"total_varsity_sports",11
160904,2024,"womens_varsity_sports",6
160977,2024,"female_athletes_undup",308
160977,2024,"male_athletes_undup",417
160977,2024,"mens_varsity_sports",13
160977,2024,"multi_sport_ratio",1.22758620689655
160977,2024,"pct_athletes_overall",41.1931818181818
160977,2024,"pct_female_athletes",33.7719298245614
160977,2024,"pct_male_athletes",49.1745283018868
160977,2024,"total_athletes_undup",725
160977,2024,"total_varsity_sports",27
160977,2024,"womens_varsity_sports",14
161004,2024,"female_athletes_undup",284
161004,2024,"male_athletes_undup",353
161004,2024,"mens_varsity_sports",12
161004,2024,"multi_sport_ratio",1.24803767660911
161004,2024,"pct_athletes_overall",34.0277777777778
161004,2024,"pct_female_athletes",29.1282051282051
161004,2024,"pct_male_athletes",39.3534002229654
161004,2024,"total_athletes_undup",637
161004,2024,"total_varsity_sports",26
161004,2024,"womens_varsity_sports",14
161086,2024,"female_athletes_undup",301
161086,2024,"male_athletes_undup",392
161086,2024,"mens_varsity_sports",15
161086,2024,"multi_sport_ratio",1.32467532467532
161086,2024,"pct_athletes_overall",28.7910261736602
161086,2024,"pct_female_athletes",24.4318181818182
161086,2024,"pct_male_athletes",33.3617021276596
161086,2024,"total_athletes_undup",693
161086,2024,"total_varsity_sports",30
161086,2024,"womens_varsity_sports",15
161217,2024,"female_athletes_undup",47
161217,2024,"male_athletes_undup",61
161217,2024,"mens_varsity_sports",5
161217,2024,"multi_sport_ratio",1.17592592592593
161217,2024,"pct_athletes_overall",8.86699507389163
161217,2024,"pct_female_athletes",5.75980392156863
161217,2024,"pct_male_athletes",15.1741293532338
161217,2024,"total_athletes_undup",108
161217,2024,"total_varsity_sports",11
161217,2024,"womens_varsity_sports",6
161226,2024,"female_athletes_undup",114
161226,2024,"male_athletes_undup",128
161226,2024,"mens_varsity_sports",8
161226,2024,"multi_sport_ratio",1.27272727272727
161226,2024,"pct_athletes_overall",24.7950819672131
161226,2024,"pct_female_athletes",18.4168012924071
161226,2024,"pct_male_athletes",35.8543417366947
161226,2024,"total_athletes_undup",242
161226,2024,"total_varsity_sports",17
161226,2024,"womens_varsity_sports",9
161235,2024,"female_athletes_undup",32
161235,2024,"male_athletes_undup",41
161235,2024,"mens_varsity_sports",3
161235,2024,"multi_sport_ratio",1.28767123287671
161235,2024,"pct_athletes_overall",22.1884498480243
161235,2024,"pct_female_athletes",14.8148148148148
161235,2024,"pct_male_athletes",36.283185840708
161235,2024,"total_athletes_undup",73
161235,2024,"total_varsity_sports",7
161235,2024,"womens_varsity_sports",4
161253,2024,"female_athletes_undup",190
161253,2024,"male_athletes_undup",278
161253,2024,"mens_varsity_sports",6
161253,2024,"multi_sport_ratio",1.31837606837607
161253,2024,"pct_athletes_overall",6.282722513089
161253,2024,"pct_female_athletes",5.20833333333333
161253,2024,"pct_male_athletes",7.31386477242831
161253,2024,"total_athletes_undup",468
161253,2024,"total_varsity_sports",13
161253,2024,"womens_varsity_sports",7
161299,2024,"female_athletes_undup",88
161299,2024,"male_athletes_undup",154
161299,2024,"mens_varsity_sports",8
161299,2024,"multi_sport_ratio",1.12809917355372
161299,2024,"pct_athletes_overall",28.1722933643772
161299,2024,"pct_female_athletes",50
161299,2024,"pct_male_athletes",22.5475841874085
161299,2024,"total_athletes_undup",242
161299,2024,"total_varsity_sports",15
161299,2024,"womens_varsity_sports",7
161341,2024,"female_athletes_undup",52
161341,2024,"male_athletes_undup",68
161341,2024,"mens_varsity_sports",6
161341,2024,"multi_sport_ratio",1.30833333333333
161341,2024,"pct_athletes_overall",9.38232994526974
161341,2024,"pct_female_athletes",7.17241379310345
161341,2024,"pct_male_athletes",12.2743682310469
161341,2024,"total_athletes_undup",120
161341,2024,"total_varsity_sports",12
161341,2024,"womens_varsity_sports",6
161457,2024,"female_athletes_undup",236
161457,2024,"male_athletes_undup",239
161457,2024,"mens_varsity_sports",7
161457,2024,"multi_sport_ratio",1.04210526315789
161457,2024,"pct_athletes_overall",22.4692526017029
161457,2024,"pct_female_athletes",16.3434903047091
161457,2024,"pct_male_athletes",35.6716417910448
161457,2024,"total_athletes_undup",475
161457,2024,"total_varsity_sports",19
161457,2024,"womens_varsity_sports",12
161518,2024,"female_athletes_undup",179
161518,2024,"male_athletes_undup",190
161518,2024,"mens_varsity_sports",8
161518,2024,"multi_sport_ratio",1.21409214092141
161518,2024,"pct_athletes_overall",46.125
161518,2024,"pct_female_athletes",37.0600414078675
161518,2024,"pct_male_athletes",59.9369085173502
161518,2024,"total_athletes_undup",369
161518,2024,"total_varsity_sports",18
161518,2024,"womens_varsity_sports",10
161554,2024,"female_athletes_undup",219
161554,2024,"male_athletes_undup",278
161554,2024,"mens_varsity_sports",9
161554,2024,"multi_sport_ratio",1.22535211267606
161554,2024,"pct_athletes_overall",14.7084936371708
161554,2024,"pct_female_athletes",10.9009457441513
161554,2024,"pct_male_athletes",20.2919708029197
161554,2024,"total_athletes_undup",497
161554,2024,"total_varsity_sports",19
161554,2024,"womens_varsity_sports",10
161563,2024,"female_athletes_undup",131
161563,2024,"male_athletes_undup",220
161563,2024,"mens_varsity_sports",10
161563,2024,"multi_sport_ratio",1.25641025641026
161563,2024,"pct_athletes_overall",54.6728971962617
161563,2024,"pct_female_athletes",43.8127090301003
161563,2024,"pct_male_athletes",64.1399416909621
161563,2024,"total_athletes_undup",351
161563,2024,"total_varsity_sports",20
161563,2024,"womens_varsity_sports",10
162007,2024,"female_athletes_undup",121
162007,2024,"male_athletes_undup",201
162007,2024,"mens_varsity_sports",5
162007,2024,"multi_sport_ratio",1.36024844720497
162007,2024,"pct_athletes_overall",7.48489074848907
162007,2024,"pct_female_athletes",4.65563678337822
162007,2024,"pct_male_athletes",11.8027011156782
162007,2024,"total_athletes_undup",322
162007,2024,"total_varsity_sports",13
162007,2024,"womens_varsity_sports",8
162210,2024,"female_athletes_undup",41
162210,2024,"male_athletes_undup",76
162210,2024,"mens_varsity_sports",3
162210,2024,"multi_sport_ratio",1.02564102564103
162210,2024,"pct_athletes_overall",28.6764705882353
162210,2024,"pct_female_athletes",18.552036199095
162210,2024,"pct_male_athletes",40.6417112299465
162210,2024,"total_athletes_undup",117
162210,2024,"total_varsity_sports",6
162210,2024,"womens_varsity_sports",3
162283,2024,"female_athletes_undup",72
162283,2024,"male_athletes_undup",80
162283,2024,"mens_varsity_sports",4
162283,2024,"multi_sport_ratio",1.36842105263158
162283,2024,"pct_athletes_overall",9.81912144702842
162283,2024,"pct_female_athletes",6.3943161634103
162283,2024,"pct_male_athletes",18.957345971564
162283,2024,"total_athletes_undup",152
162283,2024,"total_varsity_sports",10
162283,2024,"womens_varsity_sports",6
162584,2024,"female_athletes_undup",303
162584,2024,"male_athletes_undup",430
162584,2024,"mens_varsity_sports",11
162584,2024,"multi_sport_ratio",1.16234652114598
162584,2024,"pct_athletes_overall",31.1914893617021
162584,2024,"pct_female_athletes",25.9862778730703
162584,2024,"pct_male_athletes",36.3175675675676
162584,2024,"total_athletes_undup",733
162584,2024,"total_varsity_sports",25
162584,2024,"womens_varsity_sports",14
162654,2024,"female_athletes_undup",148
162654,2024,"male_athletes_undup",135
162654,2024,"mens_varsity_sports",7
162654,2024,"multi_sport_ratio",1.09187279151943
162654,2024,"pct_athletes_overall",30.4301075268817
162654,2024,"pct_female_athletes",24.5847176079734
162654,2024,"pct_male_athletes",41.1585365853659
162654,2024,"total_athletes_undup",283
162654,2024,"total_varsity_sports",16
162654,2024,"womens_varsity_sports",9
162760,2024,"female_athletes_undup",193
162760,2024,"male_athletes_undup",190
162760,2024,"mens_varsity_sports",11
162760,2024,"multi_sport_ratio",1.1644908616188
162760,2024,"pct_athletes_overall",32.679180887372
162760,2024,"pct_female_athletes",24.9676584734799
162760,2024,"pct_male_athletes",47.6190476190476
162760,2024,"total_athletes_undup",383
162760,2024,"total_varsity_sports",25
162760,2024,"womens_varsity_sports",14
162928,2024,"female_athletes_undup",259
162928,2024,"male_athletes_undup",382
162928,2024,"mens_varsity_sports",11
162928,2024,"multi_sport_ratio",1.26365054602184
162928,2024,"pct_athletes_overall",11.2991362594747
162928,2024,"pct_female_athletes",8.30927173564325
162928,2024,"pct_male_athletes",14.9452269170579
162928,2024,"total_athletes_undup",641
162928,2024,"total_varsity_sports",20
162928,2024,"womens_varsity_sports",9
163046,2024,"female_athletes_undup",213
163046,2024,"male_athletes_undup",205
163046,2024,"mens_varsity_sports",8
163046,2024,"multi_sport_ratio",1.11483253588517
163046,2024,"pct_athletes_overall",10.8712613784135
163046,2024,"pct_female_athletes",9.86567855488652
163046,2024,"pct_male_athletes",12.158956109134
163046,2024,"total_athletes_undup",418
163046,2024,"total_varsity_sports",18
163046,2024,"womens_varsity_sports",10
163268,2024,"female_athletes_undup",167
163268,2024,"male_athletes_undup",185
163268,2024,"mens_varsity_sports",6
163268,2024,"multi_sport_ratio",1.39488636363636
163268,2024,"pct_athletes_overall",3.73990650233744
163268,2024,"pct_female_athletes",3.88914764788076
163268,2024,"pct_male_athletes",3.6146932395467
163268,2024,"total_athletes_undup",352
163268,2024,"total_varsity_sports",13
163268,2024,"womens_varsity_sports",7
163286,2024,"female_athletes_undup",230
163286,2024,"male_athletes_undup",316
163286,2024,"mens_varsity_sports",8
163286,2024,"multi_sport_ratio",1.10805860805861
163286,2024,"pct_athletes_overall",1.87770823302841
163286,2024,"pct_female_athletes",1.5916955017301
163286,2024,"pct_male_athletes",2.16024063439978
163286,2024,"total_athletes_undup",546
163286,2024,"total_varsity_sports",18
163286,2024,"womens_varsity_sports",10
163338,2024,"female_athletes_undup",95
163338,2024,"male_athletes_undup",102
163338,2024,"mens_varsity_sports",4
163338,2024,"multi_sport_ratio",1.39086294416244
163338,2024,"pct_athletes_overall",8.70525850640742
163338,2024,"pct_female_athletes",7.79967159277504
163338,2024,"pct_male_athletes",9.76076555023923
163338,2024,"total_athletes_undup",197
163338,2024,"total_varsity_sports",10
163338,2024,"womens_varsity_sports",6
163453,2024,"female_athletes_undup",132
163453,2024,"male_athletes_undup",212
163453,2024,"mens_varsity_sports",5
163453,2024,"multi_sport_ratio",1.18604651162791
163453,2024,"pct_athletes_overall",4.10697230181471
163453,2024,"pct_female_athletes",2.55516840882695
163453,2024,"pct_male_athletes",6.60436137071651
163453,2024,"total_athletes_undup",344
163453,2024,"total_varsity_sports",12
163453,2024,"womens_varsity_sports",7
163462,2024,"female_athletes_undup",282
163462,2024,"male_athletes_undup",429
163462,2024,"mens_varsity_sports",10
163462,2024,"multi_sport_ratio",1.25597749648383
163462,2024,"pct_athletes_overall",42.3466349017272
163462,2024,"pct_female_athletes",33.8129496402878
163462,2024,"pct_male_athletes",50.7692307692308
163462,2024,"total_athletes_undup",711
163462,2024,"total_varsity_sports",21
163462,2024,"womens_varsity_sports",11
163578,2024,"female_athletes_undup",83
163578,2024,"male_athletes_undup",76
163578,2024,"mens_varsity_sports",4
163578,2024,"multi_sport_ratio",1.16352201257862
163578,2024,"pct_athletes_overall",26.6331658291457
163578,2024,"pct_female_athletes",18.082788671024
163578,2024,"pct_male_athletes",55.0724637681159
163578,2024,"total_athletes_undup",159
163578,2024,"total_varsity_sports",12
163578,2024,"womens_varsity_sports",8
163851,2024,"female_athletes_undup",230
163851,2024,"male_athletes_undup",366
163851,2024,"mens_varsity_sports",9
163851,2024,"multi_sport_ratio",1.17785234899329
163851,2024,"pct_athletes_overall",10.2493551160791
163851,2024,"pct_female_athletes",6.99300699300699
163851,2024,"pct_male_athletes",14.4893111638955
163851,2024,"total_athletes_undup",596
163851,2024,"total_varsity_sports",19
163851,2024,"womens_varsity_sports",10
163912,2024,"female_athletes_undup",231
163912,2024,"male_athletes_undup",224
163912,2024,"mens_varsity_sports",8
163912,2024,"multi_sport_ratio",1.12307692307692
163912,2024,"pct_athletes_overall",28.8888888888889
163912,2024,"pct_female_athletes",24.3414120126449
163912,2024,"pct_male_athletes",35.7827476038339
163912,2024,"total_athletes_undup",455
163912,2024,"total_varsity_sports",18
163912,2024,"womens_varsity_sports",10
164076,2024,"female_athletes_undup",293
164076,2024,"male_athletes_undup",250
164076,2024,"mens_varsity_sports",6
164076,2024,"multi_sport_ratio",1.09944751381215
164076,2024,"pct_athletes_overall",3.77581531186983
164076,2024,"pct_female_athletes",3.45967646711536
164076,2024,"pct_male_athletes",4.22868741542625
164076,2024,"total_athletes_undup",543
164076,2024,"total_varsity_sports",17
164076,2024,"womens_varsity_sports",11
164173,2024,"female_athletes_undup",277
164173,2024,"male_athletes_undup",405
164173,2024,"mens_varsity_sports",14
164173,2024,"multi_sport_ratio",1.1891495601173
164173,2024,"pct_athletes_overall",24.3137254901961
164173,2024,"pct_female_athletes",16.7371601208459
164173,2024,"pct_male_athletes",35.2173913043478
164173,2024,"total_athletes_undup",682
164173,2024,"total_varsity_sports",29
164173,2024,"womens_varsity_sports",15
164216,2024,"female_athletes_undup",171
164216,2024,"male_athletes_undup",214
164216,2024,"mens_varsity_sports",8
164216,2024,"multi_sport_ratio",1.01558441558442
164216,2024,"pct_athletes_overall",43.75
164216,2024,"pct_female_athletes",34.6153846153846
164216,2024,"pct_male_athletes",55.440414507772
164216,2024,"total_athletes_undup",385
164216,2024,"total_varsity_sports",17
164216,2024,"womens_varsity_sports",9
164270,2024,"female_athletes_undup",194
164270,2024,"male_athletes_undup",335
164270,2024,"mens_varsity_sports",12
164270,2024,"multi_sport_ratio",1.16446124763705
164270,2024,"pct_athletes_overall",32.9800498753117
164270,2024,"pct_female_athletes",21.6517857142857
164270,2024,"pct_male_athletes",47.316384180791
164270,2024,"total_athletes_undup",529
164270,2024,"total_varsity_sports",25
164270,2024,"womens_varsity_sports",13
164447,2024,"female_athletes_undup",177
164447,2024,"male_athletes_undup",427
164447,2024,"mens_varsity_sports",11
164447,2024,"multi_sport_ratio",1.04635761589404
164447,2024,"pct_athletes_overall",61.758691206544
164447,2024,"pct_female_athletes",40.1360544217687
164447,2024,"pct_male_athletes",79.5158286778398
164447,2024,"total_athletes_undup",604
164447,2024,"total_varsity_sports",20
164447,2024,"womens_varsity_sports",9
164465,2024,"female_athletes_undup",267
164465,2024,"male_athletes_undup",355
164465,2024,"mens_varsity_sports",13
164465,2024,"multi_sport_ratio",1.28295819935691
164465,2024,"pct_athletes_overall",32.5484039769754
164465,2024,"pct_female_athletes",25.4285714285714
164465,2024,"pct_male_athletes",41.2311265969803
164465,2024,"total_athletes_undup",622
164465,2024,"total_varsity_sports",27
164465,2024,"womens_varsity_sports",14
164492,2024,"female_athletes_undup",96
164492,2024,"male_athletes_undup",264
164492,2024,"mens_varsity_sports",6
164492,2024,"multi_sport_ratio",1.06666666666667
164492,2024,"pct_athletes_overall",46.0358056265985
164492,2024,"pct_female_athletes",30.8681672025724
164492,2024,"pct_male_athletes",56.0509554140127
164492,2024,"total_athletes_undup",360
164492,2024,"total_varsity_sports",13
164492,2024,"womens_varsity_sports",7
164562,2024,"female_athletes_undup",287
164562,2024,"male_athletes_undup",441
164562,2024,"mens_varsity_sports",10
164562,2024,"multi_sport_ratio",1.23214285714286
164562,2024,"pct_athletes_overall",43.855421686747
164562,2024,"pct_female_athletes",31.6427783902977
164562,2024,"pct_male_athletes",58.5657370517928
164562,2024,"total_athletes_undup",728
164562,2024,"total_varsity_sports",22
164562,2024,"womens_varsity_sports",12
164580,2024,"female_athletes_undup",206
164580,2024,"male_athletes_undup",267
164580,2024,"mens_varsity_sports",10
164580,2024,"multi_sport_ratio",1.13107822410148
164580,2024,"pct_athletes_overall",17.4603174603175
164580,2024,"pct_female_athletes",17.3693086003373
164580,2024,"pct_male_athletes",17.5311884438608
164580,2024,"total_athletes_undup",473
164580,2024,"total_varsity_sports",21
164580,2024,"womens_varsity_sports",11
164739,2024,"female_athletes_undup",217
164739,2024,"male_athletes_undup",380
164739,2024,"mens_varsity_sports",10
164739,2024,"multi_sport_ratio",1.14405360134003
164739,2024,"pct_athletes_overall",13.467177983307
164739,2024,"pct_female_athletes",12.3929183323815
164739,2024,"pct_male_athletes",14.1685309470544
164739,2024,"total_athletes_undup",597
164739,2024,"total_varsity_sports",20
164739,2024,"womens_varsity_sports",10
164924,2024,"female_athletes_undup",380
164924,2024,"male_athletes_undup",421
164924,2024,"mens_varsity_sports",12
164924,2024,"multi_sport_ratio",1.1498127340824
164924,2024,"pct_athletes_overall",8.16347329800245
164924,2024,"pct_female_athletes",7.38150738150738
164924,2024,"pct_male_athletes",9.02658662092624
164924,2024,"total_athletes_undup",801
164924,2024,"total_varsity_sports",27
164924,2024,"womens_varsity_sports",15
164988,2024,"female_athletes_undup",342
164988,2024,"male_athletes_undup",250
164988,2024,"mens_varsity_sports",8
164988,2024,"multi_sport_ratio",1.22466216216216
164988,2024,"pct_athletes_overall",3.28141455573416
164988,2024,"pct_female_athletes",3.25683268260166
164988,2024,"pct_male_athletes",3.31564986737401
164988,2024,"total_athletes_undup",592
164988,2024,"total_varsity_sports",19
164988,2024,"womens_varsity_sports",11
165015,2024,"female_athletes_undup",136
165015,2024,"male_athletes_undup",151
165015,2024,"mens_varsity_sports",7
165015,2024,"multi_sport_ratio",1.47038327526132
165015,2024,"pct_athletes_overall",7.94793685959568
165015,2024,"pct_female_athletes",6.59234125060591
165015,2024,"pct_male_athletes",9.75452196382429
165015,2024,"total_athletes_undup",287
165015,2024,"total_varsity_sports",15
165015,2024,"womens_varsity_sports",8
165024,2024,"female_athletes_undup",170
165024,2024,"male_athletes_undup",222
165024,2024,"mens_varsity_sports",8
165024,2024,"multi_sport_ratio",1.47704081632653
165024,2024,"pct_athletes_overall",5.91876792994111
165024,2024,"pct_female_athletes",4.48430493273543
165024,2024,"pct_male_athletes",7.83898305084746
165024,2024,"total_athletes_undup",392
165024,2024,"total_varsity_sports",18
165024,2024,"womens_varsity_sports",10
165334,2024,"female_athletes_undup",186
165334,2024,"male_athletes_undup",180
165334,2024,"mens_varsity_sports",7
165334,2024,"multi_sport_ratio",1.02185792349727
165334,2024,"pct_athletes_overall",16.643929058663
165334,2024,"pct_female_athletes",14.951768488746
165334,2024,"pct_male_athletes",18.848167539267
165334,2024,"total_athletes_undup",366
165334,2024,"total_varsity_sports",17
165334,2024,"womens_varsity_sports",10
165529,2024,"female_athletes_undup",142
165529,2024,"male_athletes_undup",272
165529,2024,"mens_varsity_sports",9
165529,2024,"multi_sport_ratio",1.02415458937198
165529,2024,"pct_athletes_overall",24.6428571428571
165529,2024,"pct_female_athletes",15.0423728813559
165529,2024,"pct_male_athletes",36.9565217391304
165529,2024,"total_athletes_undup",414
165529,2024,"total_varsity_sports",17
165529,2024,"womens_varsity_sports",8
165574,2024,"female_athletes_undup",104
165574,2024,"male_athletes_undup",259
165574,2024,"mens_varsity_sports",8
165574,2024,"multi_sport_ratio",1.0495867768595
165574,2024,"pct_athletes_overall",34.3424787133396
165574,2024,"pct_female_athletes",19.2949907235622
165574,2024,"pct_male_athletes",50
165574,2024,"total_athletes_undup",363
165574,2024,"total_varsity_sports",16
165574,2024,"womens_varsity_sports",8
165662,2024,"female_athletes_undup",93
165662,2024,"male_athletes_undup",129
165662,2024,"mens_varsity_sports",7
165662,2024,"multi_sport_ratio",1.00900900900901
165662,2024,"pct_athletes_overall",5.7948316366484
165662,2024,"pct_female_athletes",3.69047619047619
165662,2024,"pct_male_athletes",9.83981693363844
165662,2024,"total_athletes_undup",222
165662,2024,"total_varsity_sports",14
165662,2024,"womens_varsity_sports",7
165671,2024,"female_athletes_undup",153
165671,2024,"male_athletes_undup",132
165671,2024,"mens_varsity_sports",6
165671,2024,"multi_sport_ratio",1.36842105263158
165671,2024,"pct_athletes_overall",15.642151481888
165671,2024,"pct_female_athletes",10.999281092739
165671,2024,"pct_male_athletes",30.6264501160093
165671,2024,"total_athletes_undup",285
165671,2024,"total_varsity_sports",12
165671,2024,"womens_varsity_sports",6
165699,2024,"female_athletes_undup",243
165699,2024,"male_athletes_undup",407
165699,2024,"mens_varsity_sports",10
165699,2024,"multi_sport_ratio",1.02923076923077
165699,2024,"pct_athletes_overall",21.353482260184
165699,2024,"pct_female_athletes",12.1076233183857
165699,2024,"pct_male_athletes",39.2478302796528
165699,2024,"total_athletes_undup",650
165699,2024,"total_varsity_sports",21
165699,2024,"womens_varsity_sports",11
165802,2024,"female_athletes_undup",50
165802,2024,"male_athletes_undup",130
165802,2024,"mens_varsity_sports",4
165802,2024,"multi_sport_ratio",1.08888888888889
165802,2024,"pct_athletes_overall",29.3159609120521
165802,2024,"pct_female_athletes",19.3798449612403
165802,2024,"pct_male_athletes",36.5168539325843
165802,2024,"total_athletes_undup",180
165802,2024,"total_varsity_sports",8
165802,2024,"womens_varsity_sports",4
165820,2024,"female_athletes_undup",136
165820,2024,"male_athletes_undup",227
165820,2024,"mens_varsity_sports",8
165820,2024,"multi_sport_ratio",1.22589531680441
165820,2024,"pct_athletes_overall",16.227089852481
165820,2024,"pct_female_athletes",12.1973094170404
165820,2024,"pct_male_athletes",20.2317290552585
165820,2024,"total_athletes_undup",363
165820,2024,"total_varsity_sports",17
165820,2024,"womens_varsity_sports",9
165866,2024,"female_athletes_undup",158
165866,2024,"male_athletes_undup",223
165866,2024,"mens_varsity_sports",6
165866,2024,"multi_sport_ratio",1.0761154855643
165866,2024,"pct_athletes_overall",16.015132408575
165866,2024,"pct_female_athletes",12.295719844358
165866,2024,"pct_male_athletes",20.3839122486289
165866,2024,"total_athletes_undup",381
165866,2024,"total_varsity_sports",15
165866,2024,"womens_varsity_sports",9
165936,2024,"female_athletes_undup",36
165936,2024,"male_athletes_undup",41
165936,2024,"mens_varsity_sports",11
165936,2024,"multi_sport_ratio",5.42857142857143
165936,2024,"pct_athletes_overall",6.20467365028203
165936,2024,"pct_female_athletes",5.04201680672269
165936,2024,"pct_male_athletes",7.77988614800759
165936,2024,"total_athletes_undup",77
165936,2024,"total_varsity_sports",24
165936,2024,"womens_varsity_sports",13
166018,2024,"female_athletes_undup",35
166018,2024,"male_athletes_undup",37
166018,2024,"mens_varsity_sports",5
166018,2024,"multi_sport_ratio",1.31944444444444
166018,2024,"pct_athletes_overall",8.58164481525626
166018,2024,"pct_female_athletes",6.6793893129771
166018,2024,"pct_male_athletes",11.7460317460317
166018,2024,"total_athletes_undup",72
166018,2024,"total_varsity_sports",10
166018,2024,"womens_varsity_sports",5
166027,2024,"female_athletes_undup",461
166027,2024,"male_athletes_undup",597
166027,2024,"mens_varsity_sports",18
166027,2024,"multi_sport_ratio",1.13799621928166
166027,2024,"pct_athletes_overall",14.8699929725931
166027,2024,"pct_female_athletes",12.0743844944997
166027,2024,"pct_male_athletes",18.1073703366697
166027,2024,"total_athletes_undup",1058
166027,2024,"total_varsity_sports",36
166027,2024,"womens_varsity_sports",18
166124,2024,"female_athletes_undup",305
166124,2024,"male_athletes_undup",407
166124,2024,"mens_varsity_sports",11
166124,2024,"multi_sport_ratio",1.16151685393258
166124,2024,"pct_athletes_overall",22.9233741146169
166124,2024,"pct_female_athletes",18.1872391174717
166124,2024,"pct_male_athletes",28.481455563331
166124,2024,"total_athletes_undup",712
166124,2024,"total_varsity_sports",23
166124,2024,"womens_varsity_sports",12
166391,2024,"female_athletes_undup",147
166391,2024,"male_athletes_undup",157
166391,2024,"mens_varsity_sports",6
166391,2024,"multi_sport_ratio",1.16118421052632
166391,2024,"pct_athletes_overall",25.8503401360544
166391,2024,"pct_female_athletes",19.5219123505976
166391,2024,"pct_male_athletes",37.1158392434988
166391,2024,"total_athletes_undup",304
166391,2024,"total_varsity_sports",13
166391,2024,"womens_varsity_sports",7
166452,2024,"female_athletes_undup",81
166452,2024,"male_athletes_undup",86
166452,2024,"mens_varsity_sports",6
166452,2024,"multi_sport_ratio",1.16766467065868
166452,2024,"pct_athletes_overall",21.1125158027813
166452,2024,"pct_female_athletes",15.0278293135436
166452,2024,"pct_male_athletes",34.1269841269841
166452,2024,"total_athletes_undup",167
166452,2024,"total_varsity_sports",12
166452,2024,"womens_varsity_sports",6
166513,2024,"female_athletes_undup",177
166513,2024,"male_athletes_undup",252
166513,2024,"mens_varsity_sports",6
166513,2024,"multi_sport_ratio",1.50815850815851
166513,2024,"pct_athletes_overall",4.5609185626196
166513,2024,"pct_female_athletes",4.45395067941621
166513,2024,"pct_male_athletes",4.63917525773196
166513,2024,"total_athletes_undup",429
166513,2024,"total_varsity_sports",12
166513,2024,"womens_varsity_sports",6
166629,2024,"female_athletes_undup",285
166629,2024,"male_athletes_undup",326
166629,2024,"mens_varsity_sports",8
166629,2024,"multi_sport_ratio",1.29459901800327
166629,2024,"pct_athletes_overall",2.69566751963293
166629,2024,"pct_female_athletes",2.41177963950241
166629,2024,"pct_male_athletes",3.00488524287953
166629,2024,"total_athletes_undup",611
166629,2024,"total_varsity_sports",17
166629,2024,"womens_varsity_sports",9
166638,2024,"female_athletes_undup",163
166638,2024,"male_athletes_undup",211
166638,2024,"mens_varsity_sports",7
166638,2024,"multi_sport_ratio",1.10160427807487
166638,2024,"pct_athletes_overall",3.81866448846232
166638,2024,"pct_female_athletes",2.9952223447262
166638,2024,"pct_male_athletes",4.84834558823529
166638,2024,"total_athletes_undup",374
166638,2024,"total_varsity_sports",15
166638,2024,"womens_varsity_sports",8
166683,2024,"female_athletes_undup",360
166683,2024,"male_athletes_undup",439
166683,2024,"mens_varsity_sports",15
166683,2024,"multi_sport_ratio",1.23404255319149
166683,2024,"pct_athletes_overall",17.7990643795946
166683,2024,"pct_female_athletes",16.597510373444
166683,2024,"pct_male_athletes",18.9224137931034
166683,2024,"total_athletes_undup",799
166683,2024,"total_varsity_sports",29
166683,2024,"womens_varsity_sports",14
166692,2024,"female_athletes_undup",99
166692,2024,"male_athletes_undup",345
166692,2024,"mens_varsity_sports",7
166692,2024,"multi_sport_ratio",1.15540540540541
166692,2024,"pct_athletes_overall",32.1739130434783
166692,2024,"pct_female_athletes",48.7684729064039
166692,2024,"pct_male_athletes",29.3118096856415
166692,2024,"total_athletes_undup",444
166692,2024,"total_varsity_sports",14
166692,2024,"womens_varsity_sports",7
166850,2024,"female_athletes_undup",333
166850,2024,"male_athletes_undup",363
166850,2024,"mens_varsity_sports",12
166850,2024,"multi_sport_ratio",1.21120689655172
166850,2024,"pct_athletes_overall",18.2437745740498
166850,2024,"pct_female_athletes",16.2995594713656
166850,2024,"pct_male_athletes",20.4853273137698
166850,2024,"total_athletes_undup",696
166850,2024,"total_varsity_sports",28
166850,2024,"womens_varsity_sports",16
167260,2024,"female_athletes_undup",192
167260,2024,"male_athletes_undup",365
167260,2024,"mens_varsity_sports",12
167260,2024,"multi_sport_ratio",1.07181328545781
167260,2024,"pct_athletes_overall",51.9589552238806
167260,2024,"pct_female_athletes",53.9325842696629
167260,2024,"pct_male_athletes",50.9776536312849
167260,2024,"total_athletes_undup",557
167260,2024,"total_varsity_sports",24
167260,2024,"womens_varsity_sports",12
167288,2024,"female_athletes_undup",78
167288,2024,"male_athletes_undup",134
167288,2024,"mens_varsity_sports",7
167288,2024,"multi_sport_ratio",1.08962264150943
167288,2024,"pct_athletes_overall",32.2678843226788
167288,2024,"pct_female_athletes",21.9718309859155
167288,2024,"pct_male_athletes",44.3708609271523
167288,2024,"total_athletes_undup",212
167288,2024,"total_varsity_sports",13
167288,2024,"womens_varsity_sports",6
167358,2024,"female_athletes_undup",289
167358,2024,"male_athletes_undup",253
167358,2024,"mens_varsity_sports",6
167358,2024,"multi_sport_ratio",1.2859778597786
167358,2024,"pct_athletes_overall",3.12824656585479
167358,2024,"pct_female_athletes",2.94867870625446
167358,2024,"pct_male_athletes",3.36212624584718
167358,2024,"total_athletes_undup",542
167358,2024,"total_varsity_sports",14
167358,2024,"womens_varsity_sports",8
167394,2024,"female_athletes_undup",106
167394,2024,"male_athletes_undup",95
167394,2024,"mens_varsity_sports",7
167394,2024,"multi_sport_ratio",1.04975124378109
167394,2024,"pct_athletes_overall",23.3178654292343
167394,2024,"pct_female_athletes",17.0144462279294
167394,2024,"pct_male_athletes",39.7489539748954
167394,2024,"total_athletes_undup",201
167394,2024,"total_varsity_sports",15
167394,2024,"womens_varsity_sports",8
167525,2024,"female_athletes_undup",0
167525,2024,"male_athletes_undup",17
167525,2024,"mens_varsity_sports",1
167525,2024,"multi_sport_ratio",1
167525,2024,"pct_athletes_overall",1.80851063829787
167525,2024,"pct_female_athletes",0
167525,2024,"pct_male_athletes",3.67170626349892
167525,2024,"total_athletes_undup",17
167525,2024,"total_varsity_sports",1
167525,2024,"womens_varsity_sports",0
167598,2024,"female_athletes_undup",155
167598,2024,"male_athletes_undup",130
167598,2024,"mens_varsity_sports",6
167598,2024,"multi_sport_ratio",1.24912280701754
167598,2024,"pct_athletes_overall",36.0303413400759
167598,2024,"pct_female_athletes",25.7048092868988
167598,2024,"pct_male_athletes",69.1489361702128
167598,2024,"total_athletes_undup",285
167598,2024,"total_varsity_sports",15
167598,2024,"womens_varsity_sports",9
167729,2024,"female_athletes_undup",136
167729,2024,"male_athletes_undup",154
167729,2024,"mens_varsity_sports",7
167729,2024,"multi_sport_ratio",1.08620689655172
167729,2024,"pct_athletes_overall",7.79150994089199
167729,2024,"pct_female_athletes",5.78969774372073
167729,2024,"pct_male_athletes",11.2163146394756
167729,2024,"total_athletes_undup",290
167729,2024,"total_varsity_sports",15
167729,2024,"womens_varsity_sports",8
167899,2024,"female_athletes_undup",224
167899,2024,"male_athletes_undup",438
167899,2024,"mens_varsity_sports",12
167899,2024,"multi_sport_ratio",1.23564954682779
167899,2024,"pct_athletes_overall",38.11168681635
167899,2024,"pct_female_athletes",26.508875739645
167899,2024,"pct_male_athletes",49.1031390134529
167899,2024,"total_athletes_undup",662
167899,2024,"total_varsity_sports",22
167899,2024,"womens_varsity_sports",10
167987,2024,"female_athletes_undup",143
167987,2024,"male_athletes_undup",271
167987,2024,"mens_varsity_sports",8
167987,2024,"multi_sport_ratio",1.2536231884058
167987,2024,"pct_athletes_overall",8.96880415944541
167987,2024,"pct_female_athletes",6.0363022372309
167987,2024,"pct_male_athletes",12.0605251446373
167987,2024,"total_athletes_undup",414
167987,2024,"total_varsity_sports",19
167987,2024,"womens_varsity_sports",11
167996,2024,"female_athletes_undup",290
167996,2024,"male_athletes_undup",314
167996,2024,"mens_varsity_sports",7
167996,2024,"multi_sport_ratio",1.20860927152318
167996,2024,"pct_athletes_overall",24.1117764471058
167996,2024,"pct_female_athletes",21.2922173274596
167996,2024,"pct_male_athletes",27.4715660542432
167996,2024,"total_athletes_undup",604
167996,2024,"total_varsity_sports",19
167996,2024,"womens_varsity_sports",12
168005,2024,"female_athletes_undup",183
168005,2024,"male_athletes_undup",170
168005,2024,"mens_varsity_sports",7
168005,2024,"multi_sport_ratio",1.30028328611898
168005,2024,"pct_athletes_overall",8.47132229421646
168005,2024,"pct_female_athletes",6.78783382789318
168005,2024,"pct_male_athletes",11.5567641060503
168005,2024,"total_athletes_undup",353
168005,2024,"total_varsity_sports",16
168005,2024,"womens_varsity_sports",9
168148,2024,"female_athletes_undup",387
168148,2024,"male_athletes_undup",532
168148,2024,"mens_varsity_sports",12
168148,2024,"multi_sport_ratio",1.1664853101197
168148,2024,"pct_athletes_overall",13.2650115473441
168148,2024,"pct_female_athletes",9.83481575603558
168148,2024,"pct_male_athletes",17.7748078850652
168148,2024,"total_athletes_undup",919
168148,2024,"total_varsity_sports",25
168148,2024,"womens_varsity_sports",13
168218,2024,"female_athletes_undup",273
168218,2024,"male_athletes_undup",0
168218,2024,"mens_varsity_sports",0
168218,2024,"multi_sport_ratio",1.0989010989011
168218,2024,"pct_athletes_overall",11.8747281426707
168218,2024,"pct_female_athletes",11.890243902439
168218,2024,"pct_male_athletes",0
168218,2024,"total_athletes_undup",273
168218,2024,"total_varsity_sports",14
168218,2024,"womens_varsity_sports",14
168227,2024,"female_athletes_undup",131
168227,2024,"male_athletes_undup",285
168227,2024,"mens_varsity_sports",11
168227,2024,"multi_sport_ratio",1.08653846153846
168227,2024,"pct_athletes_overall",11.4853672004417
168227,2024,"pct_female_athletes",13.4496919917864
168227,2024,"pct_male_athletes",10.7628398791541
168227,2024,"total_athletes_undup",416
168227,2024,"total_varsity_sports",19
168227,2024,"womens_varsity_sports",8
168254,2024,"female_athletes_undup",240
168254,2024,"male_athletes_undup",399
168254,2024,"mens_varsity_sports",11
168254,2024,"multi_sport_ratio",1.05633802816901
168254,2024,"pct_athletes_overall",25.1278018088871
168254,2024,"pct_female_athletes",21.6021602160216
168254,2024,"pct_male_athletes",27.8631284916201
168254,2024,"total_athletes_undup",639
168254,2024,"total_varsity_sports",23
168254,2024,"womens_varsity_sports",12
168263,2024,"female_athletes_undup",170
168263,2024,"male_athletes_undup",245
168263,2024,"mens_varsity_sports",7
168263,2024,"multi_sport_ratio",1.36626506024096
168263,2024,"pct_athletes_overall",13.0134838507369
168263,2024,"pct_female_athletes",9.6921322690992
168263,2024,"pct_male_athletes",17.0731707317073
168263,2024,"total_athletes_undup",415
168263,2024,"total_varsity_sports",16
168263,2024,"womens_varsity_sports",9
168281,2024,"female_athletes_undup",201
168281,2024,"male_athletes_undup",197
168281,2024,"mens_varsity_sports",9
168281,2024,"multi_sport_ratio",1.24120603015075
168281,2024,"pct_athletes_overall",22.4985867721877
168281,2024,"pct_female_athletes",17.3575129533679
168281,2024,"pct_male_athletes",32.2422258592471
168281,2024,"total_athletes_undup",398
168281,2024,"total_varsity_sports",21
168281,2024,"womens_varsity_sports",12
168342,2024,"female_athletes_undup",345
168342,2024,"male_athletes_undup",355
168342,2024,"mens_varsity_sports",16
168342,2024,"multi_sport_ratio",1.37428571428571
168342,2024,"pct_athletes_overall",33.718689788054
168342,2024,"pct_female_athletes",31.6804407713499
168342,2024,"pct_male_athletes",35.96757852077
168342,2024,"total_athletes_undup",700
168342,2024,"total_varsity_sports",32
168342,2024,"womens_varsity_sports",16
168421,2024,"female_athletes_undup",212
168421,2024,"male_athletes_undup",337
168421,2024,"mens_varsity_sports",8
168421,2024,"multi_sport_ratio",1.21675774134791
168421,2024,"pct_athletes_overall",10.3001876172608
168421,2024,"pct_female_athletes",12.135088723526
168421,2024,"pct_male_athletes",9.40552609545074
168421,2024,"total_athletes_undup",549
168421,2024,"total_varsity_sports",16
168421,2024,"womens_varsity_sports",8
168430,2024,"female_athletes_undup",171
168430,2024,"male_athletes_undup",245
168430,2024,"mens_varsity_sports",9
168430,2024,"multi_sport_ratio",1.13942307692308
168430,2024,"pct_athletes_overall",12.3259259259259
168430,2024,"pct_female_athletes",8.42779694430754
168430,2024,"pct_male_athletes",18.2020802377415
168430,2024,"total_athletes_undup",416
168430,2024,"total_varsity_sports",20
168430,2024,"womens_varsity_sports",11
168528,2024,"female_athletes_undup",317
168528,2024,"male_athletes_undup",529
168528,2024,"mens_varsity_sports",13
168528,2024,"multi_sport_ratio",1.08510638297872
168528,2024,"pct_athletes_overall",53.1073446327684
168528,2024,"pct_female_athletes",46.8934911242604
168528,2024,"pct_male_athletes",57.6881134133043
168528,2024,"total_athletes_undup",846
168528,2024,"total_varsity_sports",28
168528,2024,"womens_varsity_sports",15
168546,2024,"female_athletes_undup",252
168546,2024,"male_athletes_undup",380
168546,2024,"mens_varsity_sports",10
168546,2024,"multi_sport_ratio",1.20727848101266
168546,2024,"pct_athletes_overall",48.8408037094281
168546,2024,"pct_female_athletes",36.5217391304348
168546,2024,"pct_male_athletes",62.9139072847682
168546,2024,"total_athletes_undup",632
168546,2024,"total_varsity_sports",20
168546,2024,"womens_varsity_sports",10
168591,2024,"female_athletes_undup",323
168591,2024,"male_athletes_undup",413
168591,2024,"mens_varsity_sports",11
168591,2024,"multi_sport_ratio",1.19836956521739
168591,2024,"pct_athletes_overall",65.2482269503546
168591,2024,"pct_female_athletes",54.1946308724832
168591,2024,"pct_male_athletes",77.6315789473684
168591,2024,"total_athletes_undup",736
168591,2024,"total_varsity_sports",23
168591,2024,"womens_varsity_sports",12
168607,2024,"female_athletes_undup",33
168607,2024,"male_athletes_undup",47
168607,2024,"mens_varsity_sports",3
168607,2024,"multi_sport_ratio",1.0625
168607,2024,"pct_athletes_overall",17.0575692963753
168607,2024,"pct_female_athletes",15.1376146788991
168607,2024,"pct_male_athletes",18.7250996015936
168607,2024,"total_athletes_undup",80
168607,2024,"total_varsity_sports",6
168607,2024,"womens_varsity_sports",3
168740,2024,"female_athletes_undup",31
168740,2024,"male_athletes_undup",35
168740,2024,"mens_varsity_sports",2
168740,2024,"multi_sport_ratio",1.01515151515152
168740,2024,"pct_athletes_overall",6.02739726027397
168740,2024,"pct_female_athletes",5.31732418524871
168740,2024,"pct_male_athletes",6.8359375
168740,2024,"total_athletes_undup",66
168740,2024,"total_varsity_sports",4
168740,2024,"womens_varsity_sports",2
168786,2024,"female_athletes_undup",306
168786,2024,"male_athletes_undup",394
168786,2024,"mens_varsity_sports",13
168786,2024,"multi_sport_ratio",1.02285714285714
168786,2024,"pct_athletes_overall",72.2394220846233
168786,2024,"pct_female_athletes",61.6935483870968
168786,2024,"pct_male_athletes",83.2980972515856
168786,2024,"total_athletes_undup",700
168786,2024,"total_varsity_sports",26
168786,2024,"womens_varsity_sports",13
169080,2024,"female_athletes_undup",290
169080,2024,"male_athletes_undup",419
169080,2024,"mens_varsity_sports",12
169080,2024,"multi_sport_ratio",1.26093088857546
169080,2024,"pct_athletes_overall",23.6175882744837
169080,2024,"pct_female_athletes",18.9914865749836
169080,2024,"pct_male_athletes",28.406779661017
169080,2024,"total_athletes_undup",709
169080,2024,"total_varsity_sports",24
169080,2024,"womens_varsity_sports",12
169248,2024,"female_athletes_undup",238
169248,2024,"male_athletes_undup",230
169248,2024,"mens_varsity_sports",6
169248,2024,"multi_sport_ratio",1.18162393162393
169248,2024,"pct_athletes_overall",5.4004154165705
169248,2024,"pct_female_athletes",4.55328104074995
169248,2024,"pct_male_athletes",6.68799069496947
169248,2024,"total_athletes_undup",468
169248,2024,"total_varsity_sports",15
169248,2024,"womens_varsity_sports",9
169327,2024,"female_athletes_undup",94
169327,2024,"male_athletes_undup",215
169327,2024,"mens_varsity_sports",11
169327,2024,"multi_sport_ratio",1.19417475728155
169327,2024,"pct_athletes_overall",57.2222222222222
169327,2024,"pct_female_athletes",48.2051282051282
169327,2024,"pct_male_athletes",62.3188405797101
169327,2024,"total_athletes_undup",309
169327,2024,"total_varsity_sports",19
169327,2024,"womens_varsity_sports",8
169479,2024,"female_athletes_undup",316
169479,2024,"male_athletes_undup",381
169479,2024,"mens_varsity_sports",10
169479,2024,"multi_sport_ratio",1.21951219512195
169479,2024,"pct_athletes_overall",37.3526259378349
169479,2024,"pct_female_athletes",33.7967914438503
169479,2024,"pct_male_athletes",40.9237379162191
169479,2024,"total_athletes_undup",697
169479,2024,"total_varsity_sports",21
169479,2024,"womens_varsity_sports",11
169716,2024,"female_athletes_undup",169
169716,2024,"male_athletes_undup",160
169716,2024,"mens_varsity_sports",6
169716,2024,"multi_sport_ratio",1.32826747720365
169716,2024,"pct_athletes_overall",14.5962732919255
169716,2024,"pct_female_athletes",11.6391184573003
169716,2024,"pct_male_athletes",19.9501246882793
169716,2024,"total_athletes_undup",329
169716,2024,"total_varsity_sports",13
169716,2024,"womens_varsity_sports",7
169798,2024,"female_athletes_undup",284
169798,2024,"male_athletes_undup",245
169798,2024,"mens_varsity_sports",5
169798,2024,"multi_sport_ratio",1.26654064272212
169798,2024,"pct_athletes_overall",6.83374241054127
169798,2024,"pct_female_athletes",6.33645693886658
169798,2024,"pct_male_athletes",7.51764344891071
169798,2024,"total_athletes_undup",529
169798,2024,"total_varsity_sports",15
169798,2024,"womens_varsity_sports",10
169910,2024,"female_athletes_undup",129
169910,2024,"male_athletes_undup",259
169910,2024,"mens_varsity_sports",6
169910,2024,"multi_sport_ratio",1.40979381443299
169910,2024,"pct_athletes_overall",5.91734024706421
169910,2024,"pct_female_athletes",3.6637318943482
169910,2024,"pct_male_athletes",8.53096179183136
169910,2024,"total_athletes_undup",388
169910,2024,"total_varsity_sports",13
169910,2024,"womens_varsity_sports",7
170000,2024,"female_athletes_undup",56
170000,2024,"male_athletes_undup",98
170000,2024,"mens_varsity_sports",5
170000,2024,"multi_sport_ratio",1.16233766233766
170000,2024,"pct_athletes_overall",31.1740890688259
170000,2024,"pct_female_athletes",22.1343873517787
170000,2024,"pct_male_athletes",40.6639004149378
170000,2024,"total_athletes_undup",154
170000,2024,"total_varsity_sports",11
170000,2024,"womens_varsity_sports",6
170037,2024,"female_athletes_undup",199
170037,2024,"male_athletes_undup",249
170037,2024,"mens_varsity_sports",9
170037,2024,"multi_sport_ratio",1.39732142857143
170037,2024,"pct_athletes_overall",43.8356164383562
170037,2024,"pct_female_athletes",33.728813559322
170037,2024,"pct_male_athletes",57.6388888888889
170037,2024,"total_athletes_undup",448
170037,2024,"total_varsity_sports",19
170037,2024,"womens_varsity_sports",10
170082,2024,"female_athletes_undup",276
170082,2024,"male_athletes_undup",405
170082,2024,"mens_varsity_sports",8
170082,2024,"multi_sport_ratio",1.38472834067548
170082,2024,"pct_athletes_overall",3.97524954760376
170082,2024,"pct_female_athletes",2.65155154193486
170082,2024,"pct_male_athletes",6.02499256173758
170082,2024,"total_athletes_undup",681
170082,2024,"total_varsity_sports",18
170082,2024,"womens_varsity_sports",10
170091,2024,"female_athletes_undup",45
170091,2024,"male_athletes_undup",61
170091,2024,"mens_varsity_sports",2
170091,2024,"multi_sport_ratio",1.00943396226415
170091,2024,"pct_athletes_overall",59.2178770949721
170091,2024,"pct_female_athletes",60
170091,2024,"pct_male_athletes",58.6538461538462
170091,2024,"total_athletes_undup",106
170091,2024,"total_varsity_sports",5
170091,2024,"womens_varsity_sports",3
170240,2024,"female_athletes_undup",39
170240,2024,"male_athletes_undup",67
170240,2024,"mens_varsity_sports",4
170240,2024,"multi_sport_ratio",1.0188679245283
170240,2024,"pct_athletes_overall",2.61534665679743
170240,2024,"pct_female_athletes",1.66666666666667
170240,2024,"pct_male_athletes",3.9112667834209
170240,2024,"total_athletes_undup",106
170240,2024,"total_varsity_sports",7
170240,2024,"womens_varsity_sports",3
170301,2024,"female_athletes_undup",250
170301,2024,"male_athletes_undup",379
170301,2024,"mens_varsity_sports",9
170301,2024,"multi_sport_ratio",1.33545310015898
170301,2024,"pct_athletes_overall",19.4375772558714
170301,2024,"pct_female_athletes",12.7942681678608
170301,2024,"pct_male_athletes",29.5631825273011
170301,2024,"total_athletes_undup",629
170301,2024,"total_varsity_sports",18
170301,2024,"womens_varsity_sports",9
170444,2024,"female_athletes_undup",76
170444,2024,"male_athletes_undup",100
170444,2024,"mens_varsity_sports",6
170444,2024,"multi_sport_ratio",1.02840909090909
170444,2024,"pct_athletes_overall",14.8523206751055
170444,2024,"pct_female_athletes",10.4683195592287
170444,2024,"pct_male_athletes",21.7864923747277
170444,2024,"total_athletes_undup",176
170444,2024,"total_varsity_sports",12
170444,2024,"womens_varsity_sports",6
170532,2024,"female_athletes_undup",154
170532,2024,"male_athletes_undup",274
170532,2024,"mens_varsity_sports",9
170532,2024,"multi_sport_ratio",1.02570093457944
170532,2024,"pct_athletes_overall",37.6429199648197
170532,2024,"pct_female_athletes",24.6006389776358
170532,2024,"pct_male_athletes",53.6203522504892
170532,2024,"total_athletes_undup",428
170532,2024,"total_varsity_sports",18
170532,2024,"womens_varsity_sports",9
170639,2024,"female_athletes_undup",74
170639,2024,"male_athletes_undup",90
170639,2024,"mens_varsity_sports",6
170639,2024,"multi_sport_ratio",1.53048780487805
170639,2024,"pct_athletes_overall",14.1868512110727
170639,2024,"pct_female_athletes",12.1112929623568
170639,2024,"pct_male_athletes",16.5137614678899
170639,2024,"total_athletes_undup",164
170639,2024,"total_varsity_sports",12
170639,2024,"womens_varsity_sports",6
170675,2024,"female_athletes_undup",164
170675,2024,"male_athletes_undup",406
170675,2024,"mens_varsity_sports",13
170675,2024,"multi_sport_ratio",1.11052631578947
170675,2024,"pct_athletes_overall",37.109375
170675,2024,"pct_female_athletes",30.5400372439479
170675,2024,"pct_male_athletes",40.6406406406406
170675,2024,"total_athletes_undup",570
170675,2024,"total_varsity_sports",25
170675,2024,"womens_varsity_sports",12
170806,2024,"female_athletes_undup",281
170806,2024,"male_athletes_undup",402
170806,2024,"mens_varsity_sports",10
170806,2024,"multi_sport_ratio",1.21229868228404
170806,2024,"pct_athletes_overall",51.3920240782543
170806,2024,"pct_female_athletes",33.8146811070999
170806,2024,"pct_male_athletes",80.7228915662651
170806,2024,"total_athletes_undup",683
170806,2024,"total_varsity_sports",21
170806,2024,"womens_varsity_sports",11
170967,2024,"female_athletes_undup",146
170967,2024,"male_athletes_undup",167
170967,2024,"mens_varsity_sports",9
170967,2024,"multi_sport_ratio",1.13738019169329
170967,2024,"pct_athletes_overall",47.209653092006
170967,2024,"pct_female_athletes",39.247311827957
170967,2024,"pct_male_athletes",57.3883161512027
170967,2024,"total_athletes_undup",313
170967,2024,"total_varsity_sports",21
170967,2024,"womens_varsity_sports",12
170976,2024,"female_athletes_undup",424
170976,2024,"male_athletes_undup",486
170976,2024,"mens_varsity_sports",12
170976,2024,"multi_sport_ratio",1.1956043956044
170976,2024,"pct_athletes_overall",2.76452896679527
170976,2024,"pct_female_athletes",2.37003912800447
170976,2024,"pct_male_athletes",3.23417847873827
170976,2024,"total_athletes_undup",910
170976,2024,"total_varsity_sports",25
170976,2024,"womens_varsity_sports",13
171100,2024,"female_athletes_undup",321
171100,2024,"male_athletes_undup",344
171100,2024,"mens_varsity_sports",9
171100,2024,"multi_sport_ratio",1.30225563909774
171100,2024,"pct_athletes_overall",1.73150028641358
171100,2024,"pct_female_athletes",1.61120313205842
171100,2024,"pct_male_athletes",1.86116972352973
171100,2024,"total_athletes_undup",665
171100,2024,"total_varsity_sports",19
171100,2024,"womens_varsity_sports",10
171128,2024,"female_athletes_undup",101
171128,2024,"male_athletes_undup",266
171128,2024,"mens_varsity_sports",7
171128,2024,"multi_sport_ratio",1.15803814713896
171128,2024,"pct_athletes_overall",6.37042180177053
171128,2024,"pct_female_athletes",6.02625298329356
171128,2024,"pct_male_athletes",6.51162790697674
171128,2024,"total_athletes_undup",367
171128,2024,"total_varsity_sports",14
171128,2024,"womens_varsity_sports",7
171137,2024,"female_athletes_undup",98
171137,2024,"male_athletes_undup",139
171137,2024,"mens_varsity_sports",7
171137,2024,"multi_sport_ratio",1.0168776371308
171137,2024,"pct_athletes_overall",4.6902830001979
171137,2024,"pct_female_athletes",3.97243615727604
171137,2024,"pct_male_athletes",5.37509667440062
171137,2024,"total_athletes_undup",237
171137,2024,"total_varsity_sports",14
171137,2024,"womens_varsity_sports",7
171456,2024,"female_athletes_undup",258
171456,2024,"male_athletes_undup",225
171456,2024,"mens_varsity_sports",8
171456,2024,"multi_sport_ratio",1.15113871635611
171456,2024,"pct_athletes_overall",8.4
171456,2024,"pct_female_athletes",7.44803695150116
171456,2024,"pct_male_athletes",9.84251968503937
171456,2024,"total_athletes_undup",483
171456,2024,"total_varsity_sports",20
171456,2024,"womens_varsity_sports",12
171492,2024,"female_athletes_undup",170
171492,2024,"male_athletes_undup",350
171492,2024,"mens_varsity_sports",8
171492,2024,"multi_sport_ratio",1.09230769230769
171492,2024,"pct_athletes_overall",38.9221556886228
171492,2024,"pct_female_athletes",36.0169491525424
171492,2024,"pct_male_athletes",40.5092592592593
171492,2024,"total_athletes_undup",520
171492,2024,"total_varsity_sports",16
171492,2024,"womens_varsity_sports",8
171571,2024,"female_athletes_undup",55
171571,2024,"male_athletes_undup",40
171571,2024,"mens_varsity_sports",6
171571,2024,"multi_sport_ratio",4.14736842105263
171571,2024,"pct_athletes_overall",0.933294036742313
171571,2024,"pct_female_athletes",0.928583488097248
171571,2024,"pct_male_athletes",0.93984962406015
171571,2024,"total_athletes_undup",95
171571,2024,"total_varsity_sports",14
171571,2024,"womens_varsity_sports",8
171599,2024,"female_athletes_undup",183
171599,2024,"male_athletes_undup",415
171599,2024,"mens_varsity_sports",13
171599,2024,"multi_sport_ratio",1.11371237458194
171599,2024,"pct_athletes_overall",69.6969696969697
171599,2024,"pct_female_athletes",51.8413597733711
171599,2024,"pct_male_athletes",82.1782178217822
171599,2024,"total_athletes_undup",598
171599,2024,"total_varsity_sports",24
171599,2024,"womens_varsity_sports",11
171881,2024,"female_athletes_undup",20
171881,2024,"male_athletes_undup",34
171881,2024,"mens_varsity_sports",2
171881,2024,"multi_sport_ratio",1.03703703703704
171881,2024,"pct_athletes_overall",41.8604651162791
171881,2024,"pct_female_athletes",57.1428571428571
171881,2024,"pct_male_athletes",36.1702127659575
171881,2024,"total_athletes_undup",54
171881,2024,"total_varsity_sports",4
171881,2024,"womens_varsity_sports",2
172051,2024,"female_athletes_undup",166
172051,2024,"male_athletes_undup",366
172051,2024,"mens_varsity_sports",7
172051,2024,"multi_sport_ratio",1.31390977443609
172051,2024,"pct_athletes_overall",10.079575596817
172051,2024,"pct_female_athletes",4.92289442467378
172051,2024,"pct_male_athletes",19.202518363064
172051,2024,"total_athletes_undup",532
172051,2024,"total_varsity_sports",16
172051,2024,"womens_varsity_sports",9
172200,2024,"female_athletes_undup",80
172200,2024,"male_athletes_undup",134
172200,2024,"mens_varsity_sports",7
172200,2024,"multi_sport_ratio",1
172200,2024,"pct_athletes_overall",7.06270627062706
172200,2024,"pct_female_athletes",5.16795865633075
172200,2024,"pct_male_athletes",9.04183535762483
172200,2024,"total_athletes_undup",214
172200,2024,"total_varsity_sports",13
172200,2024,"womens_varsity_sports",6
172264,2024,"female_athletes_undup",340
172264,2024,"male_athletes_undup",487
172264,2024,"mens_varsity_sports",10
172264,2024,"multi_sport_ratio",1.07255139056832
172264,2024,"pct_athletes_overall",73.3806566104703
172264,2024,"pct_female_athletes",57.9216354344123
172264,2024,"pct_male_athletes",90.1851851851852
172264,2024,"total_athletes_undup",827
172264,2024,"total_varsity_sports",20
172264,2024,"womens_varsity_sports",10
172334,2024,"female_athletes_undup",223
172334,2024,"male_athletes_undup",213
172334,2024,"mens_varsity_sports",8
172334,2024,"multi_sport_ratio",1.27522935779817
172334,2024,"pct_athletes_overall",48.3906770255272
172334,2024,"pct_female_athletes",38.7826086956522
172334,2024,"pct_male_athletes",65.3374233128834
172334,2024,"total_athletes_undup",436
172334,2024,"total_varsity_sports",17
172334,2024,"womens_varsity_sports",9
172644,2024,"female_athletes_undup",136
172644,2024,"male_athletes_undup",258
172644,2024,"mens_varsity_sports",8
172644,2024,"multi_sport_ratio",1.1497461928934
172644,2024,"pct_athletes_overall",3.11339391544844
172644,2024,"pct_female_athletes",1.81915462814339
172644,2024,"pct_male_athletes",4.98165669048079
172644,2024,"total_athletes_undup",394
172644,2024,"total_varsity_sports",16
172644,2024,"womens_varsity_sports",8
172699,2024,"female_athletes_undup",157
172699,2024,"male_athletes_undup",233
172699,2024,"mens_varsity_sports",6
172699,2024,"multi_sport_ratio",1.11538461538462
172699,2024,"pct_athletes_overall",3.5548263604047
172699,2024,"pct_female_athletes",2.74715660542432
172699,2024,"pct_male_athletes",4.43302891933029
172699,2024,"total_athletes_undup",390
172699,2024,"total_varsity_sports",14
172699,2024,"womens_varsity_sports",8
173045,2024,"female_athletes_undup",115
173045,2024,"male_athletes_undup",302
173045,2024,"mens_varsity_sports",10
173045,2024,"multi_sport_ratio",1.21822541966427
173045,2024,"pct_athletes_overall",17.6097972972973
173045,2024,"pct_female_athletes",8.92164468580295
173045,2024,"pct_male_athletes",27.9888785912882
173045,2024,"total_athletes_undup",417
173045,2024,"total_varsity_sports",21
173045,2024,"womens_varsity_sports",11
173124,2024,"female_athletes_undup",161
173124,2024,"male_athletes_undup",239
173124,2024,"mens_varsity_sports",5
173124,2024,"multi_sport_ratio",1.015
173124,2024,"pct_athletes_overall",17.3686495874946
173124,2024,"pct_female_athletes",12.0238984316654
173124,2024,"pct_male_athletes",24.792531120332
173124,2024,"total_athletes_undup",400
173124,2024,"total_varsity_sports",13
173124,2024,"womens_varsity_sports",8
173142,2024,"female_athletes_undup",131
173142,2024,"male_athletes_undup",144
173142,2024,"mens_varsity_sports",8
173142,2024,"multi_sport_ratio",1.14545454545455
173142,2024,"pct_athletes_overall",41.9207317073171
173142,2024,"pct_female_athletes",38.7573964497041
173142,2024,"pct_male_athletes",45.2830188679245
173142,2024,"total_athletes_undup",275
173142,2024,"total_varsity_sports",17
173142,2024,"womens_varsity_sports",9
173160,2024,"female_athletes_undup",169
173160,2024,"male_athletes_undup",303
173160,2024,"mens_varsity_sports",10
173160,2024,"multi_sport_ratio",1.32203389830508
173160,2024,"pct_athletes_overall",28.7279367011564
173160,2024,"pct_female_athletes",18.7569367369589
173160,2024,"pct_male_athletes",40.8355795148248
173160,2024,"total_athletes_undup",472
173160,2024,"total_varsity_sports",20
173160,2024,"womens_varsity_sports",10
173258,2024,"female_athletes_undup",161
173258,2024,"male_athletes_undup",237
173258,2024,"mens_varsity_sports",8
173258,2024,"multi_sport_ratio",1.19597989949749
173258,2024,"pct_athletes_overall",19.0795781399808
173258,2024,"pct_female_athletes",15.3333333333333
173258,2024,"pct_male_athletes",22.8764478764479
173258,2024,"total_athletes_undup",398
173258,2024,"total_varsity_sports",16
173258,2024,"womens_varsity_sports",8
173300,2024,"female_athletes_undup",205
173300,2024,"male_athletes_undup",346
173300,2024,"mens_varsity_sports",11
173300,2024,"multi_sport_ratio",1.25045372050817
173300,2024,"pct_athletes_overall",30.8683473389356
173300,2024,"pct_female_athletes",21.4884696016771
173300,2024,"pct_male_athletes",41.6365824308063
173300,2024,"total_athletes_undup",551
173300,2024,"total_varsity_sports",22
173300,2024,"womens_varsity_sports",11
173328,2024,"female_athletes_undup",177
173328,2024,"male_athletes_undup",233
173328,2024,"mens_varsity_sports",7
173328,2024,"multi_sport_ratio",1.25609756097561
173328,2024,"pct_athletes_overall",17.7566045907319
173328,2024,"pct_female_athletes",11.6141732283465
173328,2024,"pct_male_athletes",29.6815286624204
173328,2024,"total_athletes_undup",410
173328,2024,"total_varsity_sports",17
173328,2024,"womens_varsity_sports",10
173452,2024,"female_athletes_undup",106
173452,2024,"male_athletes_undup",147
173452,2024,"mens_varsity_sports",9
173452,2024,"multi_sport_ratio",1.43873517786561
173452,2024,"pct_athletes_overall",42.0965058236273
173452,2024,"pct_female_athletes",34.7540983606557
173452,2024,"pct_male_athletes",49.6621621621622
173452,2024,"total_athletes_undup",253
173452,2024,"total_varsity_sports",18
173452,2024,"womens_varsity_sports",9
173647,2024,"female_athletes_undup",337
173647,2024,"male_athletes_undup",522
173647,2024,"mens_varsity_sports",9
173647,2024,"multi_sport_ratio",1.18742724097788
173647,2024,"pct_athletes_overall",46.6087900162778
173647,2024,"pct_female_athletes",34.3527013251784
173647,2024,"pct_male_athletes",60.5568445475638
173647,2024,"total_athletes_undup",859
173647,2024,"total_varsity_sports",19
173647,2024,"womens_varsity_sports",10
173665,2024,"female_athletes_undup",249
173665,2024,"male_athletes_undup",277
173665,2024,"mens_varsity_sports",8
173665,2024,"multi_sport_ratio",1
173665,2024,"pct_athletes_overall",30.5991855730076
173665,2024,"pct_female_athletes",22.6982680036463
173665,2024,"pct_male_athletes",44.5337620578778
173665,2024,"total_athletes_undup",526
173665,2024,"total_varsity_sports",18
173665,2024,"womens_varsity_sports",10
173902,2024,"female_athletes_undup",193
173902,2024,"male_athletes_undup",227
173902,2024,"mens_varsity_sports",8
173902,2024,"multi_sport_ratio",1.3
173902,2024,"pct_athletes_overall",20.0095283468318
173902,2024,"pct_female_athletes",16.218487394958
173902,2024,"pct_male_athletes",24.972497249725
173902,2024,"total_athletes_undup",420
173902,2024,"total_varsity_sports",17
173902,2024,"womens_varsity_sports",9
173920,2024,"female_athletes_undup",306
173920,2024,"male_athletes_undup",329
173920,2024,"mens_varsity_sports",7
173920,2024,"multi_sport_ratio",1.31181102362205
173920,2024,"pct_athletes_overall",6.33859053703334
173920,2024,"pct_female_athletes",5.77031868753536
173920,2024,"pct_male_athletes",6.97773064687169
173920,2024,"total_athletes_undup",635
173920,2024,"total_varsity_sports",16
173920,2024,"womens_varsity_sports",9
174066,2024,"female_athletes_undup",302
174066,2024,"male_athletes_undup",305
174066,2024,"mens_varsity_sports",8
174066,2024,"multi_sport_ratio",1.15321252059308
174066,2024,"pct_athletes_overall",2.03609284851738
174066,2024,"pct_female_athletes",1.86939028164655
174066,2024,"pct_male_athletes",2.23328695906861
174066,2024,"total_athletes_undup",607
174066,2024,"total_varsity_sports",19
174066,2024,"womens_varsity_sports",11
174075,2024,"female_athletes_undup",148
174075,2024,"male_athletes_undup",91
174075,2024,"mens_varsity_sports",4
174075,2024,"multi_sport_ratio",1
174075,2024,"pct_athletes_overall",19.9832775919732
174075,2024,"pct_female_athletes",20.9039548022599
174075,2024,"pct_male_athletes",18.6475409836066
174075,2024,"total_athletes_undup",239
174075,2024,"total_varsity_sports",12
174075,2024,"womens_varsity_sports",8
174233,2024,"female_athletes_undup",177
174233,2024,"male_athletes_undup",217
174233,2024,"mens_varsity_sports",5
174233,2024,"multi_sport_ratio",1.34010152284264
174233,2024,"pct_athletes_overall",5.64955549182678
174233,2024,"pct_female_athletes",5.17846693973084
174233,2024,"pct_male_athletes",6.10236220472441
174233,2024,"total_athletes_undup",394
174233,2024,"total_varsity_sports",12
174233,2024,"womens_varsity_sports",7
174251,2024,"female_athletes_undup",134
174251,2024,"male_athletes_undup",193
174251,2024,"mens_varsity_sports",7
174251,2024,"multi_sport_ratio",1.28134556574924
174251,2024,"pct_athletes_overall",37.0328425821065
174251,2024,"pct_female_athletes",29.0672451193059
174251,2024,"pct_male_athletes",45.7345971563981
174251,2024,"total_athletes_undup",327
174251,2024,"total_varsity_sports",15
174251,2024,"womens_varsity_sports",8
174358,2024,"female_athletes_undup",142
174358,2024,"male_athletes_undup",206
174358,2024,"mens_varsity_sports",4
174358,2024,"multi_sport_ratio",1.2816091954023
174358,2024,"pct_athletes_overall",13.3949191685912
174358,2024,"pct_female_athletes",8.71700429711479
174358,2024,"pct_male_athletes",21.2590299277606
174358,2024,"total_athletes_undup",348
174358,2024,"total_varsity_sports",12
174358,2024,"womens_varsity_sports",8
174437,2024,"female_athletes_undup",96
174437,2024,"male_athletes_undup",111
174437,2024,"mens_varsity_sports",5
174437,2024,"multi_sport_ratio",1.28502415458937
174437,2024,"pct_athletes_overall",32.2932917316693
174437,2024,"pct_female_athletes",28.1524926686217
174437,2024,"pct_male_athletes",37
174437,2024,"total_athletes_undup",207
174437,2024,"total_varsity_sports",11
174437,2024,"womens_varsity_sports",6
174491,2024,"female_athletes_undup",119
174491,2024,"male_athletes_undup",220
174491,2024,"mens_varsity_sports",9
174491,2024,"multi_sport_ratio",1.15929203539823
174491,2024,"pct_athletes_overall",25.6042296072508
174491,2024,"pct_female_athletes",16.3461538461538
174491,2024,"pct_male_athletes",36.9127516778523
174491,2024,"total_athletes_undup",339
174491,2024,"total_varsity_sports",18
174491,2024,"womens_varsity_sports",9
174525,2024,"female_athletes_undup",2
174525,2024,"male_athletes_undup",15
174525,2024,"mens_varsity_sports",3
174525,2024,"multi_sport_ratio",1.58823529411765
174525,2024,"pct_athletes_overall",26.984126984127
174525,2024,"pct_female_athletes",7.69230769230769
174525,2024,"pct_male_athletes",40.5405405405405
174525,2024,"total_athletes_undup",17
174525,2024,"total_varsity_sports",4
174525,2024,"womens_varsity_sports",1
174783,2024,"female_athletes_undup",182
174783,2024,"male_athletes_undup",200
174783,2024,"mens_varsity_sports",6
174783,2024,"multi_sport_ratio",1.09947643979058
174783,2024,"pct_athletes_overall",9.5309381237525
174783,2024,"pct_female_athletes",8.41813135985199
174783,2024,"pct_male_athletes",10.8342361863489
174783,2024,"total_athletes_undup",382
174783,2024,"total_varsity_sports",14
174783,2024,"womens_varsity_sports",8
174817,2024,"female_athletes_undup",175
174817,2024,"male_athletes_undup",174
174817,2024,"mens_varsity_sports",6
174817,2024,"multi_sport_ratio",1.1919770773639
174817,2024,"pct_athletes_overall",39.7042093287827
174817,2024,"pct_female_athletes",36.6108786610879
174817,2024,"pct_male_athletes",43.3915211970075
174817,2024,"total_athletes_undup",349
174817,2024,"total_varsity_sports",13
174817,2024,"womens_varsity_sports",7
174844,2024,"female_athletes_undup",245
174844,2024,"male_athletes_undup",339
174844,2024,"mens_varsity_sports",13
174844,2024,"multi_sport_ratio",1.35787671232877
174844,2024,"pct_athletes_overall",19.047619047619
174844,2024,"pct_female_athletes",13.641425389755
174844,2024,"pct_male_athletes",26.6929133858268
174844,2024,"total_athletes_undup",584
174844,2024,"total_varsity_sports",26
174844,2024,"womens_varsity_sports",13
174862,2024,"female_athletes_undup",93
174862,2024,"male_athletes_undup",197
174862,2024,"mens_varsity_sports",7
174862,2024,"multi_sport_ratio",1.35862068965517
174862,2024,"pct_athletes_overall",46.6237942122186
174862,2024,"pct_female_athletes",31.2080536912752
174862,2024,"pct_male_athletes",60.8024691358025
174862,2024,"total_athletes_undup",290
174862,2024,"total_varsity_sports",14
174862,2024,"womens_varsity_sports",7
174899,2024,"female_athletes_undup",193
174899,2024,"male_athletes_undup",293
174899,2024,"mens_varsity_sports",11
174899,2024,"multi_sport_ratio",1.07818930041152
174899,2024,"pct_athletes_overall",29.9445471349353
174899,2024,"pct_female_athletes",18.5398655139289
174899,2024,"pct_male_athletes",50.3436426116838
174899,2024,"total_athletes_undup",486
174899,2024,"total_varsity_sports",22
174899,2024,"womens_varsity_sports",11
174914,2024,"female_athletes_undup",239
174914,2024,"male_athletes_undup",319
174914,2024,"mens_varsity_sports",8
174914,2024,"multi_sport_ratio",1.23297491039427
174914,2024,"pct_athletes_overall",9.10871694417238
174914,2024,"pct_female_athletes",7.82580222658808
174914,2024,"pct_male_athletes",10.3841145833333
174914,2024,"total_athletes_undup",558
174914,2024,"total_varsity_sports",17
174914,2024,"womens_varsity_sports",9
175005,2024,"female_athletes_undup",162
175005,2024,"male_athletes_undup",0
175005,2024,"mens_varsity_sports",0
175005,2024,"multi_sport_ratio",1.1358024691358
175005,2024,"pct_athletes_overall",9.84802431610942
175005,2024,"pct_female_athletes",9.98766954377312
175005,2024,"pct_male_athletes",0
175005,2024,"total_athletes_undup",162
175005,2024,"total_varsity_sports",9
175005,2024,"womens_varsity_sports",9
175078,2024,"female_athletes_undup",147
175078,2024,"male_athletes_undup",228
175078,2024,"mens_varsity_sports",5
175078,2024,"multi_sport_ratio",1.264
175078,2024,"pct_athletes_overall",22.8241022519781
175078,2024,"pct_female_athletes",14.2166344294004
175078,2024,"pct_male_athletes",37.4384236453202
175078,2024,"total_athletes_undup",375
175078,2024,"total_varsity_sports",12
175078,2024,"womens_varsity_sports",7
175272,2024,"female_athletes_undup",170
175272,2024,"male_athletes_undup",225
175272,2024,"mens_varsity_sports",5
175272,2024,"multi_sport_ratio",1.15443037974684
175272,2024,"pct_athletes_overall",8.86246354049809
175272,2024,"pct_female_athletes",5.55011426705844
175272,2024,"pct_male_athletes",16.1406025824964
175272,2024,"total_athletes_undup",395
175272,2024,"total_varsity_sports",15
175272,2024,"womens_varsity_sports",10
175342,2024,"female_athletes_undup",123
175342,2024,"male_athletes_undup",207
175342,2024,"mens_varsity_sports",5
175342,2024,"multi_sport_ratio",1.21212121212121
175342,2024,"pct_athletes_overall",16.0349854227405
175342,2024,"pct_female_athletes",9.06411201179072
175342,2024,"pct_male_athletes",29.5292439372325
175342,2024,"total_athletes_undup",330
175342,2024,"total_varsity_sports",11
175342,2024,"womens_varsity_sports",6
175421,2024,"female_athletes_undup",117
175421,2024,"male_athletes_undup",273
175421,2024,"mens_varsity_sports",7
175421,2024,"multi_sport_ratio",1.14871794871795
175421,2024,"pct_athletes_overall",34.1506129597198
175421,2024,"pct_female_athletes",17.2312223858616
175421,2024,"pct_male_athletes",58.963282937365
175421,2024,"total_athletes_undup",390
175421,2024,"total_varsity_sports",13
175421,2024,"womens_varsity_sports",6
175430,2024,"female_athletes_undup",118
175430,2024,"male_athletes_undup",205
175430,2024,"mens_varsity_sports",9
175430,2024,"multi_sport_ratio",1.06811145510836
175430,2024,"pct_athletes_overall",67.5732217573222
175430,2024,"pct_female_athletes",50.6437768240343
175430,2024,"pct_male_athletes",83.6734693877551
175430,2024,"total_athletes_undup",323
175430,2024,"total_varsity_sports",19
175430,2024,"womens_varsity_sports",10
175616,2024,"female_athletes_undup",99
175616,2024,"male_athletes_undup",239
175616,2024,"mens_varsity_sports",7
175616,2024,"multi_sport_ratio",1.00887573964497
175616,2024,"pct_athletes_overall",23.6033519553073
175616,2024,"pct_female_athletes",13.0952380952381
175616,2024,"pct_male_athletes",35.3550295857988
175616,2024,"total_athletes_undup",338
175616,2024,"total_varsity_sports",13
175616,2024,"womens_varsity_sports",6
175856,2024,"female_athletes_undup",139
175856,2024,"male_athletes_undup",224
175856,2024,"mens_varsity_sports",5
175856,2024,"multi_sport_ratio",1.29476584022039
175856,2024,"pct_athletes_overall",8.76388218252052
175856,2024,"pct_female_athletes",5.32363079279969
175856,2024,"pct_male_athletes",14.6309601567603
175856,2024,"total_athletes_undup",363
175856,2024,"total_varsity_sports",12
175856,2024,"womens_varsity_sports",7
175980,2024,"female_athletes_undup",114
175980,2024,"male_athletes_undup",244
175980,2024,"mens_varsity_sports",8
175980,2024,"multi_sport_ratio",1.07821229050279
175980,2024,"pct_athletes_overall",65.9300184162063
175980,2024,"pct_female_athletes",46.1538461538462
175980,2024,"pct_male_athletes",82.4324324324324
175980,2024,"total_athletes_undup",358
175980,2024,"total_varsity_sports",16
175980,2024,"womens_varsity_sports",8
176017,2024,"female_athletes_undup",161
176017,2024,"male_athletes_undup",247
176017,2024,"mens_varsity_sports",6
176017,2024,"multi_sport_ratio",1.27450980392157
176017,2024,"pct_athletes_overall",1.99530516431925
176017,2024,"pct_female_athletes",1.36823319452707
176017,2024,"pct_male_athletes",2.84529432093077
176017,2024,"total_athletes_undup",408
176017,2024,"total_varsity_sports",14
176017,2024,"womens_varsity_sports",8
176035,2024,"female_athletes_undup",121
176035,2024,"male_athletes_undup",110
176035,2024,"mens_varsity_sports",6
176035,2024,"multi_sport_ratio",1.12121212121212
176035,2024,"pct_athletes_overall",15.9751037344398
176035,2024,"pct_female_athletes",10.4943625325238
176035,2024,"pct_male_athletes",37.542662116041
176035,2024,"total_athletes_undup",231
176035,2024,"total_varsity_sports",13
176035,2024,"womens_varsity_sports",7
176044,2024,"female_athletes_undup",90
176044,2024,"male_athletes_undup",176
176044,2024,"mens_varsity_sports",5
176044,2024,"multi_sport_ratio",1.25187969924812
176044,2024,"pct_athletes_overall",25.6509161041466
176044,2024,"pct_female_athletes",17.0132325141777
176044,2024,"pct_male_athletes",34.6456692913386
176044,2024,"total_athletes_undup",266
176044,2024,"total_varsity_sports",11
176044,2024,"womens_varsity_sports",6
176053,2024,"female_athletes_undup",142
176053,2024,"male_athletes_undup",269
176053,2024,"mens_varsity_sports",8
176053,2024,"multi_sport_ratio",1.09002433090024
176053,2024,"pct_athletes_overall",16.837361736993
176053,2024,"pct_female_athletes",10.0495399858457
176053,2024,"pct_male_athletes",26.1673151750973
176053,2024,"total_athletes_undup",411
176053,2024,"total_varsity_sports",16
176053,2024,"womens_varsity_sports",8
176080,2024,"female_athletes_undup",165
176080,2024,"male_athletes_undup",221
176080,2024,"mens_varsity_sports",6
176080,2024,"multi_sport_ratio",1.22020725388601
176080,2024,"pct_athletes_overall",2.28889943074004
176080,2024,"pct_female_athletes",1.89698781329041
176080,2024,"pct_male_athletes",2.70634337496939
176080,2024,"total_athletes_undup",386
176080,2024,"total_varsity_sports",13
176080,2024,"womens_varsity_sports",7
176318,2024,"female_athletes_undup",32
176318,2024,"male_athletes_undup",82
176318,2024,"mens_varsity_sports",5
176318,2024,"multi_sport_ratio",2.08771929824561
176318,2024,"pct_athletes_overall",27.2076372315036
176318,2024,"pct_female_athletes",14.9532710280374
176318,2024,"pct_male_athletes",40
176318,2024,"total_athletes_undup",114
176318,2024,"total_varsity_sports",11
176318,2024,"womens_varsity_sports",6
176336,2024,"female_athletes_undup",9
176336,2024,"male_athletes_undup",55
176336,2024,"mens_varsity_sports",2
176336,2024,"multi_sport_ratio",1.015625
176336,2024,"pct_athletes_overall",77.1084337349398
176336,2024,"pct_female_athletes",47.3684210526316
176336,2024,"pct_male_athletes",85.9375
176336,2024,"total_athletes_undup",64
176336,2024,"total_varsity_sports",3
176336,2024,"womens_varsity_sports",1
176372,2024,"female_athletes_undup",158
176372,2024,"male_athletes_undup",210
176372,2024,"mens_varsity_sports",7
176372,2024,"multi_sport_ratio",1.22826086956522
176372,2024,"pct_athletes_overall",4.24011982947344
176372,2024,"pct_female_athletes",2.8879546700786
176372,2024,"pct_male_athletes",6.54613466334165
176372,2024,"total_athletes_undup",368
176372,2024,"total_varsity_sports",15
176372,2024,"womens_varsity_sports",8
176406,2024,"female_athletes_undup",52
176406,2024,"male_athletes_undup",70
176406,2024,"mens_varsity_sports",4
176406,2024,"multi_sport_ratio",1.05737704918033
176406,2024,"pct_athletes_overall",20.265780730897
176406,2024,"pct_female_athletes",14.7727272727273
176406,2024,"pct_male_athletes",28
176406,2024,"total_athletes_undup",122
176406,2024,"total_varsity_sports",8
176406,2024,"womens_varsity_sports",4
176479,2024,"female_athletes_undup",182
176479,2024,"male_athletes_undup",188
176479,2024,"mens_varsity_sports",10
176479,2024,"multi_sport_ratio",1.11081081081081
176479,2024,"pct_athletes_overall",19.4839389152185
176479,2024,"pct_female_athletes",14.3307086614173
176479,2024,"pct_male_athletes",29.8887122416534
176479,2024,"total_athletes_undup",370
176479,2024,"total_varsity_sports",22
176479,2024,"womens_varsity_sports",12
176628,2024,"female_athletes_undup",177
176628,2024,"male_athletes_undup",299
176628,2024,"mens_varsity_sports",7
176628,2024,"multi_sport_ratio",1.00210084033613
176628,2024,"pct_athletes_overall",40.373197625106
176628,2024,"pct_female_athletes",24.1803278688525
176628,2024,"pct_male_athletes",66.8903803131991
176628,2024,"total_athletes_undup",476
176628,2024,"total_varsity_sports",15
176628,2024,"womens_varsity_sports",8
176664,2024,"female_athletes_undup",57
176664,2024,"male_athletes_undup",138
176664,2024,"mens_varsity_sports",4
176664,2024,"multi_sport_ratio",1.12307692307692
176664,2024,"pct_athletes_overall",58.0357142857143
176664,2024,"pct_female_athletes",47.5
176664,2024,"pct_male_athletes",63.8888888888889
176664,2024,"total_athletes_undup",195
176664,2024,"total_varsity_sports",7
176664,2024,"womens_varsity_sports",3
176789,2024,"female_athletes_undup",14
176789,2024,"male_athletes_undup",14
176789,2024,"mens_varsity_sports",1
176789,2024,"multi_sport_ratio",1.14285714285714
176789,2024,"pct_athletes_overall",26.1682242990654
176789,2024,"pct_female_athletes",24.1379310344828
176789,2024,"pct_male_athletes",28.5714285714286
176789,2024,"total_athletes_undup",28
176789,2024,"total_varsity_sports",3
176789,2024,"womens_varsity_sports",2
176910,2024,"female_athletes_undup",16
176910,2024,"male_athletes_undup",35
176910,2024,"mens_varsity_sports",2
176910,2024,"multi_sport_ratio",1.03921568627451
176910,2024,"pct_athletes_overall",44.3478260869565
176910,2024,"pct_female_athletes",40
176910,2024,"pct_male_athletes",46.6666666666667
176910,2024,"total_athletes_undup",51
176910,2024,"total_varsity_sports",4
176910,2024,"womens_varsity_sports",2
176947,2024,"female_athletes_undup",332
176947,2024,"male_athletes_undup",434
176947,2024,"mens_varsity_sports",8
176947,2024,"multi_sport_ratio",1.11749347258486
176947,2024,"pct_athletes_overall",73.8669238187078
176947,2024,"pct_female_athletes",62.406015037594
176947,2024,"pct_male_athletes",85.9405940594059
176947,2024,"total_athletes_undup",766
176947,2024,"total_varsity_sports",16
176947,2024,"womens_varsity_sports",8
176965,2024,"female_athletes_undup",141
176965,2024,"male_athletes_undup",357
176965,2024,"mens_varsity_sports",6
176965,2024,"multi_sport_ratio",1.29317269076305
176965,2024,"pct_athletes_overall",10.2532427424336
176965,2024,"pct_female_athletes",5.51427454047712
176965,2024,"pct_male_athletes",15.5217391304348
176965,2024,"total_athletes_undup",498
176965,2024,"total_varsity_sports",13
176965,2024,"womens_varsity_sports",7
177065,2024,"female_athletes_undup",158
177065,2024,"male_athletes_undup",182
177065,2024,"mens_varsity_sports",6
177065,2024,"multi_sport_ratio",1.30588235294118
177065,2024,"pct_athletes_overall",13.7987012987013
177065,2024,"pct_female_athletes",10.6111484217596
177065,2024,"pct_male_athletes",18.6666666666667
177065,2024,"total_athletes_undup",340
177065,2024,"total_varsity_sports",14
177065,2024,"womens_varsity_sports",8
177144,2024,"female_athletes_undup",183
177144,2024,"male_athletes_undup",380
177144,2024,"mens_varsity_sports",9
177144,2024,"multi_sport_ratio",1.05683836589698
177144,2024,"pct_athletes_overall",72.2721437740693
177144,2024,"pct_female_athletes",52.8901734104046
177144,2024,"pct_male_athletes",87.7598152424942
177144,2024,"total_athletes_undup",563
177144,2024,"total_varsity_sports",17
177144,2024,"womens_varsity_sports",8
177214,2024,"female_athletes_undup",196
177214,2024,"male_athletes_undup",246
177214,2024,"mens_varsity_sports",8
177214,2024,"multi_sport_ratio",1.19004524886878
177214,2024,"pct_athletes_overall",32.3099415204678
177214,2024,"pct_female_athletes",27.9202279202279
177214,2024,"pct_male_athletes",36.9369369369369
177214,2024,"total_athletes_undup",442
177214,2024,"total_varsity_sports",17
177214,2024,"womens_varsity_sports",9
177339,2024,"female_athletes_undup",163
177339,2024,"male_athletes_undup",314
177339,2024,"mens_varsity_sports",9
177339,2024,"multi_sport_ratio",1.12788259958071
177339,2024,"pct_athletes_overall",39.0983606557377
177339,2024,"pct_female_athletes",26.6775777414075
177339,2024,"pct_male_athletes",51.559934318555
177339,2024,"total_athletes_undup",477
177339,2024,"total_varsity_sports",18
177339,2024,"womens_varsity_sports",9
177472,2024,"female_athletes_undup",8
177472,2024,"male_athletes_undup",28
177472,2024,"mens_varsity_sports",0
177472,2024,"multi_sport_ratio",1
177472,2024,"pct_athletes_overall",0.786713286713287
177472,2024,"pct_female_athletes",0.313848568065908
177472,2024,"pct_male_athletes",1.38135175135668
177472,2024,"total_athletes_undup",36
177472,2024,"total_varsity_sports",0
177472,2024,"womens_varsity_sports",0
177542,2024,"female_athletes_undup",59
177542,2024,"male_athletes_undup",111
177542,2024,"mens_varsity_sports",5
177542,2024,"multi_sport_ratio",1.23529411764706
177542,2024,"pct_athletes_overall",47.3537604456825
177542,2024,"pct_female_athletes",34.5029239766082
177542,2024,"pct_male_athletes",59.0425531914894
177542,2024,"total_athletes_undup",170
177542,2024,"total_varsity_sports",9
177542,2024,"womens_varsity_sports",4
177551,2024,"female_athletes_undup",74
177551,2024,"male_athletes_undup",93
177551,2024,"mens_varsity_sports",4
177551,2024,"multi_sport_ratio",1
177551,2024,"pct_athletes_overall",19.9522102747909
177551,2024,"pct_female_athletes",13.3574007220217
177551,2024,"pct_male_athletes",32.8621908127208
177551,2024,"total_athletes_undup",167
177551,2024,"total_varsity_sports",9
177551,2024,"womens_varsity_sports",5
177940,2024,"female_athletes_undup",102
177940,2024,"male_athletes_undup",189
177940,2024,"mens_varsity_sports",7
177940,2024,"multi_sport_ratio",1.19931271477663
177940,2024,"pct_athletes_overall",23.0403800475059
177940,2024,"pct_female_athletes",14.3258426966292
177940,2024,"pct_male_athletes",34.3012704174229
177940,2024,"total_athletes_undup",291
177940,2024,"total_varsity_sports",14
177940,2024,"womens_varsity_sports",7
177968,2024,"female_athletes_undup",270
177968,2024,"male_athletes_undup",255
177968,2024,"mens_varsity_sports",8
177968,2024,"multi_sport_ratio",1.07047619047619
177968,2024,"pct_athletes_overall",12.9310344827586
177968,2024,"pct_female_athletes",11.088295687885
177968,2024,"pct_male_athletes",15.6923076923077
177968,2024,"total_athletes_undup",525
177968,2024,"total_varsity_sports",20
177968,2024,"womens_varsity_sports",12
178059,2024,"female_athletes_undup",211
178059,2024,"male_athletes_undup",286
178059,2024,"mens_varsity_sports",10
178059,2024,"multi_sport_ratio",1.2897384305835
178059,2024,"pct_athletes_overall",13.5940919037199
178059,2024,"pct_female_athletes",9.18989547038328
178059,2024,"pct_male_athletes",21.0294117647059
178059,2024,"total_athletes_undup",497
178059,2024,"total_varsity_sports",21
178059,2024,"womens_varsity_sports",11
178208,2024,"female_athletes_undup",36
178208,2024,"male_athletes_undup",45
178208,2024,"mens_varsity_sports",3
178208,2024,"multi_sport_ratio",1.06172839506173
178208,2024,"pct_athletes_overall",16.10337972167
178208,2024,"pct_female_athletes",22.7848101265823
178208,2024,"pct_male_athletes",13.0434782608696
178208,2024,"total_athletes_undup",81
178208,2024,"total_varsity_sports",6
178208,2024,"womens_varsity_sports",3
178244,2024,"female_athletes_undup",288
178244,2024,"male_athletes_undup",492
178244,2024,"mens_varsity_sports",14
178244,2024,"multi_sport_ratio",1.01153846153846
178244,2024,"pct_athletes_overall",60.0924499229584
178244,2024,"pct_female_athletes",41.9213973799127
178244,2024,"pct_male_athletes",80.5237315875614
178244,2024,"total_athletes_undup",780
178244,2024,"total_varsity_sports",27
178244,2024,"womens_varsity_sports",13
178341,2024,"female_athletes_undup",154
178341,2024,"male_athletes_undup",259
178341,2024,"mens_varsity_sports",5
178341,2024,"multi_sport_ratio",1.28571428571429
178341,2024,"pct_athletes_overall",16.6197183098592
178341,2024,"pct_female_athletes",10.3078982597055
178341,2024,"pct_male_athletes",26.1352169525732
178341,2024,"total_athletes_undup",413
178341,2024,"total_varsity_sports",11
178341,2024,"womens_varsity_sports",6
178369,2024,"female_athletes_undup",201
178369,2024,"male_athletes_undup",341
178369,2024,"mens_varsity_sports",14
178369,2024,"multi_sport_ratio",1.19557195571956
178369,2024,"pct_athletes_overall",39.2469225199131
178369,2024,"pct_female_athletes",35.7651245551601
178369,2024,"pct_male_athletes",41.6361416361416
178369,2024,"total_athletes_undup",542
178369,2024,"total_varsity_sports",27
178369,2024,"womens_varsity_sports",13
178387,2024,"female_athletes_undup",154
178387,2024,"male_athletes_undup",221
178387,2024,"mens_varsity_sports",5
178387,2024,"multi_sport_ratio",1.22133333333333
178387,2024,"pct_athletes_overall",18.9873417721519
178387,2024,"pct_female_athletes",13.1849315068493
178387,2024,"pct_male_athletes",27.3853779429988
178387,2024,"total_athletes_undup",375
178387,2024,"total_varsity_sports",13
178387,2024,"womens_varsity_sports",8
178396,2024,"female_athletes_undup",219
178396,2024,"male_athletes_undup",322
178396,2024,"mens_varsity_sports",7
178396,2024,"multi_sport_ratio",1.26617375231054
178396,2024,"pct_athletes_overall",2.35442597266951
178396,2024,"pct_female_athletes",1.7314990512334
178396,2024,"pct_male_athletes",3.11713455953533
178396,2024,"total_athletes_undup",541
178396,2024,"total_varsity_sports",16
178396,2024,"womens_varsity_sports",9
178402,2024,"female_athletes_undup",52
178402,2024,"male_athletes_undup",57
178402,2024,"mens_varsity_sports",4
178402,2024,"multi_sport_ratio",3.13761467889908
178402,2024,"pct_athletes_overall",1.82213306586426
178402,2024,"pct_female_athletes",1.43765551562068
178402,2024,"pct_male_athletes",2.41014799154334
178402,2024,"total_athletes_undup",109
178402,2024,"total_varsity_sports",10
178402,2024,"womens_varsity_sports",6
178411,2024,"female_athletes_undup",109
178411,2024,"male_athletes_undup",370
178411,2024,"mens_varsity_sports",8
178411,2024,"multi_sport_ratio",1.37578288100209
178411,2024,"pct_athletes_overall",9.4124582432698
178411,2024,"pct_female_athletes",9.33219178082192
178411,2024,"pct_male_athletes",9.43636827339964
178411,2024,"total_athletes_undup",479
178411,2024,"total_varsity_sports",13
178411,2024,"womens_varsity_sports",5
178420,2024,"female_athletes_undup",124
178420,2024,"male_athletes_undup",145
178420,2024,"mens_varsity_sports",7
178420,2024,"multi_sport_ratio",1.19702602230483
178420,2024,"pct_athletes_overall",7.08454042665262
178420,2024,"pct_female_athletes",5.84079133301931
178420,2024,"pct_male_athletes",8.66188769414576
178420,2024,"total_athletes_undup",269
178420,2024,"total_varsity_sports",15
178420,2024,"womens_varsity_sports",8
178615,2024,"female_athletes_undup",157
178615,2024,"male_athletes_undup",228
178615,2024,"mens_varsity_sports",6
178615,2024,"multi_sport_ratio",1.28051948051948
178615,2024,"pct_athletes_overall",15.6567710451403
178615,2024,"pct_female_athletes",10.651289009498
178615,2024,"pct_male_athletes",23.1472081218274
178615,2024,"total_athletes_undup",385
178615,2024,"total_varsity_sports",14
178615,2024,"womens_varsity_sports",8
178624,2024,"female_athletes_undup",151
178624,2024,"male_athletes_undup",275
178624,2024,"mens_varsity_sports",5
178624,2024,"multi_sport_ratio",1.32629107981221
178624,2024,"pct_athletes_overall",10.7494322482967
178624,2024,"pct_female_athletes",6.28381190178943
178624,2024,"pct_male_athletes",17.6282051282051
178624,2024,"total_athletes_undup",426
178624,2024,"total_varsity_sports",12
178624,2024,"womens_varsity_sports",7
178679,2024,"female_athletes_undup",29
178679,2024,"male_athletes_undup",42
178679,2024,"mens_varsity_sports",3
178679,2024,"multi_sport_ratio",1.02816901408451
178679,2024,"pct_athletes_overall",14.0316205533597
178679,2024,"pct_female_athletes",12.2362869198312
178679,2024,"pct_male_athletes",15.6133828996283
178679,2024,"total_athletes_undup",71
178679,2024,"total_varsity_sports",6
178679,2024,"womens_varsity_sports",3
178697,2024,"female_athletes_undup",52
178697,2024,"male_athletes_undup",71
178697,2024,"mens_varsity_sports",4
178697,2024,"multi_sport_ratio",1.05691056910569
178697,2024,"pct_athletes_overall",8.62552594670407
178697,2024,"pct_female_athletes",6.55737704918033
178697,2024,"pct_male_athletes",11.216429699842
178697,2024,"total_athletes_undup",123
178697,2024,"total_varsity_sports",8
178697,2024,"womens_varsity_sports",4
178721,2024,"female_athletes_undup",311
178721,2024,"male_athletes_undup",454
178721,2024,"mens_varsity_sports",9
178721,2024,"multi_sport_ratio",1.16993464052288
178721,2024,"pct_athletes_overall",30.5145592341444
178721,2024,"pct_female_athletes",25.59670781893
178721,2024,"pct_male_athletes",35.1393188854489
178721,2024,"total_athletes_undup",765
178721,2024,"total_varsity_sports",18
178721,2024,"womens_varsity_sports",9
179043,2024,"female_athletes_undup",254
179043,2024,"male_athletes_undup",344
179043,2024,"mens_varsity_sports",11
179043,2024,"multi_sport_ratio",1.13545150501672
179043,2024,"pct_athletes_overall",40.2693602693603
179043,2024,"pct_female_athletes",27.7292576419214
179043,2024,"pct_male_athletes",60.4569420035149
179043,2024,"total_athletes_undup",598
179043,2024,"total_varsity_sports",22
179043,2024,"womens_varsity_sports",11
179159,2024,"female_athletes_undup",181
179159,2024,"male_athletes_undup",173
179159,2024,"mens_varsity_sports",6
179159,2024,"multi_sport_ratio",1.35028248587571
179159,2024,"pct_athletes_overall",5.28358208955224
179159,2024,"pct_female_athletes",4.48686167575607
179159,2024,"pct_male_athletes",6.48912228057014
179159,2024,"total_athletes_undup",354
179159,2024,"total_varsity_sports",14
179159,2024,"womens_varsity_sports",8
179265,2024,"female_athletes_undup",155
179265,2024,"male_athletes_undup",137
179265,2024,"mens_varsity_sports",9
179265,2024,"multi_sport_ratio",1.25342465753425
179265,2024,"pct_athletes_overall",87.1641791044776
179265,2024,"pct_female_athletes",78.2828282828283
179265,2024,"pct_male_athletes",100
179265,2024,"total_athletes_undup",292
179265,2024,"total_varsity_sports",18
179265,2024,"womens_varsity_sports",9
179308,2024,"female_athletes_undup",67
179308,2024,"male_athletes_undup",91
179308,2024,"mens_varsity_sports",4
179308,2024,"multi_sport_ratio",1.00632911392405
179308,2024,"pct_athletes_overall",3.33614864864865
179308,2024,"pct_female_athletes",2.24606101240362
179308,2024,"pct_male_athletes",5.19110096976612
179308,2024,"total_athletes_undup",158
179308,2024,"total_varsity_sports",9
179308,2024,"womens_varsity_sports",5
179326,2024,"female_athletes_undup",175
179326,2024,"male_athletes_undup",263
179326,2024,"mens_varsity_sports",8
179326,2024,"multi_sport_ratio",1.33333333333333
179326,2024,"pct_athletes_overall",41.438032166509
179326,2024,"pct_female_athletes",28.6885245901639
179326,2024,"pct_male_athletes",58.8366890380313
179326,2024,"total_athletes_undup",438
179326,2024,"total_varsity_sports",18
179326,2024,"womens_varsity_sports",10
179548,2024,"female_athletes_undup",77
179548,2024,"male_athletes_undup",0
179548,2024,"mens_varsity_sports",0
179548,2024,"multi_sport_ratio",1
179548,2024,"pct_athletes_overall",20.3166226912929
179548,2024,"pct_female_athletes",21.0958904109589
179548,2024,"pct_male_athletes",0
179548,2024,"total_athletes_undup",77
179548,2024,"total_varsity_sports",4
179548,2024,"womens_varsity_sports",4
179557,2024,"female_athletes_undup",107
179557,2024,"male_athletes_undup",173
179557,2024,"mens_varsity_sports",4
179557,2024,"multi_sport_ratio",1.6
179557,2024,"pct_athletes_overall",4.95750708215297
179557,2024,"pct_female_athletes",3.20263394193355
179557,2024,"pct_male_athletes",7.49891634156914
179557,2024,"total_athletes_undup",280
179557,2024,"total_varsity_sports",11
179557,2024,"womens_varsity_sports",7
179566,2024,"female_athletes_undup",259
179566,2024,"male_athletes_undup",203
179566,2024,"mens_varsity_sports",6
179566,2024,"multi_sport_ratio",1.16450216450216
179566,2024,"pct_athletes_overall",4.01459854014599
179566,2024,"pct_female_athletes",3.6183291422185
179566,2024,"pct_male_athletes",4.66666666666667
179566,2024,"total_athletes_undup",462
179566,2024,"total_varsity_sports",16
179566,2024,"womens_varsity_sports",10
179867,2024,"female_athletes_undup",225
179867,2024,"male_athletes_undup",294
179867,2024,"mens_varsity_sports",7
179867,2024,"multi_sport_ratio",1.32947976878613
179867,2024,"pct_athletes_overall",6.91170595285657
179867,2024,"pct_female_athletes",5.60677797159232
179867,2024,"pct_male_athletes",8.40961098398169
179867,2024,"total_athletes_undup",519
179867,2024,"total_varsity_sports",15
179867,2024,"womens_varsity_sports",8
179894,2024,"female_athletes_undup",106
179894,2024,"male_athletes_undup",144
179894,2024,"mens_varsity_sports",8
179894,2024,"multi_sport_ratio",1.192
179894,2024,"pct_athletes_overall",12.6262626262626
179894,2024,"pct_female_athletes",9.33920704845815
179894,2024,"pct_male_athletes",17.0414201183432
179894,2024,"total_athletes_undup",250
179894,2024,"total_varsity_sports",16
179894,2024,"womens_varsity_sports",8
179946,2024,"female_athletes_undup",116
179946,2024,"male_athletes_undup",266
179946,2024,"mens_varsity_sports",11
179946,2024,"multi_sport_ratio",1.22774869109948
179946,2024,"pct_athletes_overall",61.7124394184168
179946,2024,"pct_female_athletes",45.136186770428
179946,2024,"pct_male_athletes",73.4806629834254
179946,2024,"total_athletes_undup",382
179946,2024,"total_varsity_sports",21
179946,2024,"womens_varsity_sports",10
179955,2024,"female_athletes_undup",215
179955,2024,"male_athletes_undup",361
179955,2024,"mens_varsity_sports",10
179955,2024,"multi_sport_ratio",1.10416666666667
179955,2024,"pct_athletes_overall",65.5290102389078
179955,2024,"pct_female_athletes",51.1904761904762
179955,2024,"pct_male_athletes",78.6492374727669
179955,2024,"total_athletes_undup",576
179955,2024,"total_varsity_sports",21
179955,2024,"womens_varsity_sports",11
179964,2024,"female_athletes_undup",263
179964,2024,"male_athletes_undup",335
179964,2024,"mens_varsity_sports",10
179964,2024,"multi_sport_ratio",1.16722408026756
179964,2024,"pct_athletes_overall",57.7220077220077
179964,2024,"pct_female_athletes",44.2760942760943
179964,2024,"pct_male_athletes",75.7918552036199
179964,2024,"total_athletes_undup",598
179964,2024,"total_varsity_sports",20
179964,2024,"womens_varsity_sports",10
180106,2024,"female_athletes_undup",137
180106,2024,"male_athletes_undup",205
180106,2024,"mens_varsity_sports",5
180106,2024,"multi_sport_ratio",1.43859649122807
180106,2024,"pct_athletes_overall",31.8139534883721
180106,2024,"pct_female_athletes",21.6772151898734
180106,2024,"pct_male_athletes",46.27539503386
180106,2024,"total_athletes_undup",342
180106,2024,"total_varsity_sports",11
180106,2024,"womens_varsity_sports",6
180179,2024,"female_athletes_undup",116
180179,2024,"male_athletes_undup",130
180179,2024,"mens_varsity_sports",7
180179,2024,"multi_sport_ratio",1.24390243902439
180179,2024,"pct_athletes_overall",13.5090609555189
180179,2024,"pct_female_athletes",10.6617647058824
180179,2024,"pct_male_athletes",17.7353342428377
180179,2024,"total_athletes_undup",246
180179,2024,"total_varsity_sports",15
180179,2024,"womens_varsity_sports",8
180258,2024,"female_athletes_undup",152
180258,2024,"male_athletes_undup",156
180258,2024,"mens_varsity_sports",6
180258,2024,"multi_sport_ratio",1.18831168831169
180258,2024,"pct_athletes_overall",65.8119658119658
180258,2024,"pct_female_athletes",55.4744525547445
180258,2024,"pct_male_athletes",80.4123711340206
180258,2024,"total_athletes_undup",308
180258,2024,"total_varsity_sports",13
180258,2024,"womens_varsity_sports",7
180416,2024,"female_athletes_undup",63
180416,2024,"male_athletes_undup",208
180416,2024,"mens_varsity_sports",4
180416,2024,"multi_sport_ratio",1.07380073800738
180416,2024,"pct_athletes_overall",19.3571428571429
180416,2024,"pct_female_athletes",12.2568093385214
180416,2024,"pct_male_athletes",23.4762979683973
180416,2024,"total_athletes_undup",271
180416,2024,"total_varsity_sports",8
180416,2024,"womens_varsity_sports",4
180461,2024,"female_athletes_undup",121
180461,2024,"male_athletes_undup",192
180461,2024,"mens_varsity_sports",5
180461,2024,"multi_sport_ratio",1.38658146964856
180461,2024,"pct_athletes_overall",2.42936976094381
180461,2024,"pct_female_athletes",2.02239679090757
180461,2024,"pct_male_athletes",2.78220547746703
180461,2024,"total_athletes_undup",313
180461,2024,"total_varsity_sports",11
180461,2024,"womens_varsity_sports",6
180489,2024,"female_athletes_undup",161
180489,2024,"male_athletes_undup",212
180489,2024,"mens_varsity_sports",4
180489,2024,"multi_sport_ratio",1.34048257372654
180489,2024,"pct_athletes_overall",5.80364088999533
180489,2024,"pct_female_athletes",4.45120265413326
180489,2024,"pct_male_athletes",7.54448398576512
180489,2024,"total_athletes_undup",373
180489,2024,"total_varsity_sports",11
180489,2024,"womens_varsity_sports",7
180522,2024,"female_athletes_undup",39
180522,2024,"male_athletes_undup",146
180522,2024,"mens_varsity_sports",6
180522,2024,"multi_sport_ratio",1.03783783783784
180522,2024,"pct_athletes_overall",28.6821705426357
180522,2024,"pct_female_athletes",16.6666666666667
180522,2024,"pct_male_athletes",35.5231143552311
180522,2024,"total_athletes_undup",185
180522,2024,"total_varsity_sports",11
180522,2024,"womens_varsity_sports",5
180595,2024,"female_athletes_undup",150
180595,2024,"male_athletes_undup",255
180595,2024,"mens_varsity_sports",6
180595,2024,"multi_sport_ratio",1.08395061728395
180595,2024,"pct_athletes_overall",49.0314769975787
180595,2024,"pct_female_athletes",40.4312668463612
180595,2024,"pct_male_athletes",56.043956043956
180595,2024,"total_athletes_undup",405
180595,2024,"total_varsity_sports",12
180595,2024,"womens_varsity_sports",6
180647,2024,"female_athletes_undup",10
180647,2024,"male_athletes_undup",10
180647,2024,"mens_varsity_sports",1
180647,2024,"multi_sport_ratio",1
180647,2024,"pct_athletes_overall",4.29184549356223
180647,2024,"pct_female_athletes",3.23624595469256
180647,2024,"pct_male_athletes",6.36942675159236
180647,2024,"total_athletes_undup",20
180647,2024,"total_varsity_sports",2
180647,2024,"womens_varsity_sports",1
180692,2024,"female_athletes_undup",63
180692,2024,"male_athletes_undup",183
180692,2024,"mens_varsity_sports",4
180692,2024,"multi_sport_ratio",1.09756097560976
180692,2024,"pct_athletes_overall",24.0469208211144
180692,2024,"pct_female_athletes",10.1123595505618
180692,2024,"pct_male_athletes",45.75
180692,2024,"total_athletes_undup",246
180692,2024,"total_varsity_sports",8
180692,2024,"womens_varsity_sports",4
180814,2024,"female_athletes_undup",93
180814,2024,"male_athletes_undup",129
180814,2024,"mens_varsity_sports",5
180814,2024,"multi_sport_ratio",1.07207207207207
180814,2024,"pct_athletes_overall",3.3134328358209
180814,2024,"pct_female_athletes",2.67548906789413
180814,2024,"pct_male_athletes",4.00124069478908
180814,2024,"total_athletes_undup",222
180814,2024,"total_varsity_sports",11
180814,2024,"womens_varsity_sports",6
180948,2024,"female_athletes_undup",142
180948,2024,"male_athletes_undup",234
180948,2024,"mens_varsity_sports",5
180948,2024,"multi_sport_ratio",1.29255319148936
180948,2024,"pct_athletes_overall",27.4653031409788
180948,2024,"pct_female_athletes",16.045197740113
180948,2024,"pct_male_athletes",48.3471074380165
180948,2024,"total_athletes_undup",376
180948,2024,"total_varsity_sports",12
180948,2024,"womens_varsity_sports",7
180984,2024,"female_athletes_undup",306
180984,2024,"male_athletes_undup",453
180984,2024,"mens_varsity_sports",8
180984,2024,"multi_sport_ratio",1.28985507246377
180984,2024,"pct_athletes_overall",62.0605069501227
180984,2024,"pct_female_athletes",49.5948136142626
180984,2024,"pct_male_athletes",74.7524752475248
180984,2024,"total_athletes_undup",759
180984,2024,"total_varsity_sports",16
180984,2024,"womens_varsity_sports",8
181002,2024,"female_athletes_undup",170
181002,2024,"male_athletes_undup",126
181002,2024,"mens_varsity_sports",6
181002,2024,"multi_sport_ratio",1.24324324324324
181002,2024,"pct_athletes_overall",6.94998826015497
181002,2024,"pct_female_athletes",6.86868686868687
181002,2024,"pct_male_athletes",7.0627802690583
181002,2024,"total_athletes_undup",296
181002,2024,"total_varsity_sports",14
181002,2024,"womens_varsity_sports",8
181020,2024,"female_athletes_undup",202
181020,2024,"male_athletes_undup",300
181020,2024,"mens_varsity_sports",10
181020,2024,"multi_sport_ratio",1.33266932270916
181020,2024,"pct_athletes_overall",53.4611288604899
181020,2024,"pct_female_athletes",47.8672985781991
181020,2024,"pct_male_athletes",58.027079303675
181020,2024,"total_athletes_undup",502
181020,2024,"total_varsity_sports",20
181020,2024,"womens_varsity_sports",10
181127,2024,"female_athletes_undup",247
181127,2024,"male_athletes_undup",382
181127,2024,"mens_varsity_sports",9
181127,2024,"multi_sport_ratio",1.1510333863275
181127,2024,"pct_athletes_overall",70.6741573033708
181127,2024,"pct_female_athletes",57.0438799076212
181127,2024,"pct_male_athletes",83.5886214442013
181127,2024,"total_athletes_undup",629
181127,2024,"total_varsity_sports",19
181127,2024,"womens_varsity_sports",10
181215,2024,"female_athletes_undup",185
181215,2024,"male_athletes_undup",261
181215,2024,"mens_varsity_sports",5
181215,2024,"multi_sport_ratio",1.40582959641256
181215,2024,"pct_athletes_overall",12.2865013774105
181215,2024,"pct_female_athletes",8.40527033166742
181215,2024,"pct_male_athletes",18.2645206438069
181215,2024,"total_athletes_undup",446
181215,2024,"total_varsity_sports",13
181215,2024,"womens_varsity_sports",8
181330,2024,"female_athletes_undup",358
181330,2024,"male_athletes_undup",609
181330,2024,"mens_varsity_sports",14
181330,2024,"multi_sport_ratio",1.07135470527404
181330,2024,"pct_athletes_overall",84.0139009556907
181330,2024,"pct_female_athletes",71.031746031746
181330,2024,"pct_male_athletes",94.1267387944359
181330,2024,"total_athletes_undup",967
181330,2024,"total_varsity_sports",28
181330,2024,"womens_varsity_sports",14
181394,2024,"female_athletes_undup",178
181394,2024,"male_athletes_undup",170
181394,2024,"mens_varsity_sports",7
181394,2024,"multi_sport_ratio",1.16666666666667
181394,2024,"pct_athletes_overall",3.56923076923077
181394,2024,"pct_female_athletes",3.17970703822794
181394,2024,"pct_male_athletes",4.09441233140655
181394,2024,"total_athletes_undup",348
181394,2024,"total_varsity_sports",15
181394,2024,"womens_varsity_sports",8
181446,2024,"female_athletes_undup",173
181446,2024,"male_athletes_undup",364
181446,2024,"mens_varsity_sports",9
181446,2024,"multi_sport_ratio",1.31657355679702
181446,2024,"pct_athletes_overall",37.7371749824315
181446,2024,"pct_female_athletes",22.3225806451613
181446,2024,"pct_male_athletes",56.1728395061728
181446,2024,"total_athletes_undup",537
181446,2024,"total_varsity_sports",17
181446,2024,"womens_varsity_sports",8
181464,2024,"female_athletes_undup",277
181464,2024,"male_athletes_undup",341
181464,2024,"mens_varsity_sports",8
181464,2024,"multi_sport_ratio",1.22330097087379
181464,2024,"pct_athletes_overall",3.3605220228385
181464,2024,"pct_female_athletes",3.00923411189571
181464,2024,"pct_male_athletes",3.7125748502994
181464,2024,"total_athletes_undup",618
181464,2024,"total_varsity_sports",20
181464,2024,"womens_varsity_sports",12
181534,2024,"female_athletes_undup",143
181534,2024,"male_athletes_undup",286
181534,2024,"mens_varsity_sports",4
181534,2024,"multi_sport_ratio",1.00699300699301
181534,2024,"pct_athletes_overall",45.8823529411765
181534,2024,"pct_female_athletes",28.714859437751
181534,2024,"pct_male_athletes",65.4462242562929
181534,2024,"total_athletes_undup",429
181534,2024,"total_varsity_sports",9
181534,2024,"womens_varsity_sports",5
181738,2024,"female_athletes_undup",20
181738,2024,"male_athletes_undup",35
181738,2024,"mens_varsity_sports",2
181738,2024,"multi_sport_ratio",1.07272727272727
181738,2024,"pct_athletes_overall",12.0614035087719
181738,2024,"pct_female_athletes",7.46268656716418
181738,2024,"pct_male_athletes",18.6170212765957
181738,2024,"total_athletes_undup",55
181738,2024,"total_varsity_sports",4
181738,2024,"womens_varsity_sports",2
181783,2024,"female_athletes_undup",132
181783,2024,"male_athletes_undup",188
181783,2024,"mens_varsity_sports",4
181783,2024,"multi_sport_ratio",1.34375
181783,2024,"pct_athletes_overall",11.4285714285714
181783,2024,"pct_female_athletes",8.19875776397516
181783,2024,"pct_male_athletes",15.7983193277311
181783,2024,"total_athletes_undup",320
181783,2024,"total_varsity_sports",11
181783,2024,"womens_varsity_sports",7
181853,2024,"female_athletes_undup",172
181853,2024,"male_athletes_undup",211
181853,2024,"mens_varsity_sports",6
181853,2024,"multi_sport_ratio",1.16710182767624
181853,2024,"pct_athletes_overall",96.4735516372796
181853,2024,"pct_female_athletes",96.0893854748603
181853,2024,"pct_male_athletes",96.7889908256881
181853,2024,"total_athletes_undup",383
181853,2024,"total_varsity_sports",14
181853,2024,"womens_varsity_sports",8
182005,2024,"female_athletes_undup",87
182005,2024,"male_athletes_undup",91
182005,2024,"mens_varsity_sports",4
182005,2024,"multi_sport_ratio",1
182005,2024,"pct_athletes_overall",1.91295002686728
182005,2024,"pct_female_athletes",1.65651180502666
182005,2024,"pct_male_athletes",2.24525043177893
182005,2024,"total_athletes_undup",178
182005,2024,"total_varsity_sports",9
182005,2024,"womens_varsity_sports",5
182281,2024,"female_athletes_undup",183
182281,2024,"male_athletes_undup",235
182281,2024,"mens_varsity_sports",7
182281,2024,"multi_sport_ratio",1.18421052631579
182281,2024,"pct_athletes_overall",2.0878078018081
182281,2024,"pct_female_athletes",1.6163222045575
182281,2024,"pct_male_athletes",2.7014599379239
182281,2024,"total_athletes_undup",418
182281,2024,"total_varsity_sports",15
182281,2024,"womens_varsity_sports",8
182290,2024,"female_athletes_undup",192
182290,2024,"male_athletes_undup",211
182290,2024,"mens_varsity_sports",7
182290,2024,"multi_sport_ratio",1.10669975186104
182290,2024,"pct_athletes_overall",2.92622712750508
182290,2024,"pct_female_athletes",2.55455029270889
182290,2024,"pct_male_athletes",3.3727621483376
182290,2024,"total_athletes_undup",403
182290,2024,"total_varsity_sports",16
182290,2024,"womens_varsity_sports",9
182500,2024,"female_athletes_undup",26
182500,2024,"male_athletes_undup",26
182500,2024,"mens_varsity_sports",1
182500,2024,"multi_sport_ratio",1
182500,2024,"pct_athletes_overall",1.82456140350877
182500,2024,"pct_female_athletes",1.61993769470405
182500,2024,"pct_male_athletes",2.08835341365462
182500,2024,"total_athletes_undup",52
182500,2024,"total_varsity_sports",2
182500,2024,"womens_varsity_sports",1
182634,2024,"female_athletes_undup",138
182634,2024,"male_athletes_undup",138
182634,2024,"mens_varsity_sports",6
182634,2024,"multi_sport_ratio",1.31159420289855
182634,2024,"pct_athletes_overall",38.655462184874
182634,2024,"pct_female_athletes",28.2208588957055
182634,2024,"pct_male_athletes",61.3333333333333
182634,2024,"total_athletes_undup",276
182634,2024,"total_varsity_sports",14
182634,2024,"womens_varsity_sports",8
182670,2024,"female_athletes_undup",425
182670,2024,"male_athletes_undup",457
182670,2024,"mens_varsity_sports",13
182670,2024,"multi_sport_ratio",1.14625850340136
182670,2024,"pct_athletes_overall",19.4230345738824
182670,2024,"pct_female_athletes",19.4063926940639
182670,2024,"pct_male_athletes",19.4385367928541
182670,2024,"total_athletes_undup",882
182670,2024,"total_varsity_sports",29
182670,2024,"womens_varsity_sports",16
182795,2024,"female_athletes_undup",200
182795,2024,"male_athletes_undup",383
182795,2024,"mens_varsity_sports",9
182795,2024,"multi_sport_ratio",1.18010291595197
182795,2024,"pct_athletes_overall",69.1577698695136
182795,2024,"pct_female_athletes",52.6315789473684
182795,2024,"pct_male_athletes",82.7213822894169
182795,2024,"total_athletes_undup",583
182795,2024,"total_varsity_sports",20
182795,2024,"womens_varsity_sports",11
182980,2024,"female_athletes_undup",153
182980,2024,"male_athletes_undup",224
182980,2024,"mens_varsity_sports",10
182980,2024,"multi_sport_ratio",1.06896551724138
182980,2024,"pct_athletes_overall",37.7755511022044
182980,2024,"pct_female_athletes",27.0318021201413
182980,2024,"pct_male_athletes",51.8518518518518
182980,2024,"total_athletes_undup",377
182980,2024,"total_varsity_sports",21
182980,2024,"womens_varsity_sports",11
183026,2024,"female_athletes_undup",186
183026,2024,"male_athletes_undup",223
183026,2024,"mens_varsity_sports",8
183026,2024,"multi_sport_ratio",1.09779951100244
183026,2024,"pct_athletes_overall",0.762220689912223
183026,2024,"pct_female_athletes",0.564611601857754
183026,2024,"pct_male_athletes",1.07646263757482
183026,2024,"total_athletes_undup",409
183026,2024,"total_varsity_sports",17
183026,2024,"womens_varsity_sports",9
183044,2024,"female_athletes_undup",255
183044,2024,"male_athletes_undup",238
183044,2024,"mens_varsity_sports",6
183044,2024,"multi_sport_ratio",1.24137931034483
183044,2024,"pct_athletes_overall",4.45106536655832
183044,2024,"pct_female_athletes",4.1069415364793
183044,2024,"pct_male_athletes",4.89007602219026
183044,2024,"total_athletes_undup",493
183044,2024,"total_varsity_sports",16
183044,2024,"womens_varsity_sports",10
183062,2024,"female_athletes_undup",218
183062,2024,"male_athletes_undup",246
183062,2024,"mens_varsity_sports",8
183062,2024,"multi_sport_ratio",1.22844827586207
183062,2024,"pct_athletes_overall",17.397825271841
183062,2024,"pct_female_athletes",15.970695970696
183062,2024,"pct_male_athletes",18.8940092165899
183062,2024,"total_athletes_undup",464
183062,2024,"total_varsity_sports",19
183062,2024,"womens_varsity_sports",11
183080,2024,"female_athletes_undup",225
183080,2024,"male_athletes_undup",380
183080,2024,"mens_varsity_sports",10
183080,2024,"multi_sport_ratio",1.13057851239669
183080,2024,"pct_athletes_overall",19.5729537366548
183080,2024,"pct_female_athletes",15.0804289544236
183080,2024,"pct_male_athletes",23.7648530331457
183080,2024,"total_athletes_undup",605
183080,2024,"total_varsity_sports",21
183080,2024,"womens_varsity_sports",11
183211,2024,"female_athletes_undup",137
183211,2024,"male_athletes_undup",184
183211,2024,"mens_varsity_sports",7
183211,2024,"multi_sport_ratio",1.0404984423676
183211,2024,"pct_athletes_overall",32.9230769230769
183211,2024,"pct_female_athletes",20.6636500754148
183211,2024,"pct_male_athletes",58.974358974359
183211,2024,"total_athletes_undup",321
183211,2024,"total_varsity_sports",15
183211,2024,"womens_varsity_sports",8
183239,2024,"female_athletes_undup",264
183239,2024,"male_athletes_undup",375
183239,2024,"mens_varsity_sports",8
183239,2024,"multi_sport_ratio",1.27856025039124
183239,2024,"pct_athletes_overall",30.884485258579
183239,2024,"pct_female_athletes",21.3765182186235
183239,2024,"pct_male_athletes",44.9640287769784
183239,2024,"total_athletes_undup",639
183239,2024,"total_varsity_sports",19
183239,2024,"womens_varsity_sports",11
183822,2024,"female_athletes_undup",39
183822,2024,"male_athletes_undup",81
183822,2024,"mens_varsity_sports",3
183822,2024,"multi_sport_ratio",1.025
183822,2024,"pct_athletes_overall",17.2910662824208
183822,2024,"pct_female_athletes",9.79899497487437
183822,2024,"pct_male_athletes",27.3648648648649
183822,2024,"total_athletes_undup",120
183822,2024,"total_varsity_sports",6
183822,2024,"womens_varsity_sports",3
183910,2024,"female_athletes_undup",129
183910,2024,"male_athletes_undup",169
183910,2024,"mens_varsity_sports",5
183910,2024,"multi_sport_ratio",1.15771812080537
183910,2024,"pct_athletes_overall",19.3130265716137
183910,2024,"pct_female_athletes",14.527027027027
183910,2024,"pct_male_athletes",25.8015267175572
183910,2024,"total_athletes_undup",298
183910,2024,"total_varsity_sports",12
183910,2024,"womens_varsity_sports",7
183974,2024,"female_athletes_undup",74
183974,2024,"male_athletes_undup",124
183974,2024,"mens_varsity_sports",6
183974,2024,"multi_sport_ratio",1.12626262626263
183974,2024,"pct_athletes_overall",23.1578947368421
183974,2024,"pct_female_athletes",14.2581888246628
183974,2024,"pct_male_athletes",36.9047619047619
183974,2024,"total_athletes_undup",198
183974,2024,"total_varsity_sports",13
183974,2024,"womens_varsity_sports",7
184348,2024,"female_athletes_undup",199
184348,2024,"male_athletes_undup",252
184348,2024,"mens_varsity_sports",12
184348,2024,"multi_sport_ratio",1.10864745011086
184348,2024,"pct_athletes_overall",29.6126066973079
184348,2024,"pct_female_athletes",23.4393404004711
184348,2024,"pct_male_athletes",37.3887240356083
184348,2024,"total_athletes_undup",451
184348,2024,"total_varsity_sports",25
184348,2024,"womens_varsity_sports",13
184603,2024,"female_athletes_undup",185
184603,2024,"male_athletes_undup",180
184603,2024,"mens_varsity_sports",7
184603,2024,"multi_sport_ratio",1.24109589041096
184603,2024,"pct_athletes_overall",17.0481083605792
184603,2024,"pct_female_athletes",17.2253258845438
184603,2024,"pct_male_athletes",16.8697282099344
184603,2024,"total_athletes_undup",365
184603,2024,"total_varsity_sports",17
184603,2024,"womens_varsity_sports",10
184612,2024,"female_athletes_undup",191
184612,2024,"male_athletes_undup",225
184612,2024,"mens_varsity_sports",7
184612,2024,"multi_sport_ratio",1.24278846153846
184612,2024,"pct_athletes_overall",24.6591582691168
184612,2024,"pct_female_athletes",16.2001696352841
184612,2024,"pct_male_athletes",44.2913385826772
184612,2024,"total_athletes_undup",416
184612,2024,"total_varsity_sports",16
184612,2024,"womens_varsity_sports",9
184694,2024,"female_athletes_undup",181
184694,2024,"male_athletes_undup",313
184694,2024,"mens_varsity_sports",11
184694,2024,"multi_sport_ratio",1.03643724696356
184694,2024,"pct_athletes_overall",25.6756756756757
184694,2024,"pct_female_athletes",17.4373795761079
184694,2024,"pct_male_athletes",35.3273137697517
184694,2024,"total_athletes_undup",494
184694,2024,"total_varsity_sports",23
184694,2024,"womens_varsity_sports",12
184773,2024,"female_athletes_undup",152
184773,2024,"male_athletes_undup",202
184773,2024,"mens_varsity_sports",5
184773,2024,"multi_sport_ratio",1.17796610169492
184773,2024,"pct_athletes_overall",31.7773788150808
184773,2024,"pct_female_athletes",19.8174706649283
184773,2024,"pct_male_athletes",58.2132564841499
184773,2024,"total_athletes_undup",354
184773,2024,"total_varsity_sports",12
184773,2024,"womens_varsity_sports",7
184782,2024,"female_athletes_undup",220
184782,2024,"male_athletes_undup",275
184782,2024,"mens_varsity_sports",6
184782,2024,"multi_sport_ratio",1.31111111111111
184782,2024,"pct_athletes_overall",3.49058599534589
184782,2024,"pct_female_athletes",3.16729052692197
184782,2024,"pct_male_athletes",3.80096751900484
184782,2024,"total_athletes_undup",495
184782,2024,"total_varsity_sports",14
184782,2024,"womens_varsity_sports",8
185129,2024,"female_athletes_undup",117
185129,2024,"male_athletes_undup",145
185129,2024,"mens_varsity_sports",7
185129,2024,"multi_sport_ratio",1.13740458015267
185129,2024,"pct_athletes_overall",7.97079403711591
185129,2024,"pct_female_athletes",6.44983461962514
185129,2024,"pct_male_athletes",9.8438560760353
185129,2024,"total_athletes_undup",262
185129,2024,"total_varsity_sports",15
185129,2024,"womens_varsity_sports",8
185262,2024,"female_athletes_undup",198
185262,2024,"male_athletes_undup",301
185262,2024,"mens_varsity_sports",9
185262,2024,"multi_sport_ratio",1.07214428857715
185262,2024,"pct_athletes_overall",5.05726157900071
185262,2024,"pct_female_athletes",3.30606111203874
185262,2024,"pct_male_athletes",7.76173285198556
185262,2024,"total_athletes_undup",499
185262,2024,"total_varsity_sports",20
185262,2024,"womens_varsity_sports",11
185572,2024,"female_athletes_undup",254
185572,2024,"male_athletes_undup",365
185572,2024,"mens_varsity_sports",9
185572,2024,"multi_sport_ratio",1.26978998384491
185572,2024,"pct_athletes_overall",17.2327394209354
185572,2024,"pct_female_athletes",11.1208406304729
185572,2024,"pct_male_athletes",27.9051987767584
185572,2024,"total_athletes_undup",619
185572,2024,"total_varsity_sports",20
185572,2024,"womens_varsity_sports",11
185590,2024,"female_athletes_undup",211
185590,2024,"male_athletes_undup",331
185590,2024,"mens_varsity_sports",8
185590,2024,"multi_sport_ratio",1.18634686346863
185590,2024,"pct_athletes_overall",3.15464757581049
185590,2024,"pct_female_athletes",2.08230533899141
185590,2024,"pct_male_athletes",4.69636776390465
185590,2024,"total_athletes_undup",542
185590,2024,"total_varsity_sports",19
185590,2024,"womens_varsity_sports",11
185828,2024,"female_athletes_undup",105
185828,2024,"male_athletes_undup",228
185828,2024,"mens_varsity_sports",9
185828,2024,"multi_sport_ratio",1.19219219219219
185828,2024,"pct_athletes_overall",3.97090388743143
185828,2024,"pct_female_athletes",4.31743421052632
185828,2024,"pct_male_athletes",3.82935841451125
185828,2024,"total_athletes_undup",333
185828,2024,"total_varsity_sports",15
185828,2024,"womens_varsity_sports",6
186131,2024,"female_athletes_undup",426
186131,2024,"male_athletes_undup",594
186131,2024,"mens_varsity_sports",16
186131,2024,"multi_sport_ratio",1.1656862745098
186131,2024,"pct_athletes_overall",17.8665265370468
186131,2024,"pct_female_athletes",14.8122392211405
186131,2024,"pct_male_athletes",20.9671726085422
186131,2024,"total_athletes_undup",1020
186131,2024,"total_varsity_sports",32
186131,2024,"womens_varsity_sports",16
186201,2024,"female_athletes_undup",143
186201,2024,"male_athletes_undup",164
186201,2024,"mens_varsity_sports",8
186201,2024,"multi_sport_ratio",1.27035830618892
186201,2024,"pct_athletes_overall",6.78003533568905
186201,2024,"pct_female_athletes",5.420773313116
186201,2024,"pct_male_athletes",8.67724867724868
186201,2024,"total_athletes_undup",307
186201,2024,"total_varsity_sports",18
186201,2024,"womens_varsity_sports",10
186283,2024,"female_athletes_undup",219
186283,2024,"male_athletes_undup",230
186283,2024,"mens_varsity_sports",8
186283,2024,"multi_sport_ratio",1.37416481069042
186283,2024,"pct_athletes_overall",15.1280323450135
186283,2024,"pct_female_athletes",13.1689717378232
186283,2024,"pct_male_athletes",17.6245210727969
186283,2024,"total_athletes_undup",449
186283,2024,"total_varsity_sports",17
186283,2024,"womens_varsity_sports",9
186371,2024,"female_athletes_undup",105
186371,2024,"male_athletes_undup",140
186371,2024,"mens_varsity_sports",8
186371,2024,"multi_sport_ratio",1.16734693877551
186371,2024,"pct_athletes_overall",7.51533742331288
186371,2024,"pct_female_athletes",5.37084398976982
186371,2024,"pct_male_athletes",10.727969348659
186371,2024,"total_athletes_undup",245
186371,2024,"total_varsity_sports",16
186371,2024,"womens_varsity_sports",8
186380,2024,"female_athletes_undup",376
186380,2024,"male_athletes_undup",380
186380,2024,"mens_varsity_sports",8
186380,2024,"multi_sport_ratio",1.26851851851852
186380,2024,"pct_athletes_overall",2.06726825266612
186380,2024,"pct_female_athletes",2.04592447491566
186380,2024,"pct_male_athletes",2.08883025505717
186380,2024,"total_athletes_undup",756
186380,2024,"total_varsity_sports",20
186380,2024,"womens_varsity_sports",12
186399,2024,"female_athletes_undup",105
186399,2024,"male_athletes_undup",133
186399,2024,"mens_varsity_sports",5
186399,2024,"multi_sport_ratio",1.33613445378151
186399,2024,"pct_athletes_overall",3.42692584593233
186399,2024,"pct_female_athletes",2.83860502838605
186399,2024,"pct_male_athletes",4.0973505853358
186399,2024,"total_athletes_undup",238
186399,2024,"total_varsity_sports",10
186399,2024,"womens_varsity_sports",5
186432,2024,"female_athletes_undup",120
186432,2024,"male_athletes_undup",148
186432,2024,"mens_varsity_sports",6
186432,2024,"multi_sport_ratio",1.25
186432,2024,"pct_athletes_overall",13.0160271976688
186432,2024,"pct_female_athletes",9.92555831265509
186432,2024,"pct_male_athletes",17.4117647058824
186432,2024,"total_athletes_undup",268
186432,2024,"total_varsity_sports",12
186432,2024,"womens_varsity_sports",6
186584,2024,"female_athletes_undup",146
186584,2024,"male_athletes_undup",139
186584,2024,"mens_varsity_sports",6
186584,2024,"multi_sport_ratio",1
186584,2024,"pct_athletes_overall",4.82396750169262
186584,2024,"pct_female_athletes",4.37912417516497
186584,2024,"pct_male_athletes",5.4001554001554
186584,2024,"total_athletes_undup",285
186584,2024,"total_varsity_sports",14
186584,2024,"womens_varsity_sports",8
186618,2024,"female_athletes_undup",81
186618,2024,"male_athletes_undup",118
186618,2024,"mens_varsity_sports",6
186618,2024,"multi_sport_ratio",1.11557788944724
186618,2024,"pct_athletes_overall",38.5658914728682
186618,2024,"pct_female_athletes",27.0903010033445
186618,2024,"pct_male_athletes",54.3778801843318
186618,2024,"total_athletes_undup",199
186618,2024,"total_varsity_sports",13
186618,2024,"womens_varsity_sports",7
186867,2024,"female_athletes_undup",213
186867,2024,"male_athletes_undup",335
186867,2024,"mens_varsity_sports",11
186867,2024,"multi_sport_ratio",1.18430656934307
186867,2024,"pct_athletes_overall",13.1794131794132
186867,2024,"pct_female_athletes",15.1063829787234
186867,2024,"pct_male_athletes",12.1906841339156
186867,2024,"total_athletes_undup",548
186867,2024,"total_varsity_sports",21
186867,2024,"womens_varsity_sports",10
186876,2024,"female_athletes_undup",218
186876,2024,"male_athletes_undup",199
186876,2024,"mens_varsity_sports",5
186876,2024,"multi_sport_ratio",1.28776978417266
186876,2024,"pct_athletes_overall",5.75093090608192
186876,2024,"pct_female_athletes",4.98513606219986
186876,2024,"pct_male_athletes",6.91452397498263
186876,2024,"total_athletes_undup",417
186876,2024,"total_varsity_sports",15
186876,2024,"womens_varsity_sports",10
187134,2024,"female_athletes_undup",218
187134,2024,"male_athletes_undup",314
187134,2024,"mens_varsity_sports",8
187134,2024,"multi_sport_ratio",1.39285714285714
187134,2024,"pct_athletes_overall",7.663497551138
187134,2024,"pct_female_athletes",5.59404670259174
187134,2024,"pct_male_athletes",10.311986863711
187134,2024,"total_athletes_undup",532
187134,2024,"total_varsity_sports",16
187134,2024,"womens_varsity_sports",8
187444,2024,"female_athletes_undup",108
187444,2024,"male_athletes_undup",119
187444,2024,"mens_varsity_sports",6
187444,2024,"multi_sport_ratio",1.34801762114537
187444,2024,"pct_athletes_overall",4.3353705118411
187444,2024,"pct_female_athletes",3.46598202824133
187444,2024,"pct_male_athletes",5.61320754716981
187444,2024,"total_athletes_undup",227
187444,2024,"total_varsity_sports",13
187444,2024,"womens_varsity_sports",7
187596,2024,"female_athletes_undup",24
187596,2024,"male_athletes_undup",22
187596,2024,"mens_varsity_sports",5
187596,2024,"multi_sport_ratio",1
187596,2024,"pct_athletes_overall",6.68604651162791
187596,2024,"pct_female_athletes",5.98503740648379
187596,2024,"pct_male_athletes",7.66550522648084
187596,2024,"total_athletes_undup",46
187596,2024,"total_varsity_sports",10
187596,2024,"womens_varsity_sports",5
187648,2024,"female_athletes_undup",95
187648,2024,"male_athletes_undup",173
187648,2024,"mens_varsity_sports",6
187648,2024,"multi_sport_ratio",1.60074626865672
187648,2024,"pct_athletes_overall",11.1203319502075
187648,2024,"pct_female_athletes",6.38440860215054
187648,2024,"pct_male_athletes",18.763557483731
187648,2024,"total_athletes_undup",268
187648,2024,"total_varsity_sports",12
187648,2024,"womens_varsity_sports",6
187897,2024,"female_athletes_undup",98
187897,2024,"male_athletes_undup",185
187897,2024,"mens_varsity_sports",5
187897,2024,"multi_sport_ratio",1.13074204946996
187897,2024,"pct_athletes_overall",30.2997858672377
187897,2024,"pct_female_athletes",19.959266802444
187897,2024,"pct_male_athletes",41.7607223476298
187897,2024,"total_athletes_undup",283
187897,2024,"total_varsity_sports",10
187897,2024,"womens_varsity_sports",5
187985,2024,"female_athletes_undup",202
187985,2024,"male_athletes_undup",226
187985,2024,"mens_varsity_sports",6
187985,2024,"multi_sport_ratio",1.29205607476636
187985,2024,"pct_athletes_overall",3.01599605383694
187985,2024,"pct_female_athletes",2.50371839365394
187985,2024,"pct_male_athletes",3.69100114323044
187985,2024,"total_athletes_undup",428
187985,2024,"total_varsity_sports",14
187985,2024,"womens_varsity_sports",8
188030,2024,"female_athletes_undup",194
188030,2024,"male_athletes_undup",247
188030,2024,"mens_varsity_sports",6
188030,2024,"multi_sport_ratio",1.10884353741497
188030,2024,"pct_athletes_overall",4.34954137488904
188030,2024,"pct_female_athletes",3.29763725990141
188030,2024,"pct_male_athletes",5.80357142857143
188030,2024,"total_athletes_undup",441
188030,2024,"total_varsity_sports",14
188030,2024,"womens_varsity_sports",8
188058,2024,"female_athletes_undup",17
188058,2024,"male_athletes_undup",19
188058,2024,"mens_varsity_sports",3
188058,2024,"multi_sport_ratio",1.66666666666667
188058,2024,"pct_athletes_overall",6.77966101694915
188058,2024,"pct_female_athletes",4.65753424657534
188058,2024,"pct_male_athletes",11.4457831325301
188058,2024,"total_athletes_undup",36
188058,2024,"total_varsity_sports",6
188058,2024,"womens_varsity_sports",3
188182,2024,"female_athletes_undup",106
188182,2024,"male_athletes_undup",169
188182,2024,"mens_varsity_sports",5
188182,2024,"multi_sport_ratio",1.00727272727273
188182,2024,"pct_athletes_overall",85.6697819314642
188182,2024,"pct_female_athletes",71.1409395973154
188182,2024,"pct_male_athletes",98.2558139534884
188182,2024,"total_athletes_undup",275
188182,2024,"total_varsity_sports",11
188182,2024,"womens_varsity_sports",6
188304,2024,"female_athletes_undup",81
188304,2024,"male_athletes_undup",169
188304,2024,"mens_varsity_sports",6
188304,2024,"multi_sport_ratio",1.08
188304,2024,"pct_athletes_overall",20.0160128102482
188304,2024,"pct_female_athletes",10.6159895150721
188304,2024,"pct_male_athletes",34.7736625514403
188304,2024,"total_athletes_undup",250
188304,2024,"total_varsity_sports",13
188304,2024,"womens_varsity_sports",7
188340,2024,"female_athletes_undup",7
188340,2024,"male_athletes_undup",53
188340,2024,"mens_varsity_sports",4
188340,2024,"multi_sport_ratio",1.03333333333333
188340,2024,"pct_athletes_overall",5.57620817843866
188340,2024,"pct_female_athletes",4.21686746987952
188340,2024,"pct_male_athletes",5.82417582417582
188340,2024,"total_athletes_undup",60
188340,2024,"total_varsity_sports",6
188340,2024,"womens_varsity_sports",2
188429,2024,"female_athletes_undup",205
188429,2024,"male_athletes_undup",209
188429,2024,"mens_varsity_sports",10
188429,2024,"multi_sport_ratio",1.21256038647343
188429,2024,"pct_athletes_overall",8.07174887892377
188429,2024,"pct_female_athletes",5.97145353917856
188429,2024,"pct_male_athletes",12.3231132075472
188429,2024,"total_athletes_undup",414
188429,2024,"total_varsity_sports",23
188429,2024,"womens_varsity_sports",13
188517,2024,"female_athletes_undup",9
188517,2024,"male_athletes_undup",72
188517,2024,"mens_varsity_sports",3
188517,2024,"multi_sport_ratio",1
188517,2024,"pct_athletes_overall",39.3203883495146
188517,2024,"pct_female_athletes",7.9646017699115
188517,2024,"pct_male_athletes",77.4193548387097
188517,2024,"total_athletes_undup",81
188517,2024,"total_varsity_sports",4
188517,2024,"womens_varsity_sports",1
188526,2024,"female_athletes_undup",77
188526,2024,"male_athletes_undup",87
188526,2024,"mens_varsity_sports",5
188526,2024,"multi_sport_ratio",1
188526,2024,"pct_athletes_overall",34.6723044397463
188526,2024,"pct_female_athletes",25.328947368421
188526,2024,"pct_male_athletes",51.4792899408284
188526,2024,"total_athletes_undup",164
188526,2024,"total_varsity_sports",10
188526,2024,"womens_varsity_sports",5
188641,2024,"female_athletes_undup",201
188641,2024,"male_athletes_undup",314
188641,2024,"mens_varsity_sports",12
188641,2024,"multi_sport_ratio",1.18640776699029
188641,2024,"pct_athletes_overall",36.6809116809117
188641,2024,"pct_female_athletes",27.5720164609054
188641,2024,"pct_male_athletes",46.5185185185185
188641,2024,"total_athletes_undup",515
188641,2024,"total_varsity_sports",25
188641,2024,"womens_varsity_sports",13
189088,2024,"female_athletes_undup",112
189088,2024,"male_athletes_undup",153
189088,2024,"mens_varsity_sports",10
189088,2024,"multi_sport_ratio",1.09056603773585
189088,2024,"pct_athletes_overall",12.0290512936904
189088,2024,"pct_female_athletes",8.63531225905937
189088,2024,"pct_male_athletes",16.887417218543
189088,2024,"total_athletes_undup",265
189088,2024,"total_varsity_sports",20
189088,2024,"womens_varsity_sports",10
189565,2024,"female_athletes_undup",38
189565,2024,"male_athletes_undup",45
189565,2024,"mens_varsity_sports",2
189565,2024,"multi_sport_ratio",1.06024096385542
189565,2024,"pct_athletes_overall",22.3719676549865
189565,2024,"pct_female_athletes",14.2857142857143
189565,2024,"pct_male_athletes",42.8571428571429
189565,2024,"total_athletes_undup",83
189565,2024,"total_varsity_sports",4
189565,2024,"womens_varsity_sports",2
189583,2024,"female_athletes_undup",12
189583,2024,"male_athletes_undup",43
189583,2024,"mens_varsity_sports",3
189583,2024,"multi_sport_ratio",1.16363636363636
189583,2024,"pct_athletes_overall",9.45017182130584
189583,2024,"pct_female_athletes",2.75862068965517
189583,2024,"pct_male_athletes",29.2517006802721
189583,2024,"total_athletes_undup",55
189583,2024,"total_varsity_sports",4
189583,2024,"womens_varsity_sports",1
189592,2024,"female_athletes_undup",0
189592,2024,"male_athletes_undup",68
189592,2024,"mens_varsity_sports",2
189592,2024,"multi_sport_ratio",1.04411764705882
189592,2024,"pct_athletes_overall",22.6666666666667
189592,2024,"pct_female_athletes",0
189592,2024,"pct_male_athletes",71.578947368421
189592,2024,"total_athletes_undup",68
189592,2024,"total_varsity_sports",2
189592,2024,"womens_varsity_sports",0
189705,2024,"female_athletes_undup",193
189705,2024,"male_athletes_undup",225
189705,2024,"mens_varsity_sports",8
189705,2024,"multi_sport_ratio",1.18181818181818
189705,2024,"pct_athletes_overall",25.3948967193196
189705,2024,"pct_female_athletes",22.9216152019002
189705,2024,"pct_male_athletes",27.9850746268657
189705,2024,"total_athletes_undup",418
189705,2024,"total_varsity_sports",16
189705,2024,"womens_varsity_sports",8
190044,2024,"female_athletes_undup",160
190044,2024,"male_athletes_undup",237
190044,2024,"mens_varsity_sports",10
190044,2024,"multi_sport_ratio",1.02267002518892
190044,2024,"pct_athletes_overall",18.1361352215624
190044,2024,"pct_female_athletes",23.9162929745889
190044,2024,"pct_male_athletes",15.5921052631579
190044,2024,"total_athletes_undup",397
190044,2024,"total_varsity_sports",20
190044,2024,"womens_varsity_sports",10
190099,2024,"female_athletes_undup",293
190099,2024,"male_athletes_undup",340
190099,2024,"mens_varsity_sports",10
190099,2024,"multi_sport_ratio",1.22274881516588
190099,2024,"pct_athletes_overall",19.9810606060606
190099,2024,"pct_female_athletes",16.2506932889628
190099,2024,"pct_male_athletes",24.9084249084249
190099,2024,"total_athletes_undup",633
190099,2024,"total_varsity_sports",21
190099,2024,"womens_varsity_sports",11
190150,2024,"female_athletes_undup",364
190150,2024,"male_athletes_undup",435
190150,2024,"mens_varsity_sports",13
190150,2024,"multi_sport_ratio",1.21777221526909
190150,2024,"pct_athletes_overall",9.54143778361595
190150,2024,"pct_female_athletes",8.7816646562123
190150,2024,"pct_male_athletes",10.2861196500355
190150,2024,"total_athletes_undup",799
190150,2024,"total_varsity_sports",27
190150,2024,"womens_varsity_sports",14
190415,2024,"female_athletes_undup",507
190415,2024,"male_athletes_undup",643
190415,2024,"mens_varsity_sports",14
190415,2024,"multi_sport_ratio",1.17217391304348
190415,2024,"pct_athletes_overall",7.26055937874866
190415,2024,"pct_female_athletes",5.86737646105775
190415,2024,"pct_male_athletes",8.93303695470964
190415,2024,"total_athletes_undup",1150
190415,2024,"total_varsity_sports",31
190415,2024,"womens_varsity_sports",17
190512,2024,"female_athletes_undup",78
190512,2024,"male_athletes_undup",135
190512,2024,"mens_varsity_sports",7
190512,2024,"multi_sport_ratio",1.00469483568075
190512,2024,"pct_athletes_overall",1.62199208041426
190512,2024,"pct_female_athletes",1.19375573921028
190512,2024,"pct_male_athletes",2.04607456805092
190512,2024,"total_athletes_undup",213
190512,2024,"total_varsity_sports",13
190512,2024,"womens_varsity_sports",6
190549,2024,"female_athletes_undup",91
190549,2024,"male_athletes_undup",87
190549,2024,"mens_varsity_sports",6
190549,2024,"multi_sport_ratio",1.0561797752809
190549,2024,"pct_athletes_overall",2.19861660079051
190549,2024,"pct_female_athletes",2.06489675516224
190549,2024,"pct_male_athletes",2.35836269991868
190549,2024,"total_athletes_undup",178
190549,2024,"total_varsity_sports",13
190549,2024,"womens_varsity_sports",7
190558,2024,"female_athletes_undup",85
190558,2024,"male_athletes_undup",118
190558,2024,"mens_varsity_sports",7
190558,2024,"multi_sport_ratio",1.27093596059113
190558,2024,"pct_athletes_overall",2.66719222178426
190558,2024,"pct_female_athletes",2.22164140094093
190558,2024,"pct_male_athletes",3.11756935270806
190558,2024,"total_athletes_undup",203
190558,2024,"total_varsity_sports",14
190558,2024,"womens_varsity_sports",7
190567,2024,"female_athletes_undup",86
190567,2024,"male_athletes_undup",92
190567,2024,"mens_varsity_sports",5
190567,2024,"multi_sport_ratio",1.10112359550562
190567,2024,"pct_athletes_overall",1.72280294231514
190567,2024,"pct_female_athletes",1.6044776119403
190567,2024,"pct_male_athletes",1.85036202735318
190567,2024,"total_athletes_undup",178
190567,2024,"total_varsity_sports",10
190567,2024,"womens_varsity_sports",5
190594,2024,"female_athletes_undup",125
190594,2024,"male_athletes_undup",117
190594,2024,"mens_varsity_sports",7
190594,2024,"multi_sport_ratio",1.33884297520661
190594,2024,"pct_athletes_overall",1.81681681681682
190594,2024,"pct_female_athletes",1.41099446890168
190594,2024,"pct_male_athletes",2.62273032952253
190594,2024,"total_athletes_undup",242
190594,2024,"total_varsity_sports",14
190594,2024,"womens_varsity_sports",7
190600,2024,"female_athletes_undup",117
190600,2024,"male_athletes_undup",110
190600,2024,"mens_varsity_sports",6
190600,2024,"multi_sport_ratio",1.00881057268722
190600,2024,"pct_athletes_overall",2.36064891846922
190600,2024,"pct_female_athletes",1.86960690316395
190600,2024,"pct_male_athletes",3.27575938058368
190600,2024,"total_athletes_undup",227
190600,2024,"total_varsity_sports",13
190600,2024,"womens_varsity_sports",7
190637,2024,"female_athletes_undup",106
190637,2024,"male_athletes_undup",125
190637,2024,"mens_varsity_sports",6
190637,2024,"multi_sport_ratio",1.12121212121212
190637,2024,"pct_athletes_overall",3.10901749663526
190637,2024,"pct_female_athletes",2.23204885238998
190637,2024,"pct_male_athletes",4.66243938828795
190637,2024,"total_athletes_undup",231
190637,2024,"total_varsity_sports",13
190637,2024,"womens_varsity_sports",7
190646,2024,"female_athletes_undup",83
190646,2024,"male_athletes_undup",103
190646,2024,"mens_varsity_sports",4
190646,2024,"multi_sport_ratio",1.04838709677419
190646,2024,"pct_athletes_overall",8.68347338935574
190646,2024,"pct_female_athletes",5.44262295081967
190646,2024,"pct_male_athletes",16.6936790923825
190646,2024,"total_athletes_undup",186
190646,2024,"total_varsity_sports",8
190646,2024,"womens_varsity_sports",4
190664,2024,"female_athletes_undup",32
190664,2024,"male_athletes_undup",44
190664,2024,"mens_varsity_sports",5
190664,2024,"multi_sport_ratio",4.05263157894737
190664,2024,"pct_athletes_overall",0.766283524904214
190664,2024,"pct_female_athletes",0.633788869082987
190664,2024,"pct_male_athletes",0.903676319572808
190664,2024,"total_athletes_undup",76
190664,2024,"total_varsity_sports",11
190664,2024,"womens_varsity_sports",6
190691,2024,"female_athletes_undup",59
190691,2024,"male_athletes_undup",65
190691,2024,"mens_varsity_sports",7
190691,2024,"multi_sport_ratio",1.5
190691,2024,"pct_athletes_overall",3.84496124031008
190691,2024,"pct_female_athletes",2.87104622871046
190691,2024,"pct_male_athletes",5.55555555555556
190691,2024,"total_athletes_undup",124
190691,2024,"total_varsity_sports",15
190691,2024,"womens_varsity_sports",8
190716,2024,"female_athletes_undup",179
190716,2024,"male_athletes_undup",137
190716,2024,"mens_varsity_sports",6
190716,2024,"multi_sport_ratio",1.10759493670886
190716,2024,"pct_athletes_overall",31.2561819980218
190716,2024,"pct_female_athletes",25.034965034965
190716,2024,"pct_male_athletes",46.2837837837838
190716,2024,"total_athletes_undup",316
190716,2024,"total_varsity_sports",17
190716,2024,"womens_varsity_sports",11
190725,2024,"female_athletes_undup",124
190725,2024,"male_athletes_undup",97
190725,2024,"mens_varsity_sports",5
190725,2024,"multi_sport_ratio",1.30769230769231
190725,2024,"pct_athletes_overall",14.2857142857143
190725,2024,"pct_female_athletes",10.9154929577465
190725,2024,"pct_male_athletes",23.6009732360097
190725,2024,"total_athletes_undup",221
190725,2024,"total_varsity_sports",12
190725,2024,"womens_varsity_sports",7
190761,2024,"female_athletes_undup",151
190761,2024,"male_athletes_undup",248
190761,2024,"mens_varsity_sports",8
190761,2024,"multi_sport_ratio",1.01503759398496
190761,2024,"pct_athletes_overall",38.2183908045977
190761,2024,"pct_female_athletes",23.4108527131783
190761,2024,"pct_male_athletes",62.1553884711779
190761,2024,"total_athletes_undup",399
190761,2024,"total_varsity_sports",18
190761,2024,"womens_varsity_sports",10
190983,2024,"female_athletes_undup",205
190983,2024,"male_athletes_undup",143
190983,2024,"mens_varsity_sports",7
190983,2024,"multi_sport_ratio",1.17241379310345
190983,2024,"pct_athletes_overall",50.3617945007236
190983,2024,"pct_female_athletes",44.9561403508772
190983,2024,"pct_male_athletes",60.8510638297872
190983,2024,"total_athletes_undup",348
190983,2024,"total_varsity_sports",16
190983,2024,"womens_varsity_sports",9
191126,2024,"female_athletes_undup",53
191126,2024,"male_athletes_undup",7
191126,2024,"mens_varsity_sports",3
191126,2024,"multi_sport_ratio",1.06666666666667
191126,2024,"pct_athletes_overall",0.872346612387322
191126,2024,"pct_female_athletes",0.931131412508784
191126,2024,"pct_male_athletes",0.590219224283305
191126,2024,"total_athletes_undup",60
191126,2024,"total_varsity_sports",8
191126,2024,"womens_varsity_sports",5
191241,2024,"female_athletes_undup",230
191241,2024,"male_athletes_undup",324
191241,2024,"mens_varsity_sports",9
191241,2024,"multi_sport_ratio",1.09025270758123
191241,2024,"pct_athletes_overall",5.48460548460548
191241,2024,"pct_female_athletes",3.74531835205993
191241,2024,"pct_male_athletes",8.18181818181818
191241,2024,"total_athletes_undup",554
191241,2024,"total_varsity_sports",17
191241,2024,"womens_varsity_sports",8
191515,2024,"female_athletes_undup",310
191515,2024,"male_athletes_undup",380
191515,2024,"mens_varsity_sports",14
191515,2024,"multi_sport_ratio",1.18115942028985
191515,2024,"pct_athletes_overall",34.0068999507146
191515,2024,"pct_female_athletes",27.5066548358474
191515,2024,"pct_male_athletes",42.1286031042129
191515,2024,"total_athletes_undup",690
191515,2024,"total_varsity_sports",29
191515,2024,"womens_varsity_sports",15
191533,2024,"female_athletes_undup",165
191533,2024,"male_athletes_undup",220
191533,2024,"mens_varsity_sports",8
191533,2024,"multi_sport_ratio",1.14025974025974
191533,2024,"pct_athletes_overall",36.1842105263158
191533,2024,"pct_female_athletes",25.3456221198157
191533,2024,"pct_male_athletes",53.2687651331719
191533,2024,"total_athletes_undup",385
191533,2024,"total_varsity_sports",19
191533,2024,"womens_varsity_sports",11
191621,2024,"female_athletes_undup",102
191621,2024,"male_athletes_undup",164
191621,2024,"mens_varsity_sports",8
191621,2024,"multi_sport_ratio",1.12406015037594
191621,2024,"pct_athletes_overall",30.5045871559633
191621,2024,"pct_female_athletes",20.2380952380952
191621,2024,"pct_male_athletes",44.5652173913043
191621,2024,"total_athletes_undup",266
191621,2024,"total_varsity_sports",17
191621,2024,"womens_varsity_sports",9
191630,2024,"female_athletes_undup",311
191630,2024,"male_athletes_undup",423
191630,2024,"mens_varsity_sports",14
191630,2024,"multi_sport_ratio",1.02316076294278
191630,2024,"pct_athletes_overall",41.3288288288288
191630,2024,"pct_female_athletes",32.7024185068349
191630,2024,"pct_male_athletes",51.2727272727273
191630,2024,"total_athletes_undup",734
191630,2024,"total_varsity_sports",28
191630,2024,"womens_varsity_sports",14
191649,2024,"female_athletes_undup",185
191649,2024,"male_athletes_undup",190
191649,2024,"mens_varsity_sports",8
191649,2024,"multi_sport_ratio",1.32266666666667
191649,2024,"pct_athletes_overall",5.96848639185103
191649,2024,"pct_female_athletes",5.10204081632653
191649,2024,"pct_male_athletes",7.15092209258562
191649,2024,"total_athletes_undup",375
191649,2024,"total_varsity_sports",17
191649,2024,"womens_varsity_sports",9
191676,2024,"female_athletes_undup",125
191676,2024,"male_athletes_undup",143
191676,2024,"mens_varsity_sports",6
191676,2024,"multi_sport_ratio",1.32835820895522
191676,2024,"pct_athletes_overall",37.1705963938974
191676,2024,"pct_female_athletes",29.3427230046948
191676,2024,"pct_male_athletes",48.4745762711864
191676,2024,"total_athletes_undup",268
191676,2024,"total_varsity_sports",13
191676,2024,"womens_varsity_sports",7
191931,2024,"female_athletes_undup",253
191931,2024,"male_athletes_undup",236
191931,2024,"mens_varsity_sports",8
191931,2024,"multi_sport_ratio",1.18609406952965
191931,2024,"pct_athletes_overall",16.672349130583
191931,2024,"pct_female_athletes",15.7632398753894
191931,2024,"pct_male_athletes",17.7710843373494
191931,2024,"total_athletes_undup",489
191931,2024,"total_varsity_sports",18
191931,2024,"womens_varsity_sports",10
191968,2024,"female_athletes_undup",313
191968,2024,"male_athletes_undup",411
191968,2024,"mens_varsity_sports",13
191968,2024,"multi_sport_ratio",1.22375690607735
191968,2024,"pct_athletes_overall",17.2380952380952
191968,2024,"pct_female_athletes",13.7340939008337
191968,2024,"pct_male_athletes",21.3951067152525
191968,2024,"total_athletes_undup",724
191968,2024,"total_varsity_sports",29
191968,2024,"womens_varsity_sports",16
192192,2024,"female_athletes_undup",121
192192,2024,"male_athletes_undup",141
192192,2024,"mens_varsity_sports",6
192192,2024,"multi_sport_ratio",1.11450381679389
192192,2024,"pct_athletes_overall",28.4164859002169
192192,2024,"pct_female_athletes",17.4351585014409
192192,2024,"pct_male_athletes",61.8421052631579
192192,2024,"total_athletes_undup",262
192192,2024,"total_varsity_sports",15
192192,2024,"womens_varsity_sports",9
192323,2024,"female_athletes_undup",174
192323,2024,"male_athletes_undup",219
192323,2024,"mens_varsity_sports",8
192323,2024,"multi_sport_ratio",1.20356234096692
192323,2024,"pct_athletes_overall",17.7506775067751
192323,2024,"pct_female_athletes",13.6256851996868
192323,2024,"pct_male_athletes",23.3724653148346
192323,2024,"total_athletes_undup",393
192323,2024,"total_varsity_sports",17
192323,2024,"womens_varsity_sports",9
192448,2024,"female_athletes_undup",408
192448,2024,"male_athletes_undup",449
192448,2024,"mens_varsity_sports",16
192448,2024,"multi_sport_ratio",1.07001166861144
192448,2024,"pct_athletes_overall",16.9669372401505
192448,2024,"pct_female_athletes",12.5038308305241
192448,2024,"pct_male_athletes",25.1118568232662
192448,2024,"total_athletes_undup",857
192448,2024,"total_varsity_sports",36
192448,2024,"womens_varsity_sports",20
192703,2024,"female_athletes_undup",167
192703,2024,"male_athletes_undup",243
192703,2024,"mens_varsity_sports",7
192703,2024,"multi_sport_ratio",1.10731707317073
192703,2024,"pct_athletes_overall",15.6548300878198
192703,2024,"pct_female_athletes",15.7695939565628
192703,2024,"pct_male_athletes",15.5769230769231
192703,2024,"total_athletes_undup",410
192703,2024,"total_varsity_sports",14
192703,2024,"womens_varsity_sports",7
192749,2024,"female_athletes_undup",150
192749,2024,"male_athletes_undup",214
192749,2024,"mens_varsity_sports",11
192749,2024,"multi_sport_ratio",1.15384615384615
192749,2024,"pct_athletes_overall",27.4509803921569
192749,2024,"pct_female_athletes",18.796992481203
192749,2024,"pct_male_athletes",40.530303030303
192749,2024,"total_athletes_undup",364
192749,2024,"total_varsity_sports",22
192749,2024,"womens_varsity_sports",11
192819,2024,"female_athletes_undup",278
192819,2024,"male_athletes_undup",370
192819,2024,"mens_varsity_sports",9
192819,2024,"multi_sport_ratio",1.26388888888889
192819,2024,"pct_athletes_overall",12.8291427440111
192819,2024,"pct_female_athletes",9.44614339109752
192819,2024,"pct_male_athletes",17.5521821631879
192819,2024,"total_athletes_undup",648
192819,2024,"total_varsity_sports",19
192819,2024,"womens_varsity_sports",10
193016,2024,"female_athletes_undup",120
193016,2024,"male_athletes_undup",125
193016,2024,"mens_varsity_sports",4
193016,2024,"multi_sport_ratio",1.01224489795918
193016,2024,"pct_athletes_overall",4.78983382209189
193016,2024,"pct_female_athletes",3.3955857385399
193016,2024,"pct_male_athletes",7.90638836179633
193016,2024,"total_athletes_undup",245
193016,2024,"total_varsity_sports",10
193016,2024,"womens_varsity_sports",6
193292,2024,"female_athletes_undup",170
193292,2024,"male_athletes_undup",178
193292,2024,"mens_varsity_sports",8
193292,2024,"multi_sport_ratio",1.15804597701149
193292,2024,"pct_athletes_overall",12.8936643201186
193292,2024,"pct_female_athletes",8.81742738589212
193292,2024,"pct_male_athletes",23.0869001297017
193292,2024,"total_athletes_undup",348
193292,2024,"total_varsity_sports",19
193292,2024,"womens_varsity_sports",11
193353,2024,"female_athletes_undup",112
193353,2024,"male_athletes_undup",128
193353,2024,"mens_varsity_sports",8
193353,2024,"multi_sport_ratio",1.10416666666667
193353,2024,"pct_athletes_overall",24.4648318042813
193353,2024,"pct_female_athletes",16.5435745937962
193353,2024,"pct_male_athletes",42.1052631578947
193353,2024,"total_athletes_undup",240
193353,2024,"total_varsity_sports",17
193353,2024,"womens_varsity_sports",9
193399,2024,"female_athletes_undup",108
193399,2024,"male_athletes_undup",168
193399,2024,"mens_varsity_sports",7
193399,2024,"multi_sport_ratio",1.02536231884058
193399,2024,"pct_athletes_overall",11.2286411716843
193399,2024,"pct_female_athletes",5.80333154218162
193399,2024,"pct_male_athletes",28.1407035175879
193399,2024,"total_athletes_undup",276
193399,2024,"total_varsity_sports",13
193399,2024,"womens_varsity_sports",6
193584,2024,"female_athletes_undup",281
193584,2024,"male_athletes_undup",200
193584,2024,"mens_varsity_sports",9
193584,2024,"multi_sport_ratio",1.13305613305613
193584,2024,"pct_athletes_overall",26.3273125342091
193584,2024,"pct_female_athletes",21.4503816793893
193584,2024,"pct_male_athletes",38.6847195357834
193584,2024,"total_athletes_undup",481
193584,2024,"total_varsity_sports",23
193584,2024,"womens_varsity_sports",14
193900,2024,"female_athletes_undup",215
193900,2024,"male_athletes_undup",281
193900,2024,"mens_varsity_sports",11
193900,2024,"multi_sport_ratio",1.25604838709677
193900,2024,"pct_athletes_overall",1.78558571531428
193900,2024,"pct_female_athletes",1.30192563885188
193900,2024,"pct_male_athletes",2.49467329545455
193900,2024,"total_athletes_undup",496
193900,2024,"total_varsity_sports",21
193900,2024,"womens_varsity_sports",10
193973,2024,"female_athletes_undup",201
193973,2024,"male_athletes_undup",155
193973,2024,"mens_varsity_sports",8
193973,2024,"multi_sport_ratio",1.02808988764045
193973,2024,"pct_athletes_overall",13.6765270841337
193973,2024,"pct_female_athletes",11.598384304674
193973,2024,"pct_male_athletes",17.816091954023
193973,2024,"total_athletes_undup",356
193973,2024,"total_varsity_sports",19
193973,2024,"womens_varsity_sports",11
194310,2024,"female_athletes_undup",170
194310,2024,"male_athletes_undup",236
194310,2024,"mens_varsity_sports",6
194310,2024,"multi_sport_ratio",1.00738916256158
194310,2024,"pct_athletes_overall",5.50060967348598
194310,2024,"pct_female_athletes",3.50010294420424
194310,2024,"pct_male_athletes",9.35023771790808
194310,2024,"total_athletes_undup",406
194310,2024,"total_varsity_sports",14
194310,2024,"womens_varsity_sports",8
194392,2024,"female_athletes_undup",88
194392,2024,"male_athletes_undup",175
194392,2024,"mens_varsity_sports",7
194392,2024,"multi_sport_ratio",1.22053231939164
194392,2024,"pct_athletes_overall",46.0595446584939
194392,2024,"pct_female_athletes",42.1052631578947
194392,2024,"pct_male_athletes",48.3425414364641
194392,2024,"total_athletes_undup",263
194392,2024,"total_varsity_sports",14
194392,2024,"womens_varsity_sports",7
194578,2024,"female_athletes_undup",68
194578,2024,"male_athletes_undup",80
194578,2024,"mens_varsity_sports",5
194578,2024,"multi_sport_ratio",1.37162162162162
194578,2024,"pct_athletes_overall",3.85216033315981
194578,2024,"pct_female_athletes",2.44692335372436
194578,2024,"pct_male_athletes",7.52587017873942
194578,2024,"total_athletes_undup",148
194578,2024,"total_varsity_sports",9
194578,2024,"womens_varsity_sports",4
194824,2024,"female_athletes_undup",245
194824,2024,"male_athletes_undup",421
194824,2024,"mens_varsity_sports",10
194824,2024,"multi_sport_ratio",1.28228228228228
194824,2024,"pct_athletes_overall",11.756398940865
194824,2024,"pct_female_athletes",13.8261851015801
194824,2024,"pct_male_athletes",10.8142820446956
194824,2024,"total_athletes_undup",666
194824,2024,"total_varsity_sports",19
194824,2024,"womens_varsity_sports",9
194958,2024,"female_athletes_undup",190
194958,2024,"male_athletes_undup",218
194958,2024,"mens_varsity_sports",9
194958,2024,"multi_sport_ratio",1.47303921568627
194958,2024,"pct_athletes_overall",41.2955465587045
194958,2024,"pct_female_athletes",30.5958132045089
194958,2024,"pct_male_athletes",59.4005449591281
194958,2024,"total_athletes_undup",408
194958,2024,"total_varsity_sports",20
194958,2024,"womens_varsity_sports",11
195003,2024,"female_athletes_undup",259
195003,2024,"male_athletes_undup",381
195003,2024,"mens_varsity_sports",12
195003,2024,"multi_sport_ratio",1.178125
195003,2024,"pct_athletes_overall",4.95931809376211
195003,2024,"pct_female_athletes",5.70358951772737
195003,2024,"pct_male_athletes",4.55523672883788
195003,2024,"total_athletes_undup",640
195003,2024,"total_varsity_sports",24
195003,2024,"womens_varsity_sports",12
195030,2024,"female_athletes_undup",267
195030,2024,"male_athletes_undup",312
195030,2024,"mens_varsity_sports",9
195030,2024,"multi_sport_ratio",1.25388601036269
195030,2024,"pct_athletes_overall",9.45769356419471
195030,2024,"pct_female_athletes",8.41740226986129
195030,2024,"pct_male_athletes",10.5762711864407
195030,2024,"total_athletes_undup",579
195030,2024,"total_varsity_sports",19
195030,2024,"womens_varsity_sports",10
195128,2024,"female_athletes_undup",137
195128,2024,"male_athletes_undup",184
195128,2024,"mens_varsity_sports",9
195128,2024,"multi_sport_ratio",1.17757009345794
195128,2024,"pct_athletes_overall",26.4197530864197
195128,2024,"pct_female_athletes",16.8098159509202
195128,2024,"pct_male_athletes",46
195128,2024,"total_athletes_undup",321
195128,2024,"total_varsity_sports",20
195128,2024,"womens_varsity_sports",11
195164,2024,"female_athletes_undup",165
195164,2024,"male_athletes_undup",222
195164,2024,"mens_varsity_sports",8
195164,2024,"multi_sport_ratio",1.36434108527132
195164,2024,"pct_athletes_overall",19.311377245509
195164,2024,"pct_female_athletes",17.223382045929
195164,2024,"pct_male_athletes",21.2237093690249
195164,2024,"total_athletes_undup",387
195164,2024,"total_varsity_sports",15
195164,2024,"womens_varsity_sports",7
195216,2024,"female_athletes_undup",326
195216,2024,"male_athletes_undup",456
195216,2024,"mens_varsity_sports",15
195216,2024,"multi_sport_ratio",1.17135549872123
195216,2024,"pct_athletes_overall",40.8141962421712
195216,2024,"pct_female_athletes",32.4378109452736
195216,2024,"pct_male_athletes",50.0548847420417
195216,2024,"total_athletes_undup",782
195216,2024,"total_varsity_sports",31
195216,2024,"womens_varsity_sports",16
195243,2024,"female_athletes_undup",139
195243,2024,"male_athletes_undup",215
195243,2024,"mens_varsity_sports",8
195243,2024,"multi_sport_ratio",1.2316384180791
195243,2024,"pct_athletes_overall",37.1458551941238
195243,2024,"pct_female_athletes",31.9540229885057
195243,2024,"pct_male_athletes",41.5057915057915
195243,2024,"total_athletes_undup",354
195243,2024,"total_varsity_sports",18
195243,2024,"womens_varsity_sports",10
195304,2024,"female_athletes_undup",115
195304,2024,"male_athletes_undup",68
195304,2024,"mens_varsity_sports",6
195304,2024,"multi_sport_ratio",1.20218579234973
195304,2024,"pct_athletes_overall",12.1192052980132
195304,2024,"pct_female_athletes",9.52775476387738
195304,2024,"pct_male_athletes",22.4422442244224
195304,2024,"total_athletes_undup",183
195304,2024,"total_varsity_sports",13
195304,2024,"womens_varsity_sports",7
195474,2024,"female_athletes_undup",200
195474,2024,"male_athletes_undup",188
195474,2024,"mens_varsity_sports",9
195474,2024,"multi_sport_ratio",1.22422680412371
195474,2024,"pct_athletes_overall",11.6481537075953
195474,2024,"pct_female_athletes",11.0558319513543
195474,2024,"pct_male_athletes",12.3521681997372
195474,2024,"total_athletes_undup",388
195474,2024,"total_varsity_sports",21
195474,2024,"womens_varsity_sports",12
195526,2024,"female_athletes_undup",222
195526,2024,"male_athletes_undup",213
195526,2024,"mens_varsity_sports",9
195526,2024,"multi_sport_ratio",1.00459770114943
195526,2024,"pct_athletes_overall",16.304347826087
195526,2024,"pct_female_athletes",13.875
195526,2024,"pct_male_athletes",19.9438202247191
195526,2024,"total_athletes_undup",435
195526,2024,"total_varsity_sports",19
195526,2024,"womens_varsity_sports",10
195544,2024,"female_athletes_undup",188
195544,2024,"male_athletes_undup",235
195544,2024,"mens_varsity_sports",9
195544,2024,"multi_sport_ratio",1.12765957446809
195544,2024,"pct_athletes_overall",14.7540983606557
195544,2024,"pct_female_athletes",9.97347480106101
195544,2024,"pct_male_athletes",23.9307535641548
195544,2024,"total_athletes_undup",423
195544,2024,"total_varsity_sports",18
195544,2024,"womens_varsity_sports",9
195720,2024,"female_athletes_undup",315
195720,2024,"male_athletes_undup",462
195720,2024,"mens_varsity_sports",12
195720,2024,"multi_sport_ratio",1.20720720720721
195720,2024,"pct_athletes_overall",30.8946322067594
195720,2024,"pct_female_athletes",21.6494845360825
195720,2024,"pct_male_athletes",43.5849056603774
195720,2024,"total_athletes_undup",777
195720,2024,"total_varsity_sports",24
195720,2024,"womens_varsity_sports",12
195809,2024,"female_athletes_undup",152
195809,2024,"male_athletes_undup",182
195809,2024,"mens_varsity_sports",7
195809,2024,"multi_sport_ratio",1.1497005988024
195809,2024,"pct_athletes_overall",3.58407554458633
195809,2024,"pct_female_athletes",2.93890177880897
195809,2024,"pct_male_athletes",4.38871473354232
195809,2024,"total_athletes_undup",334
195809,2024,"total_varsity_sports",15
195809,2024,"womens_varsity_sports",8
196006,2024,"female_athletes_undup",119
196006,2024,"male_athletes_undup",294
196006,2024,"mens_varsity_sports",8
196006,2024,"multi_sport_ratio",1.16464891041162
196006,2024,"pct_athletes_overall",12.6531862745098
196006,2024,"pct_female_athletes",10.6344950848972
196006,2024,"pct_male_athletes",13.7062937062937
196006,2024,"total_athletes_undup",413
196006,2024,"total_varsity_sports",16
196006,2024,"womens_varsity_sports",8
196015,2024,"female_athletes_undup",150
196015,2024,"male_athletes_undup",200
196015,2024,"mens_varsity_sports",7
196015,2024,"multi_sport_ratio",1.03428571428571
196015,2024,"pct_athletes_overall",14.9381135296628
196015,2024,"pct_female_athletes",11.6369278510473
196015,2024,"pct_male_athletes",18.9753320683112
196015,2024,"total_athletes_undup",350
196015,2024,"total_varsity_sports",15
196015,2024,"womens_varsity_sports",8
196024,2024,"female_athletes_undup",107
196024,2024,"male_athletes_undup",148
196024,2024,"mens_varsity_sports",7
196024,2024,"multi_sport_ratio",1.29019607843137
196024,2024,"pct_athletes_overall",10.4166666666667
196024,2024,"pct_female_athletes",9.402460456942
196024,2024,"pct_male_athletes",11.2977099236641
196024,2024,"total_athletes_undup",255
196024,2024,"total_varsity_sports",14
196024,2024,"womens_varsity_sports",7
196033,2024,"female_athletes_undup",155
196033,2024,"male_athletes_undup",170
196033,2024,"mens_varsity_sports",8
196033,2024,"multi_sport_ratio",1.34769230769231
196033,2024,"pct_athletes_overall",18.2584269662921
196033,2024,"pct_female_athletes",15.2259332023576
196033,2024,"pct_male_athletes",22.3097112860892
196033,2024,"total_athletes_undup",325
196033,2024,"total_varsity_sports",17
196033,2024,"womens_varsity_sports",9
196042,2024,"female_athletes_undup",140
196042,2024,"male_athletes_undup",197
196042,2024,"mens_varsity_sports",9
196042,2024,"multi_sport_ratio",1.26409495548961
196042,2024,"pct_athletes_overall",4.24861321230459
196042,2024,"pct_female_athletes",4.34647624961192
196042,2024,"pct_male_athletes",4.18170239864148
196042,2024,"total_athletes_undup",337
196042,2024,"total_varsity_sports",18
196042,2024,"womens_varsity_sports",9
196051,2024,"female_athletes_undup",161
196051,2024,"male_athletes_undup",250
196051,2024,"mens_varsity_sports",8
196051,2024,"multi_sport_ratio",1.14841849148418
196051,2024,"pct_athletes_overall",23.3125354509359
196051,2024,"pct_female_athletes",21.2681638044914
196051,2024,"pct_male_athletes",24.8508946322068
196051,2024,"total_athletes_undup",411
196051,2024,"total_varsity_sports",19
196051,2024,"womens_varsity_sports",11
196060,2024,"female_athletes_undup",234
196060,2024,"male_athletes_undup",280
196060,2024,"mens_varsity_sports",8
196060,2024,"multi_sport_ratio",1.23929961089494
196060,2024,"pct_athletes_overall",4.27976686094921
196060,2024,"pct_female_athletes",3.57197374446649
196060,2024,"pct_male_athletes",5.12914453196556
196060,2024,"total_athletes_undup",514
196060,2024,"total_varsity_sports",19
196060,2024,"womens_varsity_sports",11
196079,2024,"female_athletes_undup",218
196079,2024,"male_athletes_undup",219
196079,2024,"mens_varsity_sports",9
196079,2024,"multi_sport_ratio",1.279176201373
196079,2024,"pct_athletes_overall",3.05210224891745
196079,2024,"pct_female_athletes",2.91599785981808
196079,2024,"pct_male_athletes",3.20081847413037
196079,2024,"total_athletes_undup",437
196079,2024,"total_varsity_sports",17
196079,2024,"womens_varsity_sports",8
196088,2024,"female_athletes_undup",177
196088,2024,"male_athletes_undup",219
196088,2024,"mens_varsity_sports",5
196088,2024,"multi_sport_ratio",1.37373737373737
196088,2024,"pct_athletes_overall",2.11267605633803
196088,2024,"pct_female_athletes",2.0865259931628
196088,2024,"pct_male_athletes",2.13429490303089
196088,2024,"total_athletes_undup",396
196088,2024,"total_varsity_sports",12
196088,2024,"womens_varsity_sports",7
196097,2024,"female_athletes_undup",164
196097,2024,"male_athletes_undup",285
196097,2024,"mens_varsity_sports",6
196097,2024,"multi_sport_ratio",1.2739420935412
196097,2024,"pct_athletes_overall",2.61945044046438
196097,2024,"pct_female_athletes",1.85688405797101
196097,2024,"pct_male_athletes",3.4300156456854
196097,2024,"total_athletes_undup",449
196097,2024,"total_varsity_sports",14
196097,2024,"womens_varsity_sports",8
196103,2024,"female_athletes_undup",43
196103,2024,"male_athletes_undup",104
196103,2024,"mens_varsity_sports",7
196103,2024,"multi_sport_ratio",1.56462585034014
196103,2024,"pct_athletes_overall",8.4192439862543
196103,2024,"pct_female_athletes",4.6137339055794
196103,2024,"pct_male_athletes",12.7764127764128
196103,2024,"total_athletes_undup",147
196103,2024,"total_varsity_sports",12
196103,2024,"womens_varsity_sports",5
196112,2024,"female_athletes_undup",64
196112,2024,"male_athletes_undup",147
196112,2024,"mens_varsity_sports",7
196112,2024,"multi_sport_ratio",1.06161137440758
196112,2024,"pct_athletes_overall",12.8033980582524
196112,2024,"pct_female_athletes",12.7236580516899
196112,2024,"pct_male_athletes",12.8384279475983
196112,2024,"total_athletes_undup",211
196112,2024,"total_varsity_sports",13
196112,2024,"womens_varsity_sports",6
196121,2024,"female_athletes_undup",312
196121,2024,"male_athletes_undup",514
196121,2024,"mens_varsity_sports",11
196121,2024,"multi_sport_ratio",1.14285714285714
196121,2024,"pct_athletes_overall",15.7693776250477
196121,2024,"pct_female_athletes",10.3965344885038
196121,2024,"pct_male_athletes",22.9772016092982
196121,2024,"total_athletes_undup",826
196121,2024,"total_varsity_sports",23
196121,2024,"womens_varsity_sports",12
196130,2024,"female_athletes_undup",186
196130,2024,"male_athletes_undup",268
196130,2024,"mens_varsity_sports",6
196130,2024,"multi_sport_ratio",1.14537444933921
196130,2024,"pct_athletes_overall",9.69257045260461
196130,2024,"pct_female_athletes",7.0722433460076
196130,2024,"pct_male_athletes",13.047711781889
196130,2024,"total_athletes_undup",454
196130,2024,"total_varsity_sports",15
196130,2024,"womens_varsity_sports",9
196149,2024,"female_athletes_undup",213
196149,2024,"male_athletes_undup",384
196149,2024,"mens_varsity_sports",11
196149,2024,"multi_sport_ratio",1.55946398659966
196149,2024,"pct_athletes_overall",10.3197925669836
196149,2024,"pct_female_athletes",6.9539666993144
196149,2024,"pct_male_athletes",14.1072740631888
196149,2024,"total_athletes_undup",597
196149,2024,"total_varsity_sports",25
196149,2024,"womens_varsity_sports",14
196158,2024,"female_athletes_undup",149
196158,2024,"male_athletes_undup",146
196158,2024,"mens_varsity_sports",8
196158,2024,"multi_sport_ratio",1.19322033898305
196158,2024,"pct_athletes_overall",10.9583952451709
196158,2024,"pct_female_athletes",9.82849604221636
196158,2024,"pct_male_athletes",12.4149659863946
196158,2024,"total_athletes_undup",295
196158,2024,"total_varsity_sports",19
196158,2024,"womens_varsity_sports",11
196167,2024,"female_athletes_undup",267
196167,2024,"male_athletes_undup",230
196167,2024,"mens_varsity_sports",8
196167,2024,"multi_sport_ratio",1.38832997987928
196167,2024,"pct_athletes_overall",13.2462686567164
196167,2024,"pct_female_athletes",10.9831345125463
196167,2024,"pct_male_athletes",17.4110522331567
196167,2024,"total_athletes_undup",497
196167,2024,"total_varsity_sports",21
196167,2024,"womens_varsity_sports",13
196176,2024,"female_athletes_undup",164
196176,2024,"male_athletes_undup",152
196176,2024,"mens_varsity_sports",7
196176,2024,"multi_sport_ratio",1.00632911392405
196176,2024,"pct_athletes_overall",5.62277580071174
196176,2024,"pct_female_athletes",4.55429047486809
196176,2024,"pct_male_athletes",7.52847944526994
196176,2024,"total_athletes_undup",316
196176,2024,"total_varsity_sports",16
196176,2024,"womens_varsity_sports",9
196185,2024,"female_athletes_undup",188
196185,2024,"male_athletes_undup",249
196185,2024,"mens_varsity_sports",8
196185,2024,"multi_sport_ratio",1.25171624713959
196185,2024,"pct_athletes_overall",9.53731994762112
196185,2024,"pct_female_athletes",6.95009242144177
196185,2024,"pct_male_athletes",13.2658497602557
196185,2024,"total_athletes_undup",437
196185,2024,"total_varsity_sports",17
196185,2024,"womens_varsity_sports",9
196194,2024,"female_athletes_undup",215
196194,2024,"male_athletes_undup",250
196194,2024,"mens_varsity_sports",10
196194,2024,"multi_sport_ratio",1.18494623655914
196194,2024,"pct_athletes_overall",9.06432748538012
196194,2024,"pct_female_athletes",8.1998474446987
196194,2024,"pct_male_athletes",9.96810207336523
196194,2024,"total_athletes_undup",465
196194,2024,"total_varsity_sports",20
196194,2024,"womens_varsity_sports",10
196200,2024,"female_athletes_undup",138
196200,2024,"male_athletes_undup",172
196200,2024,"mens_varsity_sports",9
196200,2024,"multi_sport_ratio",1.17096774193548
196200,2024,"pct_athletes_overall",17.7650429799427
196200,2024,"pct_female_athletes",14.0672782874618
196200,2024,"pct_male_athletes",22.5130890052356
196200,2024,"total_athletes_undup",310
196200,2024,"total_varsity_sports",19
196200,2024,"womens_varsity_sports",10
196219,2024,"female_athletes_undup",94
196219,2024,"male_athletes_undup",151
196219,2024,"mens_varsity_sports",9
196219,2024,"multi_sport_ratio",1.08979591836735
196219,2024,"pct_athletes_overall",8.13953488372093
196219,2024,"pct_female_athletes",5.30773574251835
196219,2024,"pct_male_athletes",12.1872477804681
196219,2024,"total_athletes_undup",245
196219,2024,"total_varsity_sports",17
196219,2024,"womens_varsity_sports",8
196237,2024,"female_athletes_undup",81
196237,2024,"male_athletes_undup",120
196237,2024,"mens_varsity_sports",6
196237,2024,"multi_sport_ratio",1.09452736318408
196237,2024,"pct_athletes_overall",5.47385620915033
196237,2024,"pct_female_athletes",3.81895332390382
196237,2024,"pct_male_athletes",7.73694390715667
196237,2024,"total_athletes_undup",201
196237,2024,"total_varsity_sports",12
196237,2024,"womens_varsity_sports",6
196246,2024,"female_athletes_undup",158
196246,2024,"male_athletes_undup",218
196246,2024,"mens_varsity_sports",8
196246,2024,"multi_sport_ratio",1.23936170212766
196246,2024,"pct_athletes_overall",11.0816386678456
196246,2024,"pct_female_athletes",7.89210789210789
196246,2024,"pct_male_athletes",15.6721782890007
196246,2024,"total_athletes_undup",376
196246,2024,"total_varsity_sports",18
196246,2024,"womens_varsity_sports",10
196291,2024,"female_athletes_undup",69
196291,2024,"male_athletes_undup",270
196291,2024,"mens_varsity_sports",7
196291,2024,"multi_sport_ratio",1.023598820059
196291,2024,"pct_athletes_overall",27.8325123152709
196291,2024,"pct_female_athletes",46.9387755102041
196291,2024,"pct_male_athletes",25.2100840336134
196291,2024,"total_athletes_undup",339
196291,2024,"total_varsity_sports",13
196291,2024,"womens_varsity_sports",6
196413,2024,"female_athletes_undup",287
196413,2024,"male_athletes_undup",324
196413,2024,"mens_varsity_sports",6
196413,2024,"multi_sport_ratio",1.16039279869067
196413,2024,"pct_athletes_overall",4.08395160751287
196413,2024,"pct_female_athletes",3.4207389749702
196413,2024,"pct_male_athletes",4.93075635367524
196413,2024,"total_athletes_undup",611
196413,2024,"total_varsity_sports",16
196413,2024,"womens_varsity_sports",10
196592,2024,"female_athletes_undup",0
196592,2024,"male_athletes_undup",17
196592,2024,"mens_varsity_sports",1
196592,2024,"multi_sport_ratio",1
196592,2024,"pct_athletes_overall",0.579019073569482
196592,2024,"pct_female_athletes",0
196592,2024,"pct_male_athletes",1.82992465016146
196592,2024,"total_athletes_undup",17
196592,2024,"total_varsity_sports",1
196592,2024,"womens_varsity_sports",0
196866,2024,"female_athletes_undup",230
196866,2024,"male_athletes_undup",326
196866,2024,"mens_varsity_sports",10
196866,2024,"multi_sport_ratio",1.20143884892086
196866,2024,"pct_athletes_overall",27.3756770064008
196866,2024,"pct_female_athletes",24.0837696335079
196866,2024,"pct_male_athletes",30.2973977695167
196866,2024,"total_athletes_undup",556
196866,2024,"total_varsity_sports",22
196866,2024,"womens_varsity_sports",12
197027,2024,"female_athletes_undup",100
197027,2024,"male_athletes_undup",335
197027,2024,"mens_varsity_sports",11
197027,2024,"multi_sport_ratio",1.19080459770115
197027,2024,"pct_athletes_overall",45.2182952182952
197027,2024,"pct_female_athletes",57.1428571428571
197027,2024,"pct_male_athletes",42.566709021601
197027,2024,"total_athletes_undup",435
197027,2024,"total_varsity_sports",19
197027,2024,"womens_varsity_sports",8
197045,2024,"female_athletes_undup",272
197045,2024,"male_athletes_undup",427
197045,2024,"mens_varsity_sports",11
197045,2024,"multi_sport_ratio",1.1931330472103
197045,2024,"pct_athletes_overall",33.6057692307692
197045,2024,"pct_female_athletes",23.9226033421284
197045,2024,"pct_male_athletes",45.2810180275716
197045,2024,"total_athletes_undup",699
197045,2024,"total_varsity_sports",25
197045,2024,"womens_varsity_sports",14
197133,2024,"female_athletes_undup",214
197133,2024,"male_athletes_undup",239
197133,2024,"mens_varsity_sports",12
197133,2024,"multi_sport_ratio",1.22737306843267
197133,2024,"pct_athletes_overall",18.8279301745636
197133,2024,"pct_female_athletes",14.4010767160162
197133,2024,"pct_male_athletes",25.9782608695652
197133,2024,"total_athletes_undup",453
197133,2024,"total_varsity_sports",25
197133,2024,"womens_varsity_sports",13
197142,2024,"female_athletes_undup",39
197142,2024,"male_athletes_undup",20
197142,2024,"mens_varsity_sports",1
197142,2024,"multi_sport_ratio",1
197142,2024,"pct_athletes_overall",11.0486891385768
197142,2024,"pct_female_athletes",13.9285714285714
197142,2024,"pct_male_athletes",7.8740157480315
197142,2024,"total_athletes_undup",59
197142,2024,"total_varsity_sports",3
197142,2024,"womens_varsity_sports",2
197197,2024,"female_athletes_undup",271
197197,2024,"male_athletes_undup",431
197197,2024,"mens_varsity_sports",10
197197,2024,"multi_sport_ratio",1.11823361823362
197197,2024,"pct_athletes_overall",43.6024844720497
197197,2024,"pct_female_athletes",27.7096114519427
197197,2024,"pct_male_athletes",68.1962025316456
197197,2024,"total_athletes_undup",702
197197,2024,"total_varsity_sports",23
197197,2024,"womens_varsity_sports",13
197221,2024,"female_athletes_undup",10
197221,2024,"male_athletes_undup",43
197221,2024,"mens_varsity_sports",3
197221,2024,"multi_sport_ratio",1.11320754716981
197221,2024,"pct_athletes_overall",50
197221,2024,"pct_female_athletes",38.4615384615385
197221,2024,"pct_male_athletes",53.75
197221,2024,"total_athletes_undup",53
197221,2024,"total_varsity_sports",4
197221,2024,"womens_varsity_sports",1
197708,2024,"female_athletes_undup",90
197708,2024,"male_athletes_undup",137
197708,2024,"mens_varsity_sports",8
197708,2024,"multi_sport_ratio",1.05286343612335
197708,2024,"pct_athletes_overall",8.04394046775337
197708,2024,"pct_female_athletes",6.97674418604651
197708,2024,"pct_male_athletes",8.94255874673629
197708,2024,"total_athletes_undup",227
197708,2024,"total_varsity_sports",15
197708,2024,"womens_varsity_sports",7
197869,2024,"female_athletes_undup",171
197869,2024,"male_athletes_undup",267
197869,2024,"mens_varsity_sports",6
197869,2024,"multi_sport_ratio",1.15981735159817
197869,2024,"pct_athletes_overall",2.42015692341695
197869,2024,"pct_female_athletes",1.71411387329591
197869,2024,"pct_male_athletes",3.28736764343758
197869,2024,"total_athletes_undup",438
197869,2024,"total_varsity_sports",14
197869,2024,"womens_varsity_sports",8
197911,2024,"female_athletes_undup",230
197911,2024,"male_athletes_undup",479
197911,2024,"mens_varsity_sports",12
197911,2024,"multi_sport_ratio",1.00141043723554
197911,2024,"pct_athletes_overall",77.2331154684096
197911,2024,"pct_female_athletes",55.1558752997602
197911,2024,"pct_male_athletes",95.6087824351297
197911,2024,"total_athletes_undup",709
197911,2024,"total_varsity_sports",23
197911,2024,"womens_varsity_sports",11
197984,2024,"female_athletes_undup",383
197984,2024,"male_athletes_undup",574
197984,2024,"mens_varsity_sports",13
197984,2024,"multi_sport_ratio",1.10240334378265
197984,2024,"pct_athletes_overall",77.6785714285714
197984,2024,"pct_female_athletes",67.9078014184397
197984,2024,"pct_male_athletes",85.9281437125749
197984,2024,"total_athletes_undup",957
197984,2024,"total_varsity_sports",26
197984,2024,"womens_varsity_sports",13
198066,2024,"female_athletes_undup",143
198066,2024,"male_athletes_undup",399
198066,2024,"mens_varsity_sports",8
198066,2024,"multi_sport_ratio",1.05535055350553
198066,2024,"pct_athletes_overall",66.9962917181706
198066,2024,"pct_female_athletes",46.8852459016393
198066,2024,"pct_male_athletes",79.1666666666667
198066,2024,"total_athletes_undup",542
198066,2024,"total_varsity_sports",17
198066,2024,"womens_varsity_sports",9
198136,2024,"female_athletes_undup",175
198136,2024,"male_athletes_undup",302
198136,2024,"mens_varsity_sports",8
198136,2024,"multi_sport_ratio",1.15513626834382
198136,2024,"pct_athletes_overall",20.9302325581395
198136,2024,"pct_female_athletes",14.3325143325143
198136,2024,"pct_male_athletes",28.5444234404537
198136,2024,"total_athletes_undup",477
198136,2024,"total_varsity_sports",17
198136,2024,"womens_varsity_sports",9
198215,2024,"female_athletes_undup",237
198215,2024,"male_athletes_undup",415
198215,2024,"mens_varsity_sports",10
198215,2024,"multi_sport_ratio",1.1058282208589
198215,2024,"pct_athletes_overall",56.8439407149085
198215,2024,"pct_female_athletes",41.5061295971979
198215,2024,"pct_male_athletes",72.0486111111111
198215,2024,"total_athletes_undup",652
198215,2024,"total_varsity_sports",20
198215,2024,"womens_varsity_sports",10
198303,2024,"female_athletes_undup",124
198303,2024,"male_athletes_undup",332
198303,2024,"mens_varsity_sports",9
198303,2024,"multi_sport_ratio",1.05043859649123
198303,2024,"pct_athletes_overall",79.1666666666667
198303,2024,"pct_female_athletes",55.8558558558559
198303,2024,"pct_male_athletes",93.7853107344633
198303,2024,"total_athletes_undup",456
198303,2024,"total_varsity_sports",17
198303,2024,"womens_varsity_sports",8
198385,2024,"female_athletes_undup",197
198385,2024,"male_athletes_undup",293
198385,2024,"mens_varsity_sports",9
198385,2024,"multi_sport_ratio",1.23469387755102
198385,2024,"pct_athletes_overall",26.2453133369041
198385,2024,"pct_female_athletes",19.8989898989899
198385,2024,"pct_male_athletes",33.4093500570125
198385,2024,"total_athletes_undup",490
198385,2024,"total_varsity_sports",17
198385,2024,"womens_varsity_sports",8
198419,2024,"female_athletes_undup",315
198419,2024,"male_athletes_undup",415
198419,2024,"mens_varsity_sports",11
198419,2024,"multi_sport_ratio",1.2013698630137
198419,2024,"pct_athletes_overall",11.374259894048
198419,2024,"pct_female_athletes",9.13838120104439
198419,2024,"pct_male_athletes",13.9683608212723
198419,2024,"total_athletes_undup",730
198419,2024,"total_varsity_sports",23
198419,2024,"womens_varsity_sports",12
198464,2024,"female_athletes_undup",226
198464,2024,"male_athletes_undup",226
198464,2024,"mens_varsity_sports",5
198464,2024,"multi_sport_ratio",1.25221238938053
198464,2024,"pct_athletes_overall",2.66619477378635
198464,2024,"pct_female_athletes",2.35957402380455
198464,2024,"pct_male_athletes",3.06440677966102
198464,2024,"total_athletes_undup",452
198464,2024,"total_varsity_sports",14
198464,2024,"womens_varsity_sports",9
198507,2024,"female_athletes_undup",73
198507,2024,"male_athletes_undup",156
198507,2024,"mens_varsity_sports",4
198507,2024,"multi_sport_ratio",1.08296943231441
198507,2024,"pct_athletes_overall",12.7505567928731
198507,2024,"pct_female_athletes",8.32383124287343
198507,2024,"pct_male_athletes",16.974972796518
198507,2024,"total_athletes_undup",229
198507,2024,"total_varsity_sports",10
198507,2024,"womens_varsity_sports",6
198516,2024,"female_athletes_undup",210
198516,2024,"male_athletes_undup",228
198516,2024,"mens_varsity_sports",7
198516,2024,"multi_sport_ratio",1.20776255707763
198516,2024,"pct_athletes_overall",6.98230511716882
198516,2024,"pct_female_athletes",5.62550227698902
198516,2024,"pct_male_athletes",8.9763779527559
198516,2024,"total_athletes_undup",438
198516,2024,"total_varsity_sports",15
198516,2024,"womens_varsity_sports",8
198543,2024,"female_athletes_undup",95
198543,2024,"male_athletes_undup",100
198543,2024,"mens_varsity_sports",4
198543,2024,"multi_sport_ratio",1.21538461538462
198543,2024,"pct_athletes_overall",4.47350309704061
198543,2024,"pct_female_athletes",3.21924771263978
198543,2024,"pct_male_athletes",7.10227272727273
198543,2024,"total_athletes_undup",195
198543,2024,"total_varsity_sports",11
198543,2024,"womens_varsity_sports",7
198561,2024,"female_athletes_undup",191
198561,2024,"male_athletes_undup",314
198561,2024,"mens_varsity_sports",11
198561,2024,"multi_sport_ratio",1.26138613861386
198561,2024,"pct_athletes_overall",30.9436274509804
198561,2024,"pct_female_athletes",19.6704428424305
198561,2024,"pct_male_athletes",47.5037821482602
198561,2024,"total_athletes_undup",505
198561,2024,"total_varsity_sports",22
198561,2024,"womens_varsity_sports",11
198598,2024,"female_athletes_undup",98
198598,2024,"male_athletes_undup",264
198598,2024,"mens_varsity_sports",9
198598,2024,"multi_sport_ratio",1.02209944751381
198598,2024,"pct_athletes_overall",53.4711964549483
198598,2024,"pct_female_athletes",38.7351778656126
198598,2024,"pct_male_athletes",62.2641509433962
198598,2024,"total_athletes_undup",362
198598,2024,"total_varsity_sports",18
198598,2024,"womens_varsity_sports",9
198613,2024,"female_athletes_undup",124
198613,2024,"male_athletes_undup",283
198613,2024,"mens_varsity_sports",8
198613,2024,"multi_sport_ratio",1.14496314496314
198613,2024,"pct_athletes_overall",41.3197969543147
198613,2024,"pct_female_athletes",26.215644820296
198613,2024,"pct_male_athletes",55.2734375
198613,2024,"total_athletes_undup",407
198613,2024,"total_varsity_sports",17
198613,2024,"womens_varsity_sports",9
198695,2024,"female_athletes_undup",204
198695,2024,"male_athletes_undup",250
198695,2024,"mens_varsity_sports",6
198695,2024,"multi_sport_ratio",1.3568281938326
198695,2024,"pct_athletes_overall",8.8984711877695
198695,2024,"pct_female_athletes",7.19322990126939
198695,2024,"pct_male_athletes",11.0326566637246
198695,2024,"total_athletes_undup",454
198695,2024,"total_varsity_sports",13
198695,2024,"womens_varsity_sports",7
198756,2024,"female_athletes_undup",66
198756,2024,"male_athletes_undup",180
198756,2024,"mens_varsity_sports",7
198756,2024,"multi_sport_ratio",1.29674796747967
198756,2024,"pct_athletes_overall",20.4149377593361
198756,2024,"pct_female_athletes",10.6109324758842
198756,2024,"pct_male_athletes",30.8747855917667
198756,2024,"total_athletes_undup",246
198756,2024,"total_varsity_sports",15
198756,2024,"womens_varsity_sports",8
198808,2024,"female_athletes_undup",189
198808,2024,"male_athletes_undup",195
198808,2024,"mens_varsity_sports",8
198808,2024,"multi_sport_ratio",1.2109375
198808,2024,"pct_athletes_overall",44.9122807017544
198808,2024,"pct_female_athletes",33.3922261484099
198808,2024,"pct_male_athletes",67.4740484429066
198808,2024,"total_athletes_undup",384
198808,2024,"total_varsity_sports",17
198808,2024,"womens_varsity_sports",9
198835,2024,"female_athletes_undup",229
198835,2024,"male_athletes_undup",476
198835,2024,"mens_varsity_sports",9
198835,2024,"multi_sport_ratio",1.17021276595745
198835,2024,"pct_athletes_overall",54.2307692307692
198835,2024,"pct_female_athletes",33.5777126099707
198835,2024,"pct_male_athletes",77.0226537216828
198835,2024,"total_athletes_undup",705
198835,2024,"total_varsity_sports",19
198835,2024,"womens_varsity_sports",10
198862,2024,"female_athletes_undup",90
198862,2024,"male_athletes_undup",158
198862,2024,"mens_varsity_sports",4
198862,2024,"multi_sport_ratio",1.02016129032258
198862,2024,"pct_athletes_overall",27.2827282728273
198862,2024,"pct_female_athletes",23.936170212766
198862,2024,"pct_male_athletes",29.6435272045028
198862,2024,"total_athletes_undup",248
198862,2024,"total_varsity_sports",10
198862,2024,"womens_varsity_sports",6
198899,2024,"female_athletes_undup",195
198899,2024,"male_athletes_undup",411
198899,2024,"mens_varsity_sports",10
198899,2024,"multi_sport_ratio",1.22772277227723
198899,2024,"pct_athletes_overall",60.8433734939759
198899,2024,"pct_female_athletes",40.1234567901235
198899,2024,"pct_male_athletes",80.5882352941177
198899,2024,"total_athletes_undup",606
198899,2024,"total_varsity_sports",21
198899,2024,"womens_varsity_sports",11
198969,2024,"female_athletes_undup",151
198969,2024,"male_athletes_undup",431
198969,2024,"mens_varsity_sports",10
198969,2024,"multi_sport_ratio",1.14776632302405
198969,2024,"pct_athletes_overall",43.1111111111111
198969,2024,"pct_female_athletes",26.0344827586207
198969,2024,"pct_male_athletes",55.974025974026
198969,2024,"total_athletes_undup",582
198969,2024,"total_varsity_sports",20
198969,2024,"womens_varsity_sports",10
199032,2024,"female_athletes_undup",187
199032,2024,"male_athletes_undup",298
199032,2024,"mens_varsity_sports",8
199032,2024,"multi_sport_ratio",1.17113402061856
199032,2024,"pct_athletes_overall",69.4842406876791
199032,2024,"pct_female_athletes",61.1111111111111
199032,2024,"pct_male_athletes",76.0204081632653
199032,2024,"total_athletes_undup",485
199032,2024,"total_varsity_sports",17
199032,2024,"womens_varsity_sports",9
199069,2024,"female_athletes_undup",57
199069,2024,"male_athletes_undup",60
199069,2024,"mens_varsity_sports",9
199069,2024,"multi_sport_ratio",5.64102564102564
199069,2024,"pct_athletes_overall",9.23441199684294
199069,2024,"pct_female_athletes",7.43155149934811
199069,2024,"pct_male_athletes",12
199069,2024,"total_athletes_undup",117
199069,2024,"total_varsity_sports",19
199069,2024,"womens_varsity_sports",10
199102,2024,"female_athletes_undup",125
199102,2024,"male_athletes_undup",280
199102,2024,"mens_varsity_sports",6
199102,2024,"multi_sport_ratio",1.20740740740741
199102,2024,"pct_athletes_overall",3.58058527097516
199102,2024,"pct_female_athletes",1.74727425216662
199102,2024,"pct_male_athletes",6.7356266538369
199102,2024,"total_athletes_undup",405
199102,2024,"total_varsity_sports",13
199102,2024,"womens_varsity_sports",7
199111,2024,"female_athletes_undup",157
199111,2024,"male_athletes_undup",135
199111,2024,"mens_varsity_sports",5
199111,2024,"multi_sport_ratio",1.38698630136986
199111,2024,"pct_athletes_overall",10.9118086696562
199111,2024,"pct_female_athletes",9.91787744788376
199111,2024,"pct_male_athletes",12.3513266239707
199111,2024,"total_athletes_undup",292
199111,2024,"total_varsity_sports",12
199111,2024,"womens_varsity_sports",7
199120,2024,"female_athletes_undup",380
199120,2024,"male_athletes_undup",450
199120,2024,"mens_varsity_sports",11
199120,2024,"multi_sport_ratio",1.16265060240964
199120,2024,"pct_athletes_overall",4.12791565126573
199120,2024,"pct_female_athletes",3.09875234445079
199120,2024,"pct_male_athletes",5.73686894441611
199120,2024,"total_athletes_undup",830
199120,2024,"total_varsity_sports",24
199120,2024,"womens_varsity_sports",13
199139,2024,"female_athletes_undup",184
199139,2024,"male_athletes_undup",294
199139,2024,"mens_varsity_sports",7
199139,2024,"multi_sport_ratio",1.35146443514644
199139,2024,"pct_athletes_overall",2.23824686270837
199139,2024,"pct_female_athletes",1.77332305319969
199139,2024,"pct_male_athletes",2.6775956284153
199139,2024,"total_athletes_undup",478
199139,2024,"total_varsity_sports",15
199139,2024,"womens_varsity_sports",8
199148,2024,"female_athletes_undup",114
199148,2024,"male_athletes_undup",124
199148,2024,"mens_varsity_sports",6
199148,2024,"multi_sport_ratio",1.27731092436975
199148,2024,"pct_athletes_overall",2.02088817186041
199148,2024,"pct_female_athletes",1.46888287591805
199148,2024,"pct_male_athletes",3.08764940239044
199148,2024,"total_athletes_undup",238
199148,2024,"total_varsity_sports",13
199148,2024,"womens_varsity_sports",7
199157,2024,"female_athletes_undup",102
199157,2024,"male_athletes_undup",180
199157,2024,"mens_varsity_sports",7
199157,2024,"multi_sport_ratio",1.19148936170213
199157,2024,"pct_athletes_overall",5.28386734120292
199157,2024,"pct_female_athletes",2.75452335943829
199157,2024,"pct_male_athletes",11.015911872705
199157,2024,"total_athletes_undup",282
199157,2024,"total_varsity_sports",15
199157,2024,"womens_varsity_sports",8
199193,2024,"female_athletes_undup",199
199193,2024,"male_athletes_undup",343
199193,2024,"mens_varsity_sports",9
199193,2024,"multi_sport_ratio",1.22509225092251
199193,2024,"pct_athletes_overall",2.10281280310378
199193,2024,"pct_female_athletes",1.53454657618754
199193,2024,"pct_male_athletes",2.67822284688061
199193,2024,"total_athletes_undup",542
199193,2024,"total_varsity_sports",18
199193,2024,"womens_varsity_sports",9
199209,2024,"female_athletes_undup",112
199209,2024,"male_athletes_undup",304
199209,2024,"mens_varsity_sports",7
199209,2024,"multi_sport_ratio",1.04086538461538
199209,2024,"pct_athletes_overall",40.27105517909
199209,2024,"pct_female_athletes",21.7054263565891
199209,2024,"pct_male_athletes",58.8007736943907
199209,2024,"total_athletes_undup",416
199209,2024,"total_varsity_sports",14
199209,2024,"womens_varsity_sports",7
199218,2024,"female_athletes_undup",192
199218,2024,"male_athletes_undup",167
199218,2024,"mens_varsity_sports",7
199218,2024,"multi_sport_ratio",1.14763231197772
199218,2024,"pct_athletes_overall",2.76515443271971
199218,2024,"pct_female_athletes",2.37300704486466
199218,2024,"pct_male_athletes",3.41373671300082
199218,2024,"total_athletes_undup",359
199218,2024,"total_varsity_sports",16
199218,2024,"womens_varsity_sports",9
199272,2024,"female_athletes_undup",98
199272,2024,"male_athletes_undup",150
199272,2024,"mens_varsity_sports",8
199272,2024,"multi_sport_ratio",1.02016129032258
199272,2024,"pct_athletes_overall",41.2645590682196
199272,2024,"pct_female_athletes",35.6363636363636
199272,2024,"pct_male_athletes",46.0122699386503
199272,2024,"total_athletes_undup",248
199272,2024,"total_varsity_sports",14
199272,2024,"womens_varsity_sports",6
199281,2024,"female_athletes_undup",132
199281,2024,"male_athletes_undup",292
199281,2024,"mens_varsity_sports",5
199281,2024,"multi_sport_ratio",1.30424528301887
199281,2024,"pct_athletes_overall",10.7532335784935
199281,2024,"pct_female_athletes",5.57432432432432
199281,2024,"pct_male_athletes",18.5396825396825
199281,2024,"total_athletes_undup",424
199281,2024,"total_varsity_sports",12
199281,2024,"womens_varsity_sports",7
199306,2024,"female_athletes_undup",127
199306,2024,"male_athletes_undup",332
199306,2024,"mens_varsity_sports",7
199306,2024,"multi_sport_ratio",1.28104575163399
199306,2024,"pct_athletes_overall",72.1698113207547
199306,2024,"pct_female_athletes",44.8763250883392
199306,2024,"pct_male_athletes",94.0509915014164
199306,2024,"total_athletes_undup",459
199306,2024,"total_varsity_sports",15
199306,2024,"womens_varsity_sports",8
199412,2024,"female_athletes_undup",292
199412,2024,"male_athletes_undup",273
199412,2024,"mens_varsity_sports",9
199412,2024,"multi_sport_ratio",1.1929203539823
199412,2024,"pct_athletes_overall",47.8813559322034
199412,2024,"pct_female_athletes",40.3314917127072
199412,2024,"pct_male_athletes",59.8684210526316
199412,2024,"total_athletes_undup",565
199412,2024,"total_varsity_sports",20
199412,2024,"womens_varsity_sports",11
199458,2024,"female_athletes_undup",11
199458,2024,"male_athletes_undup",62
199458,2024,"mens_varsity_sports",4
199458,2024,"multi_sport_ratio",1.20547945205479
199458,2024,"pct_athletes_overall",68.8679245283019
199458,2024,"pct_female_athletes",52.3809523809524
199458,2024,"pct_male_athletes",72.9411764705882
199458,2024,"total_athletes_undup",73
199458,2024,"total_varsity_sports",6
199458,2024,"womens_varsity_sports",2
199643,2024,"female_athletes_undup",125
199643,2024,"male_athletes_undup",173
199643,2024,"mens_varsity_sports",5
199643,2024,"multi_sport_ratio",1.08389261744966
199643,2024,"pct_athletes_overall",36.2971985383678
199643,2024,"pct_female_athletes",30.4878048780488
199643,2024,"pct_male_athletes",42.0924574209246
199643,2024,"total_athletes_undup",298
199643,2024,"total_varsity_sports",13
199643,2024,"womens_varsity_sports",8
199847,2024,"female_athletes_undup",161
199847,2024,"male_athletes_undup",279
199847,2024,"mens_varsity_sports",7
199847,2024,"multi_sport_ratio",1.25227272727273
199847,2024,"pct_athletes_overall",8.12857934601884
199847,2024,"pct_female_athletes",5.39182853315472
199847,2024,"pct_male_athletes",11.495673671199
199847,2024,"total_athletes_undup",440
199847,2024,"total_varsity_sports",14
199847,2024,"womens_varsity_sports",7
199865,2024,"female_athletes_undup",105
199865,2024,"male_athletes_undup",92
199865,2024,"mens_varsity_sports",7
199865,2024,"multi_sport_ratio",1.11167512690355
199865,2024,"pct_athletes_overall",27.9036827195467
199865,2024,"pct_female_athletes",22.2929936305732
199865,2024,"pct_male_athletes",39.1489361702128
199865,2024,"total_athletes_undup",197
199865,2024,"total_varsity_sports",14
199865,2024,"womens_varsity_sports",7
199962,2024,"female_athletes_undup",312
199962,2024,"male_athletes_undup",496
199962,2024,"mens_varsity_sports",9
199962,2024,"multi_sport_ratio",1.28094059405941
199962,2024,"pct_athletes_overall",30.9459977020299
199962,2024,"pct_female_athletes",20.3788373612018
199962,2024,"pct_male_athletes",45.9259259259259
199962,2024,"total_athletes_undup",808
199962,2024,"total_varsity_sports",22
199962,2024,"womens_varsity_sports",13
199971,2024,"female_athletes_undup",11
199971,2024,"male_athletes_undup",18
199971,2024,"mens_varsity_sports",1
199971,2024,"multi_sport_ratio",1
199971,2024,"pct_athletes_overall",55.7692307692308
199971,2024,"pct_female_athletes",44
199971,2024,"pct_male_athletes",66.6666666666667
199971,2024,"total_athletes_undup",29
199971,2024,"total_varsity_sports",2
199971,2024,"womens_varsity_sports",1
199999,2024,"female_athletes_undup",80
199999,2024,"male_athletes_undup",144
199999,2024,"mens_varsity_sports",4
199999,2024,"multi_sport_ratio",1.16964285714286
199999,2024,"pct_athletes_overall",5.96061734965407
199999,2024,"pct_female_athletes",2.91864283108355
199999,2024,"pct_male_athletes",14.1592920353982
199999,2024,"total_athletes_undup",224
199999,2024,"total_varsity_sports",11
199999,2024,"womens_varsity_sports",7
200004,2024,"female_athletes_undup",135
200004,2024,"male_athletes_undup",235
200004,2024,"mens_varsity_sports",5
200004,2024,"multi_sport_ratio",1.32702702702703
200004,2024,"pct_athletes_overall",4.48213204118716
200004,2024,"pct_female_athletes",2.89637416863334
200004,2024,"pct_male_athletes",6.5386755703951
200004,2024,"total_athletes_undup",370
200004,2024,"total_varsity_sports",12
200004,2024,"womens_varsity_sports",7
200022,2024,"female_athletes_undup",80
200022,2024,"male_athletes_undup",135
200022,2024,"mens_varsity_sports",5
200022,2024,"multi_sport_ratio",1.02790697674419
200022,2024,"pct_athletes_overall",10.4622871046229
200022,2024,"pct_female_athletes",8.81057268722467
200022,2024,"pct_male_athletes",11.7698343504795
200022,2024,"total_athletes_undup",215
200022,2024,"total_varsity_sports",10
200022,2024,"womens_varsity_sports",5
200059,2024,"female_athletes_undup",152
200059,2024,"male_athletes_undup",279
200059,2024,"mens_varsity_sports",8
200059,2024,"multi_sport_ratio",1.22969837587007
200059,2024,"pct_athletes_overall",47.3626373626374
200059,2024,"pct_female_athletes",31.404958677686
200059,2024,"pct_male_athletes",65.4929577464789
200059,2024,"total_athletes_undup",431
200059,2024,"total_varsity_sports",16
200059,2024,"womens_varsity_sports",8
200086,2024,"female_athletes_undup",2
200086,2024,"male_athletes_undup",14
200086,2024,"mens_varsity_sports",3
200086,2024,"multi_sport_ratio",1.1875
200086,2024,"pct_athletes_overall",14.9532710280374
200086,2024,"pct_female_athletes",3.17460317460317
200086,2024,"pct_male_athletes",31.8181818181818
200086,2024,"total_athletes_undup",16
200086,2024,"total_varsity_sports",4
200086,2024,"womens_varsity_sports",1
200156,2024,"female_athletes_undup",193
200156,2024,"male_athletes_undup",393
200156,2024,"mens_varsity_sports",8
200156,2024,"multi_sport_ratio",1.1382252559727
200156,2024,"pct_athletes_overall",59.7349643221203
200156,2024,"pct_female_athletes",46.3942307692308
200156,2024,"pct_male_athletes",69.5575221238938
200156,2024,"total_athletes_undup",586
200156,2024,"total_varsity_sports",16
200156,2024,"womens_varsity_sports",8
200217,2024,"female_athletes_undup",176
200217,2024,"male_athletes_undup",256
200217,2024,"mens_varsity_sports",6
200217,2024,"multi_sport_ratio",1.35185185185185
200217,2024,"pct_athletes_overall",20.5910390848427
200217,2024,"pct_female_athletes",14.08
200217,2024,"pct_male_athletes",30.188679245283
200217,2024,"total_athletes_undup",432
200217,2024,"total_varsity_sports",14
200217,2024,"womens_varsity_sports",8
200226,2024,"female_athletes_undup",64
200226,2024,"male_athletes_undup",211
200226,2024,"mens_varsity_sports",4
200226,2024,"multi_sport_ratio",1.01454545454545
200226,2024,"pct_athletes_overall",46.9283276450512
200226,2024,"pct_female_athletes",21.3333333333333
200226,2024,"pct_male_athletes",73.7762237762238
200226,2024,"total_athletes_undup",275
200226,2024,"total_varsity_sports",8
200226,2024,"womens_varsity_sports",4
200253,2024,"female_athletes_undup",70
200253,2024,"male_athletes_undup",145
200253,2024,"mens_varsity_sports",6
200253,2024,"multi_sport_ratio",2.25581395348837
200253,2024,"pct_athletes_overall",12.6768867924528
200253,2024,"pct_female_athletes",6.8762278978389
200253,2024,"pct_male_athletes",21.3864306784661
200253,2024,"total_athletes_undup",215
200253,2024,"total_varsity_sports",13
200253,2024,"womens_varsity_sports",7
200280,2024,"female_athletes_undup",181
200280,2024,"male_athletes_undup",206
200280,2024,"mens_varsity_sports",6
200280,2024,"multi_sport_ratio",1.30749354005168
200280,2024,"pct_athletes_overall",5.02727981293843
200280,2024,"pct_female_athletes",4.87345180398492
200280,2024,"pct_male_athletes",5.17068273092369
200280,2024,"total_athletes_undup",387
200280,2024,"total_varsity_sports",13
200280,2024,"womens_varsity_sports",7
200332,2024,"female_athletes_undup",164
200332,2024,"male_athletes_undup",289
200332,2024,"mens_varsity_sports",6
200332,2024,"multi_sport_ratio",1.31788079470199
200332,2024,"pct_athletes_overall",5.21889400921659
200332,2024,"pct_female_athletes",3.76319412574576
200332,2024,"pct_male_athletes",6.68671911152244
200332,2024,"total_athletes_undup",453
200332,2024,"total_varsity_sports",12
200332,2024,"womens_varsity_sports",6
200484,2024,"female_athletes_undup",21
200484,2024,"male_athletes_undup",31
200484,2024,"mens_varsity_sports",3
200484,2024,"multi_sport_ratio",1.09615384615385
200484,2024,"pct_athletes_overall",46.4285714285714
200484,2024,"pct_female_athletes",32.8125
200484,2024,"pct_male_athletes",64.5833333333333
200484,2024,"total_athletes_undup",52
200484,2024,"total_varsity_sports",6
200484,2024,"womens_varsity_sports",3
200527,2024,"female_athletes_undup",11
200527,2024,"male_athletes_undup",19
200527,2024,"mens_varsity_sports",2
200527,2024,"multi_sport_ratio",1
200527,2024,"pct_athletes_overall",6.84931506849315
200527,2024,"pct_female_athletes",4.296875
200527,2024,"pct_male_athletes",10.4395604395604
200527,2024,"total_athletes_undup",30
200527,2024,"total_varsity_sports",4
200527,2024,"womens_varsity_sports",2
200554,2024,"female_athletes_undup",9
200554,2024,"male_athletes_undup",15
200554,2024,"mens_varsity_sports",1
200554,2024,"multi_sport_ratio",1
200554,2024,"pct_athletes_overall",4.48598130841121
200554,2024,"pct_female_athletes",2.52808988764045
200554,2024,"pct_male_athletes",8.37988826815642
200554,2024,"total_athletes_undup",24
200554,2024,"total_varsity_sports",2
200554,2024,"womens_varsity_sports",1
200572,2024,"female_athletes_undup",72
200572,2024,"male_athletes_undup",215
200572,2024,"mens_varsity_sports",5
200572,2024,"multi_sport_ratio",1.01045296167247
200572,2024,"pct_athletes_overall",36.7007672634271
200572,2024,"pct_female_athletes",17.7777777777778
200572,2024,"pct_male_athletes",57.0291777188329
200572,2024,"total_athletes_undup",287
200572,2024,"total_varsity_sports",10
200572,2024,"womens_varsity_sports",5
200800,2024,"female_athletes_undup",233
200800,2024,"male_athletes_undup",252
200800,2024,"mens_varsity_sports",5
200800,2024,"multi_sport_ratio",1.18556701030928
200800,2024,"pct_athletes_overall",6.0632579072384
200800,2024,"pct_female_athletes",6.32293080054274
200800,2024,"pct_male_athletes",5.84144645340751
200800,2024,"total_athletes_undup",485
200800,2024,"total_varsity_sports",13
200800,2024,"womens_varsity_sports",8
201104,2024,"female_athletes_undup",273
201104,2024,"male_athletes_undup",469
201104,2024,"mens_varsity_sports",9
201104,2024,"multi_sport_ratio",1.23450134770889
201104,2024,"pct_athletes_overall",40.2168021680217
201104,2024,"pct_female_athletes",28
201104,2024,"pct_male_athletes",53.9080459770115
201104,2024,"total_athletes_undup",742
201104,2024,"total_varsity_sports",19
201104,2024,"womens_varsity_sports",10
201195,2024,"female_athletes_undup",239
201195,2024,"male_athletes_undup",472
201195,2024,"mens_varsity_sports",12
201195,2024,"multi_sport_ratio",1.23206751054852
201195,2024,"pct_athletes_overall",25.8545454545455
201195,2024,"pct_female_athletes",16.1268556005398
201195,2024,"pct_male_athletes",37.2239747634069
201195,2024,"total_athletes_undup",711
201195,2024,"total_varsity_sports",24
201195,2024,"womens_varsity_sports",12
201371,2024,"female_athletes_undup",110
201371,2024,"male_athletes_undup",262
201371,2024,"mens_varsity_sports",7
201371,2024,"multi_sport_ratio",1.2258064516129
201371,2024,"pct_athletes_overall",64.695652173913
201371,2024,"pct_female_athletes",45.643153526971
201371,2024,"pct_male_athletes",78.4431137724551
201371,2024,"total_athletes_undup",372
201371,2024,"total_varsity_sports",14
201371,2024,"womens_varsity_sports",7
201441,2024,"female_athletes_undup",207
201441,2024,"male_athletes_undup",232
201441,2024,"mens_varsity_sports",7
201441,2024,"multi_sport_ratio",1.12072892938497
201441,2024,"pct_athletes_overall",3.60604567110235
201441,2024,"pct_female_athletes",2.9664660361135
201441,2024,"pct_male_athletes",4.46497305619707
201441,2024,"total_athletes_undup",439
201441,2024,"total_varsity_sports",16
201441,2024,"womens_varsity_sports",9
201469,2024,"female_athletes_undup",14
201469,2024,"male_athletes_undup",76
201469,2024,"mens_varsity_sports",2
201469,2024,"multi_sport_ratio",1
201469,2024,"pct_athletes_overall",22.9007633587786
201469,2024,"pct_female_athletes",5.09090909090909
201469,2024,"pct_male_athletes",64.4067796610169
201469,2024,"total_athletes_undup",90
201469,2024,"total_varsity_sports",3
201469,2024,"womens_varsity_sports",1
201548,2024,"female_athletes_undup",148
201548,2024,"male_athletes_undup",283
201548,2024,"mens_varsity_sports",8
201548,2024,"multi_sport_ratio",1.04176334106729
201548,2024,"pct_athletes_overall",27.6459268762027
201548,2024,"pct_female_athletes",16.6854565952649
201548,2024,"pct_male_athletes",42.1130952380952
201548,2024,"total_athletes_undup",431
201548,2024,"total_varsity_sports",17
201548,2024,"womens_varsity_sports",9
201645,2024,"female_athletes_undup",195
201645,2024,"male_athletes_undup",330
201645,2024,"mens_varsity_sports",10
201645,2024,"multi_sport_ratio",1.22666666666667
201645,2024,"pct_athletes_overall",8.21467688937568
201645,2024,"pct_female_athletes",6.36215334420881
201645,2024,"pct_male_athletes",9.92182802164762
201645,2024,"total_athletes_undup",525
201645,2024,"total_varsity_sports",19
201645,2024,"womens_varsity_sports",9
201654,2024,"female_athletes_undup",134
201654,2024,"male_athletes_undup",165
201654,2024,"mens_varsity_sports",8
201654,2024,"multi_sport_ratio",1.56521739130435
201654,2024,"pct_athletes_overall",7.5069043434597
201654,2024,"pct_female_athletes",6.26460963066854
201654,2024,"pct_male_athletes",8.94793926247289
201654,2024,"total_athletes_undup",299
201654,2024,"total_varsity_sports",16
201654,2024,"womens_varsity_sports",8
201690,2024,"female_athletes_undup",67
201690,2024,"male_athletes_undup",208
201690,2024,"mens_varsity_sports",5
201690,2024,"multi_sport_ratio",1.26909090909091
201690,2024,"pct_athletes_overall",13.3301017935046
201690,2024,"pct_female_athletes",5.32168387609214
201690,2024,"pct_male_athletes",25.8706467661692
201690,2024,"total_athletes_undup",275
201690,2024,"total_varsity_sports",9
201690,2024,"womens_varsity_sports",4
201885,2024,"female_athletes_undup",194
201885,2024,"male_athletes_undup",253
201885,2024,"mens_varsity_sports",6
201885,2024,"multi_sport_ratio",1.1834451901566
201885,2024,"pct_athletes_overall",1.65727421029215
201885,2024,"pct_female_athletes",1.46603188997204
201885,2024,"pct_male_athletes",1.84147317854283
201885,2024,"total_athletes_undup",447
201885,2024,"total_varsity_sports",14
201885,2024,"womens_varsity_sports",8
201946,2024,"female_athletes_undup",53
201946,2024,"male_athletes_undup",77
201946,2024,"mens_varsity_sports",3
201946,2024,"multi_sport_ratio",1
201946,2024,"pct_athletes_overall",12.241054613936
201946,2024,"pct_female_athletes",9.58408679927667
201946,2024,"pct_male_athletes",15.1277013752456
201946,2024,"total_athletes_undup",130
201946,2024,"total_varsity_sports",6
201946,2024,"womens_varsity_sports",3
201964,2024,"female_athletes_undup",85
201964,2024,"male_athletes_undup",112
201964,2024,"mens_varsity_sports",5
201964,2024,"multi_sport_ratio",1.14213197969543
201964,2024,"pct_athletes_overall",32.5082508250825
201964,2024,"pct_female_athletes",25
201964,2024,"pct_male_athletes",42.1052631578947
201964,2024,"total_athletes_undup",197
201964,2024,"total_varsity_sports",11
201964,2024,"womens_varsity_sports",6
201973,2024,"female_athletes_undup",19
201973,2024,"male_athletes_undup",50
201973,2024,"mens_varsity_sports",2
201973,2024,"multi_sport_ratio",1
201973,2024,"pct_athletes_overall",9.87124463519313
201973,2024,"pct_female_athletes",4.39814814814815
201973,2024,"pct_male_athletes",18.7265917602996
201973,2024,"total_athletes_undup",69
201973,2024,"total_varsity_sports",4
201973,2024,"womens_varsity_sports",2
202134,2024,"female_athletes_undup",174
202134,2024,"male_athletes_undup",194
202134,2024,"mens_varsity_sports",8
202134,2024,"multi_sport_ratio",1.05434782608696
202134,2024,"pct_athletes_overall",4.93496043985517
202134,2024,"pct_female_athletes",4.4039483675019
202134,2024,"pct_male_athletes",5.53337136337707
202134,2024,"total_athletes_undup",368
202134,2024,"total_varsity_sports",17
202134,2024,"womens_varsity_sports",9
202480,2024,"female_athletes_undup",178
202480,2024,"male_athletes_undup",249
202480,2024,"mens_varsity_sports",7
202480,2024,"multi_sport_ratio",1.10772833723653
202480,2024,"pct_athletes_overall",5.7269313304721
202480,2024,"pct_female_athletes",5.02115655853314
202480,2024,"pct_male_athletes",6.36665814369726
202480,2024,"total_athletes_undup",427
202480,2024,"total_varsity_sports",15
202480,2024,"womens_varsity_sports",8
202514,2024,"female_athletes_undup",83
202514,2024,"male_athletes_undup",257
202514,2024,"mens_varsity_sports",9
202514,2024,"multi_sport_ratio",1.09705882352941
202514,2024,"pct_athletes_overall",70.6860706860707
202514,2024,"pct_female_athletes",49.7005988023952
202514,2024,"pct_male_athletes",81.8471337579618
202514,2024,"total_athletes_undup",340
202514,2024,"total_varsity_sports",17
202514,2024,"womens_varsity_sports",8
202523,2024,"female_athletes_undup",265
202523,2024,"male_athletes_undup",377
202523,2024,"mens_varsity_sports",10
202523,2024,"multi_sport_ratio",1.17133956386293
202523,2024,"pct_athletes_overall",27.020202020202
202523,2024,"pct_female_athletes",21.3365539452496
202523,2024,"pct_male_athletes",33.2451499118166
202523,2024,"total_athletes_undup",642
202523,2024,"total_varsity_sports",22
202523,2024,"womens_varsity_sports",12
202648,2024,"female_athletes_undup",39
202648,2024,"male_athletes_undup",38
202648,2024,"mens_varsity_sports",2
202648,2024,"multi_sport_ratio",1.01298701298701
202648,2024,"pct_athletes_overall",18.2464454976303
202648,2024,"pct_female_athletes",16.25
202648,2024,"pct_male_athletes",20.8791208791209
202648,2024,"total_athletes_undup",77
202648,2024,"total_varsity_sports",5
202648,2024,"womens_varsity_sports",3
202763,2024,"female_athletes_undup",173
202763,2024,"male_athletes_undup",271
202763,2024,"mens_varsity_sports",9
202763,2024,"multi_sport_ratio",1.87162162162162
202763,2024,"pct_athletes_overall",20.6896551724138
202763,2024,"pct_female_athletes",11.8655692729767
202763,2024,"pct_male_athletes",39.3895348837209
202763,2024,"total_athletes_undup",444
202763,2024,"total_varsity_sports",18
202763,2024,"womens_varsity_sports",9
203085,2024,"female_athletes_undup",204
203085,2024,"male_athletes_undup",347
203085,2024,"mens_varsity_sports",9
203085,2024,"multi_sport_ratio",1.20508166969147
203085,2024,"pct_athletes_overall",61.0188261351052
203085,2024,"pct_female_athletes",49.8777506112469
203085,2024,"pct_male_athletes",70.2429149797571
203085,2024,"total_athletes_undup",551
203085,2024,"total_varsity_sports",17
203085,2024,"womens_varsity_sports",8
203128,2024,"female_athletes_undup",143
203128,2024,"male_athletes_undup",293
203128,2024,"mens_varsity_sports",10
203128,2024,"multi_sport_ratio",1.06192660550459
203128,2024,"pct_athletes_overall",57.8249336870027
203128,2024,"pct_female_athletes",39.9441340782123
203128,2024,"pct_male_athletes",73.989898989899
203128,2024,"total_athletes_undup",436
203128,2024,"total_varsity_sports",19
203128,2024,"womens_varsity_sports",9
203368,2024,"female_athletes_undup",225
203368,2024,"male_athletes_undup",441
203368,2024,"mens_varsity_sports",10
203368,2024,"multi_sport_ratio",1.22672672672673
203368,2024,"pct_athletes_overall",29.8119964189794
203368,2024,"pct_female_athletes",21.8023255813953
203368,2024,"pct_male_athletes",36.6888519134775
203368,2024,"total_athletes_undup",666
203368,2024,"total_varsity_sports",20
203368,2024,"womens_varsity_sports",10
203483,2024,"female_athletes_undup",31
203483,2024,"male_athletes_undup",34
203483,2024,"mens_varsity_sports",3
203483,2024,"multi_sport_ratio",1.09230769230769
203483,2024,"pct_athletes_overall",15.8924205378973
203483,2024,"pct_female_athletes",12.7049180327869
203483,2024,"pct_male_athletes",20.6060606060606
203483,2024,"total_athletes_undup",65
203483,2024,"total_varsity_sports",8
203483,2024,"womens_varsity_sports",5
203517,2024,"female_athletes_undup",215
203517,2024,"male_athletes_undup",263
203517,2024,"mens_varsity_sports",6
203517,2024,"multi_sport_ratio",1.23849372384937
203517,2024,"pct_athletes_overall",2.81176470588235
203517,2024,"pct_female_athletes",2.03175203175203
203517,2024,"pct_male_athletes",4.09784979744469
203517,2024,"total_athletes_undup",478
203517,2024,"total_varsity_sports",15
203517,2024,"womens_varsity_sports",9
203535,2024,"female_athletes_undup",206
203535,2024,"male_athletes_undup",293
203535,2024,"mens_varsity_sports",11
203535,2024,"multi_sport_ratio",1.2184368737475
203535,2024,"pct_athletes_overall",28.810623556582
203535,2024,"pct_female_athletes",21.0849539406346
203535,2024,"pct_male_athletes",38.8079470198675
203535,2024,"total_athletes_undup",499
203535,2024,"total_varsity_sports",22
203535,2024,"womens_varsity_sports",11
203580,2024,"female_athletes_undup",132
203580,2024,"male_athletes_undup",355
203580,2024,"mens_varsity_sports",7
203580,2024,"multi_sport_ratio",1.12731006160164
203580,2024,"pct_athletes_overall",57.6331360946746
203580,2024,"pct_female_athletes",30.2752293577982
203580,2024,"pct_male_athletes",86.7970660146699
203580,2024,"total_athletes_undup",487
203580,2024,"total_varsity_sports",13
203580,2024,"womens_varsity_sports",6
203748,2024,"female_athletes_undup",29
203748,2024,"male_athletes_undup",41
203748,2024,"mens_varsity_sports",3
203748,2024,"multi_sport_ratio",1.04285714285714
203748,2024,"pct_athletes_overall",3.73931623931624
203748,2024,"pct_female_athletes",2.73069679849341
203748,2024,"pct_male_athletes",5.06172839506173
203748,2024,"total_athletes_undup",70
203748,2024,"total_varsity_sports",7
203748,2024,"womens_varsity_sports",4
203757,2024,"female_athletes_undup",167
203757,2024,"male_athletes_undup",156
203757,2024,"mens_varsity_sports",9
203757,2024,"multi_sport_ratio",1.02167182662539
203757,2024,"pct_athletes_overall",63.0859375
203757,2024,"pct_female_athletes",61.3970588235294
203757,2024,"pct_male_athletes",65
203757,2024,"total_athletes_undup",323
203757,2024,"total_varsity_sports",19
203757,2024,"womens_varsity_sports",10
203775,2024,"female_athletes_undup",185
203775,2024,"male_athletes_undup",242
203775,2024,"mens_varsity_sports",7
203775,2024,"multi_sport_ratio",1.28571428571429
203775,2024,"pct_athletes_overall",57.1619812583668
203775,2024,"pct_female_athletes",43.8388625592417
203775,2024,"pct_male_athletes",74.4615384615385
203775,2024,"total_athletes_undup",427
203775,2024,"total_varsity_sports",16
203775,2024,"womens_varsity_sports",9
203845,2024,"female_athletes_undup",156
203845,2024,"male_athletes_undup",324
203845,2024,"mens_varsity_sports",8
203845,2024,"multi_sport_ratio",1.1125
203845,2024,"pct_athletes_overall",52.2875816993464
203845,2024,"pct_female_athletes",36.7924528301887
203845,2024,"pct_male_athletes",65.587044534413
203845,2024,"total_athletes_undup",480
203845,2024,"total_varsity_sports",16
203845,2024,"womens_varsity_sports",8
204024,2024,"female_athletes_undup",274
204024,2024,"male_athletes_undup",351
204024,2024,"mens_varsity_sports",7
204024,2024,"multi_sport_ratio",1.136
204024,2024,"pct_athletes_overall",3.83977391411194
204024,2024,"pct_female_athletes",3.21974148061105
204024,2024,"pct_male_athletes",4.51911935110081
204024,2024,"total_athletes_undup",625
204024,2024,"total_varsity_sports",16
204024,2024,"womens_varsity_sports",9
204185,2024,"female_athletes_undup",280
204185,2024,"male_athletes_undup",554
204185,2024,"mens_varsity_sports",11
204185,2024,"multi_sport_ratio",1.30695443645084
204185,2024,"pct_athletes_overall",42.1638018200202
204185,2024,"pct_female_athletes",28.7474332648871
204185,2024,"pct_male_athletes",55.1792828685259
204185,2024,"total_athletes_undup",834
204185,2024,"total_varsity_sports",21
204185,2024,"womens_varsity_sports",10
204194,2024,"female_athletes_undup",176
204194,2024,"male_athletes_undup",230
204194,2024,"mens_varsity_sports",9
204194,2024,"multi_sport_ratio",1.18965517241379
204194,2024,"pct_athletes_overall",30.1186943620178
204194,2024,"pct_female_athletes",22.0551378446115
204194,2024,"pct_male_athletes",41.8181818181818
204194,2024,"total_athletes_undup",406
204194,2024,"total_varsity_sports",17
204194,2024,"womens_varsity_sports",8
204200,2024,"female_athletes_undup",142
204200,2024,"male_athletes_undup",354
204200,2024,"mens_varsity_sports",8
204200,2024,"multi_sport_ratio",1.02016129032258
204200,2024,"pct_athletes_overall",45.7142857142857
204200,2024,"pct_female_athletes",24.4827586206897
204200,2024,"pct_male_athletes",70.0990099009901
204200,2024,"total_athletes_undup",496
204200,2024,"total_varsity_sports",15
204200,2024,"womens_varsity_sports",7
204264,2024,"female_athletes_undup",224
204264,2024,"male_athletes_undup",372
204264,2024,"mens_varsity_sports",11
204264,2024,"multi_sport_ratio",1.10402684563758
204264,2024,"pct_athletes_overall",46.1300309597523
204264,2024,"pct_female_athletes",33.6336336336336
204264,2024,"pct_male_athletes",59.4249201277955
204264,2024,"total_athletes_undup",596
204264,2024,"total_varsity_sports",22
204264,2024,"womens_varsity_sports",11
204486,2024,"female_athletes_undup",83
204486,2024,"male_athletes_undup",83
204486,2024,"mens_varsity_sports",6
204486,2024,"multi_sport_ratio",1
204486,2024,"pct_athletes_overall",7.1336484744306
204486,2024,"pct_female_athletes",20.8542713567839
204486,2024,"pct_male_athletes",4.30274753758424
204486,2024,"total_athletes_undup",166
204486,2024,"total_varsity_sports",13
204486,2024,"womens_varsity_sports",7
204501,2024,"female_athletes_undup",169
204501,2024,"male_athletes_undup",226
204501,2024,"mens_varsity_sports",10
204501,2024,"multi_sport_ratio",1.23544303797468
204501,2024,"pct_athletes_overall",13.7678633670268
204501,2024,"pct_female_athletes",9.97050147492625
204501,2024,"pct_male_athletes",19.2504258943782
204501,2024,"total_athletes_undup",395
204501,2024,"total_varsity_sports",21
204501,2024,"womens_varsity_sports",11
204617,2024,"female_athletes_undup",134
204617,2024,"male_athletes_undup",266
204617,2024,"mens_varsity_sports",6
204617,2024,"multi_sport_ratio",1.0625
204617,2024,"pct_athletes_overall",55.4016620498615
204617,2024,"pct_female_athletes",37.9603399433428
204617,2024,"pct_male_athletes",72.0867208672087
204617,2024,"total_athletes_undup",400
204617,2024,"total_varsity_sports",12
204617,2024,"womens_varsity_sports",6
204635,2024,"female_athletes_undup",252
204635,2024,"male_athletes_undup",511
204635,2024,"mens_varsity_sports",13
204635,2024,"multi_sport_ratio",1.25557011795544
204635,2024,"pct_athletes_overall",31.0541310541311
204635,2024,"pct_female_athletes",22.6822682268227
204635,2024,"pct_male_athletes",37.964338781575
204635,2024,"total_athletes_undup",763
204635,2024,"total_varsity_sports",25
204635,2024,"womens_varsity_sports",12
204796,2024,"female_athletes_undup",460
204796,2024,"male_athletes_undup",496
204796,2024,"mens_varsity_sports",15
204796,2024,"multi_sport_ratio",1.14121338912134
204796,2024,"pct_athletes_overall",2.22558491444535
204796,2024,"pct_female_athletes",2.11232033797125
204796,2024,"pct_male_athletes",2.34205307394466
204796,2024,"total_athletes_undup",956
204796,2024,"total_varsity_sports",31
204796,2024,"womens_varsity_sports",16
204857,2024,"female_athletes_undup",214
204857,2024,"male_athletes_undup",263
204857,2024,"mens_varsity_sports",6
204857,2024,"multi_sport_ratio",1.16561844863732
204857,2024,"pct_athletes_overall",2.85834132310642
204857,2024,"pct_female_athletes",2.16380182002022
204857,2024,"pct_male_athletes",3.8687849367461
204857,2024,"total_athletes_undup",477
204857,2024,"total_varsity_sports",14
204857,2024,"womens_varsity_sports",8
204909,2024,"female_athletes_undup",228
204909,2024,"male_athletes_undup",362
204909,2024,"mens_varsity_sports",10
204909,2024,"multi_sport_ratio",1.13389830508475
204909,2024,"pct_athletes_overall",39.1246684350133
204909,2024,"pct_female_athletes",26.792009400705
204909,2024,"pct_male_athletes",55.0989345509893
204909,2024,"total_athletes_undup",590
204909,2024,"total_varsity_sports",20
204909,2024,"womens_varsity_sports",10
204936,2024,"female_athletes_undup",191
204936,2024,"male_athletes_undup",331
204936,2024,"mens_varsity_sports",9
204936,2024,"multi_sport_ratio",1.26436781609195
204936,2024,"pct_athletes_overall",25.2906976744186
204936,2024,"pct_female_athletes",15.2677857713829
204936,2024,"pct_male_athletes",40.7134071340713
204936,2024,"total_athletes_undup",522
204936,2024,"total_varsity_sports",18
204936,2024,"womens_varsity_sports",9
205203,2024,"female_athletes_undup",124
205203,2024,"male_athletes_undup",206
205203,2024,"mens_varsity_sports",11
205203,2024,"multi_sport_ratio",1.40606060606061
205203,2024,"pct_athletes_overall",29.5434198746643
205203,2024,"pct_female_athletes",21.1965811965812
205203,2024,"pct_male_athletes",38.7218045112782
205203,2024,"total_athletes_undup",330
205203,2024,"total_varsity_sports",21
205203,2024,"womens_varsity_sports",10
205443,2024,"female_athletes_undup",123
205443,2024,"male_athletes_undup",210
205443,2024,"mens_varsity_sports",10
205443,2024,"multi_sport_ratio",1.19219219219219
205443,2024,"pct_athletes_overall",17.1826625386997
205443,2024,"pct_female_athletes",11.131221719457
205443,2024,"pct_male_athletes",25.2100840336134
205443,2024,"total_athletes_undup",333
205443,2024,"total_varsity_sports",21
205443,2024,"womens_varsity_sports",11
205957,2024,"female_athletes_undup",198
205957,2024,"male_athletes_undup",200
205957,2024,"mens_varsity_sports",8
205957,2024,"multi_sport_ratio",1.06281407035176
205957,2024,"pct_athletes_overall",14.9175412293853
205957,2024,"pct_female_athletes",13.769123783032
205957,2024,"pct_male_athletes",16.260162601626
205957,2024,"total_athletes_undup",398
205957,2024,"total_varsity_sports",19
205957,2024,"womens_varsity_sports",11
206048,2024,"female_athletes_undup",347
206048,2024,"male_athletes_undup",652
206048,2024,"mens_varsity_sports",9
206048,2024,"multi_sport_ratio",1.1951951951952
206048,2024,"pct_athletes_overall",59.2878338278932
206048,2024,"pct_female_athletes",42.998760842627
206048,2024,"pct_male_athletes",74.2596810933941
206048,2024,"total_athletes_undup",999
206048,2024,"total_varsity_sports",19
206048,2024,"womens_varsity_sports",10
206084,2024,"female_athletes_undup",144
206084,2024,"male_athletes_undup",205
206084,2024,"mens_varsity_sports",6
206084,2024,"multi_sport_ratio",1.26074498567335
206084,2024,"pct_athletes_overall",4.03048850906571
206084,2024,"pct_female_athletes",3.26604672261284
206084,2024,"pct_male_athletes",4.82352941176471
206084,2024,"total_athletes_undup",349
206084,2024,"total_varsity_sports",14
206084,2024,"womens_varsity_sports",8
206349,2024,"female_athletes_undup",196
206349,2024,"male_athletes_undup",0
206349,2024,"mens_varsity_sports",0
206349,2024,"multi_sport_ratio",1.12244897959184
206349,2024,"pct_athletes_overall",35.3790613718412
206349,2024,"pct_female_athletes",37.9110251450677
206349,2024,"pct_male_athletes",0
206349,2024,"total_athletes_undup",196
206349,2024,"total_varsity_sports",10
206349,2024,"womens_varsity_sports",10
206437,2024,"female_athletes_undup",269
206437,2024,"male_athletes_undup",398
206437,2024,"mens_varsity_sports",8
206437,2024,"multi_sport_ratio",1.21739130434783
206437,2024,"pct_athletes_overall",51.1895625479662
206437,2024,"pct_female_athletes",44.9081803005008
206437,2024,"pct_male_athletes",56.5340909090909
206437,2024,"total_athletes_undup",667
206437,2024,"total_varsity_sports",18
206437,2024,"womens_varsity_sports",10
206491,2024,"female_athletes_undup",52
206491,2024,"male_athletes_undup",57
206491,2024,"mens_varsity_sports",3
206491,2024,"multi_sport_ratio",1.05504587155963
206491,2024,"pct_athletes_overall",15.7514450867052
206491,2024,"pct_female_athletes",14.0161725067385
206491,2024,"pct_male_athletes",17.7570093457944
206491,2024,"total_athletes_undup",109
206491,2024,"total_varsity_sports",7
206491,2024,"womens_varsity_sports",4
206507,2024,"female_athletes_undup",130
206507,2024,"male_athletes_undup",271
206507,2024,"mens_varsity_sports",10
206507,2024,"multi_sport_ratio",1.1645885286783
206507,2024,"pct_athletes_overall",41.7708333333333
206507,2024,"pct_female_athletes",25.844930417495
206507,2024,"pct_male_athletes",59.2997811816193
206507,2024,"total_athletes_undup",401
206507,2024,"total_varsity_sports",18
206507,2024,"womens_varsity_sports",8
206525,2024,"female_athletes_undup",211
206525,2024,"male_athletes_undup",430
206525,2024,"mens_varsity_sports",10
206525,2024,"multi_sport_ratio",1.14976599063963
206525,2024,"pct_athletes_overall",53.0190239867659
206525,2024,"pct_female_athletes",36.695652173913
206525,2024,"pct_male_athletes",67.8233438485804
206525,2024,"total_athletes_undup",641
206525,2024,"total_varsity_sports",21
206525,2024,"womens_varsity_sports",11
206589,2024,"female_athletes_undup",198
206589,2024,"male_athletes_undup",292
206589,2024,"mens_varsity_sports",9
206589,2024,"multi_sport_ratio",1.4
206589,2024,"pct_athletes_overall",28.438769587928
206589,2024,"pct_female_athletes",21.7582417582418
206589,2024,"pct_male_athletes",35.9163591635916
206589,2024,"total_athletes_undup",490
206589,2024,"total_varsity_sports",19
206589,2024,"womens_varsity_sports",10
206604,2024,"female_athletes_undup",122
206604,2024,"male_athletes_undup",137
206604,2024,"mens_varsity_sports",5
206604,2024,"multi_sport_ratio",1.44787644787645
206604,2024,"pct_athletes_overall",4.49887093972555
206604,2024,"pct_female_athletes",3.81369177868084
206604,2024,"pct_male_athletes",5.35574667709148
206604,2024,"total_athletes_undup",259
206604,2024,"total_varsity_sports",10
206604,2024,"womens_varsity_sports",5
206613,2024,"female_athletes_undup",4
206613,2024,"male_athletes_undup",28
206613,2024,"mens_varsity_sports",1
206613,2024,"multi_sport_ratio",1
206613,2024,"pct_athletes_overall",4.81203007518797
206613,2024,"pct_female_athletes",0.954653937947494
206613,2024,"pct_male_athletes",11.3821138211382
206613,2024,"total_athletes_undup",32
206613,2024,"total_varsity_sports",2
206613,2024,"womens_varsity_sports",1
206622,2024,"female_athletes_undup",197
206622,2024,"male_athletes_undup",180
206622,2024,"mens_varsity_sports",7
206622,2024,"multi_sport_ratio",1.16180371352785
206622,2024,"pct_athletes_overall",9.25153374233129
206622,2024,"pct_female_athletes",8.78288007133304
206622,2024,"pct_male_athletes",9.82532751091703
206622,2024,"total_athletes_undup",377
206622,2024,"total_varsity_sports",15
206622,2024,"womens_varsity_sports",8
206695,2024,"female_athletes_undup",209
206695,2024,"male_athletes_undup",263
206695,2024,"mens_varsity_sports",7
206695,2024,"multi_sport_ratio",1.44915254237288
206695,2024,"pct_athletes_overall",6.92488262910798
206695,2024,"pct_female_athletes",5.75757575757576
206695,2024,"pct_male_athletes",8.25486503452605
206695,2024,"total_athletes_undup",472
206695,2024,"total_varsity_sports",17
206695,2024,"womens_varsity_sports",10
206835,2024,"female_athletes_undup",188
206835,2024,"male_athletes_undup",276
206835,2024,"mens_varsity_sports",8
206835,2024,"multi_sport_ratio",1.03879310344828
206835,2024,"pct_athletes_overall",76.3157894736842
206835,2024,"pct_female_athletes",69.6296296296296
206835,2024,"pct_male_athletes",81.6568047337278
206835,2024,"total_athletes_undup",464
206835,2024,"total_varsity_sports",16
206835,2024,"womens_varsity_sports",8
206862,2024,"female_athletes_undup",203
206862,2024,"male_athletes_undup",382
206862,2024,"mens_varsity_sports",10
206862,2024,"multi_sport_ratio",1.15726495726496
206862,2024,"pct_athletes_overall",49.4087837837838
206862,2024,"pct_female_athletes",33.4983498349835
206862,2024,"pct_male_athletes",66.0899653979239
206862,2024,"total_athletes_undup",585
206862,2024,"total_varsity_sports",20
206862,2024,"womens_varsity_sports",10
206914,2024,"female_athletes_undup",88
206914,2024,"male_athletes_undup",98
206914,2024,"mens_varsity_sports",5
206914,2024,"multi_sport_ratio",1.14516129032258
206914,2024,"pct_athletes_overall",9.81012658227848
206914,2024,"pct_female_athletes",7.38255033557047
206914,2024,"pct_male_athletes",13.9204545454545
206914,2024,"total_athletes_undup",186
206914,2024,"total_varsity_sports",11
206914,2024,"womens_varsity_sports",6
206941,2024,"female_athletes_undup",156
206941,2024,"male_athletes_undup",277
206941,2024,"mens_varsity_sports",5
206941,2024,"multi_sport_ratio",1.08545034642032
206941,2024,"pct_athletes_overall",5.40709290709291
206941,2024,"pct_female_athletes",3.09831181727905
206941,2024,"pct_male_athletes",9.3171880255634
206941,2024,"total_athletes_undup",433
206941,2024,"total_varsity_sports",13
206941,2024,"womens_varsity_sports",8
207041,2024,"female_athletes_undup",102
207041,2024,"male_athletes_undup",258
207041,2024,"mens_varsity_sports",4
207041,2024,"multi_sport_ratio",1.15
207041,2024,"pct_athletes_overall",17.0777988614801
207041,2024,"pct_female_athletes",8.17307692307692
207041,2024,"pct_male_athletes",30
207041,2024,"total_athletes_undup",360
207041,2024,"total_varsity_sports",9
207041,2024,"womens_varsity_sports",5
207157,2024,"female_athletes_undup",42
207157,2024,"male_athletes_undup",96
207157,2024,"mens_varsity_sports",3
207157,2024,"multi_sport_ratio",1
207157,2024,"pct_athletes_overall",56.0975609756098
207157,2024,"pct_female_athletes",44.2105263157895
207157,2024,"pct_male_athletes",63.5761589403974
207157,2024,"total_athletes_undup",138
207157,2024,"total_varsity_sports",6
207157,2024,"womens_varsity_sports",3
207209,2024,"female_athletes_undup",86
207209,2024,"male_athletes_undup",158
207209,2024,"mens_varsity_sports",4
207209,2024,"multi_sport_ratio",1.11065573770492
207209,2024,"pct_athletes_overall",14.7699757869249
207209,2024,"pct_female_athletes",9.02413431269675
207209,2024,"pct_male_athletes",22.6037195994278
207209,2024,"total_athletes_undup",244
207209,2024,"total_varsity_sports",9
207209,2024,"womens_varsity_sports",5
207236,2024,"female_athletes_undup",98
207236,2024,"male_athletes_undup",132
207236,2024,"mens_varsity_sports",6
207236,2024,"multi_sport_ratio",1
207236,2024,"pct_athletes_overall",21.883920076118
207236,2024,"pct_female_athletes",14.8936170212766
207236,2024,"pct_male_athletes",33.587786259542
207236,2024,"total_athletes_undup",230
207236,2024,"total_varsity_sports",12
207236,2024,"womens_varsity_sports",6
207263,2024,"female_athletes_undup",83
207263,2024,"male_athletes_undup",231
207263,2024,"mens_varsity_sports",5
207263,2024,"multi_sport_ratio",1
207263,2024,"pct_athletes_overall",8.70288248337029
207263,2024,"pct_female_athletes",3.87488328664799
207263,2024,"pct_male_athletes",15.7571623465211
207263,2024,"total_athletes_undup",314
207263,2024,"total_varsity_sports",10
207263,2024,"womens_varsity_sports",5
207306,2024,"female_athletes_undup",191
207306,2024,"male_athletes_undup",352
207306,2024,"mens_varsity_sports",8
207306,2024,"multi_sport_ratio",1.44383057090239
207306,2024,"pct_athletes_overall",41.3556740289414
207306,2024,"pct_female_athletes",25.6375838926174
207306,2024,"pct_male_athletes",61.9718309859155
207306,2024,"total_athletes_undup",543
207306,2024,"total_varsity_sports",17
207306,2024,"womens_varsity_sports",9
207324,2024,"female_athletes_undup",172
207324,2024,"male_athletes_undup",236
207324,2024,"mens_varsity_sports",6
207324,2024,"multi_sport_ratio",1.24754901960784
207324,2024,"pct_athletes_overall",24.6228123114062
207324,2024,"pct_female_athletes",19.7474167623421
207324,2024,"pct_male_athletes",30.0254452926209
207324,2024,"total_athletes_undup",408
207324,2024,"total_varsity_sports",13
207324,2024,"womens_varsity_sports",7
207351,2024,"female_athletes_undup",118
207351,2024,"male_athletes_undup",263
207351,2024,"mens_varsity_sports",9
207351,2024,"multi_sport_ratio",1.12335958005249
207351,2024,"pct_athletes_overall",50.197628458498
207351,2024,"pct_female_athletes",29.873417721519
207351,2024,"pct_male_athletes",72.2527472527473
207351,2024,"total_athletes_undup",381
207351,2024,"total_varsity_sports",18
207351,2024,"womens_varsity_sports",9
207388,2024,"female_athletes_undup",200
207388,2024,"male_athletes_undup",277
207388,2024,"mens_varsity_sports",7
207388,2024,"multi_sport_ratio",1.26415094339623
207388,2024,"pct_athletes_overall",2.38834368115362
207388,2024,"pct_female_athletes",1.8964536317087
207388,2024,"pct_male_athletes",2.93868024612773
207388,2024,"total_athletes_undup",477
207388,2024,"total_varsity_sports",14
207388,2024,"womens_varsity_sports",7
207403,2024,"female_athletes_undup",178
207403,2024,"male_athletes_undup",227
207403,2024,"mens_varsity_sports",4
207403,2024,"multi_sport_ratio",1.26666666666667
207403,2024,"pct_athletes_overall",31.5420560747664
207403,2024,"pct_female_athletes",25.1768033946252
207403,2024,"pct_male_athletes",39.3414211438475
207403,2024,"total_athletes_undup",405
207403,2024,"total_varsity_sports",11
207403,2024,"womens_varsity_sports",7
207458,2024,"female_athletes_undup",168
207458,2024,"male_athletes_undup",142
207458,2024,"mens_varsity_sports",7
207458,2024,"multi_sport_ratio",1.21612903225806
207458,2024,"pct_athletes_overall",21.6480446927374
207458,2024,"pct_female_athletes",17.7777777777778
207458,2024,"pct_male_athletes",29.1581108829569
207458,2024,"total_athletes_undup",310
207458,2024,"total_varsity_sports",16
207458,2024,"womens_varsity_sports",9
207500,2024,"female_athletes_undup",274
207500,2024,"male_athletes_undup",305
207500,2024,"mens_varsity_sports",8
207500,2024,"multi_sport_ratio",1.21934369602763
207500,2024,"pct_athletes_overall",2.83420627539282
207500,2024,"pct_female_athletes",2.57543002161857
207500,2024,"pct_male_athletes",3.11542390194076
207500,2024,"total_athletes_undup",579
207500,2024,"total_varsity_sports",17
207500,2024,"womens_varsity_sports",9
207582,2024,"female_athletes_undup",107
207582,2024,"male_athletes_undup",144
207582,2024,"mens_varsity_sports",6
207582,2024,"multi_sport_ratio",1.36254980079681
207582,2024,"pct_athletes_overall",8.94830659536542
207582,2024,"pct_female_athletes",6.54834761321909
207582,2024,"pct_male_athletes",12.2971818958155
207582,2024,"total_athletes_undup",251
207582,2024,"total_varsity_sports",12
207582,2024,"womens_varsity_sports",6
207661,2024,"female_athletes_undup",109
207661,2024,"male_athletes_undup",125
207661,2024,"mens_varsity_sports",5
207661,2024,"multi_sport_ratio",1.44871794871795
207661,2024,"pct_athletes_overall",11.1058376839108
207661,2024,"pct_female_athletes",8.73397435897436
207661,2024,"pct_male_athletes",14.5518044237485
207661,2024,"total_athletes_undup",234
207661,2024,"total_varsity_sports",10
207661,2024,"womens_varsity_sports",5
207670,2024,"female_athletes_undup",60
207670,2024,"male_athletes_undup",82
207670,2024,"mens_varsity_sports",2
207670,2024,"multi_sport_ratio",1
207670,2024,"pct_athletes_overall",6.33645693886658
207670,2024,"pct_female_athletes",4.08997955010225
207670,2024,"pct_male_athletes",10.594315245478
207670,2024,"total_athletes_undup",142
207670,2024,"total_varsity_sports",5
207670,2024,"womens_varsity_sports",3
207722,2024,"female_athletes_undup",102
207722,2024,"male_athletes_undup",122
207722,2024,"mens_varsity_sports",5
207722,2024,"multi_sport_ratio",1.14732142857143
207722,2024,"pct_athletes_overall",25.3968253968254
207722,2024,"pct_female_athletes",17.5257731958763
207722,2024,"pct_male_athletes",40.6666666666667
207722,2024,"total_athletes_undup",224
207722,2024,"total_varsity_sports",11
207722,2024,"womens_varsity_sports",6
207847,2024,"female_athletes_undup",140
207847,2024,"male_athletes_undup",232
207847,2024,"mens_varsity_sports",6
207847,2024,"multi_sport_ratio",1.17741935483871
207847,2024,"pct_athletes_overall",16.4021164021164
207847,2024,"pct_female_athletes",11.1022997620936
207847,2024,"pct_male_athletes",23.038728897716
207847,2024,"total_athletes_undup",372
207847,2024,"total_varsity_sports",13
207847,2024,"womens_varsity_sports",7
207856,2024,"female_athletes_undup",88
207856,2024,"male_athletes_undup",95
207856,2024,"mens_varsity_sports",5
207856,2024,"multi_sport_ratio",1.04371584699454
207856,2024,"pct_athletes_overall",54.4642857142857
207856,2024,"pct_female_athletes",69.2913385826772
207856,2024,"pct_male_athletes",45.4545454545455
207856,2024,"total_athletes_undup",183
207856,2024,"total_varsity_sports",11
207856,2024,"womens_varsity_sports",6
207865,2024,"female_athletes_undup",122
207865,2024,"male_athletes_undup",215
207865,2024,"mens_varsity_sports",5
207865,2024,"multi_sport_ratio",1.0326409495549
207865,2024,"pct_athletes_overall",11.3659359190556
207865,2024,"pct_female_athletes",6.83856502242153
207865,2024,"pct_male_athletes",18.2049110922947
207865,2024,"total_athletes_undup",337
207865,2024,"total_varsity_sports",12
207865,2024,"womens_varsity_sports",7
207971,2024,"female_athletes_undup",211
207971,2024,"male_athletes_undup",244
207971,2024,"mens_varsity_sports",7
207971,2024,"multi_sport_ratio",1.14065934065934
207971,2024,"pct_athletes_overall",17.6836377769141
207971,2024,"pct_female_athletes",15.8885542168675
207971,2024,"pct_male_athletes",19.5983935742972
207971,2024,"total_athletes_undup",455
207971,2024,"total_varsity_sports",17
207971,2024,"womens_varsity_sports",10
208390,2024,"female_athletes_undup",64
208390,2024,"male_athletes_undup",63
208390,2024,"mens_varsity_sports",3
208390,2024,"multi_sport_ratio",1.02362204724409
208390,2024,"pct_athletes_overall",3.91733497840839
208390,2024,"pct_female_athletes",3.36487907465825
208390,2024,"pct_male_athletes",4.70149253731343
208390,2024,"total_athletes_undup",127
208390,2024,"total_varsity_sports",8
208390,2024,"womens_varsity_sports",5
208646,2024,"female_athletes_undup",190
208646,2024,"male_athletes_undup",298
208646,2024,"mens_varsity_sports",6
208646,2024,"multi_sport_ratio",1.39959016393443
208646,2024,"pct_athletes_overall",32.8840970350404
208646,2024,"pct_female_athletes",22.5921521997622
208646,2024,"pct_male_athletes",46.3452566096423
208646,2024,"total_athletes_undup",488
208646,2024,"total_varsity_sports",13
208646,2024,"womens_varsity_sports",7
208822,2024,"female_athletes_undup",237
208822,2024,"male_athletes_undup",358
208822,2024,"mens_varsity_sports",8
208822,2024,"multi_sport_ratio",1.32436974789916
208822,2024,"pct_athletes_overall",23.7240829346092
208822,2024,"pct_female_athletes",16.3223140495868
208822,2024,"pct_male_athletes",33.9015151515151
208822,2024,"total_athletes_undup",595
208822,2024,"total_varsity_sports",18
208822,2024,"womens_varsity_sports",10
209038,2024,"female_athletes_undup",69
209038,2024,"male_athletes_undup",117
209038,2024,"mens_varsity_sports",5
209038,2024,"multi_sport_ratio",1.08602150537634
209038,2024,"pct_athletes_overall",6.29441624365482
209038,2024,"pct_female_athletes",4.46891191709845
209038,2024,"pct_male_athletes",8.29199149539334
209038,2024,"total_athletes_undup",186
209038,2024,"total_varsity_sports",10
209038,2024,"womens_varsity_sports",5
209056,2024,"female_athletes_undup",171
209056,2024,"male_athletes_undup",250
209056,2024,"mens_varsity_sports",10
209056,2024,"multi_sport_ratio",1.12351543942993
209056,2024,"pct_athletes_overall",20.1242829827916
209056,2024,"pct_female_athletes",12.9056603773585
209056,2024,"pct_male_athletes",32.5945241199478
209056,2024,"total_athletes_undup",421
209056,2024,"total_varsity_sports",21
209056,2024,"womens_varsity_sports",11
209065,2024,"female_athletes_undup",177
209065,2024,"male_athletes_undup",309
209065,2024,"mens_varsity_sports",11
209065,2024,"multi_sport_ratio",1.11522633744856
209065,2024,"pct_athletes_overall",32.3353293413174
209065,2024,"pct_female_athletes",18.266253869969
209065,2024,"pct_male_athletes",57.8651685393258
209065,2024,"total_athletes_undup",486
209065,2024,"total_varsity_sports",23
209065,2024,"womens_varsity_sports",12
209250,2024,"female_athletes_undup",53
209250,2024,"male_athletes_undup",62
209250,2024,"mens_varsity_sports",4
209250,2024,"multi_sport_ratio",1.16521739130435
209250,2024,"pct_athletes_overall",5.88837685611879
209250,2024,"pct_female_athletes",4.9165120593692
209250,2024,"pct_male_athletes",7.08571428571429
209250,2024,"total_athletes_undup",115
209250,2024,"total_varsity_sports",9
209250,2024,"womens_varsity_sports",5
209409,2024,"female_athletes_undup",140
209409,2024,"male_athletes_undup",173
209409,2024,"mens_varsity_sports",7
209409,2024,"multi_sport_ratio",1.26517571884984
209409,2024,"pct_athletes_overall",68.1917211328976
209409,2024,"pct_female_athletes",59.3220338983051
209409,2024,"pct_male_athletes",77.5784753363229
209409,2024,"total_athletes_undup",313
209409,2024,"total_varsity_sports",16
209409,2024,"womens_varsity_sports",9
209506,2024,"female_athletes_undup",106
209506,2024,"male_athletes_undup",129
209506,2024,"mens_varsity_sports",6
209506,2024,"multi_sport_ratio",1.12765957446809
209506,2024,"pct_athletes_overall",10.8695652173913
209506,2024,"pct_female_athletes",10.0952380952381
209506,2024,"pct_male_athletes",11.6007194244604
209506,2024,"total_athletes_undup",235
209506,2024,"total_varsity_sports",13
209506,2024,"womens_varsity_sports",7
209542,2024,"female_athletes_undup",213
209542,2024,"male_athletes_undup",290
209542,2024,"mens_varsity_sports",7
209542,2024,"multi_sport_ratio",1.17495029821074
209542,2024,"pct_athletes_overall",2.28927726196978
209542,2024,"pct_female_athletes",1.9656699889258
209542,2024,"pct_male_athletes",2.60416666666667
209542,2024,"total_athletes_undup",503
209542,2024,"total_varsity_sports",15
209542,2024,"womens_varsity_sports",8
209551,2024,"female_athletes_undup",262
209551,2024,"male_athletes_undup",263
209551,2024,"mens_varsity_sports",6
209551,2024,"multi_sport_ratio",1.26857142857143
209551,2024,"pct_athletes_overall",2.70200720535255
209551,2024,"pct_female_athletes",2.39422461847757
209551,2024,"pct_male_athletes",3.09885707552728
209551,2024,"total_athletes_undup",525
209551,2024,"total_varsity_sports",16
209551,2024,"womens_varsity_sports",10
209612,2024,"female_athletes_undup",220
209612,2024,"male_athletes_undup",365
209612,2024,"mens_varsity_sports",11
209612,2024,"multi_sport_ratio",1.23247863247863
209612,2024,"pct_athletes_overall",40.4564315352697
209612,2024,"pct_female_athletes",27.060270602706
209612,2024,"pct_male_athletes",57.6619273301738
209612,2024,"total_athletes_undup",585
209612,2024,"total_varsity_sports",24
209612,2024,"womens_varsity_sports",13
209807,2024,"female_athletes_undup",140
209807,2024,"male_athletes_undup",210
209807,2024,"mens_varsity_sports",6
209807,2024,"multi_sport_ratio",1.17428571428571
209807,2024,"pct_athletes_overall",3.49685283245079
209807,2024,"pct_female_athletes",2.46870040557221
209807,2024,"pct_male_athletes",4.84094052558783
209807,2024,"total_athletes_undup",350
209807,2024,"total_varsity_sports",15
209807,2024,"womens_varsity_sports",9
209825,2024,"female_athletes_undup",172
209825,2024,"male_athletes_undup",150
209825,2024,"mens_varsity_sports",5
209825,2024,"multi_sport_ratio",1.37577639751553
209825,2024,"pct_athletes_overall",11.0463121783876
209825,2024,"pct_female_athletes",9.07172995780591
209825,2024,"pct_male_athletes",14.720314033366
209825,2024,"total_athletes_undup",322
209825,2024,"total_varsity_sports",12
209825,2024,"womens_varsity_sports",7
210146,2024,"female_athletes_undup",166
210146,2024,"male_athletes_undup",265
210146,2024,"mens_varsity_sports",8
210146,2024,"multi_sport_ratio",1.02784222737819
210146,2024,"pct_athletes_overall",18.9201053555751
210146,2024,"pct_female_athletes",11.5197779319917
210146,2024,"pct_male_athletes",31.6606929510155
210146,2024,"total_athletes_undup",431
210146,2024,"total_varsity_sports",18
210146,2024,"womens_varsity_sports",10
210304,2024,"female_athletes_undup",70
210304,2024,"male_athletes_undup",96
210304,2024,"mens_varsity_sports",3
210304,2024,"multi_sport_ratio",1.01204819277108
210304,2024,"pct_athletes_overall",47.4285714285714
210304,2024,"pct_female_athletes",33.3333333333333
210304,2024,"pct_male_athletes",68.5714285714286
210304,2024,"total_athletes_undup",166
210304,2024,"total_varsity_sports",7
210304,2024,"womens_varsity_sports",4
210331,2024,"female_athletes_undup",160
210331,2024,"male_athletes_undup",195
210331,2024,"mens_varsity_sports",6
210331,2024,"multi_sport_ratio",1.29014084507042
210331,2024,"pct_athletes_overall",58.3881578947368
210331,2024,"pct_female_athletes",47.1976401179941
210331,2024,"pct_male_athletes",72.4907063197026
210331,2024,"total_athletes_undup",355
210331,2024,"total_varsity_sports",13
210331,2024,"womens_varsity_sports",7
210401,2024,"female_athletes_undup",161
210401,2024,"male_athletes_undup",209
210401,2024,"mens_varsity_sports",10
210401,2024,"multi_sport_ratio",1.27837837837838
210401,2024,"pct_athletes_overall",23.447401774398
210401,2024,"pct_female_athletes",16.5297741273101
210401,2024,"pct_male_athletes",34.6026490066225
210401,2024,"total_athletes_undup",370
210401,2024,"total_varsity_sports",22
210401,2024,"womens_varsity_sports",12
210429,2024,"female_athletes_undup",133
210429,2024,"male_athletes_undup",274
210429,2024,"mens_varsity_sports",7
210429,2024,"multi_sport_ratio",1.31203931203931
210429,2024,"pct_athletes_overall",15.3180278509597
210429,2024,"pct_female_athletes",7.78232884727911
210429,2024,"pct_male_athletes",28.9029535864979
210429,2024,"total_athletes_undup",407
210429,2024,"total_varsity_sports",14
210429,2024,"womens_varsity_sports",7
210571,2024,"female_athletes_undup",141
210571,2024,"male_athletes_undup",286
210571,2024,"mens_varsity_sports",10
210571,2024,"multi_sport_ratio",1.05152224824356
210571,2024,"pct_athletes_overall",37.1304347826087
210571,2024,"pct_female_athletes",23.3443708609272
210571,2024,"pct_male_athletes",52.3809523809524
210571,2024,"total_athletes_undup",427
210571,2024,"total_varsity_sports",21
210571,2024,"womens_varsity_sports",11
210669,2024,"female_athletes_undup",159
210669,2024,"male_athletes_undup",302
210669,2024,"mens_varsity_sports",9
210669,2024,"multi_sport_ratio",1.19305856832972
210669,2024,"pct_athletes_overall",41.4941494149415
210669,2024,"pct_female_athletes",27.6521739130435
210669,2024,"pct_male_athletes",56.3432835820896
210669,2024,"total_athletes_undup",461
210669,2024,"total_varsity_sports",19
210669,2024,"womens_varsity_sports",10
210739,2024,"female_athletes_undup",171
210739,2024,"male_athletes_undup",196
210739,2024,"mens_varsity_sports",8
210739,2024,"multi_sport_ratio",1.08446866485014
210739,2024,"pct_athletes_overall",19.4077207826547
210739,2024,"pct_female_athletes",14.5655877342419
210739,2024,"pct_male_athletes",27.3361227336123
210739,2024,"total_athletes_undup",367
210739,2024,"total_varsity_sports",17
210739,2024,"womens_varsity_sports",9
210775,2024,"female_athletes_undup",233
210775,2024,"male_athletes_undup",352
210775,2024,"mens_varsity_sports",10
210775,2024,"multi_sport_ratio",1.04102564102564
210775,2024,"pct_athletes_overall",33.7370242214533
210775,2024,"pct_female_athletes",22.2540592168099
210775,2024,"pct_male_athletes",51.2372634643377
210775,2024,"total_athletes_undup",585
210775,2024,"total_varsity_sports",22
210775,2024,"womens_varsity_sports",12
211088,2024,"female_athletes_undup",250
211088,2024,"male_athletes_undup",309
211088,2024,"mens_varsity_sports",10
211088,2024,"multi_sport_ratio",1.14132379248658
211088,2024,"pct_athletes_overall",30.7819383259912
211088,2024,"pct_female_athletes",21.7013888888889
211088,2024,"pct_male_athletes",46.5361445783133
211088,2024,"total_athletes_undup",559
211088,2024,"total_varsity_sports",21
211088,2024,"womens_varsity_sports",11
211291,2024,"female_athletes_undup",364
211291,2024,"male_athletes_undup",388
211291,2024,"mens_varsity_sports",11
211291,2024,"multi_sport_ratio",1.28723404255319
211291,2024,"pct_athletes_overall",19.4415718717684
211291,2024,"pct_female_athletes",18.0555555555556
211291,2024,"pct_male_athletes",20.9503239740821
211291,2024,"total_athletes_undup",752
211291,2024,"total_varsity_sports",23
211291,2024,"womens_varsity_sports",12
211431,2024,"female_athletes_undup",106
211431,2024,"male_athletes_undup",69
211431,2024,"mens_varsity_sports",6
211431,2024,"multi_sport_ratio",1.09142857142857
211431,2024,"pct_athletes_overall",16.7946257197697
211431,2024,"pct_female_athletes",12.2401847575058
211431,2024,"pct_male_athletes",39.2045454545455
211431,2024,"total_athletes_undup",175
211431,2024,"total_varsity_sports",14
211431,2024,"womens_varsity_sports",8
211440,2024,"female_athletes_undup",188
211440,2024,"male_athletes_undup",290
211440,2024,"mens_varsity_sports",7
211440,2024,"multi_sport_ratio",1.29497907949791
211440,2024,"pct_athletes_overall",6.70124772185616
211440,2024,"pct_female_athletes",5.38990825688073
211440,2024,"pct_male_athletes",7.95610425240055
211440,2024,"total_athletes_undup",478
211440,2024,"total_varsity_sports",15
211440,2024,"womens_varsity_sports",8
211468,2024,"female_athletes_undup",132
211468,2024,"male_athletes_undup",0
211468,2024,"mens_varsity_sports",0
211468,2024,"multi_sport_ratio",1.25
211468,2024,"pct_athletes_overall",19.8198198198198
211468,2024,"pct_female_athletes",21.4285714285714
211468,2024,"pct_male_athletes",0
211468,2024,"total_athletes_undup",132
211468,2024,"total_varsity_sports",11
211468,2024,"womens_varsity_sports",11
211556,2024,"female_athletes_undup",183
211556,2024,"male_athletes_undup",202
211556,2024,"mens_varsity_sports",11
211556,2024,"multi_sport_ratio",1.09090909090909
211556,2024,"pct_athletes_overall",33.6244541484716
211556,2024,"pct_female_athletes",24.2705570291777
211556,2024,"pct_male_athletes",51.6624040920716
211556,2024,"total_athletes_undup",385
211556,2024,"total_varsity_sports",22
211556,2024,"womens_varsity_sports",11
211583,2024,"female_athletes_undup",124
211583,2024,"male_athletes_undup",211
211583,2024,"mens_varsity_sports",8
211583,2024,"multi_sport_ratio",1.07761194029851
211583,2024,"pct_athletes_overall",47.9256080114449
211583,2024,"pct_female_athletes",34.5403899721448
211583,2024,"pct_male_athletes",62.0588235294118
211583,2024,"total_athletes_undup",335
211583,2024,"total_varsity_sports",16
211583,2024,"womens_varsity_sports",8
211608,2024,"female_athletes_undup",26
211608,2024,"male_athletes_undup",15
211608,2024,"mens_varsity_sports",2
211608,2024,"multi_sport_ratio",1.4390243902439
211608,2024,"pct_athletes_overall",7.24381625441696
211608,2024,"pct_female_athletes",6.86015831134565
211608,2024,"pct_male_athletes",8.02139037433155
211608,2024,"total_athletes_undup",41
211608,2024,"total_varsity_sports",5
211608,2024,"womens_varsity_sports",3
211981,2024,"female_athletes_undup",177
211981,2024,"male_athletes_undup",349
211981,2024,"mens_varsity_sports",10
211981,2024,"multi_sport_ratio",1.06083650190114
211981,2024,"pct_athletes_overall",33.3333333333333
211981,2024,"pct_female_athletes",18.0612244897959
211981,2024,"pct_male_athletes",58.3612040133779
211981,2024,"total_athletes_undup",526
211981,2024,"total_varsity_sports",21
211981,2024,"womens_varsity_sports",11
212009,2024,"female_athletes_undup",207
212009,2024,"male_athletes_undup",323
212009,2024,"mens_varsity_sports",12
212009,2024,"multi_sport_ratio",1.24339622641509
212009,2024,"pct_athletes_overall",23.3480176211454
212009,2024,"pct_female_athletes",15.1982378854626
212009,2024,"pct_male_athletes",35.5726872246696
212009,2024,"total_athletes_undup",530
212009,2024,"total_varsity_sports",25
212009,2024,"womens_varsity_sports",13
212054,2024,"female_athletes_undup",216
212054,2024,"male_athletes_undup",245
212054,2024,"mens_varsity_sports",9
212054,2024,"multi_sport_ratio",1.00433839479393
212054,2024,"pct_athletes_overall",3.74735815314583
212054,2024,"pct_female_athletes",3.63452801615346
212054,2024,"pct_male_athletes",3.85280704513288
212054,2024,"total_athletes_undup",461
212054,2024,"total_varsity_sports",18
212054,2024,"womens_varsity_sports",9
212106,2024,"female_athletes_undup",295
212106,2024,"male_athletes_undup",227
212106,2024,"mens_varsity_sports",5
212106,2024,"multi_sport_ratio",1.17241379310345
212106,2024,"pct_athletes_overall",9.8714069591528
212106,2024,"pct_female_athletes",8.8962605548854
212106,2024,"pct_male_athletes",11.5111561866126
212106,2024,"total_athletes_undup",522
212106,2024,"total_varsity_sports",16
212106,2024,"womens_varsity_sports",11
212115,2024,"female_athletes_undup",317
212115,2024,"male_athletes_undup",323
212115,2024,"mens_varsity_sports",6
212115,2024,"multi_sport_ratio",1.3265625
212115,2024,"pct_athletes_overall",14.1812541546643
212115,2024,"pct_female_athletes",12.7822580645161
212115,2024,"pct_male_athletes",15.8878504672897
212115,2024,"total_athletes_undup",640
212115,2024,"total_varsity_sports",18
212115,2024,"womens_varsity_sports",12
212133,2024,"female_athletes_undup",190
212133,2024,"male_athletes_undup",453
212133,2024,"mens_varsity_sports",9
212133,2024,"multi_sport_ratio",1.0606531881804
212133,2024,"pct_athletes_overall",38.160237388724
212133,2024,"pct_female_athletes",20.3862660944206
212133,2024,"pct_male_athletes",60.1593625498008
212133,2024,"total_athletes_undup",643
212133,2024,"total_varsity_sports",18
212133,2024,"womens_varsity_sports",9
212197,2024,"female_athletes_undup",182
212197,2024,"male_athletes_undup",283
212197,2024,"mens_varsity_sports",10
212197,2024,"multi_sport_ratio",1.25806451612903
212197,2024,"pct_athletes_overall",26.1971830985915
212197,2024,"pct_female_athletes",17.6015473887814
212197,2024,"pct_male_athletes",38.191632928475
212197,2024,"total_athletes_undup",465
212197,2024,"total_varsity_sports",20
212197,2024,"womens_varsity_sports",10
212577,2024,"female_athletes_undup",237
212577,2024,"male_athletes_undup",394
212577,2024,"mens_varsity_sports",14
212577,2024,"multi_sport_ratio",1.15213946117274
212577,2024,"pct_athletes_overall",35.1727982162765
212577,2024,"pct_female_athletes",25.6771397616468
212577,2024,"pct_male_athletes",45.2353616532721
212577,2024,"total_athletes_undup",631
212577,2024,"total_varsity_sports",28
212577,2024,"womens_varsity_sports",14
212601,2024,"female_athletes_undup",311
212601,2024,"male_athletes_undup",340
212601,2024,"mens_varsity_sports",9
212601,2024,"multi_sport_ratio",1.00307219662058
212601,2024,"pct_athletes_overall",28.1940233867475
212601,2024,"pct_female_athletes",23.6501901140684
212601,2024,"pct_male_athletes",34.20523138833
212601,2024,"total_athletes_undup",651
212601,2024,"total_varsity_sports",20
212601,2024,"womens_varsity_sports",11
212656,2024,"female_athletes_undup",156
212656,2024,"male_athletes_undup",271
212656,2024,"mens_varsity_sports",8
212656,2024,"multi_sport_ratio",1.30444964871194
212656,2024,"pct_athletes_overall",39.7579143389199
212656,2024,"pct_female_athletes",31.578947368421
212656,2024,"pct_male_athletes",46.7241379310345
212656,2024,"total_athletes_undup",427
212656,2024,"total_varsity_sports",16
212656,2024,"womens_varsity_sports",8
212674,2024,"female_athletes_undup",238
212674,2024,"male_athletes_undup",367
212674,2024,"mens_varsity_sports",10
212674,2024,"multi_sport_ratio",1.16859504132231
212674,2024,"pct_athletes_overall",28.9058767319637
212674,2024,"pct_female_athletes",23.1292517006803
212674,2024,"pct_male_athletes",34.4924812030075
212674,2024,"total_athletes_undup",605
212674,2024,"total_varsity_sports",20
212674,2024,"womens_varsity_sports",10
212832,2024,"female_athletes_undup",125
212832,2024,"male_athletes_undup",123
212832,2024,"mens_varsity_sports",5
212832,2024,"multi_sport_ratio",1.04435483870968
212832,2024,"pct_athletes_overall",25.0758341759353
212832,2024,"pct_female_athletes",17.8316690442225
212832,2024,"pct_male_athletes",42.7083333333333
212832,2024,"total_athletes_undup",248
212832,2024,"total_varsity_sports",12
212832,2024,"womens_varsity_sports",7
212911,2024,"female_athletes_undup",220
212911,2024,"male_athletes_undup",223
212911,2024,"mens_varsity_sports",8
212911,2024,"multi_sport_ratio",1.20316027088036
212911,2024,"pct_athletes_overall",31.0659186535764
212911,2024,"pct_female_athletes",27.0935960591133
212911,2024,"pct_male_athletes",36.3192182410423
212911,2024,"total_athletes_undup",443
212911,2024,"total_varsity_sports",18
212911,2024,"womens_varsity_sports",10
212984,2024,"female_athletes_undup",143
212984,2024,"male_athletes_undup",217
212984,2024,"mens_varsity_sports",7
212984,2024,"multi_sport_ratio",1.29444444444444
212984,2024,"pct_athletes_overall",16.0427807486631
212984,2024,"pct_female_athletes",9.33420365535248
212984,2024,"pct_male_athletes",30.4775280898876
212984,2024,"total_athletes_undup",360
212984,2024,"total_varsity_sports",16
212984,2024,"womens_varsity_sports",9
213011,2024,"female_athletes_undup",146
213011,2024,"male_athletes_undup",165
213011,2024,"mens_varsity_sports",10
213011,2024,"multi_sport_ratio",1.19292604501608
213011,2024,"pct_athletes_overall",28.3500455788514
213011,2024,"pct_female_athletes",19.650067294751
213011,2024,"pct_male_athletes",46.6101694915254
213011,2024,"total_athletes_undup",311
213011,2024,"total_varsity_sports",21
213011,2024,"womens_varsity_sports",11
213020,2024,"female_athletes_undup",241
213020,2024,"male_athletes_undup",248
213020,2024,"mens_varsity_sports",6
213020,2024,"multi_sport_ratio",1.28425357873211
213020,2024,"pct_athletes_overall",7.6729954495528
213020,2024,"pct_female_athletes",6.06900025182574
213020,2024,"pct_male_athletes",10.3247293921732
213020,2024,"total_athletes_undup",489
213020,2024,"total_varsity_sports",15
213020,2024,"womens_varsity_sports",9
213251,2024,"female_athletes_undup",188
213251,2024,"male_athletes_undup",299
213251,2024,"mens_varsity_sports",12
213251,2024,"multi_sport_ratio",1.11088295687885
213251,2024,"pct_athletes_overall",40.9243697478992
213251,2024,"pct_female_athletes",30.42071197411
213251,2024,"pct_male_athletes",52.2727272727273
213251,2024,"total_athletes_undup",487
213251,2024,"total_varsity_sports",24
213251,2024,"womens_varsity_sports",12
213303,2024,"female_athletes_undup",81
213303,2024,"male_athletes_undup",180
213303,2024,"mens_varsity_sports",6
213303,2024,"multi_sport_ratio",1.06130268199234
213303,2024,"pct_athletes_overall",42.2330097087379
213303,2024,"pct_female_athletes",29.8892988929889
213303,2024,"pct_male_athletes",51.8731988472622
213303,2024,"total_athletes_undup",261
213303,2024,"total_varsity_sports",12
213303,2024,"womens_varsity_sports",6
213321,2024,"female_athletes_undup",196
213321,2024,"male_athletes_undup",364
213321,2024,"mens_varsity_sports",12
213321,2024,"multi_sport_ratio",1.26964285714286
213321,2024,"pct_athletes_overall",38.2513661202186
213321,2024,"pct_female_athletes",28.1205164992826
213321,2024,"pct_male_athletes",47.4576271186441
213321,2024,"total_athletes_undup",560
213321,2024,"total_varsity_sports",23
213321,2024,"womens_varsity_sports",11
213349,2024,"female_athletes_undup",290
213349,2024,"male_athletes_undup",240
213349,2024,"mens_varsity_sports",7
213349,2024,"multi_sport_ratio",1.20943396226415
213349,2024,"pct_athletes_overall",8.99524779361847
213349,2024,"pct_female_athletes",8.62068965517241
213349,2024,"pct_male_athletes",9.49367088607595
213349,2024,"total_athletes_undup",530
213349,2024,"total_varsity_sports",19
213349,2024,"womens_varsity_sports",12
213358,2024,"female_athletes_undup",113
213358,2024,"male_athletes_undup",120
213358,2024,"mens_varsity_sports",6
213358,2024,"multi_sport_ratio",1.14592274678112
213358,2024,"pct_athletes_overall",34.8802395209581
213358,2024,"pct_female_athletes",31.5642458100559
213358,2024,"pct_male_athletes",38.7096774193548
213358,2024,"total_athletes_undup",233
213358,2024,"total_varsity_sports",14
213358,2024,"womens_varsity_sports",8
213367,2024,"female_athletes_undup",223
213367,2024,"male_athletes_undup",146
213367,2024,"mens_varsity_sports",6
213367,2024,"multi_sport_ratio",1.28184281842818
213367,2024,"pct_athletes_overall",21.8991097922849
213367,2024,"pct_female_athletes",21.0179076343073
213367,2024,"pct_male_athletes",23.3974358974359
213367,2024,"total_athletes_undup",369
213367,2024,"total_varsity_sports",16
213367,2024,"womens_varsity_sports",10
213376,2024,"female_athletes_undup",72
213376,2024,"male_athletes_undup",254
213376,2024,"mens_varsity_sports",5
213376,2024,"multi_sport_ratio",1
213376,2024,"pct_athletes_overall",22.4054982817869
213376,2024,"pct_female_athletes",8.60215053763441
213376,2024,"pct_male_athletes",41.1003236245955
213376,2024,"total_athletes_undup",326
213376,2024,"total_varsity_sports",10
213376,2024,"womens_varsity_sports",5
213385,2024,"female_athletes_undup",272
213385,2024,"male_athletes_undup",341
213385,2024,"mens_varsity_sports",9
213385,2024,"multi_sport_ratio",1.19249592169657
213385,2024,"pct_athletes_overall",22.3559445660102
213385,2024,"pct_female_athletes",19.8250728862974
213385,2024,"pct_male_athletes",24.8905109489051
213385,2024,"total_athletes_undup",613
213385,2024,"total_varsity_sports",18
213385,2024,"womens_varsity_sports",9
213400,2024,"female_athletes_undup",113
213400,2024,"male_athletes_undup",166
213400,2024,"mens_varsity_sports",9
213400,2024,"multi_sport_ratio",1.26881720430108
213400,2024,"pct_athletes_overall",28.0684104627767
213400,2024,"pct_female_athletes",20.4339963833635
213400,2024,"pct_male_athletes",37.6417233560091
213400,2024,"total_athletes_undup",279
213400,2024,"total_varsity_sports",18
213400,2024,"womens_varsity_sports",9
213507,2024,"female_athletes_undup",226
213507,2024,"male_athletes_undup",376
213507,2024,"mens_varsity_sports",12
213507,2024,"multi_sport_ratio",1.25913621262458
213507,2024,"pct_athletes_overall",36.50697392359
213507,2024,"pct_female_athletes",24.3010752688172
213507,2024,"pct_male_athletes",52.2948539638387
213507,2024,"total_athletes_undup",602
213507,2024,"total_varsity_sports",25
213507,2024,"womens_varsity_sports",13
213543,2024,"female_athletes_undup",279
213543,2024,"male_athletes_undup",388
213543,2024,"mens_varsity_sports",10
213543,2024,"multi_sport_ratio",1.26386806596702
213543,2024,"pct_athletes_overall",11.4742817822123
213543,2024,"pct_female_athletes",9.96072831131739
213543,2024,"pct_male_athletes",12.8818061088977
213543,2024,"total_athletes_undup",667
213543,2024,"total_varsity_sports",21
213543,2024,"womens_varsity_sports",11
213598,2024,"female_athletes_undup",84
213598,2024,"male_athletes_undup",190
213598,2024,"mens_varsity_sports",4
213598,2024,"multi_sport_ratio",1.25182481751825
213598,2024,"pct_athletes_overall",18.2302062541584
213598,2024,"pct_female_athletes",8.75
213598,2024,"pct_male_athletes",34.9907918968692
213598,2024,"total_athletes_undup",274
213598,2024,"total_varsity_sports",9
213598,2024,"womens_varsity_sports",5
213668,2024,"female_athletes_undup",137
213668,2024,"male_athletes_undup",279
213668,2024,"mens_varsity_sports",10
213668,2024,"multi_sport_ratio",1.05769230769231
213668,2024,"pct_athletes_overall",41.851106639839
213668,2024,"pct_female_athletes",27.1287128712871
213668,2024,"pct_male_athletes",57.0552147239264
213668,2024,"total_athletes_undup",416
213668,2024,"total_varsity_sports",19
213668,2024,"womens_varsity_sports",9
213774,2024,"female_athletes_undup",49
213774,2024,"male_athletes_undup",45
213774,2024,"mens_varsity_sports",4
213774,2024,"multi_sport_ratio",1
213774,2024,"pct_athletes_overall",26.2569832402235
213774,2024,"pct_female_athletes",20.7627118644068
213774,2024,"pct_male_athletes",36.8852459016393
213774,2024,"total_athletes_undup",94
213774,2024,"total_varsity_sports",8
213774,2024,"womens_varsity_sports",4
213826,2024,"female_athletes_undup",170
213826,2024,"male_athletes_undup",208
213826,2024,"mens_varsity_sports",8
213826,2024,"multi_sport_ratio",1.24867724867725
213826,2024,"pct_athletes_overall",21.875
213826,2024,"pct_female_athletes",15.3153153153153
213826,2024,"pct_male_athletes",33.6569579288026
213826,2024,"total_athletes_undup",378
213826,2024,"total_varsity_sports",18
213826,2024,"womens_varsity_sports",10
213987,2024,"female_athletes_undup",295
213987,2024,"male_athletes_undup",464
213987,2024,"mens_varsity_sports",12
213987,2024,"multi_sport_ratio",1.00922266139657
213987,2024,"pct_athletes_overall",36.039886039886
213987,2024,"pct_female_athletes",24.6655518394649
213987,2024,"pct_male_athletes",50.989010989011
213987,2024,"total_athletes_undup",759
213987,2024,"total_varsity_sports",26
213987,2024,"womens_varsity_sports",14
213996,2024,"female_athletes_undup",215
213996,2024,"male_athletes_undup",260
213996,2024,"mens_varsity_sports",9
213996,2024,"multi_sport_ratio",1.31578947368421
213996,2024,"pct_athletes_overall",21.4737793851718
213996,2024,"pct_female_athletes",16.8759811616954
213996,2024,"pct_male_athletes",27.7185501066098
213996,2024,"total_athletes_undup",475
213996,2024,"total_varsity_sports",18
213996,2024,"womens_varsity_sports",9
214041,2024,"female_athletes_undup",249
214041,2024,"male_athletes_undup",228
214041,2024,"mens_varsity_sports",7
214041,2024,"multi_sport_ratio",1.20125786163522
214041,2024,"pct_athletes_overall",10.2294660090071
214041,2024,"pct_female_athletes",9.32933683027351
214041,2024,"pct_male_athletes",11.4343029087262
214041,2024,"total_athletes_undup",477
214041,2024,"total_varsity_sports",17
214041,2024,"womens_varsity_sports",10
214069,2024,"female_athletes_undup",215
214069,2024,"male_athletes_undup",410
214069,2024,"mens_varsity_sports",12
214069,2024,"multi_sport_ratio",1.1184
214069,2024,"pct_athletes_overall",40.4269081500647
214069,2024,"pct_female_athletes",22.9211087420043
214069,2024,"pct_male_athletes",67.4342105263158
214069,2024,"total_athletes_undup",625
214069,2024,"total_varsity_sports",24
214069,2024,"womens_varsity_sports",12
214157,2024,"female_athletes_undup",198
214157,2024,"male_athletes_undup",325
214157,2024,"mens_varsity_sports",9
214157,2024,"multi_sport_ratio",1.2848948374761
214157,2024,"pct_athletes_overall",28.1940700808625
214157,2024,"pct_female_athletes",17.8217821782178
214157,2024,"pct_male_athletes",43.6827956989247
214157,2024,"total_athletes_undup",523
214157,2024,"total_varsity_sports",19
214157,2024,"womens_varsity_sports",10
214166,2024,"female_athletes_undup",106
214166,2024,"male_athletes_undup",128
214166,2024,"mens_varsity_sports",7
214166,2024,"multi_sport_ratio",1.08547008547009
214166,2024,"pct_athletes_overall",22.6964112512124
214166,2024,"pct_female_athletes",14.6005509641873
214166,2024,"pct_male_athletes",41.9672131147541
214166,2024,"total_athletes_undup",234
214166,2024,"total_varsity_sports",16
214166,2024,"womens_varsity_sports",9
214175,2024,"female_athletes_undup",184
214175,2024,"male_athletes_undup",350
214175,2024,"mens_varsity_sports",9
214175,2024,"multi_sport_ratio",1.14044943820225
214175,2024,"pct_athletes_overall",31.3380281690141
214175,2024,"pct_female_athletes",18.4924623115578
214175,2024,"pct_male_athletes",49.3653032440056
214175,2024,"total_athletes_undup",534
214175,2024,"total_varsity_sports",19
214175,2024,"womens_varsity_sports",10
214272,2024,"female_athletes_undup",171
214272,2024,"male_athletes_undup",179
214272,2024,"mens_varsity_sports",9
214272,2024,"multi_sport_ratio",1.04857142857143
214272,2024,"pct_athletes_overall",26.1584454409567
214272,2024,"pct_female_athletes",20.4301075268817
214272,2024,"pct_male_athletes",35.7285429141717
214272,2024,"total_athletes_undup",350
214272,2024,"total_varsity_sports",19
214272,2024,"womens_varsity_sports",10
214591,2024,"female_athletes_undup",174
214591,2024,"male_athletes_undup",265
214591,2024,"mens_varsity_sports",12
214591,2024,"multi_sport_ratio",1.19589977220957
214591,2024,"pct_athletes_overall",13.9764406240051
214591,2024,"pct_female_athletes",14.7208121827411
214591,2024,"pct_male_athletes",13.5273098519653
214591,2024,"total_athletes_undup",439
214591,2024,"total_varsity_sports",24
214591,2024,"womens_varsity_sports",12
214625,2024,"female_athletes_undup",24
214625,2024,"male_athletes_undup",71
214625,2024,"mens_varsity_sports",3
214625,2024,"multi_sport_ratio",1.27368421052632
214625,2024,"pct_athletes_overall",24.869109947644
214625,2024,"pct_female_athletes",18.75
214625,2024,"pct_male_athletes",27.9527559055118
214625,2024,"total_athletes_undup",95
214625,2024,"total_varsity_sports",7
214625,2024,"womens_varsity_sports",4
214634,2024,"female_athletes_undup",32
214634,2024,"male_athletes_undup",42
214634,2024,"mens_varsity_sports",4
214634,2024,"multi_sport_ratio",1.09459459459459
214634,2024,"pct_athletes_overall",35.9223300970874
214634,2024,"pct_female_athletes",28.8288288288288
214634,2024,"pct_male_athletes",44.2105263157895
214634,2024,"total_athletes_undup",74
214634,2024,"total_varsity_sports",8
214634,2024,"womens_varsity_sports",4
214643,2024,"female_athletes_undup",13
214643,2024,"male_athletes_undup",53
214643,2024,"mens_varsity_sports",4
214643,2024,"multi_sport_ratio",1.07575757575758
214643,2024,"pct_athletes_overall",22.8373702422145
214643,2024,"pct_female_athletes",12.5
214643,2024,"pct_male_athletes",28.6486486486486
214643,2024,"total_athletes_undup",66
214643,2024,"total_varsity_sports",5
214643,2024,"womens_varsity_sports",1
214652,2024,"female_athletes_undup",40
214652,2024,"male_athletes_undup",98
214652,2024,"mens_varsity_sports",6
214652,2024,"multi_sport_ratio",1.10144927536232
214652,2024,"pct_athletes_overall",18.8010899182561
214652,2024,"pct_female_athletes",13.0718954248366
214652,2024,"pct_male_athletes",22.8971962616822
214652,2024,"total_athletes_undup",138
214652,2024,"total_varsity_sports",11
214652,2024,"womens_varsity_sports",5
214670,2024,"female_athletes_undup",32
214670,2024,"male_athletes_undup",51
214670,2024,"mens_varsity_sports",3
214670,2024,"multi_sport_ratio",1
214670,2024,"pct_athletes_overall",10.5063291139241
214670,2024,"pct_female_athletes",10.062893081761
214670,2024,"pct_male_athletes",10.8050847457627
214670,2024,"total_athletes_undup",83
214670,2024,"total_varsity_sports",5
214670,2024,"womens_varsity_sports",2
214689,2024,"female_athletes_undup",109
214689,2024,"male_athletes_undup",144
214689,2024,"mens_varsity_sports",8
214689,2024,"multi_sport_ratio",1
214689,2024,"pct_athletes_overall",10.9381755296152
214689,2024,"pct_female_athletes",10.215557638238
214689,2024,"pct_male_athletes",11.5569823434992
214689,2024,"total_athletes_undup",253
214689,2024,"total_varsity_sports",16
214689,2024,"womens_varsity_sports",8
214698,2024,"female_athletes_undup",58
214698,2024,"male_athletes_undup",55
214698,2024,"mens_varsity_sports",3
214698,2024,"multi_sport_ratio",1.04424778761062
214698,2024,"pct_athletes_overall",24.5119305856833
214698,2024,"pct_female_athletes",28.8557213930348
214698,2024,"pct_male_athletes",21.1538461538462
214698,2024,"total_athletes_undup",113
214698,2024,"total_varsity_sports",7
214698,2024,"womens_varsity_sports",4
214704,2024,"female_athletes_undup",68
214704,2024,"male_athletes_undup",94
214704,2024,"mens_varsity_sports",6
214704,2024,"multi_sport_ratio",1.02469135802469
214704,2024,"pct_athletes_overall",9.19931856899489
214704,2024,"pct_female_athletes",9.34065934065934
214704,2024,"pct_male_athletes",9.09970958373669
214704,2024,"total_athletes_undup",162
214704,2024,"total_varsity_sports",12
214704,2024,"womens_varsity_sports",6
214713,2024,"female_athletes_undup",133
214713,2024,"male_athletes_undup",152
214713,2024,"mens_varsity_sports",8
214713,2024,"multi_sport_ratio",1.14385964912281
214713,2024,"pct_athletes_overall",7.50394944707741
214713,2024,"pct_female_athletes",8.5972850678733
214713,2024,"pct_male_athletes",6.75255442025766
214713,2024,"total_athletes_undup",285
214713,2024,"total_varsity_sports",17
214713,2024,"womens_varsity_sports",9
214731,2024,"female_athletes_undup",71
214731,2024,"male_athletes_undup",104
214731,2024,"mens_varsity_sports",6
214731,2024,"multi_sport_ratio",1.06285714285714
214731,2024,"pct_athletes_overall",15.5971479500891
214731,2024,"pct_female_athletes",16.6666666666667
214731,2024,"pct_male_athletes",14.9425287356322
214731,2024,"total_athletes_undup",175
214731,2024,"total_varsity_sports",12
214731,2024,"womens_varsity_sports",6
214740,2024,"female_athletes_undup",31
214740,2024,"male_athletes_undup",62
214740,2024,"mens_varsity_sports",4
214740,2024,"multi_sport_ratio",1.10752688172043
214740,2024,"pct_athletes_overall",27.5964391691395
214740,2024,"pct_female_athletes",25.2032520325203
214740,2024,"pct_male_athletes",28.9719626168224
214740,2024,"total_athletes_undup",93
214740,2024,"total_varsity_sports",8
214740,2024,"womens_varsity_sports",4
214759,2024,"female_athletes_undup",28
214759,2024,"male_athletes_undup",36
214759,2024,"mens_varsity_sports",4
214759,2024,"multi_sport_ratio",1.125
214759,2024,"pct_athletes_overall",16.8421052631579
214759,2024,"pct_female_athletes",14
214759,2024,"pct_male_athletes",20
214759,2024,"total_athletes_undup",64
214759,2024,"total_varsity_sports",8
214759,2024,"womens_varsity_sports",4
214768,2024,"female_athletes_undup",45
214768,2024,"male_athletes_undup",66
214768,2024,"mens_varsity_sports",4
214768,2024,"multi_sport_ratio",1.13513513513514
214768,2024,"pct_athletes_overall",23.2217573221757
214768,2024,"pct_female_athletes",21.6346153846154
214768,2024,"pct_male_athletes",24.4444444444444
214768,2024,"total_athletes_undup",111
214768,2024,"total_varsity_sports",8
214768,2024,"womens_varsity_sports",4
214777,2024,"female_athletes_undup",382
214777,2024,"male_athletes_undup",520
214777,2024,"mens_varsity_sports",14
214777,2024,"multi_sport_ratio",1.07317073170732
214777,2024,"pct_athletes_overall",2.17622080679405
214777,2024,"pct_female_athletes",1.93662864385298
214777,2024,"pct_male_athletes",2.39377618192699
214777,2024,"total_athletes_undup",902
214777,2024,"total_varsity_sports",27
214777,2024,"womens_varsity_sports",13
214786,2024,"female_athletes_undup",30
214786,2024,"male_athletes_undup",73
214786,2024,"mens_varsity_sports",3
214786,2024,"multi_sport_ratio",1.11650485436893
214786,2024,"pct_athletes_overall",30.6547619047619
214786,2024,"pct_female_athletes",23.8095238095238
214786,2024,"pct_male_athletes",34.7619047619048
214786,2024,"total_athletes_undup",103
214786,2024,"total_varsity_sports",6
214786,2024,"womens_varsity_sports",3
214795,2024,"female_athletes_undup",55
214795,2024,"male_athletes_undup",70
214795,2024,"mens_varsity_sports",4
214795,2024,"multi_sport_ratio",1.024
214795,2024,"pct_athletes_overall",24.5579567779961
214795,2024,"pct_female_athletes",18.4563758389262
214795,2024,"pct_male_athletes",33.175355450237
214795,2024,"total_athletes_undup",125
214795,2024,"total_varsity_sports",8
214795,2024,"womens_varsity_sports",4
214801,2024,"female_athletes_undup",100
214801,2024,"male_athletes_undup",133
214801,2024,"mens_varsity_sports",7
214801,2024,"multi_sport_ratio",1.03862660944206
214801,2024,"pct_athletes_overall",8.73640794900637
214801,2024,"pct_female_athletes",8.89679715302491
214801,2024,"pct_male_athletes",8.61957226182761
214801,2024,"total_athletes_undup",233
214801,2024,"total_varsity_sports",14
214801,2024,"womens_varsity_sports",7
214810,2024,"female_athletes_undup",64
214810,2024,"male_athletes_undup",80
214810,2024,"mens_varsity_sports",7
214810,2024,"multi_sport_ratio",1.3125
214810,2024,"pct_athletes_overall",24.9134948096886
214810,2024,"pct_female_athletes",17.5342465753425
214810,2024,"pct_male_athletes",37.5586854460094
214810,2024,"total_athletes_undup",144
214810,2024,"total_varsity_sports",13
214810,2024,"womens_varsity_sports",6
214829,2024,"female_athletes_undup",21
214829,2024,"male_athletes_undup",79
214829,2024,"mens_varsity_sports",5
214829,2024,"multi_sport_ratio",1
214829,2024,"pct_athletes_overall",16.8067226890756
214829,2024,"pct_female_athletes",9.375
214829,2024,"pct_male_athletes",21.2938005390836
214829,2024,"total_athletes_undup",100
214829,2024,"total_varsity_sports",7
214829,2024,"womens_varsity_sports",2
215062,2024,"female_athletes_undup",383
215062,2024,"male_athletes_undup",559
215062,2024,"mens_varsity_sports",14
215062,2024,"multi_sport_ratio",1.15923566878981
215062,2024,"pct_athletes_overall",9.23982344286415
215062,2024,"pct_female_athletes",6.88972836841159
215062,2024,"pct_male_athletes",12.0578084555651
215062,2024,"total_athletes_undup",942
215062,2024,"total_varsity_sports",28
215062,2024,"womens_varsity_sports",14
215114,2024,"female_athletes_undup",64
215114,2024,"male_athletes_undup",143
215114,2024,"mens_varsity_sports",7
215114,2024,"multi_sport_ratio",1.07246376811594
215114,2024,"pct_athletes_overall",28.6307053941909
215114,2024,"pct_female_athletes",17.7285318559557
215114,2024,"pct_male_athletes",39.5027624309392
215114,2024,"total_athletes_undup",207
215114,2024,"total_varsity_sports",13
215114,2024,"womens_varsity_sports",6
215266,2024,"female_athletes_undup",77
215266,2024,"male_athletes_undup",145
215266,2024,"mens_varsity_sports",7
215266,2024,"multi_sport_ratio",1.02702702702703
215266,2024,"pct_athletes_overall",23.0290456431535
215266,2024,"pct_female_athletes",15.7464212678937
215266,2024,"pct_male_athletes",30.5263157894737
215266,2024,"total_athletes_undup",222
215266,2024,"total_varsity_sports",13
215266,2024,"womens_varsity_sports",6
215275,2024,"female_athletes_undup",102
215275,2024,"male_athletes_undup",96
215275,2024,"mens_varsity_sports",6
215275,2024,"multi_sport_ratio",1.03030303030303
215275,2024,"pct_athletes_overall",15.7018239492466
215275,2024,"pct_female_athletes",14.8040638606676
215275,2024,"pct_male_athletes",16.7832167832168
215275,2024,"total_athletes_undup",198
215275,2024,"total_varsity_sports",13
215275,2024,"womens_varsity_sports",7
215284,2024,"female_athletes_undup",95
215284,2024,"male_athletes_undup",187
215284,2024,"mens_varsity_sports",6
215284,2024,"multi_sport_ratio",1.32978723404255
215284,2024,"pct_athletes_overall",15.9052453468697
215284,2024,"pct_female_athletes",12.2422680412371
215284,2024,"pct_male_athletes",18.7562688064193
215284,2024,"total_athletes_undup",282
215284,2024,"total_varsity_sports",11
215284,2024,"womens_varsity_sports",5
215293,2024,"female_athletes_undup",244
215293,2024,"male_athletes_undup",301
215293,2024,"mens_varsity_sports",7
215293,2024,"multi_sport_ratio",1.20550458715596
215293,2024,"pct_athletes_overall",2.75753895972475
215293,2024,"pct_female_athletes",2.12414033254984
215293,2024,"pct_male_athletes",3.63658330312915
215293,2024,"total_athletes_undup",545
215293,2024,"total_varsity_sports",15
215293,2024,"womens_varsity_sports",8
215442,2024,"female_athletes_undup",132
215442,2024,"male_athletes_undup",190
215442,2024,"mens_varsity_sports",5
215442,2024,"multi_sport_ratio",1.46583850931677
215442,2024,"pct_athletes_overall",14.9074074074074
215442,2024,"pct_female_athletes",9.38833570412518
215442,2024,"pct_male_athletes",25.1989389920424
215442,2024,"total_athletes_undup",322
215442,2024,"total_varsity_sports",11
215442,2024,"womens_varsity_sports",6
215655,2024,"female_athletes_undup",209
215655,2024,"male_athletes_undup",298
215655,2024,"mens_varsity_sports",7
215655,2024,"multi_sport_ratio",1.03550295857988
215655,2024,"pct_athletes_overall",18.2374100719424
215655,2024,"pct_female_athletes",16.5873015873016
215655,2024,"pct_male_athletes",19.6052631578947
215655,2024,"total_athletes_undup",507
215655,2024,"total_varsity_sports",15
215655,2024,"womens_varsity_sports",8
215691,2024,"female_athletes_undup",53
215691,2024,"male_athletes_undup",134
215691,2024,"mens_varsity_sports",6
215691,2024,"multi_sport_ratio",1.02139037433155
215691,2024,"pct_athletes_overall",51.2328767123288
215691,2024,"pct_female_athletes",29.9435028248588
215691,2024,"pct_male_athletes",71.2765957446808
215691,2024,"total_athletes_undup",187
215691,2024,"total_varsity_sports",11
215691,2024,"womens_varsity_sports",5
215743,2024,"female_athletes_undup",236
215743,2024,"male_athletes_undup",280
215743,2024,"mens_varsity_sports",9
215743,2024,"multi_sport_ratio",1.23062015503876
215743,2024,"pct_athletes_overall",36.2869198312236
215743,2024,"pct_female_athletes",28.5714285714286
215743,2024,"pct_male_athletes",46.9798657718121
215743,2024,"total_athletes_undup",516
215743,2024,"total_varsity_sports",22
215743,2024,"womens_varsity_sports",13
215770,2024,"female_athletes_undup",226
215770,2024,"male_athletes_undup",250
215770,2024,"mens_varsity_sports",8
215770,2024,"multi_sport_ratio",1.37394957983193
215770,2024,"pct_athletes_overall",9.87551867219917
215770,2024,"pct_female_athletes",8.60952380952381
215770,2024,"pct_male_athletes",11.3895216400911
215770,2024,"total_athletes_undup",476
215770,2024,"total_varsity_sports",17
215770,2024,"womens_varsity_sports",9
215798,2024,"female_athletes_undup",188
215798,2024,"male_athletes_undup",377
215798,2024,"mens_varsity_sports",13
215798,2024,"multi_sport_ratio",1.11504424778761
215798,2024,"pct_athletes_overall",45.3451043338684
215798,2024,"pct_female_athletes",37.0808678500986
215798,2024,"pct_male_athletes",51.0148849797023
215798,2024,"total_athletes_undup",565
215798,2024,"total_varsity_sports",25
215798,2024,"womens_varsity_sports",12
215929,2024,"female_athletes_undup",280
215929,2024,"male_athletes_undup",303
215929,2024,"mens_varsity_sports",11
215929,2024,"multi_sport_ratio",1.24528301886792
215929,2024,"pct_athletes_overall",16.7144495412844
215929,2024,"pct_female_athletes",14.2857142857143
215929,2024,"pct_male_athletes",19.8298429319372
215929,2024,"total_athletes_undup",583
215929,2024,"total_varsity_sports",23
215929,2024,"womens_varsity_sports",12
215947,2024,"female_athletes_undup",217
215947,2024,"male_athletes_undup",358
215947,2024,"mens_varsity_sports",7
215947,2024,"multi_sport_ratio",1.16347826086957
215947,2024,"pct_athletes_overall",41.2482065997131
215947,2024,"pct_female_athletes",24.8853211009174
215947,2024,"pct_male_athletes",68.5823754789272
215947,2024,"total_athletes_undup",575
215947,2024,"total_varsity_sports",16
215947,2024,"womens_varsity_sports",9
216010,2024,"female_athletes_undup",230
216010,2024,"male_athletes_undup",250
216010,2024,"mens_varsity_sports",7
216010,2024,"multi_sport_ratio",1.2625
216010,2024,"pct_athletes_overall",12.4287933713102
216010,2024,"pct_female_athletes",11.704834605598
216010,2024,"pct_male_athletes",13.1787032156036
216010,2024,"total_athletes_undup",480
216010,2024,"total_varsity_sports",16
216010,2024,"womens_varsity_sports",9
216038,2024,"female_athletes_undup",234
216038,2024,"male_athletes_undup",279
216038,2024,"mens_varsity_sports",5
216038,2024,"multi_sport_ratio",1.28654970760234
216038,2024,"pct_athletes_overall",7.98319327731092
216038,2024,"pct_female_athletes",6.53448757330355
216038,2024,"pct_male_athletes",9.8066783831283
216038,2024,"total_athletes_undup",513
216038,2024,"total_varsity_sports",13
216038,2024,"womens_varsity_sports",8
216278,2024,"female_athletes_undup",213
216278,2024,"male_athletes_undup",353
216278,2024,"mens_varsity_sports",9
216278,2024,"multi_sport_ratio",1.08303886925795
216278,2024,"pct_athletes_overall",26.3255813953488
216278,2024,"pct_female_athletes",17.359413202934
216278,2024,"pct_male_athletes",38.2448537378115
216278,2024,"total_athletes_undup",566
216278,2024,"total_varsity_sports",19
216278,2024,"womens_varsity_sports",10
216287,2024,"female_athletes_undup",227
216287,2024,"male_athletes_undup",211
216287,2024,"mens_varsity_sports",8
216287,2024,"multi_sport_ratio",1.32191780821918
216287,2024,"pct_athletes_overall",27.1712158808933
216287,2024,"pct_female_athletes",27.0238095238095
216287,2024,"pct_male_athletes",27.3316062176166
216287,2024,"total_athletes_undup",438
216287,2024,"total_varsity_sports",18
216287,2024,"womens_varsity_sports",10
216339,2024,"female_athletes_undup",264
216339,2024,"male_athletes_undup",243
216339,2024,"mens_varsity_sports",7
216339,2024,"multi_sport_ratio",1.07297830374753
216339,2024,"pct_athletes_overall",2.5726899071396
216339,2024,"pct_female_athletes",2.38870792616721
216339,2024,"pct_male_athletes",2.80762564991334
216339,2024,"total_athletes_undup",507
216339,2024,"total_varsity_sports",17
216339,2024,"womens_varsity_sports",10
216357,2024,"female_athletes_undup",109
216357,2024,"male_athletes_undup",264
216357,2024,"mens_varsity_sports",10
216357,2024,"multi_sport_ratio",1.30026809651475
216357,2024,"pct_athletes_overall",47.6982097186701
216357,2024,"pct_female_athletes",28.9893617021277
216357,2024,"pct_male_athletes",65.0246305418719
216357,2024,"total_athletes_undup",373
216357,2024,"total_varsity_sports",18
216357,2024,"womens_varsity_sports",8
216366,2024,"female_athletes_undup",171
216366,2024,"male_athletes_undup",120
216366,2024,"mens_varsity_sports",7
216366,2024,"multi_sport_ratio",1.06185567010309
216366,2024,"pct_athletes_overall",8.7151841868823
216366,2024,"pct_female_athletes",6.99959066721244
216366,2024,"pct_male_athletes",13.3928571428571
216366,2024,"total_athletes_undup",291
216366,2024,"total_varsity_sports",17
216366,2024,"womens_varsity_sports",10
216524,2024,"female_athletes_undup",237
216524,2024,"male_athletes_undup",433
216524,2024,"mens_varsity_sports",10
216524,2024,"multi_sport_ratio",1.26567164179104
216524,2024,"pct_athletes_overall",45.0571620712845
216524,2024,"pct_female_athletes",33.2398316970547
216524,2024,"pct_male_athletes",55.9431524547804
216524,2024,"total_athletes_undup",670
216524,2024,"total_varsity_sports",22
216524,2024,"womens_varsity_sports",12
216542,2024,"female_athletes_undup",49
216542,2024,"male_athletes_undup",89
216542,2024,"mens_varsity_sports",6
216542,2024,"multi_sport_ratio",1.10869565217391
216542,2024,"pct_athletes_overall",32.0185614849188
216542,2024,"pct_female_athletes",23.7864077669903
216542,2024,"pct_male_athletes",39.5555555555556
216542,2024,"total_athletes_undup",138
216542,2024,"total_varsity_sports",12
216542,2024,"womens_varsity_sports",6
216597,2024,"female_athletes_undup",320
216597,2024,"male_athletes_undup",311
216597,2024,"mens_varsity_sports",9
216597,2024,"multi_sport_ratio",1.17908082408875
216597,2024,"pct_athletes_overall",9.37592867756315
216597,2024,"pct_female_athletes",8.73362445414847
216597,2024,"pct_male_athletes",10.143509458578
216597,2024,"total_athletes_undup",631
216597,2024,"total_varsity_sports",20
216597,2024,"womens_varsity_sports",11
216667,2024,"female_athletes_undup",190
216667,2024,"male_athletes_undup",434
216667,2024,"mens_varsity_sports",11
216667,2024,"multi_sport_ratio",1.11858974358974
216667,2024,"pct_athletes_overall",48.4472049689441
216667,2024,"pct_female_athletes",32.1489001692047
216667,2024,"pct_male_athletes",62.2668579626973
216667,2024,"total_athletes_undup",624
216667,2024,"total_varsity_sports",22
216667,2024,"womens_varsity_sports",11
216694,2024,"female_athletes_undup",133
216694,2024,"male_athletes_undup",274
216694,2024,"mens_varsity_sports",10
216694,2024,"multi_sport_ratio",1.24570024570025
216694,2024,"pct_athletes_overall",41.0696266397578
216694,2024,"pct_female_athletes",26.1811023622047
216694,2024,"pct_male_athletes",56.7287784679089
216694,2024,"total_athletes_undup",407
216694,2024,"total_varsity_sports",20
216694,2024,"womens_varsity_sports",10
216764,2024,"female_athletes_undup",308
216764,2024,"male_athletes_undup",304
216764,2024,"mens_varsity_sports",8
216764,2024,"multi_sport_ratio",1.18790849673203
216764,2024,"pct_athletes_overall",4.70769230769231
216764,2024,"pct_female_athletes",4.0643969385062
216764,2024,"pct_male_athletes",5.60678716340834
216764,2024,"total_athletes_undup",612
216764,2024,"total_varsity_sports",20
216764,2024,"womens_varsity_sports",12
216807,2024,"female_athletes_undup",187
216807,2024,"male_athletes_undup",393
216807,2024,"mens_varsity_sports",11
216807,2024,"multi_sport_ratio",1.1
216807,2024,"pct_athletes_overall",56.1471442400774
216807,2024,"pct_female_athletes",37.1031746031746
216807,2024,"pct_male_athletes",74.2911153119093
216807,2024,"total_athletes_undup",580
216807,2024,"total_varsity_sports",22
216807,2024,"womens_varsity_sports",11
216852,2024,"female_athletes_undup",191
216852,2024,"male_athletes_undup",329
216852,2024,"mens_varsity_sports",10
216852,2024,"multi_sport_ratio",1.21730769230769
216852,2024,"pct_athletes_overall",18.7319884726225
216852,2024,"pct_female_athletes",11.4508393285372
216852,2024,"pct_male_athletes",29.6931407942238
216852,2024,"total_athletes_undup",520
216852,2024,"total_varsity_sports",20
216852,2024,"womens_varsity_sports",10
216931,2024,"female_athletes_undup",164
216931,2024,"male_athletes_undup",339
216931,2024,"mens_varsity_sports",12
216931,2024,"multi_sport_ratio",1.06560636182903
216931,2024,"pct_athletes_overall",26.5715795034337
216931,2024,"pct_female_athletes",16.9772256728778
216931,2024,"pct_male_athletes",36.5695792880259
216931,2024,"total_athletes_undup",503
216931,2024,"total_varsity_sports",23
216931,2024,"womens_varsity_sports",11
217013,2024,"female_athletes_undup",147
217013,2024,"male_athletes_undup",77
217013,2024,"mens_varsity_sports",5
217013,2024,"multi_sport_ratio",1.04910714285714
217013,2024,"pct_athletes_overall",35.725677830941
217013,2024,"pct_female_athletes",28.9370078740157
217013,2024,"pct_male_athletes",64.7058823529412
217013,2024,"total_athletes_undup",224
217013,2024,"total_varsity_sports",13
217013,2024,"womens_varsity_sports",8
217059,2024,"female_athletes_undup",197
217059,2024,"male_athletes_undup",287
217059,2024,"mens_varsity_sports",11
217059,2024,"multi_sport_ratio",1.34917355371901
217059,2024,"pct_athletes_overall",15.7654723127036
217059,2024,"pct_female_athletes",11.361014994233
217059,2024,"pct_male_athletes",21.4820359281437
217059,2024,"total_athletes_undup",484
217059,2024,"total_varsity_sports",24
217059,2024,"womens_varsity_sports",13
217156,2024,"female_athletes_undup",501
217156,2024,"male_athletes_undup",494
217156,2024,"mens_varsity_sports",14
217156,2024,"multi_sport_ratio",1.0391959798995
217156,2024,"pct_athletes_overall",13.848295059151
217156,2024,"pct_female_athletes",13.9282735613011
217156,2024,"pct_male_athletes",13.768115942029
217156,2024,"total_athletes_undup",995
217156,2024,"total_varsity_sports",33
217156,2024,"womens_varsity_sports",19
217165,2024,"female_athletes_undup",296
217165,2024,"male_athletes_undup",410
217165,2024,"mens_varsity_sports",9
217165,2024,"multi_sport_ratio",1.18980169971671
217165,2024,"pct_athletes_overall",22.2572509457755
217165,2024,"pct_female_athletes",26.2644188110027
217165,2024,"pct_male_athletes",20.0488997555012
217165,2024,"total_athletes_undup",706
217165,2024,"total_varsity_sports",21
217165,2024,"womens_varsity_sports",12
217235,2024,"female_athletes_undup",234
217235,2024,"male_athletes_undup",174
217235,2024,"mens_varsity_sports",6
217235,2024,"multi_sport_ratio",1.18137254901961
217235,2024,"pct_athletes_overall",10.9090909090909
217235,2024,"pct_female_athletes",9.94052676295667
217235,2024,"pct_male_athletes",12.5541125541126
217235,2024,"total_athletes_undup",408
217235,2024,"total_varsity_sports",17
217235,2024,"womens_varsity_sports",11
217402,2024,"female_athletes_undup",214
217402,2024,"male_athletes_undup",199
217402,2024,"mens_varsity_sports",6
217402,2024,"multi_sport_ratio",1.27118644067797
217402,2024,"pct_athletes_overall",9.92311388755406
217402,2024,"pct_female_athletes",9.50266429840142
217402,2024,"pct_male_athletes",10.4188481675393
217402,2024,"total_athletes_undup",413
217402,2024,"total_varsity_sports",15
217402,2024,"womens_varsity_sports",9
217420,2024,"female_athletes_undup",159
217420,2024,"male_athletes_undup",162
217420,2024,"mens_varsity_sports",9
217420,2024,"multi_sport_ratio",1.24610591900312
217420,2024,"pct_athletes_overall",7.39972337482711
217420,2024,"pct_female_athletes",5.41368743615935
217420,2024,"pct_male_athletes",11.5631691648822
217420,2024,"total_athletes_undup",321
217420,2024,"total_varsity_sports",21
217420,2024,"womens_varsity_sports",12
217484,2024,"female_athletes_undup",256
217484,2024,"male_athletes_undup",239
217484,2024,"mens_varsity_sports",6
217484,2024,"multi_sport_ratio",1.23030303030303
217484,2024,"pct_athletes_overall",3.88022262287372
217484,2024,"pct_female_athletes",3.41971680470211
217484,2024,"pct_male_athletes",4.53424397647505
217484,2024,"total_athletes_undup",495
217484,2024,"total_varsity_sports",15
217484,2024,"womens_varsity_sports",9
217518,2024,"female_athletes_undup",204
217518,2024,"male_athletes_undup",285
217518,2024,"mens_varsity_sports",10
217518,2024,"multi_sport_ratio",1.14928425357873
217518,2024,"pct_athletes_overall",13.5795612329908
217518,2024,"pct_female_athletes",10.8626198083067
217518,2024,"pct_male_athletes",16.5409170052234
217518,2024,"total_athletes_undup",489
217518,2024,"total_varsity_sports",21
217518,2024,"womens_varsity_sports",11
217536,2024,"female_athletes_undup",242
217536,2024,"male_athletes_undup",363
217536,2024,"mens_varsity_sports",8
217536,2024,"multi_sport_ratio",1.02479338842975
217536,2024,"pct_athletes_overall",29.2270531400966
217536,2024,"pct_female_athletes",16.8406402226862
217536,2024,"pct_male_athletes",57.345971563981
217536,2024,"total_athletes_undup",605
217536,2024,"total_varsity_sports",18
217536,2024,"womens_varsity_sports",10
217624,2024,"female_athletes_undup",112
217624,2024,"male_athletes_undup",186
217624,2024,"mens_varsity_sports",4
217624,2024,"multi_sport_ratio",1.07046979865772
217624,2024,"pct_athletes_overall",53.2142857142857
217624,2024,"pct_female_athletes",45.9016393442623
217624,2024,"pct_male_athletes",58.8607594936709
217624,2024,"total_athletes_undup",298
217624,2024,"total_varsity_sports",10
217624,2024,"womens_varsity_sports",6
217633,2024,"female_athletes_undup",171
217633,2024,"male_athletes_undup",323
217633,2024,"mens_varsity_sports",8
217633,2024,"multi_sport_ratio",1.18016194331984
217633,2024,"pct_athletes_overall",16.0181582360571
217633,2024,"pct_female_athletes",8.93883951907998
217633,2024,"pct_male_athletes",27.5832621690863
217633,2024,"total_athletes_undup",494
217633,2024,"total_varsity_sports",16
217633,2024,"womens_varsity_sports",8
217688,2024,"female_athletes_undup",126
217688,2024,"male_athletes_undup",220
217688,2024,"mens_varsity_sports",5
217688,2024,"multi_sport_ratio",1.26878612716763
217688,2024,"pct_athletes_overall",12.7675276752768
217688,2024,"pct_female_athletes",7.38137082601054
217688,2024,"pct_male_athletes",21.9341974077767
217688,2024,"total_athletes_undup",346
217688,2024,"total_varsity_sports",12
217688,2024,"womens_varsity_sports",7
217721,2024,"female_athletes_undup",99
217721,2024,"male_athletes_undup",215
217721,2024,"mens_varsity_sports",8
217721,2024,"multi_sport_ratio",1.45859872611465
217721,2024,"pct_athletes_overall",21.1163416274378
217721,2024,"pct_female_athletes",12.992125984252
217721,2024,"pct_male_athletes",29.6551724137931
217721,2024,"total_athletes_undup",314
217721,2024,"total_varsity_sports",15
217721,2024,"womens_varsity_sports",7
217749,2024,"female_athletes_undup",70
217749,2024,"male_athletes_undup",102
217749,2024,"mens_varsity_sports",5
217749,2024,"multi_sport_ratio",1.11627906976744
217749,2024,"pct_athletes_overall",9.02413431269675
217749,2024,"pct_female_athletes",6.91699604743083
217749,2024,"pct_male_athletes",11.4093959731544
217749,2024,"total_athletes_undup",172
217749,2024,"total_varsity_sports",9
217749,2024,"womens_varsity_sports",4
217776,2024,"female_athletes_undup",135
217776,2024,"male_athletes_undup",172
217776,2024,"mens_varsity_sports",4
217776,2024,"multi_sport_ratio",1.19869706840391
217776,2024,"pct_athletes_overall",52.6586620926244
217776,2024,"pct_female_athletes",41.0334346504559
217776,2024,"pct_male_athletes",67.7165354330709
217776,2024,"total_athletes_undup",307
217776,2024,"total_varsity_sports",10
217776,2024,"womens_varsity_sports",6
217819,2024,"female_athletes_undup",225
217819,2024,"male_athletes_undup",174
217819,2024,"mens_varsity_sports",6
217819,2024,"multi_sport_ratio",1.29072681704261
217819,2024,"pct_athletes_overall",3.95323491528782
217819,2024,"pct_female_athletes",3.26228795128317
217819,2024,"pct_male_athletes",5.44430538172716
217819,2024,"total_athletes_undup",399
217819,2024,"total_varsity_sports",18
217819,2024,"womens_varsity_sports",12
217864,2024,"female_athletes_undup",74
217864,2024,"male_athletes_undup",237
217864,2024,"mens_varsity_sports",6
217864,2024,"multi_sport_ratio",1.4983922829582
217864,2024,"pct_athletes_overall",12.2008630835622
217864,2024,"pct_female_athletes",22.3564954682779
217864,2024,"pct_male_athletes",10.6853020739405
217864,2024,"total_athletes_undup",311
217864,2024,"total_varsity_sports",11
217864,2024,"womens_varsity_sports",5
217873,2024,"female_athletes_undup",69
217873,2024,"male_athletes_undup",76
217873,2024,"mens_varsity_sports",5
217873,2024,"multi_sport_ratio",1.36551724137931
217873,2024,"pct_athletes_overall",9.09090909090909
217873,2024,"pct_female_athletes",6.12244897959184
217873,2024,"pct_male_athletes",16.2393162393162
217873,2024,"total_athletes_undup",145
217873,2024,"total_varsity_sports",11
217873,2024,"womens_varsity_sports",6
217882,2024,"female_athletes_undup",263
217882,2024,"male_athletes_undup",301
217882,2024,"mens_varsity_sports",7
217882,2024,"multi_sport_ratio",1.19858156028369
217882,2024,"pct_athletes_overall",2.4919365528211
217882,2024,"pct_female_athletes",2.13110768981444
217882,2024,"pct_male_athletes",2.9246016323358
217882,2024,"total_athletes_undup",564
217882,2024,"total_varsity_sports",17
217882,2024,"womens_varsity_sports",10
217891,2024,"female_athletes_undup",55
217891,2024,"male_athletes_undup",35
217891,2024,"mens_varsity_sports",1
217891,2024,"multi_sport_ratio",1
217891,2024,"pct_athletes_overall",73.1707317073171
217891,2024,"pct_female_athletes",71.4285714285714
217891,2024,"pct_male_athletes",76.0869565217391
217891,2024,"total_athletes_undup",90
217891,2024,"total_varsity_sports",3
217891,2024,"womens_varsity_sports",2
217907,2024,"female_athletes_undup",171
217907,2024,"male_athletes_undup",270
217907,2024,"mens_varsity_sports",10
217907,2024,"multi_sport_ratio",1.12471655328798
217907,2024,"pct_athletes_overall",54.5117428924598
217907,2024,"pct_female_athletes",37.7483443708609
217907,2024,"pct_male_athletes",75.8426966292135
217907,2024,"total_athletes_undup",441
217907,2024,"total_varsity_sports",21
217907,2024,"womens_varsity_sports",11
217925,2024,"female_athletes_undup",116
217925,2024,"male_athletes_undup",146
217925,2024,"mens_varsity_sports",5
217925,2024,"multi_sport_ratio",1.03435114503817
217925,2024,"pct_athletes_overall",39.8782343987823
217925,2024,"pct_female_athletes",35.1515151515151
217925,2024,"pct_male_athletes",44.6483180428135
217925,2024,"total_athletes_undup",262
217925,2024,"total_varsity_sports",10
217925,2024,"womens_varsity_sports",5
217934,2024,"female_athletes_undup",153
217934,2024,"male_athletes_undup",116
217934,2024,"mens_varsity_sports",8
217934,2024,"multi_sport_ratio",1.2453531598513
217934,2024,"pct_athletes_overall",28.1675392670157
217934,2024,"pct_female_athletes",21.1618257261411
217934,2024,"pct_male_athletes",50
217934,2024,"total_athletes_undup",269
217934,2024,"total_varsity_sports",18
217934,2024,"womens_varsity_sports",10
217961,2024,"female_athletes_undup",242
217961,2024,"male_athletes_undup",128
217961,2024,"mens_varsity_sports",7
217961,2024,"multi_sport_ratio",1.25675675675676
217961,2024,"pct_athletes_overall",32.4276950043821
217961,2024,"pct_female_athletes",29.1566265060241
217961,2024,"pct_male_athletes",41.1575562700965
217961,2024,"total_athletes_undup",370
217961,2024,"total_varsity_sports",21
217961,2024,"womens_varsity_sports",14
217998,2024,"female_athletes_undup",192
217998,2024,"male_athletes_undup",498
217998,2024,"mens_varsity_sports",11
217998,2024,"multi_sport_ratio",1.07826086956522
217998,2024,"pct_athletes_overall",90.7894736842105
217998,2024,"pct_female_athletes",81.7021276595745
217998,2024,"pct_male_athletes",94.8571428571429
217998,2024,"total_athletes_undup",690
217998,2024,"total_varsity_sports",23
217998,2024,"womens_varsity_sports",12
218061,2024,"female_athletes_undup",158
218061,2024,"male_athletes_undup",214
218061,2024,"mens_varsity_sports",6
218061,2024,"multi_sport_ratio",1.07258064516129
218061,2024,"pct_athletes_overall",15.0363783346807
218061,2024,"pct_female_athletes",10.0636942675159
218061,2024,"pct_male_athletes",23.6725663716814
218061,2024,"total_athletes_undup",372
218061,2024,"total_varsity_sports",13
218061,2024,"womens_varsity_sports",7
218070,2024,"female_athletes_undup",156
218070,2024,"male_athletes_undup",219
218070,2024,"mens_varsity_sports",6
218070,2024,"multi_sport_ratio",1.23733333333333
218070,2024,"pct_athletes_overall",15.8629441624365
218070,2024,"pct_female_athletes",11.3951789627465
218070,2024,"pct_male_athletes",22.0100502512563
218070,2024,"total_athletes_undup",375
218070,2024,"total_varsity_sports",14
218070,2024,"womens_varsity_sports",8
218229,2024,"female_athletes_undup",275
218229,2024,"male_athletes_undup",342
218229,2024,"mens_varsity_sports",8
218229,2024,"multi_sport_ratio",1.13776337115073
218229,2024,"pct_athletes_overall",18.9787757613042
218229,2024,"pct_female_athletes",12.5170687300865
218229,2024,"pct_male_athletes",32.4478178368121
218229,2024,"total_athletes_undup",617
218229,2024,"total_varsity_sports",18
218229,2024,"womens_varsity_sports",10
218399,2024,"female_athletes_undup",29
218399,2024,"male_athletes_undup",33
218399,2024,"mens_varsity_sports",2
218399,2024,"multi_sport_ratio",1.04838709677419
218399,2024,"pct_athletes_overall",16.5333333333333
218399,2024,"pct_female_athletes",15.5080213903743
218399,2024,"pct_male_athletes",17.5531914893617
218399,2024,"total_athletes_undup",62
218399,2024,"total_varsity_sports",4
218399,2024,"womens_varsity_sports",2
218414,2024,"female_athletes_undup",298
218414,2024,"male_athletes_undup",540
218414,2024,"mens_varsity_sports",9
218414,2024,"multi_sport_ratio",1.12768496420048
218414,2024,"pct_athletes_overall",57.594501718213
218414,2024,"pct_female_athletes",40.2702702702703
218414,2024,"pct_male_athletes",75.5244755244755
218414,2024,"total_athletes_undup",838
218414,2024,"total_varsity_sports",20
218414,2024,"womens_varsity_sports",11
218441,2024,"female_athletes_undup",190
218441,2024,"male_athletes_undup",367
218441,2024,"mens_varsity_sports",11
218441,2024,"multi_sport_ratio",1.08078994614004
218441,2024,"pct_athletes_overall",31.956397016638
218441,2024,"pct_female_athletes",20.8791208791209
218441,2024,"pct_male_athletes",44.0576230492197
218441,2024,"total_athletes_undup",557
218441,2024,"total_varsity_sports",21
218441,2024,"womens_varsity_sports",10
218539,2024,"female_athletes_undup",206
218539,2024,"male_athletes_undup",282
218539,2024,"mens_varsity_sports",8
218539,2024,"multi_sport_ratio",1
218539,2024,"pct_athletes_overall",57.5471698113208
218539,2024,"pct_female_athletes",48.5849056603774
218539,2024,"pct_male_athletes",66.5094339622642
218539,2024,"total_athletes_undup",488
218539,2024,"total_varsity_sports",19
218539,2024,"womens_varsity_sports",11
218645,2024,"female_athletes_undup",98
218645,2024,"male_athletes_undup",124
218645,2024,"mens_varsity_sports",5
218645,2024,"multi_sport_ratio",1
218645,2024,"pct_athletes_overall",8.63477246207701
218645,2024,"pct_female_athletes",6.33074935400517
218645,2024,"pct_male_athletes",12.1212121212121
218645,2024,"total_athletes_undup",222
218645,2024,"total_varsity_sports",10
218645,2024,"womens_varsity_sports",5
218654,2024,"female_athletes_undup",129
218654,2024,"male_athletes_undup",130
218654,2024,"mens_varsity_sports",6
218654,2024,"multi_sport_ratio",1.06177606177606
218654,2024,"pct_athletes_overall",14.0227395776936
218654,2024,"pct_female_athletes",10.4538087520259
218654,2024,"pct_male_athletes",21.2071778140294
218654,2024,"total_athletes_undup",259
218654,2024,"total_varsity_sports",13
218654,2024,"womens_varsity_sports",7
218663,2024,"female_athletes_undup",283
218663,2024,"male_athletes_undup",288
218663,2024,"mens_varsity_sports",8
218663,2024,"multi_sport_ratio",1.29246935201401
218663,2024,"pct_athletes_overall",1.96794761330346
218663,2024,"pct_female_athletes",1.63687894036671
218663,2024,"pct_male_athletes",2.45608050486099
218663,2024,"total_athletes_undup",571
218663,2024,"total_varsity_sports",18
218663,2024,"womens_varsity_sports",10
218724,2024,"female_athletes_undup",201
218724,2024,"male_athletes_undup",266
218724,2024,"mens_varsity_sports",7
218724,2024,"multi_sport_ratio",1.15631691648822
218724,2024,"pct_athletes_overall",4.66533466533467
218724,2024,"pct_female_athletes",3.56952583910495
218724,2024,"pct_male_athletes",6.07444622059831
218724,2024,"total_athletes_undup",467
218724,2024,"total_varsity_sports",16
218724,2024,"womens_varsity_sports",9
218733,2024,"female_athletes_undup",143
218733,2024,"male_athletes_undup",232
218733,2024,"mens_varsity_sports",4
218733,2024,"multi_sport_ratio",1.26933333333333
218733,2024,"pct_athletes_overall",13.9457047229453
218733,2024,"pct_female_athletes",9.74114441416894
218733,2024,"pct_male_athletes",19.000819000819
218733,2024,"total_athletes_undup",375
218733,2024,"total_varsity_sports",10
218733,2024,"womens_varsity_sports",6
218742,2024,"female_athletes_undup",127
218742,2024,"male_athletes_undup",165
218742,2024,"mens_varsity_sports",5
218742,2024,"multi_sport_ratio",1.37328767123288
218742,2024,"pct_athletes_overall",8.27899064360646
218742,2024,"pct_female_athletes",5.46942291128338
218742,2024,"pct_male_athletes",13.6929460580913
218742,2024,"total_athletes_undup",292
218742,2024,"total_varsity_sports",11
218742,2024,"womens_varsity_sports",6
218821,2024,"female_athletes_undup",108
218821,2024,"male_athletes_undup",137
218821,2024,"mens_varsity_sports",5
218821,2024,"multi_sport_ratio",1
218821,2024,"pct_athletes_overall",22.3948811700183
218821,2024,"pct_female_athletes",17.3354735152488
218821,2024,"pct_male_athletes",29.0870488322718
218821,2024,"total_athletes_undup",245
218821,2024,"total_varsity_sports",11
218821,2024,"womens_varsity_sports",6
218919,2024,"female_athletes_undup",28
218919,2024,"male_athletes_undup",50
218919,2024,"mens_varsity_sports",3
218919,2024,"multi_sport_ratio",2.80769230769231
218919,2024,"pct_athletes_overall",19.0243902439024
218919,2024,"pct_female_athletes",14.2857142857143
218919,2024,"pct_male_athletes",23.3644859813084
218919,2024,"total_athletes_undup",78
218919,2024,"total_varsity_sports",6
218919,2024,"womens_varsity_sports",3
218964,2024,"female_athletes_undup",167
218964,2024,"male_athletes_undup",153
218964,2024,"mens_varsity_sports",5
218964,2024,"multi_sport_ratio",1.34375
218964,2024,"pct_athletes_overall",9.57797066746483
218964,2024,"pct_female_athletes",7.73148148148148
218964,2024,"pct_male_athletes",12.9551227773074
218964,2024,"total_athletes_undup",320
218964,2024,"total_varsity_sports",12
218964,2024,"womens_varsity_sports",7
218973,2024,"female_athletes_undup",170
218973,2024,"male_athletes_undup",271
218973,2024,"mens_varsity_sports",7
218973,2024,"multi_sport_ratio",1.19727891156463
218973,2024,"pct_athletes_overall",24.4321329639889
218973,2024,"pct_female_athletes",18.1818181818182
218973,2024,"pct_male_athletes",31.1494252873563
218973,2024,"total_athletes_undup",441
218973,2024,"total_varsity_sports",15
218973,2024,"womens_varsity_sports",8
219000,2024,"female_athletes_undup",224
219000,2024,"male_athletes_undup",342
219000,2024,"mens_varsity_sports",9
219000,2024,"multi_sport_ratio",1.23674911660777
219000,2024,"pct_athletes_overall",29.2204439855447
219000,2024,"pct_female_athletes",19.0152801358234
219000,2024,"pct_male_athletes",45.0592885375494
219000,2024,"total_athletes_undup",566
219000,2024,"total_varsity_sports",18
219000,2024,"womens_varsity_sports",9
219046,2024,"female_athletes_undup",176
219046,2024,"male_athletes_undup",197
219046,2024,"mens_varsity_sports",4
219046,2024,"multi_sport_ratio",1.36729222520107
219046,2024,"pct_athletes_overall",23.956326268465
219046,2024,"pct_female_athletes",17.0212765957447
219046,2024,"pct_male_athletes",37.6673040152964
219046,2024,"total_athletes_undup",373
219046,2024,"total_varsity_sports",12
219046,2024,"womens_varsity_sports",8
219082,2024,"female_athletes_undup",98
219082,2024,"male_athletes_undup",335
219082,2024,"mens_varsity_sports",6
219082,2024,"multi_sport_ratio",1.35103926096998
219082,2024,"pct_athletes_overall",27.1133375078272
219082,2024,"pct_female_athletes",17.9816513761468
219082,2024,"pct_male_athletes",31.8441064638783
219082,2024,"total_athletes_undup",433
219082,2024,"total_varsity_sports",12
219082,2024,"womens_varsity_sports",6
219091,2024,"female_athletes_undup",102
219091,2024,"male_athletes_undup",159
219091,2024,"mens_varsity_sports",7
219091,2024,"multi_sport_ratio",1.11877394636015
219091,2024,"pct_athletes_overall",40.527950310559
219091,2024,"pct_female_athletes",32.0754716981132
219091,2024,"pct_male_athletes",48.7730061349693
219091,2024,"total_athletes_undup",261
219091,2024,"total_varsity_sports",14
219091,2024,"womens_varsity_sports",7
219198,2024,"female_athletes_undup",157
219198,2024,"male_athletes_undup",302
219198,2024,"mens_varsity_sports",8
219198,2024,"multi_sport_ratio",1.14161220043573
219198,2024,"pct_athletes_overall",73.9130434782609
219198,2024,"pct_female_athletes",55.6737588652482
219198,2024,"pct_male_athletes",89.0855457227139
219198,2024,"total_athletes_undup",459
219198,2024,"total_varsity_sports",16
219198,2024,"womens_varsity_sports",8
219259,2024,"female_athletes_undup",138
219259,2024,"male_athletes_undup",271
219259,2024,"mens_varsity_sports",5
219259,2024,"multi_sport_ratio",1.27628361858191
219259,2024,"pct_athletes_overall",39.0639923591213
219259,2024,"pct_female_athletes",24.2105263157895
219259,2024,"pct_male_athletes",56.8134171907757
219259,2024,"total_athletes_undup",409
219259,2024,"total_varsity_sports",11
219259,2024,"womens_varsity_sports",6
219347,2024,"female_athletes_undup",68
219347,2024,"male_athletes_undup",243
219347,2024,"mens_varsity_sports",5
219347,2024,"multi_sport_ratio",1.41157556270096
219347,2024,"pct_athletes_overall",17.3355629877369
219347,2024,"pct_female_athletes",18.4782608695652
219347,2024,"pct_male_athletes",17.0406732117812
219347,2024,"total_athletes_undup",311
219347,2024,"total_varsity_sports",9
219347,2024,"womens_varsity_sports",4
219356,2024,"female_athletes_undup",222
219356,2024,"male_athletes_undup",311
219356,2024,"mens_varsity_sports",7
219356,2024,"multi_sport_ratio",1.33958724202627
219356,2024,"pct_athletes_overall",6.56
219356,2024,"pct_female_athletes",5.06617982656321
219356,2024,"pct_male_athletes",8.30884317392466
219356,2024,"total_athletes_undup",533
219356,2024,"total_varsity_sports",15
219356,2024,"womens_varsity_sports",8
219383,2024,"female_athletes_undup",214
219383,2024,"male_athletes_undup",270
219383,2024,"mens_varsity_sports",6
219383,2024,"multi_sport_ratio",1.27272727272727
219383,2024,"pct_athletes_overall",43.1757359500446
219383,2024,"pct_female_athletes",31.424375917768
219383,2024,"pct_male_athletes",61.3636363636364
219383,2024,"total_athletes_undup",484
219383,2024,"total_varsity_sports",15
219383,2024,"womens_varsity_sports",9
219408,2024,"female_athletes_undup",12
219408,2024,"male_athletes_undup",12
219408,2024,"mens_varsity_sports",1
219408,2024,"multi_sport_ratio",1.41666666666667
219408,2024,"pct_athletes_overall",16.551724137931
219408,2024,"pct_female_athletes",13.3333333333333
219408,2024,"pct_male_athletes",21.8181818181818
219408,2024,"total_athletes_undup",24
219408,2024,"total_varsity_sports",3
219408,2024,"womens_varsity_sports",2
219471,2024,"female_athletes_undup",217
219471,2024,"male_athletes_undup",233
219471,2024,"mens_varsity_sports",5
219471,2024,"multi_sport_ratio",1.34888888888889
219471,2024,"pct_athletes_overall",9.45378151260504
219471,2024,"pct_female_athletes",7.05461638491547
219471,2024,"pct_male_athletes",13.8361045130641
219471,2024,"total_athletes_undup",450
219471,2024,"total_varsity_sports",14
219471,2024,"womens_varsity_sports",9
219602,2024,"female_athletes_undup",137
219602,2024,"male_athletes_undup",190
219602,2024,"mens_varsity_sports",6
219602,2024,"multi_sport_ratio",1.09174311926605
219602,2024,"pct_athletes_overall",5.96062705067444
219602,2024,"pct_female_athletes",4.14774447471995
219602,2024,"pct_male_athletes",8.7036188731104
219602,2024,"total_athletes_undup",327
219602,2024,"total_varsity_sports",14
219602,2024,"womens_varsity_sports",8
219709,2024,"female_athletes_undup",122
219709,2024,"male_athletes_undup",127
219709,2024,"mens_varsity_sports",6
219709,2024,"multi_sport_ratio",1.36546184738956
219709,2024,"pct_athletes_overall",3.60556038227628
219709,2024,"pct_female_athletes",2.70810210876804
219709,2024,"pct_male_athletes",5.28946272386506
219709,2024,"total_athletes_undup",249
219709,2024,"total_varsity_sports",13
219709,2024,"womens_varsity_sports",7
219718,2024,"female_athletes_undup",117
219718,2024,"male_athletes_undup",360
219718,2024,"mens_varsity_sports",8
219718,2024,"multi_sport_ratio",1
219718,2024,"pct_athletes_overall",32.5153374233129
219718,2024,"pct_female_athletes",17.9447852760736
219718,2024,"pct_male_athletes",44.1717791411043
219718,2024,"total_athletes_undup",477
219718,2024,"total_varsity_sports",16
219718,2024,"womens_varsity_sports",8
219790,2024,"female_athletes_undup",130
219790,2024,"male_athletes_undup",203
219790,2024,"mens_varsity_sports",5
219790,2024,"multi_sport_ratio",1
219790,2024,"pct_athletes_overall",46.1218836565097
219790,2024,"pct_female_athletes",37.5722543352601
219790,2024,"pct_male_athletes",53.9893617021277
219790,2024,"total_athletes_undup",333
219790,2024,"total_varsity_sports",11
219790,2024,"womens_varsity_sports",6
219806,2024,"female_athletes_undup",162
219806,2024,"male_athletes_undup",370
219806,2024,"mens_varsity_sports",9
219806,2024,"multi_sport_ratio",1.06578947368421
219806,2024,"pct_athletes_overall",39.5539033457249
219806,2024,"pct_female_athletes",23.8938053097345
219806,2024,"pct_male_athletes",55.472263868066
219806,2024,"total_athletes_undup",532
219806,2024,"total_varsity_sports",19
219806,2024,"womens_varsity_sports",10
219833,2024,"female_athletes_undup",112
219833,2024,"male_athletes_undup",143
219833,2024,"mens_varsity_sports",6
219833,2024,"multi_sport_ratio",1.42352941176471
219833,2024,"pct_athletes_overall",30.5389221556886
219833,2024,"pct_female_athletes",25.4545454545455
219833,2024,"pct_male_athletes",36.2025316455696
219833,2024,"total_athletes_undup",255
219833,2024,"total_varsity_sports",13
219833,2024,"womens_varsity_sports",7
219949,2024,"female_athletes_undup",124
219949,2024,"male_athletes_undup",260
219949,2024,"mens_varsity_sports",11
219949,2024,"multi_sport_ratio",1.015625
219949,2024,"pct_athletes_overall",19.6018376722818
219949,2024,"pct_female_athletes",11.577964519141
219949,2024,"pct_male_athletes",29.2792792792793
219949,2024,"total_athletes_undup",384
219949,2024,"total_varsity_sports",20
219949,2024,"womens_varsity_sports",9
219976,2024,"female_athletes_undup",120
219976,2024,"male_athletes_undup",142
219976,2024,"mens_varsity_sports",6
219976,2024,"multi_sport_ratio",1.45038167938931
219976,2024,"pct_athletes_overall",9.1384722706662
219976,2024,"pct_female_athletes",6.8649885583524
219976,2024,"pct_male_athletes",12.6899016979446
219976,2024,"total_athletes_undup",262
219976,2024,"total_varsity_sports",13
219976,2024,"womens_varsity_sports",7
220075,2024,"female_athletes_undup",163
220075,2024,"male_athletes_undup",233
220075,2024,"mens_varsity_sports",8
220075,2024,"multi_sport_ratio",1.2020202020202
220075,2024,"pct_athletes_overall",4.46801308811915
220075,2024,"pct_female_athletes",3.01126916682062
220075,2024,"pct_male_athletes",6.7536231884058
220075,2024,"total_athletes_undup",396
220075,2024,"total_varsity_sports",18
220075,2024,"womens_varsity_sports",10
220181,2024,"female_athletes_undup",52
220181,2024,"male_athletes_undup",26
220181,2024,"mens_varsity_sports",4
220181,2024,"multi_sport_ratio",1.08974358974359
220181,2024,"pct_athletes_overall",7.72277227722772
220181,2024,"pct_female_athletes",8.11232449297972
220181,2024,"pct_male_athletes",7.04607046070461
220181,2024,"total_athletes_undup",78
220181,2024,"total_varsity_sports",10
220181,2024,"womens_varsity_sports",6
220206,2024,"female_athletes_undup",26
220206,2024,"male_athletes_undup",30
220206,2024,"mens_varsity_sports",2
220206,2024,"multi_sport_ratio",1
220206,2024,"pct_athletes_overall",33.1360946745562
220206,2024,"pct_female_athletes",30.5882352941176
220206,2024,"pct_male_athletes",35.7142857142857
220206,2024,"total_athletes_undup",56
220206,2024,"total_varsity_sports",5
220206,2024,"womens_varsity_sports",3
220215,2024,"female_athletes_undup",142
220215,2024,"male_athletes_undup",189
220215,2024,"mens_varsity_sports",6
220215,2024,"multi_sport_ratio",1.08157099697885
220215,2024,"pct_athletes_overall",27.9089376053963
220215,2024,"pct_female_athletes",22.6475279106858
220215,2024,"pct_male_athletes",33.8103756708408
220215,2024,"total_athletes_undup",331
220215,2024,"total_varsity_sports",13
220215,2024,"womens_varsity_sports",7
220473,2024,"female_athletes_undup",117
220473,2024,"male_athletes_undup",122
220473,2024,"mens_varsity_sports",5
220473,2024,"multi_sport_ratio",1.01255230125523
220473,2024,"pct_athletes_overall",35.3028064992614
220473,2024,"pct_female_athletes",34.3108504398827
220473,2024,"pct_male_athletes",36.3095238095238
220473,2024,"total_athletes_undup",239
220473,2024,"total_varsity_sports",10
220473,2024,"womens_varsity_sports",5
220516,2024,"female_athletes_undup",190
220516,2024,"male_athletes_undup",241
220516,2024,"mens_varsity_sports",10
220516,2024,"multi_sport_ratio",1.16937354988399
220516,2024,"pct_athletes_overall",52.7539779681763
220516,2024,"pct_female_athletes",40.2542372881356
220516,2024,"pct_male_athletes",69.8550724637681
220516,2024,"total_athletes_undup",431
220516,2024,"total_varsity_sports",20
220516,2024,"womens_varsity_sports",10
220598,2024,"female_athletes_undup",69
220598,2024,"male_athletes_undup",172
220598,2024,"mens_varsity_sports",5
220598,2024,"multi_sport_ratio",1.17427385892116
220598,2024,"pct_athletes_overall",33.518776077886
220598,2024,"pct_female_athletes",21.3622291021672
220598,2024,"pct_male_athletes",43.4343434343434
220598,2024,"total_athletes_undup",241
220598,2024,"total_varsity_sports",10
220598,2024,"womens_varsity_sports",5
220604,2024,"female_athletes_undup",70
220604,2024,"male_athletes_undup",79
220604,2024,"mens_varsity_sports",8
220604,2024,"multi_sport_ratio",1.11409395973154
220604,2024,"pct_athletes_overall",28.1132075471698
220604,2024,"pct_female_athletes",21.2765957446809
220604,2024,"pct_male_athletes",39.3034825870647
220604,2024,"total_athletes_undup",149
220604,2024,"total_varsity_sports",15
220604,2024,"womens_varsity_sports",7
220613,2024,"female_athletes_undup",171
220613,2024,"male_athletes_undup",164
220613,2024,"mens_varsity_sports",6
220613,2024,"multi_sport_ratio",1.37014925373134
220613,2024,"pct_athletes_overall",13.9177399252181
220613,2024,"pct_female_athletes",11.507402422611
220613,2024,"pct_male_athletes",17.8067318132465
220613,2024,"total_athletes_undup",335
220613,2024,"total_varsity_sports",14
220613,2024,"womens_varsity_sports",8
220631,2024,"female_athletes_undup",212
220631,2024,"male_athletes_undup",231
220631,2024,"mens_varsity_sports",9
220631,2024,"multi_sport_ratio",1.19864559819413
220631,2024,"pct_athletes_overall",33.208395802099
220631,2024,"pct_female_athletes",23.5294117647059
220631,2024,"pct_male_athletes",53.3487297921478
220631,2024,"total_athletes_undup",443
220631,2024,"total_varsity_sports",19
220631,2024,"womens_varsity_sports",10
220701,2024,"female_athletes_undup",154
220701,2024,"male_athletes_undup",164
220701,2024,"mens_varsity_sports",8
220701,2024,"multi_sport_ratio",1.04716981132075
220701,2024,"pct_athletes_overall",39.5031055900621
220701,2024,"pct_female_athletes",31.6221765913758
220701,2024,"pct_male_athletes",51.5723270440252
220701,2024,"total_athletes_undup",318
220701,2024,"total_varsity_sports",17
220701,2024,"womens_varsity_sports",9
220710,2024,"female_athletes_undup",117
220710,2024,"male_athletes_undup",254
220710,2024,"mens_varsity_sports",8
220710,2024,"multi_sport_ratio",1.06199460916442
220710,2024,"pct_athletes_overall",37.1743486973948
220710,2024,"pct_female_athletes",21.7472118959108
220710,2024,"pct_male_athletes",55.2173913043478
220710,2024,"total_athletes_undup",371
220710,2024,"total_varsity_sports",16
220710,2024,"womens_varsity_sports",8
220862,2024,"female_athletes_undup",148
220862,2024,"male_athletes_undup",320
220862,2024,"mens_varsity_sports",7
220862,2024,"multi_sport_ratio",1.22435897435897
220862,2024,"pct_athletes_overall",4.48147084171215
220862,2024,"pct_female_athletes",2.37789203084833
220862,2024,"pct_male_athletes",7.58473571936478
220862,2024,"total_athletes_undup",468
220862,2024,"total_varsity_sports",14
220862,2024,"womens_varsity_sports",7
220978,2024,"female_athletes_undup",144
220978,2024,"male_athletes_undup",262
220978,2024,"mens_varsity_sports",6
220978,2024,"multi_sport_ratio",1.20935960591133
220978,2024,"pct_athletes_overall",2.87576143929735
220978,2024,"pct_female_athletes",1.96667577164709
220978,2024,"pct_male_athletes",3.85520894643908
220978,2024,"total_athletes_undup",406
220978,2024,"total_varsity_sports",13
220978,2024,"womens_varsity_sports",7
221351,2024,"female_athletes_undup",203
221351,2024,"male_athletes_undup",288
221351,2024,"mens_varsity_sports",9
221351,2024,"multi_sport_ratio",1.18940936863544
221351,2024,"pct_athletes_overall",28.1053234115627
221351,2024,"pct_female_athletes",19.9803149606299
221351,2024,"pct_male_athletes",39.3980848153215
221351,2024,"total_athletes_undup",491
221351,2024,"total_varsity_sports",19
221351,2024,"womens_varsity_sports",10
221519,2024,"female_athletes_undup",142
221519,2024,"male_athletes_undup",265
221519,2024,"mens_varsity_sports",11
221519,2024,"multi_sport_ratio",1.45945945945946
221519,2024,"pct_athletes_overall",25.549278091651
221519,2024,"pct_female_athletes",16.824644549763
221519,2024,"pct_male_athletes",35.3805073431242
221519,2024,"total_athletes_undup",407
221519,2024,"total_varsity_sports",23
221519,2024,"womens_varsity_sports",12
221731,2024,"female_athletes_undup",174
221731,2024,"male_athletes_undup",233
221731,2024,"mens_varsity_sports",8
221731,2024,"multi_sport_ratio",1.05896805896806
221731,2024,"pct_athletes_overall",51.9132653061224
221731,2024,"pct_female_athletes",35.2941176470588
221731,2024,"pct_male_athletes",80.0687285223368
221731,2024,"total_athletes_undup",407
221731,2024,"total_varsity_sports",17
221731,2024,"womens_varsity_sports",9
221740,2024,"female_athletes_undup",199
221740,2024,"male_athletes_undup",202
221740,2024,"mens_varsity_sports",6
221740,2024,"multi_sport_ratio",1.08229426433915
221740,2024,"pct_athletes_overall",4.35301780286583
221740,2024,"pct_female_athletes",3.6763347496767
221740,2024,"pct_male_athletes",5.31718873387734
221740,2024,"total_athletes_undup",401
221740,2024,"total_varsity_sports",14
221740,2024,"womens_varsity_sports",8
221759,2024,"female_athletes_undup",331
221759,2024,"male_athletes_undup",305
221759,2024,"mens_varsity_sports",7
221759,2024,"multi_sport_ratio",1.28301886792453
221759,2024,"pct_athletes_overall",2.15286710446144
221759,2024,"pct_female_athletes",2.08938265370534
221759,2024,"pct_male_athletes",2.22627737226277
221759,2024,"total_athletes_undup",636
221759,2024,"total_varsity_sports",16
221759,2024,"womens_varsity_sports",9
221768,2024,"female_athletes_undup",204
221768,2024,"male_athletes_undup",220
221768,2024,"mens_varsity_sports",6
221768,2024,"multi_sport_ratio",1.20047169811321
221768,2024,"pct_athletes_overall",9.34950385887541
221768,2024,"pct_female_athletes",7.29352878083661
221768,2024,"pct_male_athletes",12.6582278481013
221768,2024,"total_athletes_undup",424
221768,2024,"total_varsity_sports",15
221768,2024,"womens_varsity_sports",9
221838,2024,"female_athletes_undup",86
221838,2024,"male_athletes_undup",172
221838,2024,"mens_varsity_sports",5
221838,2024,"multi_sport_ratio",1.24806201550388
221838,2024,"pct_athletes_overall",5.76923076923077
221838,2024,"pct_female_athletes",2.91624279416751
221838,2024,"pct_male_athletes",11.2934996717006
221838,2024,"total_athletes_undup",258
221838,2024,"total_varsity_sports",11
221838,2024,"womens_varsity_sports",6
221847,2024,"female_athletes_undup",118
221847,2024,"male_athletes_undup",198
221847,2024,"mens_varsity_sports",6
221847,2024,"multi_sport_ratio",1.17088607594937
221847,2024,"pct_athletes_overall",3.89979020116006
221847,2024,"pct_female_athletes",3.26056921801603
221847,2024,"pct_male_athletes",4.4157002676182
221847,2024,"total_athletes_undup",316
221847,2024,"total_varsity_sports",13
221847,2024,"womens_varsity_sports",7
221892,2024,"female_athletes_undup",196
221892,2024,"male_athletes_undup",169
221892,2024,"mens_varsity_sports",7
221892,2024,"multi_sport_ratio",1.22465753424658
221892,2024,"pct_athletes_overall",26.015680684248
221892,2024,"pct_female_athletes",23.5576923076923
221892,2024,"pct_male_athletes",29.5971978984238
221892,2024,"total_athletes_undup",365
221892,2024,"total_varsity_sports",16
221892,2024,"womens_varsity_sports",9
221953,2024,"female_athletes_undup",181
221953,2024,"male_athletes_undup",378
221953,2024,"mens_varsity_sports",11
221953,2024,"multi_sport_ratio",1.1824686940966
221953,2024,"pct_athletes_overall",75.9510869565217
221953,2024,"pct_female_athletes",56.7398119122257
221953,2024,"pct_male_athletes",90.6474820143885
221953,2024,"total_athletes_undup",559
221953,2024,"total_varsity_sports",22
221953,2024,"womens_varsity_sports",11
221971,2024,"female_athletes_undup",101
221971,2024,"male_athletes_undup",105
221971,2024,"mens_varsity_sports",5
221971,2024,"multi_sport_ratio",1.00485436893204
221971,2024,"pct_athletes_overall",14.651493598862
221971,2024,"pct_female_athletes",11.6359447004608
221971,2024,"pct_male_athletes",19.5167286245353
221971,2024,"total_athletes_undup",206
221971,2024,"total_varsity_sports",11
221971,2024,"womens_varsity_sports",6
221999,2024,"female_athletes_undup",236
221999,2024,"male_athletes_undup",217
221999,2024,"mens_varsity_sports",6
221999,2024,"multi_sport_ratio",1.12362030905077
221999,2024,"pct_athletes_overall",6.3215182807703
221999,2024,"pct_female_athletes",6.26992561105207
221999,2024,"pct_male_athletes",6.37860082304527
221999,2024,"total_athletes_undup",453
221999,2024,"total_varsity_sports",14
221999,2024,"womens_varsity_sports",8
222178,2024,"female_athletes_undup",126
222178,2024,"male_athletes_undup",199
222178,2024,"mens_varsity_sports",6
222178,2024,"multi_sport_ratio",1.28923076923077
222178,2024,"pct_athletes_overall",10.4804901644631
222178,2024,"pct_female_athletes",6.83667932718394
222178,2024,"pct_male_athletes",15.818759936407
222178,2024,"total_athletes_undup",325
222178,2024,"total_varsity_sports",13
222178,2024,"womens_varsity_sports",7
222567,2024,"female_athletes_undup",20
222567,2024,"male_athletes_undup",35
222567,2024,"mens_varsity_sports",1
222567,2024,"multi_sport_ratio",1
222567,2024,"pct_athletes_overall",4.15721844293273
222567,2024,"pct_female_athletes",2.77392510402219
222567,2024,"pct_male_athletes",5.81395348837209
222567,2024,"total_athletes_undup",55
222567,2024,"total_varsity_sports",2
222567,2024,"womens_varsity_sports",1
222831,2024,"female_athletes_undup",142
222831,2024,"male_athletes_undup",223
222831,2024,"mens_varsity_sports",4
222831,2024,"multi_sport_ratio",1.23013698630137
222831,2024,"pct_athletes_overall",7.17092337917485
222831,2024,"pct_female_athletes",4.91009681881051
222831,2024,"pct_male_athletes",10.1455868971793
222831,2024,"total_athletes_undup",365
222831,2024,"total_varsity_sports",11
222831,2024,"womens_varsity_sports",7
222877,2024,"female_athletes_undup",80
222877,2024,"male_athletes_undup",125
222877,2024,"mens_varsity_sports",3
222877,2024,"multi_sport_ratio",1
222877,2024,"pct_athletes_overall",73.7410071942446
222877,2024,"pct_female_athletes",91.9540229885057
222877,2024,"pct_male_athletes",65.4450261780105
222877,2024,"total_athletes_undup",205
222877,2024,"total_varsity_sports",7
222877,2024,"womens_varsity_sports",4
222983,2024,"female_athletes_undup",161
222983,2024,"male_athletes_undup",256
222983,2024,"mens_varsity_sports",7
222983,2024,"multi_sport_ratio",1.02158273381295
222983,2024,"pct_athletes_overall",35.8864027538726
222983,2024,"pct_female_athletes",26.9681742043551
222983,2024,"pct_male_athletes",45.3097345132743
222983,2024,"total_athletes_undup",417
222983,2024,"total_varsity_sports",14
222983,2024,"womens_varsity_sports",7
223232,2024,"female_athletes_undup",314
223232,2024,"male_athletes_undup",241
223232,2024,"mens_varsity_sports",6
223232,2024,"multi_sport_ratio",1.19279279279279
223232,2024,"pct_athletes_overall",3.81338463652604
223232,2024,"pct_female_athletes",3.63173721952348
223232,2024,"pct_male_athletes",4.07921462423832
223232,2024,"total_athletes_undup",555
223232,2024,"total_varsity_sports",15
223232,2024,"womens_varsity_sports",9
224004,2024,"female_athletes_undup",118
224004,2024,"male_athletes_undup",175
224004,2024,"mens_varsity_sports",6
224004,2024,"multi_sport_ratio",1.07167235494881
224004,2024,"pct_athletes_overall",28.7254901960784
224004,2024,"pct_female_athletes",18.6413902053712
224004,2024,"pct_male_athletes",45.2196382428941
224004,2024,"total_athletes_undup",293
224004,2024,"total_varsity_sports",13
224004,2024,"womens_varsity_sports",7
224147,2024,"female_athletes_undup",151
224147,2024,"male_athletes_undup",100
224147,2024,"mens_varsity_sports",4
224147,2024,"multi_sport_ratio",1.31872509960159
224147,2024,"pct_athletes_overall",3.83381701542691
224147,2024,"pct_female_athletes",3.81795195954488
224147,2024,"pct_male_athletes",3.85802469135802
224147,2024,"total_athletes_undup",251
224147,2024,"total_varsity_sports",12
224147,2024,"womens_varsity_sports",8
224226,2024,"female_athletes_undup",141
224226,2024,"male_athletes_undup",165
224226,2024,"mens_varsity_sports",6
224226,2024,"multi_sport_ratio",1.41176470588235
224226,2024,"pct_athletes_overall",14.811229428848
224226,2024,"pct_female_athletes",11.701244813278
224226,2024,"pct_male_athletes",19.1637630662021
224226,2024,"total_athletes_undup",306
224226,2024,"total_varsity_sports",12
224226,2024,"womens_varsity_sports",6
224244,2024,"female_athletes_undup",55
224244,2024,"male_athletes_undup",108
224244,2024,"mens_varsity_sports",5
224244,2024,"multi_sport_ratio",1
224244,2024,"pct_athletes_overall",78.743961352657
224244,2024,"pct_female_athletes",74.3243243243243
224244,2024,"pct_male_athletes",81.203007518797
224244,2024,"total_athletes_undup",163
224244,2024,"total_varsity_sports",9
224244,2024,"womens_varsity_sports",4
224323,2024,"female_athletes_undup",102
224323,2024,"male_athletes_undup",117
224323,2024,"mens_varsity_sports",7
224323,2024,"multi_sport_ratio",1.04109589041096
224323,2024,"pct_athletes_overall",15.812274368231
224323,2024,"pct_female_athletes",13.8211382113821
224323,2024,"pct_male_athletes",18.0834621329212
224323,2024,"total_athletes_undup",219
224323,2024,"total_varsity_sports",15
224323,2024,"womens_varsity_sports",8
224527,2024,"female_athletes_undup",97
224527,2024,"male_athletes_undup",351
224527,2024,"mens_varsity_sports",7
224527,2024,"multi_sport_ratio",1.27008928571429
224527,2024,"pct_athletes_overall",36.7514356029532
224527,2024,"pct_female_athletes",15.6199677938808
224527,2024,"pct_male_athletes",58.695652173913
224527,2024,"total_athletes_undup",448
224527,2024,"total_varsity_sports",16
224527,2024,"womens_varsity_sports",9
224545,2024,"female_athletes_undup",97
224545,2024,"male_athletes_undup",148
224545,2024,"mens_varsity_sports",5
224545,2024,"multi_sport_ratio",1.35102040816327
224545,2024,"pct_athletes_overall",16.1078238001315
224545,2024,"pct_female_athletes",10.5206073752711
224545,2024,"pct_male_athletes",24.7078464106845
224545,2024,"total_athletes_undup",245
224545,2024,"total_varsity_sports",13
224545,2024,"womens_varsity_sports",8
224554,2024,"female_athletes_undup",124
224554,2024,"male_athletes_undup",217
224554,2024,"mens_varsity_sports",4
224554,2024,"multi_sport_ratio",1.34017595307918
224554,2024,"pct_athletes_overall",5.44554455445545
224554,2024,"pct_female_athletes",3.32439678284182
224554,2024,"pct_male_athletes",8.57030015797788
224554,2024,"total_athletes_undup",341
224554,2024,"total_varsity_sports",10
224554,2024,"womens_varsity_sports",6
224615,2024,"female_athletes_undup",290
224615,2024,"male_athletes_undup",487
224615,2024,"mens_varsity_sports",3
224615,2024,"multi_sport_ratio",1
224615,2024,"pct_athletes_overall",5.48457683348627
224615,2024,"pct_female_athletes",3.75258799171843
224615,2024,"pct_male_athletes",7.56328622456903
224615,2024,"total_athletes_undup",777
224615,2024,"total_varsity_sports",6
224615,2024,"womens_varsity_sports",3
224961,2024,"female_athletes_undup",24
224961,2024,"male_athletes_undup",31
224961,2024,"mens_varsity_sports",1
224961,2024,"multi_sport_ratio",1
224961,2024,"pct_athletes_overall",9.33786078098472
224961,2024,"pct_female_athletes",6.52173913043478
224961,2024,"pct_male_athletes",14.027149321267
224961,2024,"total_athletes_undup",55
224961,2024,"total_varsity_sports",2
224961,2024,"womens_varsity_sports",1
225070,2024,"female_athletes_undup",37
225070,2024,"male_athletes_undup",50
225070,2024,"mens_varsity_sports",2
225070,2024,"multi_sport_ratio",1
225070,2024,"pct_athletes_overall",5.73878627968338
225070,2024,"pct_female_athletes",4.11111111111111
225070,2024,"pct_male_athletes",8.11688311688312
225070,2024,"total_athletes_undup",87
225070,2024,"total_varsity_sports",4
225070,2024,"womens_varsity_sports",2
225247,2024,"female_athletes_undup",149
225247,2024,"male_athletes_undup",386
225247,2024,"mens_varsity_sports",9
225247,2024,"multi_sport_ratio",1.05981308411215
225247,2024,"pct_athletes_overall",43.9244663382594
225247,2024,"pct_female_athletes",24.9581239530988
225247,2024,"pct_male_athletes",62.1578099838969
225247,2024,"total_athletes_undup",535
225247,2024,"total_varsity_sports",18
225247,2024,"womens_varsity_sports",9
225308,2024,"female_athletes_undup",183
225308,2024,"male_athletes_undup",191
225308,2024,"mens_varsity_sports",2
225308,2024,"multi_sport_ratio",1.08288770053476
225308,2024,"pct_athletes_overall",21.9354838709677
225308,2024,"pct_female_athletes",17.8362573099415
225308,2024,"pct_male_athletes",28.1296023564065
225308,2024,"total_athletes_undup",374
225308,2024,"total_varsity_sports",7
225308,2024,"womens_varsity_sports",5
225399,2024,"female_athletes_undup",50
225399,2024,"male_athletes_undup",180
225399,2024,"mens_varsity_sports",6
225399,2024,"multi_sport_ratio",2
225399,2024,"pct_athletes_overall",10.3884372177055
225399,2024,"pct_female_athletes",3.94011032308905
225399,2024,"pct_male_athletes",19.047619047619
225399,2024,"total_athletes_undup",230
225399,2024,"total_varsity_sports",13
225399,2024,"womens_varsity_sports",7
225502,2024,"female_athletes_undup",66
225502,2024,"male_athletes_undup",92
225502,2024,"mens_varsity_sports",3
225502,2024,"multi_sport_ratio",1
225502,2024,"pct_athletes_overall",12.033511043412
225502,2024,"pct_female_athletes",8.22942643391521
225502,2024,"pct_male_athletes",18.0039138943249
225502,2024,"total_athletes_undup",158
225502,2024,"total_varsity_sports",6
225502,2024,"womens_varsity_sports",3
225511,2024,"female_athletes_undup",191
225511,2024,"male_athletes_undup",254
225511,2024,"mens_varsity_sports",5
225511,2024,"multi_sport_ratio",1.32134831460674
225511,2024,"pct_athletes_overall",1.5114462332722
225511,2024,"pct_female_athletes",1.20504731861199
225511,2024,"pct_male_athletes",1.86874632136551
225511,2024,"total_athletes_undup",445
225511,2024,"total_varsity_sports",13
225511,2024,"womens_varsity_sports",8
225548,2024,"female_athletes_undup",102
225548,2024,"male_athletes_undup",246
225548,2024,"mens_varsity_sports",6
225548,2024,"multi_sport_ratio",1.00287356321839
225548,2024,"pct_athletes_overall",52.6475037821483
225548,2024,"pct_female_athletes",32.2784810126582
225548,2024,"pct_male_athletes",71.304347826087
225548,2024,"total_athletes_undup",348
225548,2024,"total_varsity_sports",12
225548,2024,"womens_varsity_sports",6
225575,2024,"female_athletes_undup",69
225575,2024,"male_athletes_undup",108
225575,2024,"mens_varsity_sports",4
225575,2024,"multi_sport_ratio",1.07344632768362
225575,2024,"pct_athletes_overall",22.069825436409
225575,2024,"pct_female_athletes",17.4683544303797
225575,2024,"pct_male_athletes",26.5356265356265
225575,2024,"total_athletes_undup",177
225575,2024,"total_varsity_sports",9
225575,2024,"womens_varsity_sports",5
225627,2024,"female_athletes_undup",204
225627,2024,"male_athletes_undup",364
225627,2024,"mens_varsity_sports",9
225627,2024,"multi_sport_ratio",1.20950704225352
225627,2024,"pct_athletes_overall",14.2177722152691
225627,2024,"pct_female_athletes",7.88558175492849
225627,2024,"pct_male_athletes",25.8522727272727
225627,2024,"total_athletes_undup",568
225627,2024,"total_varsity_sports",19
225627,2024,"womens_varsity_sports",10
225885,2024,"female_athletes_undup",100
225885,2024,"male_athletes_undup",142
225885,2024,"mens_varsity_sports",6
225885,2024,"multi_sport_ratio",1.04545454545455
225885,2024,"pct_athletes_overall",47.6377952755905
225885,2024,"pct_female_athletes",39.3700787401575
225885,2024,"pct_male_athletes",55.9055118110236
225885,2024,"total_athletes_undup",242
225885,2024,"total_varsity_sports",12
225885,2024,"womens_varsity_sports",6
226091,2024,"female_athletes_undup",145
226091,2024,"male_athletes_undup",232
226091,2024,"mens_varsity_sports",6
226091,2024,"multi_sport_ratio",1.31564986737401
226091,2024,"pct_athletes_overall",5.93887838689351
226091,2024,"pct_female_athletes",3.82383966244726
226091,2024,"pct_male_athletes",9.07668231611894
226091,2024,"total_athletes_undup",377
226091,2024,"total_varsity_sports",13
226091,2024,"womens_varsity_sports",7
226152,2024,"female_athletes_undup",98
226152,2024,"male_athletes_undup",102
226152,2024,"mens_varsity_sports",5
226152,2024,"multi_sport_ratio",1
226152,2024,"pct_athletes_overall",3.64896916621055
226152,2024,"pct_female_athletes",3.0359355638166
226152,2024,"pct_male_athletes",4.52729693741678
226152,2024,"total_athletes_undup",200
226152,2024,"total_varsity_sports",11
226152,2024,"womens_varsity_sports",6
226231,2024,"female_athletes_undup",93
226231,2024,"male_athletes_undup",154
226231,2024,"mens_varsity_sports",8
226231,2024,"multi_sport_ratio",1.35627530364372
226231,2024,"pct_athletes_overall",19.6656050955414
226231,2024,"pct_female_athletes",22.463768115942
226231,2024,"pct_male_athletes",18.2897862232779
226231,2024,"total_athletes_undup",247
226231,2024,"total_varsity_sports",17
226231,2024,"womens_varsity_sports",9
226383,2024,"female_athletes_undup",185
226383,2024,"male_athletes_undup",167
226383,2024,"mens_varsity_sports",6
226383,2024,"multi_sport_ratio",1.32670454545455
226383,2024,"pct_athletes_overall",30.7423580786026
226383,2024,"pct_female_athletes",27.736131934033
226383,2024,"pct_male_athletes",34.9372384937238
226383,2024,"total_athletes_undup",352
226383,2024,"total_varsity_sports",14
226383,2024,"womens_varsity_sports",8
226471,2024,"female_athletes_undup",181
226471,2024,"male_athletes_undup",318
226471,2024,"mens_varsity_sports",7
226471,2024,"multi_sport_ratio",1.01202404809619
226471,2024,"pct_athletes_overall",19.0458015267176
226471,2024,"pct_female_athletes",11.2074303405573
226471,2024,"pct_male_athletes",31.6417910447761
226471,2024,"total_athletes_undup",499
226471,2024,"total_varsity_sports",16
226471,2024,"womens_varsity_sports",9
226587,2024,"female_athletes_undup",163
226587,2024,"male_athletes_undup",317
226587,2024,"mens_varsity_sports",8
226587,2024,"multi_sport_ratio",1.24583333333333
226587,2024,"pct_athletes_overall",44.362292051756
226587,2024,"pct_female_athletes",30.2973977695167
226587,2024,"pct_male_athletes",58.2720588235294
226587,2024,"total_athletes_undup",480
226587,2024,"total_varsity_sports",16
226587,2024,"womens_varsity_sports",8
226806,2024,"female_athletes_undup",49
226806,2024,"male_athletes_undup",54
226806,2024,"mens_varsity_sports",3
226806,2024,"multi_sport_ratio",1
226806,2024,"pct_athletes_overall",6.21980676328502
226806,2024,"pct_female_athletes",4.71153846153846
226806,2024,"pct_male_athletes",8.76623376623377
226806,2024,"total_athletes_undup",103
226806,2024,"total_varsity_sports",6
226806,2024,"womens_varsity_sports",3
226833,2024,"female_athletes_undup",144
226833,2024,"male_athletes_undup",208
226833,2024,"mens_varsity_sports",5
226833,2024,"multi_sport_ratio",1.13920454545455
226833,2024,"pct_athletes_overall",10.4699583581202
226833,2024,"pct_female_athletes",6.85387910518801
226833,2024,"pct_male_athletes",16.4948453608247
226833,2024,"total_athletes_undup",352
226833,2024,"total_varsity_sports",12
226833,2024,"womens_varsity_sports",7
227146,2024,"female_athletes_undup",91
227146,2024,"male_athletes_undup",186
227146,2024,"mens_varsity_sports",3
227146,2024,"multi_sport_ratio",1
227146,2024,"pct_athletes_overall",13.4466019417476
227146,2024,"pct_female_athletes",7.30923694779116
227146,2024,"pct_male_athletes",22.8220858895706
227146,2024,"total_athletes_undup",277
227146,2024,"total_varsity_sports",6
227146,2024,"womens_varsity_sports",3
227216,2024,"female_athletes_undup",190
227216,2024,"male_athletes_undup",244
227216,2024,"mens_varsity_sports",4
227216,2024,"multi_sport_ratio",1.30414746543779
227216,2024,"pct_athletes_overall",1.50344684241521
227216,2024,"pct_female_athletes",1.20995988027765
227216,2024,"pct_male_athletes",1.85353995745974
227216,2024,"total_athletes_undup",434
227216,2024,"total_varsity_sports",12
227216,2024,"womens_varsity_sports",8
227304,2024,"female_athletes_undup",82
227304,2024,"male_athletes_undup",119
227304,2024,"mens_varsity_sports",7
227304,2024,"multi_sport_ratio",1.19402985074627
227304,2024,"pct_athletes_overall",7.88544527265594
227304,2024,"pct_female_athletes",5.05237215033888
227304,2024,"pct_male_athletes",12.8509719222462
227304,2024,"total_athletes_undup",201
227304,2024,"total_varsity_sports",15
227304,2024,"womens_varsity_sports",8
227331,2024,"female_athletes_undup",183
227331,2024,"male_athletes_undup",227
227331,2024,"mens_varsity_sports",8
227331,2024,"multi_sport_ratio",1.29512195121951
227331,2024,"pct_athletes_overall",43.2489451476793
227331,2024,"pct_female_athletes",29.4212218649518
227331,2024,"pct_male_athletes",69.6319018404908
227331,2024,"total_athletes_undup",410
227331,2024,"total_varsity_sports",18
227331,2024,"womens_varsity_sports",10
227368,2024,"female_athletes_undup",143
227368,2024,"male_athletes_undup",142
227368,2024,"mens_varsity_sports",6
227368,2024,"multi_sport_ratio",1.28771929824561
227368,2024,"pct_athletes_overall",1.3301596191543
227368,2024,"pct_female_athletes",1.16090274395194
227368,2024,"pct_male_athletes",1.5590689503733
227368,2024,"total_athletes_undup",285
227368,2024,"total_varsity_sports",13
227368,2024,"womens_varsity_sports",7
227429,2024,"female_athletes_undup",44
227429,2024,"male_athletes_undup",48
227429,2024,"mens_varsity_sports",3
227429,2024,"multi_sport_ratio",1
227429,2024,"pct_athletes_overall",24.4031830238727
227429,2024,"pct_female_athletes",19.4690265486726
227429,2024,"pct_male_athletes",31.7880794701987
227429,2024,"total_athletes_undup",92
227429,2024,"total_varsity_sports",6
227429,2024,"womens_varsity_sports",3
227526,2024,"female_athletes_undup",186
227526,2024,"male_athletes_undup",275
227526,2024,"mens_varsity_sports",8
227526,2024,"multi_sport_ratio",1.0412147505423
227526,2024,"pct_athletes_overall",5.64881754686926
227526,2024,"pct_female_athletes",3.4078417002565
227526,2024,"pct_male_athletes",10.173880873104
227526,2024,"total_athletes_undup",461
227526,2024,"total_varsity_sports",18
227526,2024,"womens_varsity_sports",10
227757,2024,"female_athletes_undup",155
227757,2024,"male_athletes_undup",253
227757,2024,"mens_varsity_sports",6
227757,2024,"multi_sport_ratio",1.18872549019608
227757,2024,"pct_athletes_overall",8.73287671232877
227757,2024,"pct_female_athletes",6.67240637107189
227757,2024,"pct_male_athletes",10.7705406555981
227757,2024,"total_athletes_undup",408
227757,2024,"total_varsity_sports",12
227757,2024,"womens_varsity_sports",6
227845,2024,"female_athletes_undup",139
227845,2024,"male_athletes_undup",146
227845,2024,"mens_varsity_sports",4
227845,2024,"multi_sport_ratio",1
227845,2024,"pct_athletes_overall",11.9848612279226
227845,2024,"pct_female_athletes",9.83722576079264
227845,2024,"pct_male_athletes",15.1295336787565
227845,2024,"total_athletes_undup",285
227845,2024,"total_varsity_sports",10
227845,2024,"womens_varsity_sports",6
227863,2024,"female_athletes_undup",139
227863,2024,"male_athletes_undup",175
227863,2024,"mens_varsity_sports",9
227863,2024,"multi_sport_ratio",1.20700636942675
227863,2024,"pct_athletes_overall",11.3234763793725
227863,2024,"pct_female_athletes",8.03468208092486
227863,2024,"pct_male_athletes",16.7785234899329
227863,2024,"total_athletes_undup",314
227863,2024,"total_varsity_sports",19
227863,2024,"womens_varsity_sports",10
227881,2024,"female_athletes_undup",152
227881,2024,"male_athletes_undup",232
227881,2024,"mens_varsity_sports",5
227881,2024,"multi_sport_ratio",1.34114583333333
227881,2024,"pct_athletes_overall",2.59021922428331
227881,2024,"pct_female_athletes",1.64253295872055
227881,2024,"pct_male_athletes",4.16442290432597
227881,2024,"total_athletes_undup",384
227881,2024,"total_varsity_sports",14
227881,2024,"womens_varsity_sports",9
227979,2024,"female_athletes_undup",26
227979,2024,"male_athletes_undup",42
227979,2024,"mens_varsity_sports",1
227979,2024,"multi_sport_ratio",1
227979,2024,"pct_athletes_overall",0.72828531648281
227979,2024,"pct_female_athletes",0.48689138576779
227979,2024,"pct_male_athletes",1.0507880910683
227979,2024,"total_athletes_undup",68
227979,2024,"total_varsity_sports",2
227979,2024,"womens_varsity_sports",1
228042,2024,"female_athletes_undup",173
228042,2024,"male_athletes_undup",221
228042,2024,"mens_varsity_sports",7
228042,2024,"multi_sport_ratio",1.06852791878173
228042,2024,"pct_athletes_overall",38.3641674780915
228042,2024,"pct_female_athletes",31.8014705882353
228042,2024,"pct_male_athletes",45.7556935817805
228042,2024,"total_athletes_undup",394
228042,2024,"total_varsity_sports",16
228042,2024,"womens_varsity_sports",9
228149,2024,"female_athletes_undup",126
228149,2024,"male_athletes_undup",109
228149,2024,"mens_varsity_sports",5
228149,2024,"multi_sport_ratio",1.00851063829787
228149,2024,"pct_athletes_overall",12.3684210526316
228149,2024,"pct_female_athletes",10.9947643979058
228149,2024,"pct_male_athletes",14.4562334217507
228149,2024,"total_athletes_undup",235
228149,2024,"total_varsity_sports",12
228149,2024,"womens_varsity_sports",7
228246,2024,"female_athletes_undup",197
228246,2024,"male_athletes_undup",231
228246,2024,"mens_varsity_sports",6
228246,2024,"multi_sport_ratio",1.08177570093458
228246,2024,"pct_athletes_overall",5.99020293911826
228246,2024,"pct_female_athletes",5.37077426390404
228246,2024,"pct_male_athletes",6.64365832614323
228246,2024,"total_athletes_undup",428
228246,2024,"total_varsity_sports",15
228246,2024,"womens_varsity_sports",9
228325,2024,"female_athletes_undup",140
228325,2024,"male_athletes_undup",325
228325,2024,"mens_varsity_sports",5
228325,2024,"multi_sport_ratio",1.02365591397849
228325,2024,"pct_athletes_overall",36.2714508580343
228325,2024,"pct_female_athletes",22.5442834138486
228325,2024,"pct_male_athletes",49.1679273827534
228325,2024,"total_athletes_undup",465
228325,2024,"total_varsity_sports",10
228325,2024,"womens_varsity_sports",5
228343,2024,"female_athletes_undup",171
228343,2024,"male_athletes_undup",305
228343,2024,"mens_varsity_sports",10
228343,2024,"multi_sport_ratio",1.06512605042017
228343,2024,"pct_athletes_overall",33.4504567814476
228343,2024,"pct_female_athletes",22.007722007722
228343,2024,"pct_male_athletes",47.2136222910217
228343,2024,"total_athletes_undup",476
228343,2024,"total_varsity_sports",20
228343,2024,"womens_varsity_sports",10
228431,2024,"female_athletes_undup",271
228431,2024,"male_athletes_undup",318
228431,2024,"mens_varsity_sports",5
228431,2024,"multi_sport_ratio",1.17826825127334
228431,2024,"pct_athletes_overall",7.48411689961881
228431,2024,"pct_female_athletes",5.46481145392216
228431,2024,"pct_male_athletes",10.9240810717966
228431,2024,"total_athletes_undup",589
228431,2024,"total_varsity_sports",14
228431,2024,"womens_varsity_sports",9
228459,2024,"female_athletes_undup",157
228459,2024,"male_athletes_undup",226
228459,2024,"mens_varsity_sports",5
228459,2024,"multi_sport_ratio",1.29503916449086
228459,2024,"pct_athletes_overall",1.23397126103486
228459,2024,"pct_female_athletes",0.843451165789191
228459,2024,"pct_male_athletes",1.8190598840953
228459,2024,"total_athletes_undup",383
228459,2024,"total_varsity_sports",12
228459,2024,"womens_varsity_sports",7
228468,2024,"female_athletes_undup",47
228468,2024,"male_athletes_undup",40
228468,2024,"mens_varsity_sports",2
228468,2024,"multi_sport_ratio",1.03448275862069
228468,2024,"pct_athletes_overall",16.4150943396226
228468,2024,"pct_female_athletes",15.6146179401993
228468,2024,"pct_male_athletes",17.4672489082969
228468,2024,"total_athletes_undup",87
228468,2024,"total_varsity_sports",5
228468,2024,"womens_varsity_sports",3
228486,2024,"female_athletes_undup",42
228486,2024,"male_athletes_undup",35
228486,2024,"mens_varsity_sports",2
228486,2024,"multi_sport_ratio",1.1038961038961
228486,2024,"pct_athletes_overall",77
228486,2024,"pct_female_athletes",93.3333333333333
228486,2024,"pct_male_athletes",63.6363636363636
228486,2024,"total_athletes_undup",77
228486,2024,"total_varsity_sports",5
228486,2024,"womens_varsity_sports",3
228501,2024,"female_athletes_undup",87
228501,2024,"male_athletes_undup",220
228501,2024,"mens_varsity_sports",6
228501,2024,"multi_sport_ratio",1.02605863192182
228501,2024,"pct_athletes_overall",36.5041617122473
228501,2024,"pct_female_athletes",21.0653753026634
228501,2024,"pct_male_athletes",51.4018691588785
228501,2024,"total_athletes_undup",307
228501,2024,"total_varsity_sports",12
228501,2024,"womens_varsity_sports",6
228529,2024,"female_athletes_undup",185
228529,2024,"male_athletes_undup",239
228529,2024,"mens_varsity_sports",5
228529,2024,"multi_sport_ratio",1.24056603773585
228529,2024,"pct_athletes_overall",3.8274056688933
228529,2024,"pct_female_athletes",2.71181471709176
228529,2024,"pct_male_athletes",5.6156015037594
228529,2024,"total_athletes_undup",424
228529,2024,"total_varsity_sports",13
228529,2024,"womens_varsity_sports",8
228705,2024,"female_athletes_undup",154
228705,2024,"male_athletes_undup",280
228705,2024,"mens_varsity_sports",4
228705,2024,"multi_sport_ratio",1.25576036866359
228705,2024,"pct_athletes_overall",10.4402213134472
228705,2024,"pct_female_athletes",7.60118460019743
228705,2024,"pct_male_athletes",13.139371187236
228705,2024,"total_athletes_undup",434
228705,2024,"total_varsity_sports",12
228705,2024,"womens_varsity_sports",8
228723,2024,"female_athletes_undup",285
228723,2024,"male_athletes_undup",341
228723,2024,"mens_varsity_sports",7
228723,2024,"multi_sport_ratio",1.24281150159744
228723,2024,"pct_athletes_overall",1.17204321207242
228723,2024,"pct_female_athletes",1.12581473434723
228723,2024,"pct_male_athletes",1.21369589977221
228723,2024,"total_athletes_undup",626
228723,2024,"total_varsity_sports",16
228723,2024,"womens_varsity_sports",9
228769,2024,"female_athletes_undup",116
228769,2024,"male_athletes_undup",130
228769,2024,"mens_varsity_sports",5
228769,2024,"multi_sport_ratio",1.15040650406504
228769,2024,"pct_athletes_overall",1.10561797752809
228769,2024,"pct_female_athletes",0.941329221780411
228769,2024,"pct_male_athletes",1.30955978644102
228769,2024,"total_athletes_undup",246
228769,2024,"total_varsity_sports",11
228769,2024,"womens_varsity_sports",6
228778,2024,"female_athletes_undup",280
228778,2024,"male_athletes_undup",284
228778,2024,"mens_varsity_sports",7
228778,2024,"multi_sport_ratio",1.26950354609929
228778,2024,"pct_athletes_overall",1.39073827489274
228778,2024,"pct_female_athletes",1.18825326769649
228778,2024,"pct_male_athletes",1.6715715126545
228778,2024,"total_athletes_undup",564
228778,2024,"total_varsity_sports",17
228778,2024,"womens_varsity_sports",10
228787,2024,"female_athletes_undup",118
228787,2024,"male_athletes_undup",129
228787,2024,"mens_varsity_sports",8
228787,2024,"multi_sport_ratio",1.24291497975709
228787,2024,"pct_athletes_overall",1.32170376712329
228787,2024,"pct_female_athletes",1.41114565893327
228787,2024,"pct_male_athletes",1.24927367809413
228787,2024,"total_athletes_undup",247
228787,2024,"total_varsity_sports",17
228787,2024,"womens_varsity_sports",9
228796,2024,"female_athletes_undup",174
228796,2024,"male_athletes_undup",186
228796,2024,"mens_varsity_sports",4
228796,2024,"multi_sport_ratio",1.14722222222222
228796,2024,"pct_athletes_overall",2.35525024533857
228796,2024,"pct_female_athletes",2.09739633558341
228796,2024,"pct_male_athletes",2.66132493919016
228796,2024,"total_athletes_undup",360
228796,2024,"total_varsity_sports",13
228796,2024,"womens_varsity_sports",9
228802,2024,"female_athletes_undup",188
228802,2024,"male_athletes_undup",185
228802,2024,"mens_varsity_sports",8
228802,2024,"multi_sport_ratio",1.11260053619303
228802,2024,"pct_athletes_overall",6.71829971181556
228802,2024,"pct_female_athletes",5.53103854074728
228802,2024,"pct_male_athletes",8.59266140269392
228802,2024,"total_athletes_undup",373
228802,2024,"total_varsity_sports",17
228802,2024,"womens_varsity_sports",9
228875,2024,"female_athletes_undup",267
228875,2024,"male_athletes_undup",286
228875,2024,"mens_varsity_sports",7
228875,2024,"multi_sport_ratio",1.22242314647378
228875,2024,"pct_athletes_overall",5.09865388161534
228875,2024,"pct_female_athletes",4.0005993407252
228875,2024,"pct_male_athletes",6.85522531160115
228875,2024,"total_athletes_undup",553
228875,2024,"total_varsity_sports",18
228875,2024,"womens_varsity_sports",11
228884,2024,"female_athletes_undup",57
228884,2024,"male_athletes_undup",151
228884,2024,"mens_varsity_sports",5
228884,2024,"multi_sport_ratio",1.03846153846154
228884,2024,"pct_athletes_overall",37.6130198915009
228884,2024,"pct_female_athletes",29.8429319371728
228884,2024,"pct_male_athletes",41.7127071823204
228884,2024,"total_athletes_undup",208
228884,2024,"total_varsity_sports",10
228884,2024,"womens_varsity_sports",5
228981,2024,"female_athletes_undup",164
228981,2024,"male_athletes_undup",350
228981,2024,"mens_varsity_sports",8
228981,2024,"multi_sport_ratio",1.07198443579767
228981,2024,"pct_athletes_overall",40.8260524225576
228981,2024,"pct_female_athletes",24.6246246246246
228981,2024,"pct_male_athletes",59.0219224283305
228981,2024,"total_athletes_undup",514
228981,2024,"total_varsity_sports",17
228981,2024,"womens_varsity_sports",9
229018,2024,"female_athletes_undup",117
229018,2024,"male_athletes_undup",255
229018,2024,"mens_varsity_sports",6
229018,2024,"multi_sport_ratio",1
229018,2024,"pct_athletes_overall",12.7310061601643
229018,2024,"pct_female_athletes",6.62889518413598
229018,2024,"pct_male_athletes",22.0397579948142
229018,2024,"total_athletes_undup",372
229018,2024,"total_varsity_sports",14
229018,2024,"womens_varsity_sports",8
229027,2024,"female_athletes_undup",144
229027,2024,"male_athletes_undup",224
229027,2024,"mens_varsity_sports",6
229027,2024,"multi_sport_ratio",1.26630434782609
229027,2024,"pct_athletes_overall",1.59673710244283
229027,2024,"pct_female_athletes",1.20683875293329
229027,2024,"pct_male_athletes",2.01529464687359
229027,2024,"total_athletes_undup",368
229027,2024,"total_varsity_sports",13
229027,2024,"womens_varsity_sports",7
229063,2024,"female_athletes_undup",178
229063,2024,"male_athletes_undup",257
229063,2024,"mens_varsity_sports",5
229063,2024,"multi_sport_ratio",1.00229885057471
229063,2024,"pct_athletes_overall",7.303559435863
229063,2024,"pct_female_athletes",4.58881154936839
229063,2024,"pct_male_athletes",12.3736157920077
229063,2024,"total_athletes_undup",435
229063,2024,"total_varsity_sports",12
229063,2024,"womens_varsity_sports",7
229115,2024,"female_athletes_undup",173
229115,2024,"male_athletes_undup",264
229115,2024,"mens_varsity_sports",6
229115,2024,"multi_sport_ratio",1.30205949656751
229115,2024,"pct_athletes_overall",1.481104897475
229115,2024,"pct_female_athletes",1.16963018051518
229115,2024,"pct_male_athletes",1.79420959630284
229115,2024,"total_athletes_undup",437
229115,2024,"total_varsity_sports",13
229115,2024,"womens_varsity_sports",7
229160,2024,"female_athletes_undup",174
229160,2024,"male_athletes_undup",327
229160,2024,"mens_varsity_sports",8
229160,2024,"multi_sport_ratio",1.13572854291417
229160,2024,"pct_athletes_overall",30.4374240583232
229160,2024,"pct_female_athletes",19.8177676537585
229160,2024,"pct_male_athletes",42.578125
229160,2024,"total_athletes_undup",501
229160,2024,"total_varsity_sports",17
229160,2024,"womens_varsity_sports",9
229179,2024,"female_athletes_undup",183
229179,2024,"male_athletes_undup",0
229179,2024,"mens_varsity_sports",0
229179,2024,"multi_sport_ratio",1
229179,2024,"pct_athletes_overall",2.66104405990984
229179,2024,"pct_female_athletes",2.88916956109883
229179,2024,"pct_male_athletes",0
229179,2024,"total_athletes_undup",183
229179,2024,"total_varsity_sports",8
229179,2024,"womens_varsity_sports",8
229267,2024,"female_athletes_undup",240
229267,2024,"male_athletes_undup",395
229267,2024,"mens_varsity_sports",10
229267,2024,"multi_sport_ratio",1.09606299212598
229267,2024,"pct_athletes_overall",25.6151674062122
229267,2024,"pct_female_athletes",17.6470588235294
229267,2024,"pct_male_athletes",35.2993744414656
229267,2024,"total_athletes_undup",635
229267,2024,"total_varsity_sports",20
229267,2024,"womens_varsity_sports",10
229355,2024,"female_athletes_undup",90
229355,2024,"male_athletes_undup",203
229355,2024,"mens_varsity_sports",6
229355,2024,"multi_sport_ratio",1
229355,2024,"pct_athletes_overall",6.03004733484256
229355,2024,"pct_female_athletes",3.01406563965171
229355,2024,"pct_male_athletes",10.8382274426054
229355,2024,"total_athletes_undup",293
229355,2024,"total_varsity_sports",12
229355,2024,"womens_varsity_sports",6
229780,2024,"female_athletes_undup",189
229780,2024,"male_athletes_undup",439
229780,2024,"mens_varsity_sports",7
229780,2024,"multi_sport_ratio",1.12420382165605
229780,2024,"pct_athletes_overall",44.0701754385965
229780,2024,"pct_female_athletes",27.3913043478261
229780,2024,"pct_male_athletes",59.7278911564626
229780,2024,"total_athletes_undup",628
229780,2024,"total_varsity_sports",15
229780,2024,"womens_varsity_sports",8
229799,2024,"female_athletes_undup",110
229799,2024,"male_athletes_undup",116
229799,2024,"mens_varsity_sports",4
229799,2024,"multi_sport_ratio",1
229799,2024,"pct_athletes_overall",15.0466045272969
229799,2024,"pct_female_athletes",11.2244897959184
229799,2024,"pct_male_athletes",22.2222222222222
229799,2024,"total_athletes_undup",226
229799,2024,"total_varsity_sports",9
229799,2024,"womens_varsity_sports",5
229814,2024,"female_athletes_undup",135
229814,2024,"male_athletes_undup",297
229814,2024,"mens_varsity_sports",6
229814,2024,"multi_sport_ratio",1.24074074074074
229814,2024,"pct_athletes_overall",8.03720930232558
229814,2024,"pct_female_athletes",4.28979980934223
229814,2024,"pct_male_athletes",13.3303411131059
229814,2024,"total_athletes_undup",432
229814,2024,"total_varsity_sports",12
229814,2024,"womens_varsity_sports",6
229887,2024,"female_athletes_undup",91
229887,2024,"male_athletes_undup",186
229887,2024,"mens_varsity_sports",4
229887,2024,"multi_sport_ratio",1
229887,2024,"pct_athletes_overall",40.028901734104
229887,2024,"pct_female_athletes",25.4901960784314
229887,2024,"pct_male_athletes",55.5223880597015
229887,2024,"total_athletes_undup",277
229887,2024,"total_varsity_sports",8
229887,2024,"womens_varsity_sports",4
230038,2024,"female_athletes_undup",271
230038,2024,"male_athletes_undup",349
230038,2024,"mens_varsity_sports",8
230038,2024,"multi_sport_ratio",1.14838709677419
230038,2024,"pct_athletes_overall",2.05658937871098
230038,2024,"pct_female_athletes",1.74366233431991
230038,2024,"pct_male_athletes",2.38959260527217
230038,2024,"total_athletes_undup",620
230038,2024,"total_varsity_sports",17
230038,2024,"womens_varsity_sports",9
230171,2024,"female_athletes_undup",162
230171,2024,"male_athletes_undup",204
230171,2024,"mens_varsity_sports",6
230171,2024,"multi_sport_ratio",1.07650273224044
230171,2024,"pct_athletes_overall",5.27301541564616
230171,2024,"pct_female_athletes",3.88396068089187
230171,2024,"pct_male_athletes",7.36462093862816
230171,2024,"total_athletes_undup",366
230171,2024,"total_varsity_sports",14
230171,2024,"womens_varsity_sports",8
230597,2024,"female_athletes_undup",149
230597,2024,"male_athletes_undup",214
230597,2024,"mens_varsity_sports",6
230597,2024,"multi_sport_ratio",1.08264462809917
230597,2024,"pct_athletes_overall",12.9135538954109
230597,2024,"pct_female_athletes",9.67532467532468
230597,2024,"pct_male_athletes",16.8371361132966
230597,2024,"total_athletes_undup",363
230597,2024,"total_varsity_sports",13
230597,2024,"womens_varsity_sports",7
230603,2024,"female_athletes_undup",169
230603,2024,"male_athletes_undup",200
230603,2024,"mens_varsity_sports",4
230603,2024,"multi_sport_ratio",1.40379403794038
230603,2024,"pct_athletes_overall",4.68036529680365
230603,2024,"pct_female_athletes",3.82872677843226
230603,2024,"pct_male_athletes",5.76368876080692
230603,2024,"total_athletes_undup",369
230603,2024,"total_varsity_sports",11
230603,2024,"womens_varsity_sports",7
230728,2024,"female_athletes_undup",192
230728,2024,"male_athletes_undup",193
230728,2024,"mens_varsity_sports",5
230728,2024,"multi_sport_ratio",1.33766233766234
230728,2024,"pct_athletes_overall",2.33192004845548
230728,2024,"pct_female_athletes",2.18256223712629
230728,2024,"pct_male_athletes",2.50226889666796
230728,2024,"total_athletes_undup",385
230728,2024,"total_varsity_sports",12
230728,2024,"womens_varsity_sports",7
230737,2024,"female_athletes_undup",163
230737,2024,"male_athletes_undup",205
230737,2024,"mens_varsity_sports",6
230737,2024,"multi_sport_ratio",1.5
230737,2024,"pct_athletes_overall",1.99101877400855
230737,2024,"pct_female_athletes",1.82082216264522
230737,2024,"pct_male_athletes",2.15087608855314
230737,2024,"total_athletes_undup",368
230737,2024,"total_varsity_sports",12
230737,2024,"womens_varsity_sports",6
230764,2024,"female_athletes_undup",207
230764,2024,"male_athletes_undup",310
230764,2024,"mens_varsity_sports",8
230764,2024,"multi_sport_ratio",1.10831721470019
230764,2024,"pct_athletes_overall",2.18429168955173
230764,2024,"pct_female_athletes",1.83283159199575
230764,2024,"pct_male_athletes",2.50505050505051
230764,2024,"total_athletes_undup",517
230764,2024,"total_varsity_sports",18
230764,2024,"womens_varsity_sports",10
230782,2024,"female_athletes_undup",199
230782,2024,"male_athletes_undup",219
230782,2024,"mens_varsity_sports",5
230782,2024,"multi_sport_ratio",1.28947368421053
230782,2024,"pct_athletes_overall",3.80657499317002
230782,2024,"pct_female_athletes",3.14227064582346
230782,2024,"pct_male_athletes",4.71170395869191
230782,2024,"total_athletes_undup",418
230782,2024,"total_varsity_sports",12
230782,2024,"womens_varsity_sports",7
230807,2024,"female_athletes_undup",119
230807,2024,"male_athletes_undup",135
230807,2024,"mens_varsity_sports",6
230807,2024,"multi_sport_ratio",1.23228346456693
230807,2024,"pct_athletes_overall",32.1518987341772
230807,2024,"pct_female_athletes",26.0964912280702
230807,2024,"pct_male_athletes",40.4191616766467
230807,2024,"total_athletes_undup",254
230807,2024,"total_varsity_sports",13
230807,2024,"womens_varsity_sports",7
230959,2024,"female_athletes_undup",342
230959,2024,"male_athletes_undup",426
230959,2024,"mens_varsity_sports",14
230959,2024,"multi_sport_ratio",1.14453125
230959,2024,"pct_athletes_overall",28.1524926686217
230959,2024,"pct_female_athletes",23.4246575342466
230959,2024,"pct_male_athletes",33.596214511041
230959,2024,"total_athletes_undup",768
230959,2024,"total_varsity_sports",29
230959,2024,"womens_varsity_sports",15
230995,2024,"female_athletes_undup",177
230995,2024,"male_athletes_undup",426
230995,2024,"mens_varsity_sports",12
230995,2024,"multi_sport_ratio",1.06799336650083
230995,2024,"pct_athletes_overall",29.443359375
230995,2024,"pct_female_athletes",28.2296650717703
230995,2024,"pct_male_athletes",29.9788881069669
230995,2024,"total_athletes_undup",603
230995,2024,"total_varsity_sports",21
230995,2024,"womens_varsity_sports",9
231059,2024,"female_athletes_undup",215
231059,2024,"male_athletes_undup",243
231059,2024,"mens_varsity_sports",9
231059,2024,"multi_sport_ratio",1.05676855895197
231059,2024,"pct_athletes_overall",42.2899353647276
231059,2024,"pct_female_athletes",37.0051635111876
231059,2024,"pct_male_athletes",48.406374501992
231059,2024,"total_athletes_undup",458
231059,2024,"total_varsity_sports",20
231059,2024,"womens_varsity_sports",11
231165,2024,"female_athletes_undup",290
231165,2024,"male_athletes_undup",507
231165,2024,"mens_varsity_sports",14
231165,2024,"multi_sport_ratio",1.2258469259724
231165,2024,"pct_athletes_overall",29.463955637708
231165,2024,"pct_female_athletes",20.5091937765205
231165,2024,"pct_male_athletes",39.2718822618125
231165,2024,"total_athletes_undup",797
231165,2024,"total_varsity_sports",27
231165,2024,"womens_varsity_sports",13
231174,2024,"female_athletes_undup",273
231174,2024,"male_athletes_undup",197
231174,2024,"mens_varsity_sports",6
231174,2024,"multi_sport_ratio",1.40425531914894
231174,2024,"pct_athletes_overall",4.10444502663523
231174,2024,"pct_female_athletes",3.75774260151411
231174,2024,"pct_male_athletes",4.70616340181558
231174,2024,"total_athletes_undup",470
231174,2024,"total_varsity_sports",14
231174,2024,"womens_varsity_sports",8
231420,2024,"female_athletes_undup",122
231420,2024,"male_athletes_undup",367
231420,2024,"mens_varsity_sports",10
231420,2024,"multi_sport_ratio",1.10429447852761
231420,2024,"pct_athletes_overall",42.8571428571429
231420,2024,"pct_female_athletes",21.1805555555556
231420,2024,"pct_male_athletes",64.9557522123894
231420,2024,"total_athletes_undup",489
231420,2024,"total_varsity_sports",18
231420,2024,"womens_varsity_sports",8
231554,2024,"female_athletes_undup",93
231554,2024,"male_athletes_undup",282
231554,2024,"mens_varsity_sports",8
231554,2024,"multi_sport_ratio",1.056
231554,2024,"pct_athletes_overall",68.0580762250454
231554,2024,"pct_female_athletes",40.9691629955947
231554,2024,"pct_male_athletes",87.037037037037
231554,2024,"total_athletes_undup",375
231554,2024,"total_varsity_sports",16
231554,2024,"womens_varsity_sports",8
231581,2024,"female_athletes_undup",188
231581,2024,"male_athletes_undup",358
231581,2024,"mens_varsity_sports",9
231581,2024,"multi_sport_ratio",1.13369963369963
231581,2024,"pct_athletes_overall",39.1117478510029
231581,2024,"pct_female_athletes",28.4417549167927
231581,2024,"pct_male_athletes",48.7074829931973
231581,2024,"total_athletes_undup",546
231581,2024,"total_varsity_sports",19
231581,2024,"womens_varsity_sports",10
231624,2024,"female_athletes_undup",257
231624,2024,"male_athletes_undup",286
231624,2024,"mens_varsity_sports",9
231624,2024,"multi_sport_ratio",1.25046040515654
231624,2024,"pct_athletes_overall",7.7894132836035
231624,2024,"pct_female_athletes",6.27901294893721
231624,2024,"pct_male_athletes",9.93745656706046
231624,2024,"total_athletes_undup",543
231624,2024,"total_varsity_sports",19
231624,2024,"womens_varsity_sports",10
231651,2024,"female_athletes_undup",48
231651,2024,"male_athletes_undup",65
231651,2024,"mens_varsity_sports",6
231651,2024,"multi_sport_ratio",1.15044247787611
231651,2024,"pct_athletes_overall",4.20074349442379
231651,2024,"pct_female_athletes",2.95566502463054
231651,2024,"pct_male_athletes",6.09756097560976
231651,2024,"total_athletes_undup",113
231651,2024,"total_varsity_sports",11
231651,2024,"womens_varsity_sports",5
231712,2024,"female_athletes_undup",198
231712,2024,"male_athletes_undup",368
231712,2024,"mens_varsity_sports",10
231712,2024,"multi_sport_ratio",1.18021201413428
231712,2024,"pct_athletes_overall",13.196549312194
231712,2024,"pct_female_athletes",8.8
231712,2024,"pct_male_athletes",18.0480627758705
231712,2024,"total_athletes_undup",566
231712,2024,"total_varsity_sports",21
231712,2024,"womens_varsity_sports",11
231785,2024,"female_athletes_undup",56
231785,2024,"male_athletes_undup",76
231785,2024,"mens_varsity_sports",4
231785,2024,"multi_sport_ratio",1.13636363636364
231785,2024,"pct_athletes_overall",14.9829738933031
231785,2024,"pct_female_athletes",8.52359208523592
231785,2024,"pct_male_athletes",33.9285714285714
231785,2024,"total_athletes_undup",132
231785,2024,"total_varsity_sports",9
231785,2024,"womens_varsity_sports",5
232025,2024,"female_athletes_undup",207
232025,2024,"male_athletes_undup",350
232025,2024,"mens_varsity_sports",10
232025,2024,"multi_sport_ratio",1.22800718132855
232025,2024,"pct_athletes_overall",53.4036433365292
232025,2024,"pct_female_athletes",36.1256544502618
232025,2024,"pct_male_athletes",74.468085106383
232025,2024,"total_athletes_undup",557
232025,2024,"total_varsity_sports",21
232025,2024,"womens_varsity_sports",11
232043,2024,"female_athletes_undup",119
232043,2024,"male_athletes_undup",146
232043,2024,"mens_varsity_sports",7
232043,2024,"multi_sport_ratio",1.34339622641509
232043,2024,"pct_athletes_overall",36.0544217687075
232043,2024,"pct_female_athletes",28.743961352657
232043,2024,"pct_male_athletes",45.4828660436137
232043,2024,"total_athletes_undup",265
232043,2024,"total_varsity_sports",17
232043,2024,"womens_varsity_sports",10
232089,2024,"female_athletes_undup",115
232089,2024,"male_athletes_undup",305
232089,2024,"mens_varsity_sports",8
232089,2024,"multi_sport_ratio",1.05
232089,2024,"pct_athletes_overall",60.6936416184971
232089,2024,"pct_female_athletes",42.1245421245421
232089,2024,"pct_male_athletes",72.7923627684964
232089,2024,"total_athletes_undup",420
232089,2024,"total_varsity_sports",16
232089,2024,"womens_varsity_sports",8
232186,2024,"female_athletes_undup",253
232186,2024,"male_athletes_undup",240
232186,2024,"mens_varsity_sports",9
232186,2024,"multi_sport_ratio",1.31034482758621
232186,2024,"pct_athletes_overall",2.19432946098723
232186,2024,"pct_female_athletes",2.29707644815689
232186,2024,"pct_male_athletes",2.09552082423819
232186,2024,"total_athletes_undup",493
232186,2024,"total_varsity_sports",18
232186,2024,"womens_varsity_sports",9
232265,2024,"female_athletes_undup",160
232265,2024,"male_athletes_undup",216
232265,2024,"mens_varsity_sports",7
232265,2024,"multi_sport_ratio",1.06117021276596
232265,2024,"pct_athletes_overall",10.3581267217631
232265,2024,"pct_female_athletes",6.47511129097531
232265,2024,"pct_male_athletes",18.6367558239862
232265,2024,"total_athletes_undup",376
232265,2024,"total_varsity_sports",16
232265,2024,"womens_varsity_sports",9
232423,2024,"female_athletes_undup",265
232423,2024,"male_athletes_undup",227
232423,2024,"mens_varsity_sports",6
232423,2024,"multi_sport_ratio",1.11585365853659
232423,2024,"pct_athletes_overall",2.4878640776699
232423,2024,"pct_female_athletes",2.37157687488813
232423,2024,"pct_male_athletes",2.63892118112067
232423,2024,"total_athletes_undup",492
232423,2024,"total_varsity_sports",16
232423,2024,"womens_varsity_sports",10
232557,2024,"female_athletes_undup",276
232557,2024,"male_athletes_undup",275
232557,2024,"mens_varsity_sports",7
232557,2024,"multi_sport_ratio",1.21597096188748
232557,2024,"pct_athletes_overall",1.70535437944909
232557,2024,"pct_female_athletes",1.53069713271588
232557,2024,"pct_male_athletes",1.92590517543245
232557,2024,"total_athletes_undup",551
232557,2024,"total_varsity_sports",16
232557,2024,"womens_varsity_sports",9
232566,2024,"female_athletes_undup",161
232566,2024,"male_athletes_undup",145
232566,2024,"mens_varsity_sports",6
232566,2024,"multi_sport_ratio",1.0359477124183
232566,2024,"pct_athletes_overall",10.4974271012007
232566,2024,"pct_female_athletes",7.72552783109405
232566,2024,"pct_male_athletes",17.4488567990373
232566,2024,"total_athletes_undup",306
232566,2024,"total_varsity_sports",14
232566,2024,"womens_varsity_sports",8
232609,2024,"female_athletes_undup",283
232609,2024,"male_athletes_undup",292
232609,2024,"mens_varsity_sports",9
232609,2024,"multi_sport_ratio",1.28173913043478
232609,2024,"pct_athletes_overall",37.5571521881123
232609,2024,"pct_female_athletes",32.3428571428571
232609,2024,"pct_male_athletes",44.5121951219512
232609,2024,"total_athletes_undup",575
232609,2024,"total_varsity_sports",21
232609,2024,"womens_varsity_sports",12
232672,2024,"female_athletes_undup",91
232672,2024,"male_athletes_undup",108
232672,2024,"mens_varsity_sports",7
232672,2024,"multi_sport_ratio",1.21608040201005
232672,2024,"pct_athletes_overall",21.9646799116998
232672,2024,"pct_female_athletes",13.8931297709924
232672,2024,"pct_male_athletes",43.0278884462151
232672,2024,"total_athletes_undup",199
232672,2024,"total_varsity_sports",15
232672,2024,"womens_varsity_sports",8
232681,2024,"female_athletes_undup",264
232681,2024,"male_athletes_undup",231
232681,2024,"mens_varsity_sports",7
232681,2024,"multi_sport_ratio",1.06060606060606
232681,2024,"pct_athletes_overall",15.9780503550678
232681,2024,"pct_female_athletes",13.2596685082873
232681,2024,"pct_male_athletes",20.8672086720867
232681,2024,"total_athletes_undup",495
232681,2024,"total_varsity_sports",17
232681,2024,"womens_varsity_sports",10
232706,2024,"female_athletes_undup",178
232706,2024,"male_athletes_undup",254
232706,2024,"mens_varsity_sports",11
232706,2024,"multi_sport_ratio",1.06944444444444
232706,2024,"pct_athletes_overall",25.0871080139373
232706,2024,"pct_female_athletes",17.0661553211889
232706,2024,"pct_male_athletes",37.4079528718704
232706,2024,"total_athletes_undup",432
232706,2024,"total_varsity_sports",23
232706,2024,"womens_varsity_sports",12
232937,2024,"female_athletes_undup",120
232937,2024,"male_athletes_undup",247
232937,2024,"mens_varsity_sports",5
232937,2024,"multi_sport_ratio",1.19346049046322
232937,2024,"pct_athletes_overall",7.38430583501006
232937,2024,"pct_female_athletes",3.59928014397121
232937,2024,"pct_male_athletes",15.0977995110024
232937,2024,"total_athletes_undup",367
232937,2024,"total_varsity_sports",11
232937,2024,"womens_varsity_sports",6
232982,2024,"female_athletes_undup",223
232982,2024,"male_athletes_undup",257
232982,2024,"mens_varsity_sports",8
232982,2024,"multi_sport_ratio",1
232982,2024,"pct_athletes_overall",3.53617209370856
232982,2024,"pct_female_athletes",3.03980370774264
232982,2024,"pct_male_athletes",4.11991022763706
232982,2024,"total_athletes_undup",480
232982,2024,"total_varsity_sports",18
232982,2024,"womens_varsity_sports",10
233277,2024,"female_athletes_undup",168
233277,2024,"male_athletes_undup",120
233277,2024,"mens_varsity_sports",6
233277,2024,"multi_sport_ratio",1.14930555555556
233277,2024,"pct_athletes_overall",5.23255813953488
233277,2024,"pct_female_athletes",4.81651376146789
233277,2024,"pct_male_athletes",5.95238095238095
233277,2024,"total_athletes_undup",288
233277,2024,"total_varsity_sports",14
233277,2024,"womens_varsity_sports",8
233295,2024,"female_athletes_undup",183
233295,2024,"male_athletes_undup",371
233295,2024,"mens_varsity_sports",9
233295,2024,"multi_sport_ratio",1.00541516245487
233295,2024,"pct_athletes_overall",34.3459392436454
233295,2024,"pct_female_athletes",21.2790697674419
233295,2024,"pct_male_athletes",49.269588313413
233295,2024,"total_athletes_undup",554
233295,2024,"total_varsity_sports",18
233295,2024,"womens_varsity_sports",9
233301,2024,"female_athletes_undup",30
233301,2024,"male_athletes_undup",35
233301,2024,"mens_varsity_sports",8
233301,2024,"multi_sport_ratio",6.2
233301,2024,"pct_athletes_overall",9.89345509893455
233301,2024,"pct_female_athletes",8.02139037433155
233301,2024,"pct_male_athletes",12.3674911660777
233301,2024,"total_athletes_undup",65
233301,2024,"total_varsity_sports",18
233301,2024,"womens_varsity_sports",10
233374,2024,"female_athletes_undup",196
233374,2024,"male_athletes_undup",234
233374,2024,"mens_varsity_sports",7
233374,2024,"multi_sport_ratio",1.17441860465116
233374,2024,"pct_athletes_overall",14.8943540006928
233374,2024,"pct_female_athletes",12.5399872040947
233374,2024,"pct_male_athletes",17.6737160120846
233374,2024,"total_athletes_undup",430
233374,2024,"total_varsity_sports",15
233374,2024,"womens_varsity_sports",8
233426,2024,"female_athletes_undup",206
233426,2024,"male_athletes_undup",313
233426,2024,"mens_varsity_sports",12
233426,2024,"multi_sport_ratio",1.24470134874759
233426,2024,"pct_athletes_overall",29.9826689774697
233426,2024,"pct_female_athletes",22.6622662266227
233426,2024,"pct_male_athletes",38.0778588807786
233426,2024,"total_athletes_undup",519
233426,2024,"total_varsity_sports",23
233426,2024,"womens_varsity_sports",11
233541,2024,"female_athletes_undup",212
233541,2024,"male_athletes_undup",406
233541,2024,"mens_varsity_sports",9
233541,2024,"multi_sport_ratio",1.11650485436893
233541,2024,"pct_athletes_overall",30.0437530384054
233541,2024,"pct_female_athletes",17.9205409974641
233541,2024,"pct_male_athletes",46.4530892448513
233541,2024,"total_athletes_undup",618
233541,2024,"total_varsity_sports",18
233541,2024,"womens_varsity_sports",9
233611,2024,"female_athletes_undup",229
233611,2024,"male_athletes_undup",416
233611,2024,"mens_varsity_sports",12
233611,2024,"multi_sport_ratio",1.2015503875969
233611,2024,"pct_athletes_overall",70.6462212486309
233611,2024,"pct_female_athletes",53.3799533799534
233611,2024,"pct_male_athletes",85.9504132231405
233611,2024,"total_athletes_undup",645
233611,2024,"total_varsity_sports",25
233611,2024,"womens_varsity_sports",13
233897,2024,"female_athletes_undup",127
233897,2024,"male_athletes_undup",213
233897,2024,"mens_varsity_sports",8
233897,2024,"multi_sport_ratio",1.28823529411765
233897,2024,"pct_athletes_overall",31.6279069767442
233897,2024,"pct_female_athletes",22.3591549295775
233897,2024,"pct_male_athletes",42.0118343195266
233897,2024,"total_athletes_undup",340
233897,2024,"total_varsity_sports",17
233897,2024,"womens_varsity_sports",9
233921,2024,"female_athletes_undup",258
233921,2024,"male_athletes_undup",360
233921,2024,"mens_varsity_sports",9
233921,2024,"multi_sport_ratio",1.13592233009709
233921,2024,"pct_athletes_overall",2.05220163379159
233921,2024,"pct_female_athletes",1.96556452841688
233921,2024,"pct_male_athletes",2.11914292441724
233921,2024,"total_athletes_undup",618
233921,2024,"total_varsity_sports",18
233921,2024,"womens_varsity_sports",9
234030,2024,"female_athletes_undup",173
234030,2024,"male_athletes_undup",140
234030,2024,"mens_varsity_sports",6
234030,2024,"multi_sport_ratio",1.33546325878594
234030,2024,"pct_athletes_overall",1.68189145620634
234030,2024,"pct_female_athletes",1.45929987347111
234030,2024,"pct_male_athletes",2.07253886010363
234030,2024,"total_athletes_undup",313
234030,2024,"total_varsity_sports",13
234030,2024,"womens_varsity_sports",7
234076,2024,"female_athletes_undup",364
234076,2024,"male_athletes_undup",425
234076,2024,"mens_varsity_sports",11
234076,2024,"multi_sport_ratio",1.19011406844106
234076,2024,"pct_athletes_overall",4.63300058719906
234076,2024,"pct_female_athletes",3.80792969975939
234076,2024,"pct_male_athletes",5.68866282960782
234076,2024,"total_athletes_undup",789
234076,2024,"total_varsity_sports",23
234076,2024,"womens_varsity_sports",12
234085,2024,"female_athletes_undup",85
234085,2024,"male_athletes_undup",344
234085,2024,"mens_varsity_sports",8
234085,2024,"multi_sport_ratio",1.44055944055944
234085,2024,"pct_athletes_overall",28.0943025540275
234085,2024,"pct_female_athletes",38.6363636363636
234085,2024,"pct_male_athletes",26.3198163733741
234085,2024,"total_athletes_undup",429
234085,2024,"total_varsity_sports",13
234085,2024,"womens_varsity_sports",5
234137,2024,"female_athletes_undup",9
234137,2024,"male_athletes_undup",123
234137,2024,"mens_varsity_sports",3
234137,2024,"multi_sport_ratio",1.04545454545455
234137,2024,"pct_athletes_overall",122.222222222222
234137,2024,"pct_female_athletes",90
234137,2024,"pct_male_athletes",125.510204081633
234137,2024,"total_athletes_undup",132
234137,2024,"total_varsity_sports",4
234137,2024,"womens_varsity_sports",1
234155,2024,"female_athletes_undup",31
234155,2024,"male_athletes_undup",132
234155,2024,"mens_varsity_sports",8
234155,2024,"multi_sport_ratio",3.15337423312883
234155,2024,"pct_athletes_overall",3.34290401968827
234155,2024,"pct_female_athletes",1.08429520811473
234155,2024,"pct_male_athletes",6.54437283093704
234155,2024,"total_athletes_undup",163
234155,2024,"total_varsity_sports",16
234155,2024,"womens_varsity_sports",8
234164,2024,"female_athletes_undup",87
234164,2024,"male_athletes_undup",198
234164,2024,"mens_varsity_sports",6
234164,2024,"multi_sport_ratio",1.20350877192982
234164,2024,"pct_athletes_overall",25.0880281690141
234164,2024,"pct_female_athletes",14.9228130360206
234164,2024,"pct_male_athletes",35.8047016274864
234164,2024,"total_athletes_undup",285
234164,2024,"total_varsity_sports",14
234164,2024,"womens_varsity_sports",8
234173,2024,"female_athletes_undup",204
234173,2024,"male_athletes_undup",245
234173,2024,"mens_varsity_sports",9
234173,2024,"multi_sport_ratio",1.12917594654788
234173,2024,"pct_athletes_overall",38.0508474576271
234173,2024,"pct_female_athletes",30.5389221556886
234173,2024,"pct_male_athletes",47.8515625
234173,2024,"total_athletes_undup",449
234173,2024,"total_varsity_sports",19
234173,2024,"womens_varsity_sports",10
234207,2024,"female_athletes_undup",243
234207,2024,"male_athletes_undup",345
234207,2024,"mens_varsity_sports",12
234207,2024,"multi_sport_ratio",1.25680272108844
234207,2024,"pct_athletes_overall",31.2599681020734
234207,2024,"pct_female_athletes",25.2861602497399
234207,2024,"pct_male_athletes",37.5
234207,2024,"total_athletes_undup",588
234207,2024,"total_varsity_sports",23
234207,2024,"womens_varsity_sports",11
234669,2024,"female_athletes_undup",79
234669,2024,"male_athletes_undup",90
234669,2024,"mens_varsity_sports",5
234669,2024,"multi_sport_ratio",1.00591715976331
234669,2024,"pct_athletes_overall",4.13809990205681
234669,2024,"pct_female_athletes",3.51893095768374
234669,2024,"pct_male_athletes",4.89396411092985
234669,2024,"total_athletes_undup",169
234669,2024,"total_varsity_sports",11
234669,2024,"womens_varsity_sports",6
234711,2024,"female_athletes_undup",72
234711,2024,"male_athletes_undup",92
234711,2024,"mens_varsity_sports",3
234711,2024,"multi_sport_ratio",1
234711,2024,"pct_athletes_overall",17.7874186550976
234711,2024,"pct_female_athletes",13.3580705009276
234711,2024,"pct_male_athletes",24.0208877284595
234711,2024,"total_athletes_undup",164
234711,2024,"total_varsity_sports",7
234711,2024,"womens_varsity_sports",4
234827,2024,"female_athletes_undup",180
234827,2024,"male_athletes_undup",235
234827,2024,"mens_varsity_sports",5
234827,2024,"multi_sport_ratio",1.09638554216867
234827,2024,"pct_athletes_overall",6.11733490566038
234827,2024,"pct_female_athletes",4.957312035252
234827,2024,"pct_male_athletes",7.45321915635902
234827,2024,"total_athletes_undup",415
234827,2024,"total_varsity_sports",11
234827,2024,"womens_varsity_sports",6
234845,2024,"female_athletes_undup",73
234845,2024,"male_athletes_undup",68
234845,2024,"mens_varsity_sports",3
234845,2024,"multi_sport_ratio",1.01418439716312
234845,2024,"pct_athletes_overall",12.9595588235294
234845,2024,"pct_female_athletes",11.9672131147541
234845,2024,"pct_male_athletes",14.2259414225941
234845,2024,"total_athletes_undup",141
234845,2024,"total_varsity_sports",8
234845,2024,"womens_varsity_sports",5
234933,2024,"female_athletes_undup",94
234933,2024,"male_athletes_undup",118
234933,2024,"mens_varsity_sports",5
234933,2024,"multi_sport_ratio",1.14622641509434
234933,2024,"pct_athletes_overall",7.91931266342921
234933,2024,"pct_female_athletes",5.97964376590331
234933,2024,"pct_male_athletes",10.6787330316742
234933,2024,"total_athletes_undup",212
234933,2024,"total_varsity_sports",11
234933,2024,"womens_varsity_sports",6
234979,2024,"female_athletes_undup",77
234979,2024,"male_athletes_undup",89
234979,2024,"mens_varsity_sports",4
234979,2024,"multi_sport_ratio",1.00602409638554
234979,2024,"pct_athletes_overall",6.06946983546618
234979,2024,"pct_female_athletes",4.67516697024894
234979,2024,"pct_male_athletes",8.18014705882353
234979,2024,"total_athletes_undup",166
234979,2024,"total_varsity_sports",9
234979,2024,"womens_varsity_sports",5
235097,2024,"female_athletes_undup",127
235097,2024,"male_athletes_undup",191
235097,2024,"mens_varsity_sports",4
235097,2024,"multi_sport_ratio",1.36477987421384
235097,2024,"pct_athletes_overall",5.64630681818182
235097,2024,"pct_female_athletes",3.99120050282841
235097,2024,"pct_male_athletes",7.79591836734694
235097,2024,"total_athletes_undup",318
235097,2024,"total_varsity_sports",10
235097,2024,"womens_varsity_sports",6
235103,2024,"female_athletes_undup",68
235103,2024,"male_athletes_undup",80
235103,2024,"mens_varsity_sports",4
235103,2024,"multi_sport_ratio",1
235103,2024,"pct_athletes_overall",7.9144385026738
235103,2024,"pct_female_athletes",6.73267326732673
235103,2024,"pct_male_athletes",9.30232558139535
235103,2024,"total_athletes_undup",148
235103,2024,"total_varsity_sports",9
235103,2024,"womens_varsity_sports",5
235149,2024,"female_athletes_undup",60
235149,2024,"male_athletes_undup",89
235149,2024,"mens_varsity_sports",5
235149,2024,"multi_sport_ratio",1.06040268456376
235149,2024,"pct_athletes_overall",5.94810379241517
235149,2024,"pct_female_athletes",4.3731778425656
235149,2024,"pct_male_athletes",7.85525154457193
235149,2024,"total_athletes_undup",149
235149,2024,"total_varsity_sports",11
235149,2024,"womens_varsity_sports",6
235167,2024,"female_athletes_undup",100
235167,2024,"male_athletes_undup",111
235167,2024,"mens_varsity_sports",4
235167,2024,"multi_sport_ratio",1.15165876777251
235167,2024,"pct_athletes_overall",10.6997971602434
235167,2024,"pct_female_athletes",8.32639467110741
235167,2024,"pct_male_athletes",14.3968871595331
235167,2024,"total_athletes_undup",211
235167,2024,"total_varsity_sports",9
235167,2024,"womens_varsity_sports",5
235237,2024,"female_athletes_undup",60
235237,2024,"male_athletes_undup",65
235237,2024,"mens_varsity_sports",3
235237,2024,"multi_sport_ratio",1
235237,2024,"pct_athletes_overall",4.11454904542462
235237,2024,"pct_female_athletes",3.13152400835073
235237,2024,"pct_male_athletes",5.79322638146168
235237,2024,"total_athletes_undup",125
235237,2024,"total_varsity_sports",8
235237,2024,"womens_varsity_sports",5
235316,2024,"female_athletes_undup",194
235316,2024,"male_athletes_undup",179
235316,2024,"mens_varsity_sports",7
235316,2024,"multi_sport_ratio",1.34316353887399
235316,2024,"pct_athletes_overall",7.26104730387386
235316,2024,"pct_female_athletes",7.06997084548105
235316,2024,"pct_male_athletes",7.48015043877977
235316,2024,"total_athletes_undup",373
235316,2024,"total_varsity_sports",14
235316,2024,"womens_varsity_sports",7
235334,2024,"female_athletes_undup",15
235334,2024,"male_athletes_undup",48
235334,2024,"mens_varsity_sports",2
235334,2024,"multi_sport_ratio",1
235334,2024,"pct_athletes_overall",9.50226244343891
235334,2024,"pct_female_athletes",4.3859649122807
235334,2024,"pct_male_athletes",14.9532710280374
235334,2024,"total_athletes_undup",63
235334,2024,"total_varsity_sports",3
235334,2024,"womens_varsity_sports",1
235343,2024,"female_athletes_undup",35
235343,2024,"male_athletes_undup",42
235343,2024,"mens_varsity_sports",3
235343,2024,"multi_sport_ratio",1.28571428571429
235343,2024,"pct_athletes_overall",2.69230769230769
235343,2024,"pct_female_athletes",2.52525252525253
235343,2024,"pct_male_athletes",2.8493894165536
235343,2024,"total_athletes_undup",77
235343,2024,"total_varsity_sports",7
235343,2024,"womens_varsity_sports",4
235431,2024,"female_athletes_undup",68
235431,2024,"male_athletes_undup",54
235431,2024,"mens_varsity_sports",3
235431,2024,"multi_sport_ratio",1
235431,2024,"pct_athletes_overall",6.06361829025845
235431,2024,"pct_female_athletes",5.1948051948052
235431,2024,"pct_male_athletes",7.68136557610242
235431,2024,"total_athletes_undup",122
235431,2024,"total_varsity_sports",8
235431,2024,"womens_varsity_sports",5
235750,2024,"female_athletes_undup",72
235750,2024,"male_athletes_undup",48
235750,2024,"mens_varsity_sports",2
235750,2024,"multi_sport_ratio",1
235750,2024,"pct_athletes_overall",10.8303249097473
235750,2024,"pct_female_athletes",9.62566844919786
235750,2024,"pct_male_athletes",13.3333333333333
235750,2024,"total_athletes_undup",120
235750,2024,"total_varsity_sports",6
235750,2024,"womens_varsity_sports",4
236133,2024,"female_athletes_undup",72
236133,2024,"male_athletes_undup",79
236133,2024,"mens_varsity_sports",4
236133,2024,"multi_sport_ratio",1.19867549668874
236133,2024,"pct_athletes_overall",24.16
236133,2024,"pct_female_athletes",19.3548387096774
236133,2024,"pct_male_athletes",31.2252964426877
236133,2024,"total_athletes_undup",151
236133,2024,"total_varsity_sports",10
236133,2024,"womens_varsity_sports",6
236188,2024,"female_athletes_undup",56
236188,2024,"male_athletes_undup",69
236188,2024,"mens_varsity_sports",5
236188,2024,"multi_sport_ratio",1.064
236188,2024,"pct_athletes_overall",5.74184657785944
236188,2024,"pct_female_athletes",4.23280423280423
236188,2024,"pct_male_athletes",8.07962529274005
236188,2024,"total_athletes_undup",125
236188,2024,"total_varsity_sports",11
236188,2024,"womens_varsity_sports",6
236230,2024,"female_athletes_undup",168
236230,2024,"male_athletes_undup",223
236230,2024,"mens_varsity_sports",8
236230,2024,"multi_sport_ratio",1.21227621483376
236230,2024,"pct_athletes_overall",16.6170845728857
236230,2024,"pct_female_athletes",11.1111111111111
236230,2024,"pct_male_athletes",26.5160523186683
236230,2024,"total_athletes_undup",391
236230,2024,"total_varsity_sports",18
236230,2024,"womens_varsity_sports",10
236258,2024,"female_athletes_undup",42
236258,2024,"male_athletes_undup",36
236258,2024,"mens_varsity_sports",2
236258,2024,"multi_sport_ratio",1
236258,2024,"pct_athletes_overall",11.2230215827338
236258,2024,"pct_female_athletes",10.7969151670951
236258,2024,"pct_male_athletes",11.7647058823529
236258,2024,"total_athletes_undup",78
236258,2024,"total_varsity_sports",4
236258,2024,"womens_varsity_sports",2
236328,2024,"female_athletes_undup",189
236328,2024,"male_athletes_undup",248
236328,2024,"mens_varsity_sports",9
236328,2024,"multi_sport_ratio",1.1304347826087
236328,2024,"pct_athletes_overall",27.7460317460317
236328,2024,"pct_female_athletes",21.2837837837838
236328,2024,"pct_male_athletes",36.098981077147
236328,2024,"total_athletes_undup",437
236328,2024,"total_varsity_sports",19
236328,2024,"womens_varsity_sports",10
236452,2024,"female_athletes_undup",104
236452,2024,"male_athletes_undup",118
236452,2024,"mens_varsity_sports",5
236452,2024,"multi_sport_ratio",1.27927927927928
236452,2024,"pct_athletes_overall",20.2925045703839
236452,2024,"pct_female_athletes",16.8284789644013
236452,2024,"pct_male_athletes",24.7899159663866
236452,2024,"total_athletes_undup",222
236452,2024,"total_varsity_sports",11
236452,2024,"womens_varsity_sports",6
236577,2024,"female_athletes_undup",110
236577,2024,"male_athletes_undup",58
236577,2024,"mens_varsity_sports",3
236577,2024,"multi_sport_ratio",1.35119047619048
236577,2024,"pct_athletes_overall",9.84182776801406
236577,2024,"pct_female_athletes",9.88319856244385
236577,2024,"pct_male_athletes",9.76430976430976
236577,2024,"total_athletes_undup",168
236577,2024,"total_varsity_sports",9
236577,2024,"womens_varsity_sports",6
236595,2024,"female_athletes_undup",177
236595,2024,"male_athletes_undup",140
236595,2024,"mens_varsity_sports",7
236595,2024,"multi_sport_ratio",1.24921135646688
236595,2024,"pct_athletes_overall",7.99293998991427
236595,2024,"pct_female_athletes",7.35660847880299
236595,2024,"pct_male_athletes",8.97435897435897
236595,2024,"total_athletes_undup",317
236595,2024,"total_varsity_sports",16
236595,2024,"womens_varsity_sports",9
236610,2024,"female_athletes_undup",33
236610,2024,"male_athletes_undup",74
236610,2024,"mens_varsity_sports",3
236610,2024,"multi_sport_ratio",1
236610,2024,"pct_athletes_overall",6.94805194805195
236610,2024,"pct_female_athletes",4.04411764705882
236610,2024,"pct_male_athletes",10.2209944751381
236610,2024,"total_athletes_undup",107
236610,2024,"total_varsity_sports",6
236610,2024,"womens_varsity_sports",3
236638,2024,"female_athletes_undup",67
236638,2024,"male_athletes_undup",84
236638,2024,"mens_varsity_sports",4
236638,2024,"multi_sport_ratio",1
236638,2024,"pct_athletes_overall",8.95080023710729
236638,2024,"pct_female_athletes",6.84371807967314
236638,2024,"pct_male_athletes",11.864406779661
236638,2024,"total_athletes_undup",151
236638,2024,"total_varsity_sports",9
236638,2024,"womens_varsity_sports",5
236656,2024,"female_athletes_undup",52
236656,2024,"male_athletes_undup",41
236656,2024,"mens_varsity_sports",3
236656,2024,"multi_sport_ratio",1.01075268817204
236656,2024,"pct_athletes_overall",5.2247191011236
236656,2024,"pct_female_athletes",5.10805500982318
236656,2024,"pct_male_athletes",5.38057742782152
236656,2024,"total_athletes_undup",93
236656,2024,"total_varsity_sports",7
236656,2024,"womens_varsity_sports",4
236708,2024,"female_athletes_undup",99
236708,2024,"male_athletes_undup",155
236708,2024,"mens_varsity_sports",7
236708,2024,"multi_sport_ratio",1.14173228346457
236708,2024,"pct_athletes_overall",11.6353641777371
236708,2024,"pct_female_athletes",7.84469096671949
236708,2024,"pct_male_athletes",16.8295331161781
236708,2024,"total_athletes_undup",254
236708,2024,"total_varsity_sports",15
236708,2024,"womens_varsity_sports",8
236753,2024,"female_athletes_undup",45
236753,2024,"male_athletes_undup",65
236753,2024,"mens_varsity_sports",3
236753,2024,"multi_sport_ratio",1
236753,2024,"pct_athletes_overall",4.04858299595142
236753,2024,"pct_female_athletes",2.54093732354602
236753,2024,"pct_male_athletes",6.87103594080338
236753,2024,"total_athletes_undup",110
236753,2024,"total_varsity_sports",6
236753,2024,"womens_varsity_sports",3
236887,2024,"female_athletes_undup",74
236887,2024,"male_athletes_undup",100
236887,2024,"mens_varsity_sports",4
236887,2024,"multi_sport_ratio",1
236887,2024,"pct_athletes_overall",11.4323258869908
236887,2024,"pct_female_athletes",9.77542932628798
236887,2024,"pct_male_athletes",13.0718954248366
236887,2024,"total_athletes_undup",174
236887,2024,"total_varsity_sports",9
236887,2024,"womens_varsity_sports",5
236896,2024,"female_athletes_undup",67
236896,2024,"male_athletes_undup",88
236896,2024,"mens_varsity_sports",5
236896,2024,"multi_sport_ratio",1.03225806451613
236896,2024,"pct_athletes_overall",12.7887788778878
236896,2024,"pct_female_athletes",11.3945578231293
236896,2024,"pct_male_athletes",14.1025641025641
236896,2024,"total_athletes_undup",155
236896,2024,"total_varsity_sports",10
236896,2024,"womens_varsity_sports",5
236939,2024,"female_athletes_undup",213
236939,2024,"male_athletes_undup",242
236939,2024,"mens_varsity_sports",5
236939,2024,"multi_sport_ratio",1.21318681318681
236939,2024,"pct_athletes_overall",2.40181587837838
236939,2024,"pct_female_athletes",2.13063919175753
236939,2024,"pct_male_athletes",2.70481725718118
236939,2024,"total_athletes_undup",455
236939,2024,"total_varsity_sports",13
236939,2024,"womens_varsity_sports",8
236948,2024,"female_athletes_undup",300
236948,2024,"male_athletes_undup",319
236948,2024,"mens_varsity_sports",8
236948,2024,"multi_sport_ratio",1.13247172859451
236948,2024,"pct_athletes_overall",2.05368103248067
236948,2024,"pct_female_athletes",1.75018960387375
236948,2024,"pct_male_athletes",2.45384615384615
236948,2024,"total_athletes_undup",619
236948,2024,"total_varsity_sports",18
236948,2024,"womens_varsity_sports",10
236975,2024,"female_athletes_undup",72
236975,2024,"male_athletes_undup",78
236975,2024,"mens_varsity_sports",3
236975,2024,"multi_sport_ratio",1
236975,2024,"pct_athletes_overall",12.1753246753247
236975,2024,"pct_female_athletes",9.82264665757162
236975,2024,"pct_male_athletes",15.6312625250501
236975,2024,"total_athletes_undup",150
236975,2024,"total_varsity_sports",7
236975,2024,"womens_varsity_sports",4
237011,2024,"female_athletes_undup",166
237011,2024,"male_athletes_undup",131
237011,2024,"mens_varsity_sports",4
237011,2024,"multi_sport_ratio",1.64309764309764
237011,2024,"pct_athletes_overall",2.40622215020659
237011,2024,"pct_female_athletes",2.3285173236078
237011,2024,"pct_male_athletes",2.51246643651707
237011,2024,"total_athletes_undup",297
237011,2024,"total_varsity_sports",11
237011,2024,"womens_varsity_sports",7
237039,2024,"female_athletes_undup",45
237039,2024,"male_athletes_undup",51
237039,2024,"mens_varsity_sports",2
237039,2024,"multi_sport_ratio",1.01041666666667
237039,2024,"pct_athletes_overall",7.3394495412844
237039,2024,"pct_female_athletes",6.18131868131868
237039,2024,"pct_male_athletes",8.79310344827586
237039,2024,"total_athletes_undup",96
237039,2024,"total_varsity_sports",5
237039,2024,"womens_varsity_sports",3
237057,2024,"female_athletes_undup",132
237057,2024,"male_athletes_undup",142
237057,2024,"mens_varsity_sports",7
237057,2024,"multi_sport_ratio",1.09124087591241
237057,2024,"pct_athletes_overall",18.1577203445991
237057,2024,"pct_female_athletes",15.2601156069364
237057,2024,"pct_male_athletes",22.0496894409938
237057,2024,"total_athletes_undup",274
237057,2024,"total_varsity_sports",15
237057,2024,"womens_varsity_sports",8
237066,2024,"female_athletes_undup",199
237066,2024,"male_athletes_undup",331
237066,2024,"mens_varsity_sports",10
237066,2024,"multi_sport_ratio",1.30754716981132
237066,2024,"pct_athletes_overall",28.9617486338798
237066,2024,"pct_female_athletes",19.64461994077
237066,2024,"pct_male_athletes",40.5140758873929
237066,2024,"total_athletes_undup",530
237066,2024,"total_varsity_sports",21
237066,2024,"womens_varsity_sports",11
237109,2024,"female_athletes_undup",59
237109,2024,"male_athletes_undup",43
237109,2024,"mens_varsity_sports",2
237109,2024,"multi_sport_ratio",1.01960784313725
237109,2024,"pct_athletes_overall",5.70789031897034
237109,2024,"pct_female_athletes",4.94137353433836
237109,2024,"pct_male_athletes",7.25126475548061
237109,2024,"total_athletes_undup",102
237109,2024,"total_varsity_sports",6
237109,2024,"womens_varsity_sports",4
237136,2024,"female_athletes_undup",17
237136,2024,"male_athletes_undup",26
237136,2024,"mens_varsity_sports",2
237136,2024,"multi_sport_ratio",1.11627906976744
237136,2024,"pct_athletes_overall",23.3695652173913
237136,2024,"pct_female_athletes",22.0779220779221
237136,2024,"pct_male_athletes",24.2990654205607
237136,2024,"total_athletes_undup",43
237136,2024,"total_varsity_sports",4
237136,2024,"womens_varsity_sports",2
237181,2024,"female_athletes_undup",149
237181,2024,"male_athletes_undup",284
237181,2024,"mens_varsity_sports",11
237181,2024,"multi_sport_ratio",1.20323325635104
237181,2024,"pct_athletes_overall",70.6362153344209
237181,2024,"pct_female_athletes",58.6614173228346
237181,2024,"pct_male_athletes",79.108635097493
237181,2024,"total_athletes_undup",433
237181,2024,"total_varsity_sports",22
237181,2024,"womens_varsity_sports",11
237215,2024,"female_athletes_undup",139
237215,2024,"male_athletes_undup",221
237215,2024,"mens_varsity_sports",9
237215,2024,"multi_sport_ratio",1.10555555555556
237215,2024,"pct_athletes_overall",40.7239819004525
237215,2024,"pct_female_athletes",26.7822736030828
237215,2024,"pct_male_athletes",60.5479452054795
237215,2024,"total_athletes_undup",360
237215,2024,"total_varsity_sports",20
237215,2024,"womens_varsity_sports",11
237312,2024,"female_athletes_undup",213
237312,2024,"male_athletes_undup",365
237312,2024,"mens_varsity_sports",8
237312,2024,"multi_sport_ratio",1.21453287197232
237312,2024,"pct_athletes_overall",47.3770491803279
237312,2024,"pct_female_athletes",31.4159292035398
237312,2024,"pct_male_athletes",67.3431734317343
237312,2024,"total_athletes_undup",578
237312,2024,"total_varsity_sports",16
237312,2024,"womens_varsity_sports",8
237330,2024,"female_athletes_undup",228
237330,2024,"male_athletes_undup",341
237330,2024,"mens_varsity_sports",6
237330,2024,"multi_sport_ratio",1.21089630931459
237330,2024,"pct_athletes_overall",39.4864677307425
237330,2024,"pct_female_athletes",26.8235294117647
237330,2024,"pct_male_athletes",57.6988155668359
237330,2024,"total_athletes_undup",569
237330,2024,"total_varsity_sports",12
237330,2024,"womens_varsity_sports",6
237358,2024,"female_athletes_undup",169
237358,2024,"male_athletes_undup",235
237358,2024,"mens_varsity_sports",9
237358,2024,"multi_sport_ratio",1.16584158415842
237358,2024,"pct_athletes_overall",61.8683001531394
237358,2024,"pct_female_athletes",45.7994579945799
237358,2024,"pct_male_athletes",82.7464788732394
237358,2024,"total_athletes_undup",404
237358,2024,"total_varsity_sports",18
237358,2024,"womens_varsity_sports",9
237367,2024,"female_athletes_undup",171
237367,2024,"male_athletes_undup",233
237367,2024,"mens_varsity_sports",8
237367,2024,"multi_sport_ratio",1.00247524752475
237367,2024,"pct_athletes_overall",17.6727909011374
237367,2024,"pct_female_athletes",13.4645669291339
237367,2024,"pct_male_athletes",22.9330708661417
237367,2024,"total_athletes_undup",404
237367,2024,"total_varsity_sports",17
237367,2024,"womens_varsity_sports",9
237385,2024,"female_athletes_undup",196
237385,2024,"male_athletes_undup",278
237385,2024,"mens_varsity_sports",7
237385,2024,"multi_sport_ratio",1.22573839662447
237385,2024,"pct_athletes_overall",51.7467248908297
237385,2024,"pct_female_athletes",45.2655889145497
237385,2024,"pct_male_athletes",57.5569358178054
237385,2024,"total_athletes_undup",474
237385,2024,"total_varsity_sports",14
237385,2024,"womens_varsity_sports",7
237525,2024,"female_athletes_undup",173
237525,2024,"male_athletes_undup",272
237525,2024,"mens_varsity_sports",6
237525,2024,"multi_sport_ratio",1.26067415730337
237525,2024,"pct_athletes_overall",6.58868818477939
237525,2024,"pct_female_athletes",4.5371098872279
237525,2024,"pct_male_athletes",9.2485549132948
237525,2024,"total_athletes_undup",445
237525,2024,"total_varsity_sports",14
237525,2024,"womens_varsity_sports",8
237701,2024,"female_athletes_undup",57
237701,2024,"male_athletes_undup",96
237701,2024,"mens_varsity_sports",4
237701,2024,"multi_sport_ratio",1.03921568627451
237701,2024,"pct_athletes_overall",19.440914866582
237701,2024,"pct_female_athletes",12.2844827586207
237701,2024,"pct_male_athletes",29.7213622291022
237701,2024,"total_athletes_undup",153
237701,2024,"total_varsity_sports",9
237701,2024,"womens_varsity_sports",5
237792,2024,"female_athletes_undup",137
237792,2024,"male_athletes_undup",211
237792,2024,"mens_varsity_sports",7
237792,2024,"multi_sport_ratio",1.04310344827586
237792,2024,"pct_athletes_overall",16.208663251048
237792,2024,"pct_female_athletes",10.6119287374129
237792,2024,"pct_male_athletes",24.6495327102804
237792,2024,"total_athletes_undup",348
237792,2024,"total_varsity_sports",16
237792,2024,"womens_varsity_sports",9
237899,2024,"female_athletes_undup",158
237899,2024,"male_athletes_undup",279
237899,2024,"mens_varsity_sports",6
237899,2024,"multi_sport_ratio",1.01830663615561
237899,2024,"pct_athletes_overall",36.0561056105611
237899,2024,"pct_female_athletes",23.4421364985163
237899,2024,"pct_male_athletes",51.8587360594795
237899,2024,"total_athletes_undup",437
237899,2024,"total_varsity_sports",13
237899,2024,"womens_varsity_sports",7
237932,2024,"female_athletes_undup",181
237932,2024,"male_athletes_undup",297
237932,2024,"mens_varsity_sports",8
237932,2024,"multi_sport_ratio",1.15481171548117
237932,2024,"pct_athletes_overall",32.8748280605227
237932,2024,"pct_female_athletes",20.662100456621
237932,2024,"pct_male_athletes",51.3840830449827
237932,2024,"total_athletes_undup",478
237932,2024,"total_varsity_sports",17
237932,2024,"womens_varsity_sports",9
237950,2024,"female_athletes_undup",109
237950,2024,"male_athletes_undup",201
237950,2024,"mens_varsity_sports",9
237950,2024,"multi_sport_ratio",1.1
237950,2024,"pct_athletes_overall",33.1905781584582
237950,2024,"pct_female_athletes",27.1144278606965
237950,2024,"pct_male_athletes",37.781954887218
237950,2024,"total_athletes_undup",310
237950,2024,"total_varsity_sports",17
237950,2024,"womens_varsity_sports",8
237969,2024,"female_athletes_undup",202
237969,2024,"male_athletes_undup",316
237969,2024,"mens_varsity_sports",8
237969,2024,"multi_sport_ratio",1.25096525096525
237969,2024,"pct_athletes_overall",54.5837723919916
237969,2024,"pct_female_athletes",41.8219461697723
237969,2024,"pct_male_athletes",67.8111587982833
237969,2024,"total_athletes_undup",518
237969,2024,"total_varsity_sports",17
237969,2024,"womens_varsity_sports",9
238032,2024,"female_athletes_undup",206
238032,2024,"male_athletes_undup",302
238032,2024,"mens_varsity_sports",7
238032,2024,"multi_sport_ratio",1.11417322834646
238032,2024,"pct_athletes_overall",3.02183094402475
238032,2024,"pct_female_athletes",2.39562739853471
238032,2024,"pct_male_athletes",3.67754505601559
238032,2024,"total_athletes_undup",508
238032,2024,"total_varsity_sports",15
238032,2024,"womens_varsity_sports",8
238078,2024,"female_athletes_undup",144
238078,2024,"male_athletes_undup",334
238078,2024,"mens_varsity_sports",9
238078,2024,"multi_sport_ratio",1.14853556485356
238078,2024,"pct_athletes_overall",82.1305841924399
238078,2024,"pct_female_athletes",62.3376623376623
238078,2024,"pct_male_athletes",95.1566951566952
238078,2024,"total_athletes_undup",478
238078,2024,"total_varsity_sports",17
238078,2024,"womens_varsity_sports",8
238193,2024,"female_athletes_undup",50
238193,2024,"male_athletes_undup",0
238193,2024,"mens_varsity_sports",0
238193,2024,"multi_sport_ratio",1.12
238193,2024,"pct_athletes_overall",9.4876660341556
238193,2024,"pct_female_athletes",9.52380952380952
238193,2024,"pct_male_athletes",0
238193,2024,"total_athletes_undup",50
238193,2024,"total_varsity_sports",6
238193,2024,"womens_varsity_sports",6
238263,2024,"female_athletes_undup",78
238263,2024,"male_athletes_undup",99
238263,2024,"mens_varsity_sports",4
238263,2024,"multi_sport_ratio",1
238263,2024,"pct_athletes_overall",5.10233496684924
238263,2024,"pct_female_athletes",4.75609756097561
238263,2024,"pct_male_athletes",5.41279387643521
238263,2024,"total_athletes_undup",177
238263,2024,"total_varsity_sports",8
238263,2024,"womens_varsity_sports",4
238333,2024,"female_athletes_undup",115
238333,2024,"male_athletes_undup",204
238333,2024,"mens_varsity_sports",7
238333,2024,"multi_sport_ratio",1.32601880877743
238333,2024,"pct_athletes_overall",34.5238095238095
238333,2024,"pct_female_athletes",24.6252676659529
238333,2024,"pct_male_athletes",44.6389496717724
238333,2024,"total_athletes_undup",319
238333,2024,"total_varsity_sports",14
238333,2024,"womens_varsity_sports",7
238458,2024,"female_athletes_undup",216
238458,2024,"male_athletes_undup",326
238458,2024,"mens_varsity_sports",9
238458,2024,"multi_sport_ratio",1.190036900369
238458,2024,"pct_athletes_overall",22.2222222222222
238458,2024,"pct_female_athletes",13.1306990881459
238458,2024,"pct_male_athletes",41.0579345088161
238458,2024,"total_athletes_undup",542
238458,2024,"total_varsity_sports",19
238458,2024,"womens_varsity_sports",10
238476,2024,"female_athletes_undup",314
238476,2024,"male_athletes_undup",526
238476,2024,"mens_varsity_sports",11
238476,2024,"multi_sport_ratio",1.17738095238095
238476,2024,"pct_athletes_overall",31.8181818181818
238476,2024,"pct_female_athletes",20.6987475280158
238476,2024,"pct_male_athletes",46.8388245770258
238476,2024,"total_athletes_undup",840
238476,2024,"total_varsity_sports",23
238476,2024,"womens_varsity_sports",12
238616,2024,"female_athletes_undup",257
238616,2024,"male_athletes_undup",407
238616,2024,"mens_varsity_sports",13
238616,2024,"multi_sport_ratio",1.21987951807229
238616,2024,"pct_athletes_overall",36.2247681396618
238616,2024,"pct_female_athletes",24.687800192123
238616,2024,"pct_male_athletes",51.3888888888889
238616,2024,"total_athletes_undup",664
238616,2024,"total_varsity_sports",26
238616,2024,"womens_varsity_sports",13
238661,2024,"female_athletes_undup",161
238661,2024,"male_athletes_undup",188
238661,2024,"mens_varsity_sports",10
238661,2024,"multi_sport_ratio",1.0458452722063
238661,2024,"pct_athletes_overall",33.9494163424125
238661,2024,"pct_female_athletes",24.2835595776772
238661,2024,"pct_male_athletes",51.5068493150685
238661,2024,"total_athletes_undup",349
238661,2024,"total_varsity_sports",20
238661,2024,"womens_varsity_sports",10
238980,2024,"female_athletes_undup",113
238980,2024,"male_athletes_undup",261
238980,2024,"mens_varsity_sports",10
238980,2024,"multi_sport_ratio",1.10160427807487
238980,2024,"pct_athletes_overall",53.5050071530758
238980,2024,"pct_female_athletes",33.5311572700297
238980,2024,"pct_male_athletes",72.0994475138122
238980,2024,"total_athletes_undup",374
238980,2024,"total_varsity_sports",19
238980,2024,"womens_varsity_sports",9
239017,2024,"female_athletes_undup",173
239017,2024,"male_athletes_undup",269
239017,2024,"mens_varsity_sports",10
239017,2024,"multi_sport_ratio",1.31221719457014
239017,2024,"pct_athletes_overall",32.0754716981132
239017,2024,"pct_female_athletes",24.3661971830986
239017,2024,"pct_male_athletes",40.2694610778443
239017,2024,"total_athletes_undup",442
239017,2024,"total_varsity_sports",20
239017,2024,"womens_varsity_sports",10
239071,2024,"female_athletes_undup",62
239071,2024,"male_athletes_undup",80
239071,2024,"mens_varsity_sports",5
239071,2024,"multi_sport_ratio",1.04929577464789
239071,2024,"pct_athletes_overall",33.1775700934579
239071,2024,"pct_female_athletes",25.3061224489796
239071,2024,"pct_male_athletes",43.7158469945355
239071,2024,"total_athletes_undup",142
239071,2024,"total_varsity_sports",10
239071,2024,"womens_varsity_sports",5
239080,2024,"female_athletes_undup",187
239080,2024,"male_athletes_undup",183
239080,2024,"mens_varsity_sports",8
239080,2024,"multi_sport_ratio",1.04594594594595
239080,2024,"pct_athletes_overall",46.7171717171717
239080,2024,"pct_female_athletes",39.957264957265
239080,2024,"pct_male_athletes",56.4814814814815
239080,2024,"total_athletes_undup",370
239080,2024,"total_varsity_sports",19
239080,2024,"womens_varsity_sports",11
239105,2024,"female_athletes_undup",156
239105,2024,"male_athletes_undup",173
239105,2024,"mens_varsity_sports",6
239105,2024,"multi_sport_ratio",1.34042553191489
239105,2024,"pct_athletes_overall",4.34036939313984
239105,2024,"pct_female_athletes",3.6636918741193
239105,2024,"pct_male_athletes",5.20770620108368
239105,2024,"total_athletes_undup",329
239105,2024,"total_varsity_sports",12
239105,2024,"womens_varsity_sports",6
239318,2024,"female_athletes_undup",211
239318,2024,"male_athletes_undup",312
239318,2024,"mens_varsity_sports",12
239318,2024,"multi_sport_ratio",1.21606118546845
239318,2024,"pct_athletes_overall",20.1541425818882
239318,2024,"pct_female_athletes",27.6902887139108
239318,2024,"pct_male_athletes",17.0212765957447
239318,2024,"total_athletes_undup",523
239318,2024,"total_varsity_sports",23
239318,2024,"womens_varsity_sports",11
239628,2024,"female_athletes_undup",139
239628,2024,"male_athletes_undup",244
239628,2024,"mens_varsity_sports",9
239628,2024,"multi_sport_ratio",1.30026109660574
239628,2024,"pct_athletes_overall",56.3235294117647
239628,2024,"pct_female_athletes",44.9838187702265
239628,2024,"pct_male_athletes",65.7681940700809
239628,2024,"total_athletes_undup",383
239628,2024,"total_varsity_sports",18
239628,2024,"womens_varsity_sports",9
239716,2024,"female_athletes_undup",225
239716,2024,"male_athletes_undup",365
239716,2024,"mens_varsity_sports",10
239716,2024,"multi_sport_ratio",1.31525423728814
239716,2024,"pct_athletes_overall",35.7359176256814
239716,2024,"pct_female_athletes",25.4813137032843
239716,2024,"pct_male_athletes",47.5260416666667
239716,2024,"total_athletes_undup",590
239716,2024,"total_varsity_sports",19
239716,2024,"womens_varsity_sports",9
240107,2024,"female_athletes_undup",188
240107,2024,"male_athletes_undup",195
240107,2024,"mens_varsity_sports",9
240107,2024,"multi_sport_ratio",1.23759791122715
240107,2024,"pct_athletes_overall",36.7915465898175
240107,2024,"pct_female_athletes",26.0027662517289
240107,2024,"pct_male_athletes",61.3207547169811
240107,2024,"total_athletes_undup",383
240107,2024,"total_varsity_sports",19
240107,2024,"womens_varsity_sports",10
240189,2024,"female_athletes_undup",260
240189,2024,"male_athletes_undup",332
240189,2024,"mens_varsity_sports",10
240189,2024,"multi_sport_ratio",1.27195945945946
240189,2024,"pct_athletes_overall",7.02253855278766
240189,2024,"pct_female_athletes",6.34765625
240189,2024,"pct_male_athletes",7.6603599446239
240189,2024,"total_athletes_undup",592
240189,2024,"total_varsity_sports",22
240189,2024,"womens_varsity_sports",12
240268,2024,"female_athletes_undup",308
240268,2024,"male_athletes_undup",445
240268,2024,"mens_varsity_sports",12
240268,2024,"multi_sport_ratio",1.22045152722444
240268,2024,"pct_athletes_overall",9.04613166746756
240268,2024,"pct_female_athletes",6.1735818801363
240268,2024,"pct_male_athletes",13.3433283358321
240268,2024,"total_athletes_undup",753
240268,2024,"total_varsity_sports",25
240268,2024,"womens_varsity_sports",13
240277,2024,"female_athletes_undup",149
240277,2024,"male_athletes_undup",109
240277,2024,"mens_varsity_sports",6
240277,2024,"multi_sport_ratio",1
240277,2024,"pct_athletes_overall",5.11904761904762
240277,2024,"pct_female_athletes",4.8313878080415
240277,2024,"pct_male_athletes",5.57259713701432
240277,2024,"total_athletes_undup",258
240277,2024,"total_varsity_sports",14
240277,2024,"womens_varsity_sports",8
240329,2024,"female_athletes_undup",321
240329,2024,"male_athletes_undup",326
240329,2024,"mens_varsity_sports",9
240329,2024,"multi_sport_ratio",1.27975270479134
240329,2024,"pct_athletes_overall",7.20489977728285
240329,2024,"pct_female_athletes",6.2793427230047
240329,2024,"pct_male_athletes",8.42812823164426
240329,2024,"total_athletes_undup",647
240329,2024,"total_varsity_sports",21
240329,2024,"womens_varsity_sports",12
240338,2024,"female_athletes_undup",172
240338,2024,"male_athletes_undup",285
240338,2024,"mens_varsity_sports",10
240338,2024,"multi_sport_ratio",1.08315098468271
240338,2024,"pct_athletes_overall",49.1926803013994
240338,2024,"pct_female_athletes",35.7588357588358
240338,2024,"pct_male_athletes",63.6160714285714
240338,2024,"total_athletes_undup",457
240338,2024,"total_varsity_sports",19
240338,2024,"womens_varsity_sports",9
240365,2024,"female_athletes_undup",299
240365,2024,"male_athletes_undup",395
240365,2024,"mens_varsity_sports",6
240365,2024,"multi_sport_ratio",1.05331412103746
240365,2024,"pct_athletes_overall",11.6894054236146
240365,2024,"pct_female_athletes",8.79929370217775
240365,2024,"pct_male_athletes",15.5573060259945
240365,2024,"total_athletes_undup",694
240365,2024,"total_varsity_sports",16
240365,2024,"womens_varsity_sports",10
240374,2024,"female_athletes_undup",116
240374,2024,"male_athletes_undup",197
240374,2024,"mens_varsity_sports",6
240374,2024,"multi_sport_ratio",1.3482428115016
240374,2024,"pct_athletes_overall",13.5439203807875
240374,2024,"pct_female_athletes",9.39271255060729
240374,2024,"pct_male_athletes",18.3085501858736
240374,2024,"total_athletes_undup",313
240374,2024,"total_varsity_sports",12
240374,2024,"womens_varsity_sports",6
240417,2024,"female_athletes_undup",217
240417,2024,"male_athletes_undup",351
240417,2024,"mens_varsity_sports",9
240417,2024,"multi_sport_ratio",1.35035211267606
240417,2024,"pct_athletes_overall",11.6800329015011
240417,2024,"pct_female_athletes",10.5442176870748
240417,2024,"pct_male_athletes",12.5133689839572
240417,2024,"total_athletes_undup",568
240417,2024,"total_varsity_sports",20
240417,2024,"womens_varsity_sports",11
240426,2024,"female_athletes_undup",160
240426,2024,"male_athletes_undup",189
240426,2024,"mens_varsity_sports",9
240426,2024,"multi_sport_ratio",1.29512893982808
240426,2024,"pct_athletes_overall",24.4912280701754
240426,2024,"pct_female_athletes",18.0995475113122
240426,2024,"pct_male_athletes",34.9353049907579
240426,2024,"total_athletes_undup",349
240426,2024,"total_varsity_sports",19
240426,2024,"womens_varsity_sports",10
240444,2024,"female_athletes_undup",374
240444,2024,"male_athletes_undup",364
240444,2024,"mens_varsity_sports",10
240444,2024,"multi_sport_ratio",1.16937669376694
240444,2024,"pct_athletes_overall",2.09682918513467
240444,2024,"pct_female_athletes",1.9795691525962
240444,2024,"pct_male_athletes",2.23271790468012
240444,2024,"total_athletes_undup",738
240444,2024,"total_varsity_sports",20
240444,2024,"womens_varsity_sports",10
240453,2024,"female_athletes_undup",161
240453,2024,"male_athletes_undup",173
240453,2024,"mens_varsity_sports",5
240453,2024,"multi_sport_ratio",1.39520958083832
240453,2024,"pct_athletes_overall",2.26394631600352
240453,2024,"pct_female_athletes",1.93929173693086
240453,2024,"pct_male_athletes",2.68175476670284
240453,2024,"total_athletes_undup",334
240453,2024,"total_varsity_sports",11
240453,2024,"womens_varsity_sports",6
240462,2024,"female_athletes_undup",179
240462,2024,"male_athletes_undup",345
240462,2024,"mens_varsity_sports",6
240462,2024,"multi_sport_ratio",1.22328244274809
240462,2024,"pct_athletes_overall",9.77065075517434
240462,2024,"pct_female_athletes",8.89662027833002
240462,2024,"pct_male_athletes",10.2954341987466
240462,2024,"total_athletes_undup",524
240462,2024,"total_varsity_sports",12
240462,2024,"womens_varsity_sports",6
240471,2024,"female_athletes_undup",207
240471,2024,"male_athletes_undup",361
240471,2024,"mens_varsity_sports",6
240471,2024,"multi_sport_ratio",1.23943661971831
240471,2024,"pct_athletes_overall",14.4934932380709
240471,2024,"pct_female_athletes",8.50801479654747
240471,2024,"pct_male_athletes",24.2934051144011
240471,2024,"total_athletes_undup",568
240471,2024,"total_varsity_sports",15
240471,2024,"womens_varsity_sports",9
240480,2024,"female_athletes_undup",84
240480,2024,"male_athletes_undup",126
240480,2024,"mens_varsity_sports",13
240480,2024,"multi_sport_ratio",4.4952380952381
240480,2024,"pct_athletes_overall",3.18037255792821
240480,2024,"pct_female_athletes",2.29759299781182
240480,2024,"pct_male_athletes",4.27553444180523
240480,2024,"total_athletes_undup",210
240480,2024,"total_varsity_sports",26
240480,2024,"womens_varsity_sports",13
240514,2024,"female_athletes_undup",72
240514,2024,"male_athletes_undup",66
240514,2024,"mens_varsity_sports",5
240514,2024,"multi_sport_ratio",1
240514,2024,"pct_athletes_overall",25.3211009174312
240514,2024,"pct_female_athletes",21.6867469879518
240514,2024,"pct_male_athletes",30.9859154929577
240514,2024,"total_athletes_undup",138
240514,2024,"total_varsity_sports",12
240514,2024,"womens_varsity_sports",7
240620,2024,"female_athletes_undup",76
240620,2024,"male_athletes_undup",83
240620,2024,"mens_varsity_sports",3
240620,2024,"multi_sport_ratio",1.0062893081761
240620,2024,"pct_athletes_overall",10.0378787878788
240620,2024,"pct_female_athletes",7.45098039215686
240620,2024,"pct_male_athletes",14.7163120567376
240620,2024,"total_athletes_undup",159
240620,2024,"total_varsity_sports",7
240620,2024,"womens_varsity_sports",4
240657,2024,"female_athletes_undup",56
240657,2024,"male_athletes_undup",102
240657,2024,"mens_varsity_sports",4
240657,2024,"multi_sport_ratio",1.0379746835443
240657,2024,"pct_athletes_overall",23.688155922039
240657,2024,"pct_female_athletes",16.1849710982659
240657,2024,"pct_male_athletes",31.7757009345794
240657,2024,"total_athletes_undup",158
240657,2024,"total_varsity_sports",8
240657,2024,"womens_varsity_sports",4
240693,2024,"female_athletes_undup",55
240693,2024,"male_athletes_undup",48
240693,2024,"mens_varsity_sports",2
240693,2024,"multi_sport_ratio",1.00970873786408
240693,2024,"pct_athletes_overall",13.5526315789474
240693,2024,"pct_female_athletes",13.4803921568627
240693,2024,"pct_male_athletes",13.6363636363636
240693,2024,"total_athletes_undup",103
240693,2024,"total_varsity_sports",5
240693,2024,"womens_varsity_sports",3
240727,2024,"female_athletes_undup",196
240727,2024,"male_athletes_undup",239
240727,2024,"mens_varsity_sports",6
240727,2024,"multi_sport_ratio",1.32873563218391
240727,2024,"pct_athletes_overall",6.39329805996473
240727,2024,"pct_female_athletes",5.43086727625381
240727,2024,"pct_male_athletes",7.48043818466354
240727,2024,"total_athletes_undup",435
240727,2024,"total_varsity_sports",13
240727,2024,"womens_varsity_sports",7
241225,2024,"female_athletes_undup",26
241225,2024,"male_athletes_undup",35
241225,2024,"mens_varsity_sports",5
241225,2024,"multi_sport_ratio",1.14754098360656
241225,2024,"pct_athletes_overall",14.6634615384615
241225,2024,"pct_female_athletes",9.45454545454546
241225,2024,"pct_male_athletes",24.822695035461
241225,2024,"total_athletes_undup",61
241225,2024,"total_varsity_sports",10
241225,2024,"womens_varsity_sports",5
241377,2024,"female_athletes_undup",71
241377,2024,"male_athletes_undup",121
241377,2024,"mens_varsity_sports",6
241377,2024,"multi_sport_ratio",1.09375
241377,2024,"pct_athletes_overall",40.0835073068894
241377,2024,"pct_female_athletes",25.2669039145907
241377,2024,"pct_male_athletes",61.1111111111111
241377,2024,"total_athletes_undup",192
241377,2024,"total_varsity_sports",11
241377,2024,"womens_varsity_sports",5
241410,2024,"female_athletes_undup",125
241410,2024,"male_athletes_undup",121
241410,2024,"mens_varsity_sports",11
241410,2024,"multi_sport_ratio",1.08943089430894
241410,2024,"pct_athletes_overall",7.25235849056604
241410,2024,"pct_female_athletes",5.71037003197807
241410,2024,"pct_male_athletes",10.0581878636741
241410,2024,"total_athletes_undup",246
241410,2024,"total_varsity_sports",22
241410,2024,"womens_varsity_sports",11
241739,2024,"female_athletes_undup",157
241739,2024,"male_athletes_undup",162
241739,2024,"mens_varsity_sports",13
241739,2024,"multi_sport_ratio",1.08777429467085
241739,2024,"pct_athletes_overall",9.3356745683348
241739,2024,"pct_female_athletes",6.96848646249445
241739,2024,"pct_male_athletes",13.9175257731959
241739,2024,"total_athletes_undup",319
241739,2024,"total_varsity_sports",25
241739,2024,"womens_varsity_sports",12
242617,2024,"female_athletes_undup",143
242617,2024,"male_athletes_undup",178
242617,2024,"mens_varsity_sports",11
242617,2024,"multi_sport_ratio",1.02492211838006
242617,2024,"pct_athletes_overall",13.8005159071367
242617,2024,"pct_female_athletes",11.5415657788539
242617,2024,"pct_male_athletes",16.3753449862006
242617,2024,"total_athletes_undup",321
242617,2024,"total_varsity_sports",21
242617,2024,"womens_varsity_sports",10
243106,2024,"female_athletes_undup",77
243106,2024,"male_athletes_undup",72
243106,2024,"mens_varsity_sports",8
243106,2024,"multi_sport_ratio",1.04026845637584
243106,2024,"pct_athletes_overall",8.6027713625866
243106,2024,"pct_female_athletes",8.09674027339642
243106,2024,"pct_male_athletes",9.21895006402049
243106,2024,"total_athletes_undup",149
243106,2024,"total_varsity_sports",15
243106,2024,"womens_varsity_sports",7
243115,2024,"female_athletes_undup",74
243115,2024,"male_athletes_undup",109
243115,2024,"mens_varsity_sports",11
243115,2024,"multi_sport_ratio",1
243115,2024,"pct_athletes_overall",7.24752475247525
243115,2024,"pct_female_athletes",4.95314591700134
243115,2024,"pct_male_athletes",10.5722599418041
243115,2024,"total_athletes_undup",183
243115,2024,"total_varsity_sports",19
243115,2024,"womens_varsity_sports",8
243133,2024,"female_athletes_undup",76
243133,2024,"male_athletes_undup",100
243133,2024,"mens_varsity_sports",7
243133,2024,"multi_sport_ratio",1.10227272727273
243133,2024,"pct_athletes_overall",6.98412698412698
243133,2024,"pct_female_athletes",6.18388934092758
243133,2024,"pct_male_athletes",7.74593338497289
243133,2024,"total_athletes_undup",176
243133,2024,"total_varsity_sports",13
243133,2024,"womens_varsity_sports",6
243142,2024,"female_athletes_undup",71
243142,2024,"male_athletes_undup",62
243142,2024,"mens_varsity_sports",6
243142,2024,"multi_sport_ratio",1.03007518796992
243142,2024,"pct_athletes_overall",6.58741951461119
243142,2024,"pct_female_athletes",5.32233883058471
243142,2024,"pct_male_athletes",9.05109489051095
243142,2024,"total_athletes_undup",133
243142,2024,"total_varsity_sports",12
243142,2024,"womens_varsity_sports",6
243151,2024,"female_athletes_undup",63
243151,2024,"male_athletes_undup",69
243151,2024,"mens_varsity_sports",7
243151,2024,"multi_sport_ratio",1.03787878787879
243151,2024,"pct_athletes_overall",6.99893955461294
243151,2024,"pct_female_athletes",4.87616099071207
243151,2024,"pct_male_athletes",11.6161616161616
243151,2024,"total_athletes_undup",132
243151,2024,"total_varsity_sports",14
243151,2024,"womens_varsity_sports",7
243179,2024,"female_athletes_undup",51
243179,2024,"male_athletes_undup",49
243179,2024,"mens_varsity_sports",7
243179,2024,"multi_sport_ratio",1.16
243179,2024,"pct_athletes_overall",4.34593654932638
243179,2024,"pct_female_athletes",3.31384015594542
243179,2024,"pct_male_athletes",6.43044619422572
243179,2024,"total_athletes_undup",100
243179,2024,"total_varsity_sports",15
243179,2024,"womens_varsity_sports",8
243188,2024,"female_athletes_undup",16
243188,2024,"male_athletes_undup",41
243188,2024,"mens_varsity_sports",7
243188,2024,"multi_sport_ratio",1.17543859649123
243188,2024,"pct_athletes_overall",19.3877551020408
243188,2024,"pct_female_athletes",11.1111111111111
243188,2024,"pct_male_athletes",27.3333333333333
243188,2024,"total_athletes_undup",57
243188,2024,"total_varsity_sports",10
243188,2024,"womens_varsity_sports",3
243197,2024,"female_athletes_undup",116
243197,2024,"male_athletes_undup",139
243197,2024,"mens_varsity_sports",12
243197,2024,"multi_sport_ratio",1.03921568627451
243197,2024,"pct_athletes_overall",2.94253404108008
243197,2024,"pct_female_athletes",3.03744435716156
243197,2024,"pct_male_athletes",2.86775324943264
243197,2024,"total_athletes_undup",255
243197,2024,"total_varsity_sports",23
243197,2024,"womens_varsity_sports",11
243212,2024,"female_athletes_undup",65
243212,2024,"male_athletes_undup",107
243212,2024,"mens_varsity_sports",9
243212,2024,"multi_sport_ratio",1
243212,2024,"pct_athletes_overall",7.85388127853881
243212,2024,"pct_female_athletes",5.52721088435374
243212,2024,"pct_male_athletes",10.5522682445759
243212,2024,"total_athletes_undup",172
243212,2024,"total_varsity_sports",16
243212,2024,"womens_varsity_sports",7
243221,2024,"female_athletes_undup",140
243221,2024,"male_athletes_undup",164
243221,2024,"mens_varsity_sports",11
243221,2024,"multi_sport_ratio",1
243221,2024,"pct_athletes_overall",4.01002506265664
243221,2024,"pct_female_athletes",2.9374737725556
243221,2024,"pct_male_athletes",5.8259325044405
243221,2024,"total_athletes_undup",304
243221,2024,"total_varsity_sports",21
243221,2024,"womens_varsity_sports",10
243443,2024,"female_athletes_undup",80
243443,2024,"male_athletes_undup",77
243443,2024,"mens_varsity_sports",7
243443,2024,"multi_sport_ratio",1.01273885350318
243443,2024,"pct_athletes_overall",4.03287952735679
243443,2024,"pct_female_athletes",3.10438494373302
243443,2024,"pct_male_athletes",5.85106382978723
243443,2024,"total_athletes_undup",157
243443,2024,"total_varsity_sports",14
243443,2024,"womens_varsity_sports",7
243577,2024,"female_athletes_undup",21
243577,2024,"male_athletes_undup",42
243577,2024,"mens_varsity_sports",7
243577,2024,"multi_sport_ratio",1.12698412698413
243577,2024,"pct_athletes_overall",3.60205831903945
243577,2024,"pct_female_athletes",3.7567084078712
243577,2024,"pct_male_athletes",3.52941176470588
243577,2024,"total_athletes_undup",63
243577,2024,"total_varsity_sports",12
243577,2024,"womens_varsity_sports",5
243665,2024,"female_athletes_undup",15
243665,2024,"male_athletes_undup",20
243665,2024,"mens_varsity_sports",3
243665,2024,"multi_sport_ratio",1.17142857142857
243665,2024,"pct_athletes_overall",3.27408793264733
243665,2024,"pct_female_athletes",2.06611570247934
243665,2024,"pct_male_athletes",5.83090379008746
243665,2024,"total_athletes_undup",35
243665,2024,"total_varsity_sports",6
243665,2024,"womens_varsity_sports",3
243744,2024,"female_athletes_undup",434
243744,2024,"male_athletes_undup",404
243744,2024,"mens_varsity_sports",16
243744,2024,"multi_sport_ratio",1.12768496420048
243744,2024,"pct_athletes_overall",11.0934604183214
243744,2024,"pct_female_athletes",11.1282051282051
243744,2024,"pct_male_athletes",11.056376573618
243744,2024,"total_athletes_undup",838
243744,2024,"total_varsity_sports",37
243744,2024,"womens_varsity_sports",21
243780,2024,"female_athletes_undup",218
243780,2024,"male_athletes_undup",322
243780,2024,"mens_varsity_sports",8
243780,2024,"multi_sport_ratio",1.22592592592593
243780,2024,"pct_athletes_overall",1.2889981619841
243780,2024,"pct_female_athletes",1.2883399326281
243780,2024,"pct_male_athletes",1.28944417747878
243780,2024,"total_athletes_undup",540
243780,2024,"total_varsity_sports",16
243780,2024,"womens_varsity_sports",8
245953,2024,"female_athletes_undup",90
245953,2024,"male_athletes_undup",105
245953,2024,"mens_varsity_sports",4
245953,2024,"multi_sport_ratio",1
245953,2024,"pct_athletes_overall",14.7392290249433
245953,2024,"pct_female_athletes",10.7655502392345
245953,2024,"pct_male_athletes",21.5605749486653
245953,2024,"total_athletes_undup",195
245953,2024,"total_varsity_sports",9
245953,2024,"womens_varsity_sports",5
247834,2024,"female_athletes_undup",42
247834,2024,"male_athletes_undup",29
247834,2024,"mens_varsity_sports",3
247834,2024,"multi_sport_ratio",1
247834,2024,"pct_athletes_overall",0.599409033347404
247834,2024,"pct_female_athletes",0.735551663747811
247834,2024,"pct_male_athletes",0.472697636511817
247834,2024,"total_athletes_undup",71
247834,2024,"total_varsity_sports",7
247834,2024,"womens_varsity_sports",4
262129,2024,"female_athletes_undup",83
262129,2024,"male_athletes_undup",70
262129,2024,"mens_varsity_sports",4
262129,2024,"multi_sport_ratio",1.05228758169935
262129,2024,"pct_athletes_overall",18.3673469387755
262129,2024,"pct_female_athletes",18.5267857142857
262129,2024,"pct_male_athletes",18.1818181818182
262129,2024,"total_athletes_undup",153
262129,2024,"total_varsity_sports",11
262129,2024,"womens_varsity_sports",7
364016,2024,"female_athletes_undup",66
364016,2024,"male_athletes_undup",111
364016,2024,"mens_varsity_sports",6
364016,2024,"multi_sport_ratio",1.07344632768362
364016,2024,"pct_athletes_overall",10.8256880733945
364016,2024,"pct_female_athletes",8.14814814814815
364016,2024,"pct_male_athletes",13.4545454545455
364016,2024,"total_athletes_undup",177
364016,2024,"total_varsity_sports",12
364016,2024,"womens_varsity_sports",6
366252,2024,"female_athletes_undup",93
366252,2024,"male_athletes_undup",253
366252,2024,"mens_varsity_sports",9
366252,2024,"multi_sport_ratio",1.00867052023121
366252,2024,"pct_athletes_overall",9.34377531731029
366252,2024,"pct_female_athletes",8.79848628192999
366252,2024,"pct_male_athletes",9.56160241874528
366252,2024,"total_athletes_undup",346
366252,2024,"total_varsity_sports",16
366252,2024,"womens_varsity_sports",7
366711,2024,"female_athletes_undup",160
366711,2024,"male_athletes_undup",142
366711,2024,"mens_varsity_sports",5
366711,2024,"multi_sport_ratio",1.31788079470199
366711,2024,"pct_athletes_overall",2.42628745882542
366711,2024,"pct_female_athletes",2.2075055187638
366711,2024,"pct_male_athletes",2.73129447970764
366711,2024,"total_athletes_undup",302
366711,2024,"total_varsity_sports",11
366711,2024,"womens_varsity_sports",6
380377,2024,"female_athletes_undup",21
380377,2024,"male_athletes_undup",23
380377,2024,"mens_varsity_sports",1
380377,2024,"multi_sport_ratio",1
380377,2024,"pct_athletes_overall",10.0456621004566
380377,2024,"pct_female_athletes",6.5625
380377,2024,"pct_male_athletes",19.4915254237288
380377,2024,"total_athletes_undup",44
380377,2024,"total_varsity_sports",2
380377,2024,"womens_varsity_sports",1
384254,2024,"female_athletes_undup",10
384254,2024,"male_athletes_undup",25
384254,2024,"mens_varsity_sports",4
384254,2024,"multi_sport_ratio",1.28571428571429
384254,2024,"pct_athletes_overall",7.04225352112676
384254,2024,"pct_female_athletes",5.74712643678161
384254,2024,"pct_male_athletes",7.73993808049536
384254,2024,"total_athletes_undup",35
384254,2024,"total_varsity_sports",7
384254,2024,"womens_varsity_sports",3
388520,2024,"female_athletes_undup",13
388520,2024,"male_athletes_undup",13
388520,2024,"mens_varsity_sports",1
388520,2024,"multi_sport_ratio",1
388520,2024,"pct_athletes_overall",43.3333333333333
388520,2024,"pct_female_athletes",56.5217391304348
388520,2024,"pct_male_athletes",35.1351351351351
388520,2024,"total_athletes_undup",26
388520,2024,"total_varsity_sports",2
388520,2024,"womens_varsity_sports",1
399911,2024,"female_athletes_undup",70
399911,2024,"male_athletes_undup",73
399911,2024,"mens_varsity_sports",7
399911,2024,"multi_sport_ratio",1.06293706293706
399911,2024,"pct_athletes_overall",29.5454545454545
399911,2024,"pct_female_athletes",23.4113712374582
399911,2024,"pct_male_athletes",39.4594594594595
399911,2024,"total_athletes_undup",143
399911,2024,"total_varsity_sports",13
399911,2024,"womens_varsity_sports",6
409698,2024,"female_athletes_undup",151
409698,2024,"male_athletes_undup",138
409698,2024,"mens_varsity_sports",5
409698,2024,"multi_sport_ratio",1.09342560553633
409698,2024,"pct_athletes_overall",4.74704336399474
409698,2024,"pct_female_athletes",4.1189307146754
409698,2024,"pct_male_athletes",5.69777043765483
409698,2024,"total_athletes_undup",289
409698,2024,"total_varsity_sports",12
409698,2024,"womens_varsity_sports",7
433660,2024,"female_athletes_undup",150
433660,2024,"male_athletes_undup",115
433660,2024,"mens_varsity_sports",6
433660,2024,"multi_sport_ratio",1
433660,2024,"pct_athletes_overall",2.40275636957113
433660,2024,"pct_female_athletes",2.34925606891151
433660,2024,"pct_male_athletes",2.47631352282515
433660,2024,"total_athletes_undup",265
433660,2024,"total_varsity_sports",15
433660,2024,"womens_varsity_sports",9
436827,2024,"female_athletes_undup",6
436827,2024,"male_athletes_undup",39
436827,2024,"mens_varsity_sports",2
436827,2024,"multi_sport_ratio",1
436827,2024,"pct_athletes_overall",10.5386416861827
436827,2024,"pct_female_athletes",3.33333333333333
436827,2024,"pct_male_athletes",15.7894736842105
436827,2024,"total_athletes_undup",45
436827,2024,"total_varsity_sports",3
436827,2024,"womens_varsity_sports",1
445188,2024,"female_athletes_undup",90
445188,2024,"male_athletes_undup",120
445188,2024,"mens_varsity_sports",6
445188,2024,"multi_sport_ratio",1.11428571428571
445188,2024,"pct_athletes_overall",2.54978144730452
445188,2024,"pct_female_athletes",2.41416309012876
445188,2024,"pct_male_athletes",2.66193433895297
445188,2024,"total_athletes_undup",210
445188,2024,"total_varsity_sports",12
445188,2024,"womens_varsity_sports",6
445708,2024,"female_athletes_undup",101
445708,2024,"male_athletes_undup",78
445708,2024,"mens_varsity_sports",5
445708,2024,"multi_sport_ratio",1.06703910614525
445708,2024,"pct_athletes_overall",15.5247181266262
445708,2024,"pct_female_athletes",13.4130146082337
445708,2024,"pct_male_athletes",19.5
445708,2024,"total_athletes_undup",179
445708,2024,"total_varsity_sports",13
445708,2024,"womens_varsity_sports",8
446048,2024,"female_athletes_undup",297
446048,2024,"male_athletes_undup",404
446048,2024,"mens_varsity_sports",9
446048,2024,"multi_sport_ratio",1.15691868758916
446048,2024,"pct_athletes_overall",54.6375681995323
446048,2024,"pct_female_athletes",43.6123348017621
446048,2024,"pct_male_athletes",67.109634551495
446048,2024,"total_athletes_undup",701
446048,2024,"total_varsity_sports",20
446048,2024,"womens_varsity_sports",11
446233,2024,"female_athletes_undup",21
446233,2024,"male_athletes_undup",70
446233,2024,"mens_varsity_sports",3
446233,2024,"multi_sport_ratio",1.01098901098901
446233,2024,"pct_athletes_overall",95.7894736842105
446233,2024,"pct_female_athletes",84
446233,2024,"pct_male_athletes",100
446233,2024,"total_athletes_undup",91
446233,2024,"total_varsity_sports",5
446233,2024,"womens_varsity_sports",2
446640,2024,"female_athletes_undup",0
446640,2024,"male_athletes_undup",8
446640,2024,"mens_varsity_sports",1
446640,2024,"multi_sport_ratio",1
446640,2024,"pct_athletes_overall",1.51515151515152
446640,2024,"pct_female_athletes",0
446640,2024,"pct_male_athletes",2.13333333333333
446640,2024,"total_athletes_undup",8
446640,2024,"total_varsity_sports",1
446640,2024,"womens_varsity_sports",0
447689,2024,"female_athletes_undup",57
447689,2024,"male_athletes_undup",74
447689,2024,"mens_varsity_sports",3
447689,2024,"multi_sport_ratio",1
447689,2024,"pct_athletes_overall",1.70439760603695
447689,2024,"pct_female_athletes",1.24644653400394
447689,2024,"pct_male_athletes",2.37712817218118
447689,2024,"total_athletes_undup",131
447689,2024,"total_varsity_sports",6
447689,2024,"womens_varsity_sports",3
451750,2024,"female_athletes_undup",74
451750,2024,"male_athletes_undup",125
451750,2024,"mens_varsity_sports",9
451750,2024,"multi_sport_ratio",1.18090452261307
451750,2024,"pct_athletes_overall",31.3880126182965
451750,2024,"pct_female_athletes",16.4444444444444
451750,2024,"pct_male_athletes",67.9347826086957
451750,2024,"total_athletes_undup",199
451750,2024,"total_varsity_sports",17
451750,2024,"womens_varsity_sports",8
457402,2024,"female_athletes_undup",46
457402,2024,"male_athletes_undup",198
457402,2024,"mens_varsity_sports",4
457402,2024,"multi_sport_ratio",1.02868852459016
457402,2024,"pct_athletes_overall",86.2190812720848
457402,2024,"pct_female_athletes",74.1935483870968
457402,2024,"pct_male_athletes",89.5927601809955
457402,2024,"total_athletes_undup",244
457402,2024,"total_varsity_sports",7
457402,2024,"womens_varsity_sports",3
459949,2024,"female_athletes_undup",77
459949,2024,"male_athletes_undup",53
459949,2024,"mens_varsity_sports",3
459949,2024,"multi_sport_ratio",1
459949,2024,"pct_athletes_overall",2.94985250737463
459949,2024,"pct_female_athletes",2.79593318809005
459949,2024,"pct_male_athletes",3.20629159104658
459949,2024,"total_athletes_undup",130
459949,2024,"total_varsity_sports",6
459949,2024,"womens_varsity_sports",3
461759,2024,"female_athletes_undup",15
461759,2024,"male_athletes_undup",15
461759,2024,"mens_varsity_sports",1
461759,2024,"multi_sport_ratio",1
461759,2024,"pct_athletes_overall",7.07547169811321
461759,2024,"pct_female_athletes",8.10810810810811
461759,2024,"pct_male_athletes",6.27615062761506
461759,2024,"total_athletes_undup",30
461759,2024,"total_varsity_sports",2
461759,2024,"womens_varsity_sports",1
461795,2024,"female_athletes_undup",75
461795,2024,"male_athletes_undup",241
461795,2024,"mens_varsity_sports",4
461795,2024,"multi_sport_ratio",1.01582278481013
461795,2024,"pct_athletes_overall",55.3415061295972
461795,2024,"pct_female_athletes",46.2962962962963
461795,2024,"pct_male_athletes",58.9242053789731
461795,2024,"total_athletes_undup",316
461795,2024,"total_varsity_sports",8
461795,2024,"womens_varsity_sports",4
464226,2024,"female_athletes_undup",275
464226,2024,"male_athletes_undup",502
464226,2024,"mens_varsity_sports",15
464226,2024,"multi_sport_ratio",1
464226,2024,"pct_athletes_overall",100
464226,2024,"pct_female_athletes",100
464226,2024,"pct_male_athletes",100
464226,2024,"total_athletes_undup",777
464226,2024,"total_varsity_sports",29
464226,2024,"womens_varsity_sports",14
482149,2024,"female_athletes_undup",96
482149,2024,"male_athletes_undup",135
482149,2024,"mens_varsity_sports",5
482149,2024,"multi_sport_ratio",1.15584415584416
482149,2024,"pct_athletes_overall",4.75896168108776
482149,2024,"pct_female_athletes",3.125
482149,2024,"pct_male_athletes",7.57575757575758
482149,2024,"total_athletes_undup",231
482149,2024,"total_varsity_sports",11
482149,2024,"womens_varsity_sports",6
482158,2024,"female_athletes_undup",82
482158,2024,"male_athletes_undup",105
482158,2024,"mens_varsity_sports",4
482158,2024,"multi_sport_ratio",1.01069518716578
482158,2024,"pct_athletes_overall",4.34378629500581
482158,2024,"pct_female_athletes",3.84976525821596
482158,2024,"pct_male_athletes",4.82758620689655
482158,2024,"total_athletes_undup",187
482158,2024,"total_varsity_sports",10
482158,2024,"womens_varsity_sports",6
482680,2024,"female_athletes_undup",105
482680,2024,"male_athletes_undup",118
482680,2024,"mens_varsity_sports",5
482680,2024,"multi_sport_ratio",1.04484304932735
482680,2024,"pct_athletes_overall",1.83781110927971
482680,2024,"pct_female_athletes",1.57515751575158
482680,2024,"pct_male_athletes",2.15801024140454
482680,2024,"total_athletes_undup",223
482680,2024,"total_varsity_sports",11
482680,2024,"womens_varsity_sports",6
482699,2024,"female_athletes_undup",31
482699,2024,"male_athletes_undup",48
482699,2024,"mens_varsity_sports",2
482699,2024,"multi_sport_ratio",1.05063291139241
482699,2024,"pct_athletes_overall",8.02845528455285
482699,2024,"pct_female_athletes",5.03246753246753
482699,2024,"pct_male_athletes",13.0434782608696
482699,2024,"total_athletes_undup",79
482699,2024,"total_varsity_sports",4
482699,2024,"womens_varsity_sports",2
484905,2024,"female_athletes_undup",22
484905,2024,"male_athletes_undup",26
484905,2024,"mens_varsity_sports",2
484905,2024,"multi_sport_ratio",2.04166666666667
484905,2024,"pct_athletes_overall",2.47550283651367
484905,2024,"pct_female_athletes",1.76848874598071
484905,2024,"pct_male_athletes",3.7410071942446
484905,2024,"total_athletes_undup",48
484905,2024,"total_varsity_sports",4
484905,2024,"womens_varsity_sports",2
485111,2024,"female_athletes_undup",59
485111,2024,"male_athletes_undup",222
485111,2024,"mens_varsity_sports",4
485111,2024,"multi_sport_ratio",1
485111,2024,"pct_athletes_overall",11.932059447983
485111,2024,"pct_female_athletes",4.45619335347432
485111,2024,"pct_male_athletes",21.5324927255092
485111,2024,"total_athletes_undup",281
485111,2024,"total_varsity_sports",8
485111,2024,"womens_varsity_sports",4
486840,2024,"female_athletes_undup",234
486840,2024,"male_athletes_undup",241
486840,2024,"mens_varsity_sports",6
486840,2024,"multi_sport_ratio",1.26947368421053
486840,2024,"pct_athletes_overall",1.51888210277236
486840,2024,"pct_female_athletes",1.47811256395679
486840,2024,"pct_male_athletes",1.56067866856625
486840,2024,"total_athletes_undup",475
486840,2024,"total_varsity_sports",14
486840,2024,"womens_varsity_sports",8
486901,2024,"female_athletes_undup",260
486901,2024,"male_athletes_undup",326
486901,2024,"mens_varsity_sports",9
486901,2024,"multi_sport_ratio",1.06143344709898
486901,2024,"pct_athletes_overall",72.167487684729
486901,2024,"pct_female_athletes",65.1629072681704
486901,2024,"pct_male_athletes",78.9346246973366
486901,2024,"total_athletes_undup",586
486901,2024,"total_varsity_sports",19
486901,2024,"womens_varsity_sports",10
487524,2024,"female_athletes_undup",172
487524,2024,"male_athletes_undup",297
487524,2024,"mens_varsity_sports",10
487524,2024,"multi_sport_ratio",1.12366737739872
487524,2024,"pct_athletes_overall",24.6972090573986
487524,2024,"pct_female_athletes",15.7509157509158
487524,2024,"pct_male_athletes",36.8029739776952
487524,2024,"total_athletes_undup",469
487524,2024,"total_varsity_sports",22
487524,2024,"womens_varsity_sports",12
489937,2024,"female_athletes_undup",78
489937,2024,"male_athletes_undup",180
489937,2024,"mens_varsity_sports",4
489937,2024,"multi_sport_ratio",1.00387596899225
489937,2024,"pct_athletes_overall",58.2392776523702
489937,2024,"pct_female_athletes",41.4893617021277
489937,2024,"pct_male_athletes",70.5882352941177
489937,2024,"total_athletes_undup",258
489937,2024,"total_varsity_sports",8
489937,2024,"womens_varsity_sports",4
490805,2024,"female_athletes_undup",129
490805,2024,"male_athletes_undup",175
490805,2024,"mens_varsity_sports",8
490805,2024,"multi_sport_ratio",1.39802631578947
490805,2024,"pct_athletes_overall",6.60008684324794
490805,2024,"pct_female_athletes",5.47305897327111
490805,2024,"pct_male_athletes",7.78123610493553
490805,2024,"total_athletes_undup",304
490805,2024,"total_varsity_sports",17
490805,2024,"womens_varsity_sports",9
492069,2024,"female_athletes_undup",24
492069,2024,"male_athletes_undup",99
492069,2024,"mens_varsity_sports",4
492069,2024,"multi_sport_ratio",1.03252032520325
492069,2024,"pct_athletes_overall",91.1111111111111
492069,2024,"pct_female_athletes",70.5882352941177
492069,2024,"pct_male_athletes",98.019801980198
492069,2024,"total_athletes_undup",123
492069,2024,"total_varsity_sports",6
492069,2024,"womens_varsity_sports",2
497833,2024,"female_athletes_undup",62
497833,2024,"male_athletes_undup",81
497833,2024,"mens_varsity_sports",7
497833,2024,"multi_sport_ratio",1.05594405594406
497833,2024,"pct_athletes_overall",63.8392857142857
497833,2024,"pct_female_athletes",54.3859649122807
497833,2024,"pct_male_athletes",73.6363636363636
497833,2024,"total_athletes_undup",143
497833,2024,"total_varsity_sports",12
497833,2024,"womens_varsity_sports",5
498562,2024,"female_athletes_undup",577
498562,2024,"male_athletes_undup",787
498562,2024,"mens_varsity_sports",10
498562,2024,"multi_sport_ratio",1.24926686217009
498562,2024,"pct_athletes_overall",15.6655564488343
498562,2024,"pct_female_athletes",11.108971890643
498562,2024,"pct_male_athletes",22.4025049814973
498562,2024,"total_athletes_undup",1364
498562,2024,"total_varsity_sports",21
498562,2024,"womens_varsity_sports",11
498571,2024,"female_athletes_undup",439
498571,2024,"male_athletes_undup",675
498571,2024,"mens_varsity_sports",9
498571,2024,"multi_sport_ratio",1.17773788150808
498571,2024,"pct_athletes_overall",17.236577440817
498571,2024,"pct_female_athletes",11.3612836438923
498571,2024,"pct_male_athletes",25.971527510581
498571,2024,"total_athletes_undup",1114
498571,2024,"total_varsity_sports",18
498571,2024,"womens_varsity_sports",9
498623,2024,"female_athletes_undup",30
498623,2024,"male_athletes_undup",57
498623,2024,"mens_varsity_sports",2
498623,2024,"multi_sport_ratio",1
498623,2024,"pct_athletes_overall",79.0909090909091
498623,2024,"pct_female_athletes",85.7142857142857
498623,2024,"pct_male_athletes",76
498623,2024,"total_athletes_undup",87
498623,2024,"total_varsity_sports",4
498623,2024,"womens_varsity_sports",2
