"unitid","athletics_body","athletics_division","athletics_conference","has_football","athletics_classification_raw","athletics_classification_code","athletics_classification_other","athletics_sports_list"
100654,"NCAA","D1","Southwestern Athletic Conference",TRUE,"NCAA Division I-FCS",2,NA,"Baseball; Basketball; Bowling; Football; Golf; Soccer; Softball; Tennis; Track and Field and Cross Country (combined); Volleyball"
100663,"NCAA","D1","American Conference",TRUE,"NCAA Division I-FBS",1,NA,"Baseball; Basketball; Beach Volleyball; Bowling; Football; Golf; Rifle; Soccer; Softball; Tennis; Track and Field and Cross Country (combined); Volleyball"
100706,"NCAA","D2","Gulf South Conference",FALSE,"NCAA Division II without football",5,NA,"Baseball; Basketball; Lacrosse; Soccer; Softball; Track and Field and Cross Country (combined); Volleyball"
100724,"NCAA","D1","Southwestern Athletic Conference",TRUE,"NCAA Division I-FCS",2,NA,"Baseball; Basketball; Bowling; Football; Golf; Soccer; Softball; Tennis; Track and Field and Cross Country (combined); Volleyball"
100751,"NCAA","D1","Southeastern Conference",TRUE,"NCAA Division I-FBS",1,NA,"Baseball; Basketball; Football; Golf; Gymnastics; Rowing; Soccer; Softball; Swimming and Diving (combined); Tennis; Track and Field and Cross Country (combined); Volleyball"
100830,"NCAA","D2","Gulf South Conference",FALSE,"NCAA Division II without football",5,NA,"Baseball; Basketball; Cross Country; Golf; Soccer; Softball; Tennis; Volleyball"
100858,"NCAA","D1","Southeastern Conference",TRUE,"NCAA Division I-FBS",1,NA,"Baseball; Basketball; Equestrian; Football; Golf; Gymnastics; Soccer; Softball; Swimming and Diving (combined); Tennis; Track and Field and Cross Country (combined); Volleyball"
101189,"NAIA","NAIA","Southern States Athletic Conference",TRUE,"NAIA Division I",9,NA,"Baseball; Basketball; Cross Country; Football; Golf; Soccer; Softball; Volleyball"
101435,"NCAA","D3","Collegiate Conference of the South",TRUE,"NCAA Division III with football",6,NA,"Baseball; Basketball; Beach Volleyball; Cross Country; Football; Golf; Lacrosse; Other Sports; Soccer; Softball; Tennis; Track and Field (Outdoor); Volleyball; Wrestling"
101480,"NCAA","D1","Conference USA",TRUE,"NCAA Division I-FBS",1,NA,"Baseball; Basketball; Beach Volleyball; Bowling; Cross Country; Football; Golf; Rifle; Soccer; Softball; Tennis; Track and Field (Indoor); Track and Field (Outdoor); Volleyball"
101587,"NCAA","D2","Gulf South Conference",TRUE,"NCAA Division II with football",4,NA,"Baseball; Basketball; Football; Rodeo; Soccer; Softball; Tennis; Track and Field and Cross Country (combined); Volleyball"
101675,"NCAA","D2","Southern Intercollegiate Athletic Conference",TRUE,"NCAA Division II with football",4,NA,"Baseball; Basketball; Cross Country; Football; Golf; Softball; Track and Field (Outdoor); Volleyball"
101693,"NAIA","NAIA","Southern States Athletic Conference",FALSE,"NAIA Division I",9,NA,"Baseball; Basketball; Beach Volleyball; Bowling; Cross Country; Golf; Other Sports; Soccer; Softball; Tennis; Track and Field (Indoor); Track and Field (Outdoor); Volleyball"
101709,"NCAA","D2","Gulf South Conference",FALSE,"NCAA Division II without football",5,NA,"Baseball; Basketball; Golf; Lacrosse; Other Sports; Soccer; Softball; Swimming; Tennis; Track and Field and Cross Country (combined); Volleyball; Wrestling"
101879,"NCAA","D1","Atlantic Sun Conference",TRUE,"NCAA Division I-FCS",2,NA,"Baseball; Basketball; Beach Volleyball; Cross Country; Football; Golf; Soccer; Softball; Tennis; Volleyball"
101912,"NAIA","NAIA","HBCU Athletic Conference",FALSE,"NAIA Division I",9,NA,"Baseball; Basketball; Soccer; Softball; Volleyball"
102049,"NCAA","D1","Southern Conference",TRUE,"NCAA Division I-FCS",2,NA,"Baseball; Basketball; Football; Golf; Soccer; Softball; Tennis; Track and Field and Cross Country (combined); Volleyball"
102094,"NCAA","D1","Sun Belt Conference",TRUE,"NCAA Division I-FBS",1,NA,"Baseball; Basketball; Cross Country; Football; Golf; Soccer; Softball; Tennis; Track and Field (Indoor); Track and Field (Outdoor); Volleyball"
102234,"NCAA","D2","Southern Intercollegiate Athletic Conference",FALSE,"NCAA Division II without football",5,NA,"Baseball; Basketball; Beach Volleyball; Golf; Soccer; Softball; Tennis; Track and Field and Cross Country (combined); Volleyball"
102270,"NAIA","NAIA","HBCU Athletic Conference",FALSE,"NAIA Division I",9,NA,"Baseball; Basketball; Bowling; Cross Country; Softball; Track and Field (Outdoor); Volleyball"
102298,"NAIA","NAIA","HBCU Athletic Conference",FALSE,"NAIA Division I",9,NA,"Baseball; Basketball; Golf; Soccer; Softball; Track and Field and Cross Country (combined); Volleyball"
102368,"NCAA","D1","Sun Belt Conference",TRUE,"NCAA Division I-FBS",1,NA,"Baseball; Basketball; Football; Golf; Soccer; Softball; Tennis; Track and Field and Cross Country (combined); Volleyball"
102377,"NCAA","D2","Southern Intercollegiate Athletic Conference",TRUE,"NCAA Division II with football",4,NA,"Baseball; Basketball; Cross Country; Football; Softball; Tennis; Track and Field (Indoor); Track and Field (Outdoor); Volleyball"
102395,"USCAA","Other",NA,FALSE,"USCAA",20,NA,"Baseball; Soccer; Softball; Track and Field (Outdoor)"
102553,"NCAA","D2","Great Northwest Athletic Conference",FALSE,"NCAA Division II without football",5,NA,"Basketball; Cross Country; Gymnastics; Ice Hockey; Skiing; Track and Field (Indoor); Track and Field (Outdoor); Volleyball"
102614,"NCAA","D2","Great Northwest Athletic Conference",FALSE,"NCAA Division II without football",5,NA,"Basketball; Cross Country; Ice Hockey; Rifle; Skiing; Swimming; Volleyball"
104151,"NCAA","D1","Big 12 Conference",TRUE,"NCAA Division I-FBS",1,NA,"Baseball; Basketball; Beach Volleyball; Football; Golf; Gymnastics; Ice Hockey; Lacrosse; Other Sports; Soccer; Softball; Swimming and Diving (combined); Tennis; Track and Field and Cross Country (combined); Volleyball; Water Polo; Wrestling"
104179,"NCAA","D1","Big 12 Conference",TRUE,"NCAA Division I-FBS",1,NA,"Baseball; Basketball; Beach Volleyball; Football; Golf; Gymnastics; Other Sports; Soccer; Softball; Swimming and Diving (combined); Tennis; Track and Field and Cross Country (combined); Volleyball"
104425,"NJCAA","Other",NA,FALSE,"NJCAA Division I",12,NA,"Baseball; Basketball; Rodeo; Soccer"
104577,"NJCAA","Other",NA,FALSE,"NJCAA Division I",12,NA,"Baseball; Basketball; Golf; Soccer; Softball; Volleyball"
104586,"NAIA","NAIA","Great Southwest Athletic Conference",FALSE,"NAIA Division II",10,NA,"Baseball; Basketball; Golf; Soccer; Softball; Track and Field and Cross Country (combined); Volleyball; Wrestling"
104708,"NJCAA","Other",NA,FALSE,"NJCAA Division II",13,NA,"Baseball; Basketball; Cross Country; Golf; Soccer; Softball; Tennis; Track and Field (Indoor); Track and Field (Outdoor); Volleyball"
105145,"NJCAA","Other",NA,FALSE,"NJCAA Division II",13,NA,"Baseball; Soccer"
105154,"NJCAA","Other",NA,FALSE,"NJCAA Division II",13,NA,"Baseball; Basketball; Beach Volleyball; Cross Country; Golf; Soccer; Softball; Tennis; Track and Field (Indoor); Track and Field (Outdoor); Volleyball"
105297,"Other","Other",NA,FALSE,"Other",8,"NIRA, USAA and USCAA","Archery; Cross Country; Rodeo"
105330,"NCAA","D1","Big Sky Conference",TRUE,"NCAA Division I-FCS",2,NA,"Basketball; Football; Golf; Soccer; Swimming and Diving (combined); Tennis; Track and Field and Cross Country (combined); Volleyball"
105428,"NJCAA","Other",NA,FALSE,"NJCAA Division II",13,NA,"Baseball; Basketball; Soccer; Softball; Volleyball"
105747,"NJCAA","Other",NA,FALSE,"NJCAA Division II",13,NA,"Baseball; Basketball; Soccer; Softball; Volleyball"
105792,"NJCAA","Other",NA,FALSE,"NJCAA Division II",13,NA,"Baseball; Basketball; Golf; Soccer; Softball; Volleyball"
105899,"NAIA","NAIA","Great Southwest Athletic Conference",TRUE,"NAIA Division I",9,NA,"Baseball; Basketball; Beach Volleyball; Football; Golf; Other Sports; Soccer; Softball; Swimming; Tennis; Track and Field and Cross Country (combined); Volleyball; Wrestling"
106148,"NJCAA","Other",NA,FALSE,"NJCAA Division I",12,NA,"Baseball; Basketball; Soccer; Softball; Volleyball"
106245,"NCAA","D1","Ohio Valley Conference",FALSE,"NCAA Division I without football",3,NA,"Baseball; Basketball; Golf; Soccer; Swimming and Diving (combined); Track and Field and Cross Country (combined); Volleyball; Wrestling"
106306,"NAIA","NAIA","Continental Athletic Conference",TRUE,"NAIA Division I",9,NA,"Baseball; Basketball; Football; Track and Field (Outdoor)"
106342,"NCAA","D3","St. Louis Intercollegiate Athletic Conference",TRUE,"NCAA Division III with football",6,NA,"Baseball; Basketball; Cross Country; Football; Golf; Soccer; Softball; Track and Field (Indoor); Track and Field (Outdoor); Volleyball; Wrestling"
106397,"NCAA","D1","Southeastern Conference",TRUE,"NCAA Division I-FBS",1,NA,"Baseball; Basketball; Football; Golf; Gymnastics; Soccer; Softball; Swimming and Diving (combined); Tennis; Track and Field and Cross Country (combined); Volleyball"
106412,"NCAA","D1","Southwestern Athletic Conference",TRUE,"NCAA Division I-FCS",2,NA,"Baseball; Basketball; Football; Golf; Soccer; Softball; Track and Field and Cross Country (combined); Volleyball"
106458,"NCAA","D1","Sun Belt Conference",TRUE,"NCAA Division I-FBS",1,NA,"Baseball; Basketball; Bowling; Football; Golf; Soccer; Tennis; Track and Field and Cross Country (combined); Volleyball"
106467,"NCAA","D2","Great American Conference",TRUE,"NCAA Division II with football",4,NA,"Baseball; Basketball; Football; Golf; Softball; Tennis; Track and Field and Cross Country (combined); Volleyball"
106485,"NCAA","D2","Great American Conference",TRUE,"NCAA Division II with football",4,NA,"Baseball; Basketball; Cross Country; Football; Golf; Softball; Volleyball"
106704,"NCAA","D1","Atlantic Sun Conference",TRUE,"NCAA Division I-FCS",2,NA,"Baseball; Basketball; Beach Volleyball; Football; Golf; Other Sports; Soccer; Softball; Tennis; Track and Field and Cross Country (combined); Volleyball"
106713,"NAIA","NAIA","American Midwest Conference",FALSE,"NAIA Division I",9,NA,"Baseball; Basketball; Cross Country; Golf; Soccer; Softball; Track and Field (Indoor); Track and Field (Outdoor); Volleyball; Wrestling"
106810,"NAIA","NAIA","American Midwest Conference",FALSE,"NAIA Division I",9,NA,"Baseball; Basketball; Cross Country; Golf; Softball; Volleyball"
107044,"NCAA","D2","Great American Conference",TRUE,"NCAA Division II with football",4,NA,"Baseball; Basketball; Football; Golf; Soccer; Softball; Tennis; Track and Field and Cross Country (combined); Volleyball"
107071,"NCAA","D2","Great American Conference",TRUE,"NCAA Division II with football",4,NA,"Baseball; Basketball; Cross Country; Football; Golf; Softball; Swimming; Tennis; Volleyball"
107080,"NCAA","D3","Southern Collegiate Athletic Conference",TRUE,"NCAA Division III with football",6,NA,"Baseball; Basketball; Beach Volleyball; Cross Country; Football; Golf; Lacrosse; Soccer; Softball; Swimming and Diving (combined); Tennis; Track and Field (Outdoor); Volleyball"
107141,"NAIA","NAIA","Sooner Athletic Conference",FALSE,"NAIA Division I",9,NA,"Basketball; Soccer; Tennis; Track and Field and Cross Country (combined); Volleyball"
107512,"NCAA","D2","Great American Conference",TRUE,"NCAA Division II with football",4,NA,"Baseball; Basketball; Cross Country; Football; Soccer; Softball; Swimming and Diving (combined); Tennis; Track and Field (Indoor); Track and Field (Outdoor); Volleyball; Wrestling"
107558,"NCAA","D3","Southern Collegiate Athletic Conference",FALSE,"NCAA Division III without football",7,NA,"Baseball; Basketball; Other Sports; Soccer; Softball; Swimming; Swimming and Diving (combined); Tennis; Track and Field and Cross Country (combined); Wrestling"
107600,"NAIA","NAIA","HBCU Athletic Conference",FALSE,"NAIA Division I",9,NA,"Baseball; Basketball; Cross Country; Track and Field (Indoor); Track and Field (Outdoor); Volleyball"
107877,"NAIA","NAIA","American Midwest Conference",FALSE,"NAIA Division I",9,NA,"Baseball; Basketball; Golf; Soccer; Softball; Track and Field and Cross Country (combined); Volleyball; Wrestling"
107983,"NCAA","D2","Great American Conference",TRUE,"NCAA Division II with football",4,NA,"Baseball; Basketball; Football; Golf; Rodeo; Softball; Tennis; Track and Field and Cross Country (combined); Volleyball"
108092,"NCAA","D2","Mid-America Intercollegiate Athletics Association",FALSE,"NCAA Division II without football",5,NA,"Baseball; Basketball; Cross Country; Golf; Tennis; Volleyball"
109350,"CCCAA","Other",NA,TRUE,"CCCAA",17,NA,"Baseball; Basketball; Cross Country; Football; Golf; Soccer; Softball; Tennis; Track and Field (Outdoor); Volleyball"
109785,"NCAA","D2","Pacific West Conference",FALSE,"NCAA Division II without football",5,NA,"Baseball; Basketball; Gymnastics; Soccer; Softball; Swimming and Diving (combined); Tennis; Track and Field and Cross Country (combined); Volleyball; Water Polo"
109819,"CCCAA","Other",NA,TRUE,"CCCAA",17,NA,"Baseball; Basketball; Beach Volleyball; Cross Country; Football; Golf; Soccer; Softball; Swimming; Tennis; Track and Field (Outdoor); Volleyball; Wrestling"
110060,"NCCAA","Other",NA,FALSE,"NCCAA Division I",15,NA,"Baseball; Basketball; Soccer"
110097,"NCAA","D2","Pacific West Conference",FALSE,"NCAA Division II without football",5,NA,"Baseball; Basketball; Golf; Soccer; Softball; Swimming and Diving (combined); Tennis; Track and Field and Cross Country (combined); Volleyball; Water Polo"
110361,"NCAA","D1","Western Athletic Conference",FALSE,"NCAA Division I without football",3,NA,"Baseball; Basketball; Cross Country; Golf; Other Sports; Soccer; Softball; Swimming and Diving (combined); Track and Field (Outdoor); Volleyball; Water Polo; Wrestling"
110404,"NCAA","D3","Southern California Intercollegiate Athletic Conference",FALSE,"NCAA Division III without football",7,NA,"Baseball; Basketball; Cross Country; Soccer; Swimming and Diving (combined); Tennis; Track and Field (Outdoor); Volleyball; Water Polo"
110413,"NCAA","D3","Southern California Intercollegiate Athletic Conference",TRUE,"NCAA Division III with football",6,NA,"Baseball; Basketball; Cross Country; Football; Golf; Lacrosse; Soccer; Softball; Swimming; Tennis; Track and Field (Outdoor); Volleyball; Water Polo"
110422,"NCAA","D1","Big West Conference",TRUE,"NCAA Division I-FCS",2,NA,"Baseball; Basketball; Beach Volleyball; Football; Golf; Soccer; Softball; Swimming; Tennis; Track and Field and Cross Country (combined); Volleyball; Wrestling"
110486,"NCAA","D1","Big West Conference",FALSE,"NCAA Division I without football",3,NA,"Baseball; Basketball; Beach Volleyball; Golf; Soccer; Softball; Swimming and Diving (combined); Track and Field (Outdoor); Track and Field and Cross Country (combined); Volleyball; Wrestling"
110495,"NCAA","D2","California Collegiate Athletic Association",FALSE,"NCAA Division II without football",5,NA,"Baseball; Basketball; Golf; Soccer; Softball; Tennis; Track and Field and Cross Country (combined); Volleyball"
110510,"NCAA","D2","California Collegiate Athletic Association",FALSE,"NCAA Division II without football",5,NA,"Baseball; Basketball; Cross Country; Golf; Soccer; Softball; Track and Field (Outdoor); Volleyball"
110529,"NCAA","D2","California Collegiate Athletic Association",FALSE,"NCAA Division II without football",5,NA,"Baseball; Basketball; Soccer; Track and Field and Cross Country (combined); Volleyball"
110538,"NCAA","D2","California Collegiate Athletic Association",FALSE,"NCAA Division II without football",5,NA,"Baseball; Basketball; Cross Country; Golf; Soccer; Softball; Track and Field (Outdoor); Volleyball"
110547,"NCAA","D2","California Collegiate Athletic Association",FALSE,"NCAA Division II without football",5,NA,"Baseball; Basketball; Golf; Soccer; Softball; Track and Field (Indoor); Track and Field (Outdoor); Volleyball"
110556,"NCAA","D1","Mountain West Conference",TRUE,"NCAA Division I-FBS",1,NA,"Baseball; Basketball; Equestrian; Football; Golf; Soccer; Softball; Swimming and Diving (combined); Tennis; Track and Field and Cross Country (combined); Volleyball; Water Polo"
110565,"NCAA","D1","Big West Conference",FALSE,"NCAA Division I without football",3,NA,"Baseball; Basketball; Golf; Soccer; Softball; Tennis; Track and Field and Cross Country (combined); Volleyball; Water Polo"
110574,"NCAA","D2","California Collegiate Athletic Association",FALSE,"NCAA Division II without football",5,NA,"Baseball; Basketball; Golf; Soccer; Softball; Swimming; Track and Field and Cross Country (combined); Volleyball"
110583,"NCAA","D1","Big West Conference",FALSE,"NCAA Division I without football",3,NA,"Baseball; Basketball; Beach Volleyball; Golf; Soccer; Softball; Tennis; Track and Field and Cross Country (combined); Volleyball; Water Polo"
110592,"NCAA","D2","California Collegiate Athletic Association",FALSE,"NCAA Division II without football",5,NA,"Baseball; Basketball; Beach Volleyball; Cross Country; Golf; Soccer; Tennis; Track and Field (Indoor); Track and Field (Outdoor); Volleyball"
110608,"NCAA","D1","Big West Conference",FALSE,"NCAA Division I without football",3,NA,"Baseball; Basketball; Beach Volleyball; Golf; Soccer; Softball; Tennis; Track and Field and Cross Country (combined); Volleyball; Water Polo"
110617,"NCAA","D1","Big Sky Conference",TRUE,"NCAA Division I-FCS",2,NA,"Baseball; Basketball; Beach Volleyball; Football; Golf; Gymnastics; Rowing; Soccer; Softball; Tennis; Track and Field and Cross Country (combined); Volleyball"
110635,"NCAA","D1","Atlantic Coast Conference",TRUE,"NCAA Division I-FBS",1,NA,"Baseball; Basketball; Beach Volleyball; Field Hockey; Football; Golf; Gymnastics; Lacrosse; Other Sports; Rowing; Soccer; Softball; Swimming and Diving (combined); Tennis; Track and Field and Cross Country (combined); Volleyball; Water Polo"
110644,"NCAA","D1","Big West Conference",TRUE,"NCAA Division I-FCS",2,NA,"Baseball; Basketball; Beach Volleyball; Equestrian; Field Hockey; Football; Golf; Gymnastics; Lacrosse; Soccer; Softball; Swimming and Diving (combined); Tennis; Track and Field and Cross Country (combined); Volleyball; Water Polo"
110653,"NCAA","D1","Big West Conference",FALSE,"NCAA Division I without football",3,NA,"Baseball; Basketball; Cross Country; Golf; Soccer; Tennis; Track and Field (Indoor); Track and Field (Outdoor); Volleyball; Water Polo"
110662,"NCAA","D1","Big Ten Conference",TRUE,"NCAA Division I-FBS",1,NA,"Baseball; Basketball; Beach Volleyball; Football; Golf; Gymnastics; Rowing; Soccer; Softball; Swimming and Diving (combined); Tennis; Track and Field and Cross Country (combined); Volleyball; Water Polo"
110671,"NCAA","D1","Big West Conference",FALSE,"NCAA Division I without football",3,NA,"Baseball; Basketball; Golf; Soccer; Softball; Tennis; Track and Field and Cross Country (combined); Volleyball"
110680,"NCAA","D1","Big West Conference",FALSE,"NCAA Division I without football",3,NA,"Baseball; Basketball; Fencing; Golf; Rowing; Soccer; Softball; Swimming; Tennis; Track and Field and Cross Country (combined); Volleyball; Water Polo"
110705,"NCAA","D1","Big West Conference",FALSE,"NCAA Division I without football",3,NA,"Baseball; Basketball; Cross Country; Golf; Soccer; Softball; Swimming; Tennis; Track and Field (Indoor); Track and Field (Outdoor); Volleyball; Water Polo"
110714,"NCAA","D3","Coast to Coast Athletic Conference",FALSE,"NCAA Division III without football",7,NA,"Basketball; Golf; Soccer; Swimming and Diving (combined); Tennis; Track and Field and Cross Country (combined); Volleyball"
111188,"NAIA","NAIA",NA,FALSE,"NAIA Division I",9,NA,"Basketball; Cross Country; Golf; Other Sports; Rowing; Sailing; Soccer; Water Polo"
111948,"NCAA","D3","Southern California Intercollegiate Athletic Conference",TRUE,"NCAA Division III with football",6,NA,"Baseball; Basketball; Cross Country; Football; Golf; Lacrosse; Soccer; Softball; Swimming and Diving (combined); Tennis; Track and Field (Indoor); Track and Field (Outdoor); Volleyball; Water Polo"
112075,"NCAA","D2","Pacific West Conference",FALSE,"NCAA Division II without football",5,NA,"Baseball; Basketball; Beach Volleyball; Lacrosse; Other Sports; Soccer; Softball; Swimming; Swimming and Diving (combined); Tennis; Track and Field and Cross Country (combined); Volleyball; Water Polo"
112260,"NCAA","D3",NA,TRUE,"NCAA Division III with football",6,NA,"Baseball; Basketball; Cross Country; Football; Golf; Lacrosse; Soccer; Softball; Swimming and Diving (combined); Tennis; Track and Field (Indoor); Track and Field (Outdoor); Volleyball; Water Polo"
113111,"CCCAA","Other",NA,FALSE,"CCCAA",17,NA,"Cross Country; Swimming; Water Polo"
113236,"CCCAA","Other",NA,FALSE,"CCCAA",17,NA,"Baseball; Basketball; Beach Volleyball; Golf; Soccer; Softball; Swimming and Diving (combined); Volleyball; Water Polo"
113698,"NCAA","D2","Pacific West Conference",FALSE,"NCAA Division II without football",5,NA,"Basketball; Golf; Lacrosse; Soccer; Softball; Tennis; Track and Field and Cross Country (combined); Volleyball"
114433,"CCCAA","Other",NA,TRUE,"CCCAA",17,NA,"Baseball; Basketball; Beach Volleyball; Football; Rodeo; Soccer; Softball; Volleyball"
114716,"CCCAA","Other",NA,TRUE,"CCCAA",17,NA,"Badminton; Basketball; Football; Soccer; Swimming; Tennis"
114789,"CCCAA","Other",NA,TRUE,"CCCAA",17,NA,"Badminton; Baseball; Basketball; Beach Volleyball; Cross Country; Football; Golf; Soccer; Softball; Swimming and Diving (combined); Tennis; Track and Field (Outdoor); Volleyball; Water Polo; Wrestling"
114813,"NCAA","D2","Pacific West Conference",FALSE,"NCAA Division II without football",5,NA,"Baseball; Basketball; Soccer; Swimming; Tennis; Track and Field and Cross Country (combined); Volleyball; Water Polo"
115755,"NCAA","D2","California Collegiate Athletic Association",FALSE,"NCAA Division II without football",5,NA,"Basketball; Cross Country; Other Sports; Rowing; Soccer; Softball; Track and Field (Outdoor); Volleyball; Wrestling"
117104,"NAIA","NAIA","Great Southwest Athletic Conference",FALSE,"NAIA Division I",9,NA,"Basketball; Beach Volleyball; Soccer; Volleyball"
117140,"NCAA","D3","Southern California Intercollegiate Athletic Conference",TRUE,"NCAA Division III with football",6,NA,"Baseball; Basketball; Cross Country; Football; Golf; Soccer; Softball; Swimming; Track and Field (Outdoor); Volleyball; Water Polo"
117627,"NAIA","NAIA","Great Southwest Athletic Conference",FALSE,"NAIA Division II",10,NA,"Baseball; Basketball; Cross Country; Soccer; Softball; Track and Field (Outdoor); Volleyball"
117733,"CCCAA","Other",NA,TRUE,"CCCAA",17,NA,"Baseball; Basketball; Football; Soccer; Softball; Swimming and Diving (combined); Water Polo"
117751,"NAIA","NAIA",NA,FALSE,"NAIA Division I",9,NA,"Baseball; Basketball; Beach Volleyball; Golf; Soccer; Swimming; Track and Field and Cross Country (combined); Volleyball"
117867,"CCCAA","Other",NA,FALSE,"CCCAA",17,NA,"Baseball; Basketball; Cross Country; Soccer; Softball; Tennis; Volleyball"
117946,"NCAA","D1","West Coast Conference",FALSE,"NCAA Division I without football",3,NA,"Baseball; Basketball; Beach Volleyball; Cross Country; Golf; Soccer; Softball; Tennis; Volleyball; Water Polo"
118693,"NCAA","D2",NA,FALSE,"NCAA Division II with football",4,NA,"Baseball; Basketball; Golf; Soccer; Softball; Tennis; Volleyball; Wrestling"
118912,"CCCAA","Other",NA,FALSE,"CCCAA",17,NA,"Basketball; Beach Volleyball; Soccer; Volleyball"
118976,"CCCAA","Other",NA,TRUE,"CCCAA",17,NA,"Baseball; Basketball; Cross Country; Football; Golf; Soccer; Softball; Swimming; Tennis; Track and Field (Outdoor); Volleyball; Water Polo; Wrestling"
119137,"CCCAA","Other",NA,TRUE,"CCCAA",17,NA,"Baseball; Basketball; Beach Volleyball; Cross Country; Football; Golf; Soccer; Softball; Track and Field (Outdoor); Volleyball; Wrestling"
120254,"NCAA","D3","Southern California Intercollegiate Athletic Conference",FALSE,"NCAA Division III without football",7,NA,"Baseball; Basketball; Golf; Lacrosse; Soccer; Softball; Swimming and Diving (combined); Tennis; Track and Field and Cross Country (combined); Volleyball; Water Polo"
120537,"NAIA","NAIA","Great Southwest Athletic Conference",FALSE,"NAIA Division I",9,NA,"Baseball; Basketball; Beach Volleyball; Golf; Other Sports; Soccer; Softball; Tennis; Track and Field and Cross Country (combined); Volleyball; Wrestling"
120865,"NAIA","NAIA","California Pacific Conference",FALSE,"NAIA Division II",10,NA,"Basketball; Cross Country; Soccer; Volleyball"
120883,"NCAA","D1","West Coast Conference",FALSE,"NCAA Division I without football",3,NA,"Baseball; Basketball; Beach Volleyball; Cross Country; Golf; Soccer; Softball; Swimming; Tennis; Track and Field (Outdoor); Volleyball; Water Polo"
121150,"NCAA","D1","West Coast Conference",FALSE,"NCAA Division I without football",3,NA,"Baseball; Basketball; Beach Volleyball; Cross Country; Golf; Soccer; Swimming and Diving (combined); Tennis; Track and Field (Outdoor); Track and Field and Cross Country (combined); Volleyball; Water Polo"
121257,"NCAA","D3",NA,TRUE,"NCAA Division III with football",6,NA,"Baseball; Basketball; Cross Country; Football; Golf; Lacrosse; Soccer; Softball; Swimming and Diving (combined); Tennis; Track and Field (Outdoor); Volleyball; Water Polo"
121309,"NCAA","D2","Pacific West Conference",FALSE,"NCAA Division II without football",5,NA,"Baseball; Basketball; Golf; Soccer; Tennis; Track and Field and Cross Country (combined); Volleyball"
121345,"NCAA","D3",NA,TRUE,"NCAA Division III with football",6,NA,"Baseball; Basketball; Cross Country; Football; Golf; Lacrosse; Soccer; Softball; Swimming and Diving (combined); Tennis; Track and Field (Outdoor); Volleyball; Water Polo"
121619,"CCCAA","Other",NA,TRUE,"CCCAA",17,NA,"Baseball; Basketball; Beach Volleyball; Football; Soccer; Softball; Track and Field (Outdoor); Volleyball; Wrestling"
121691,"NCAA","D3","Southern California Intercollegiate Athletic Conference",TRUE,"NCAA Division III with football",6,NA,"Baseball; Basketball; Cross Country; Football; Golf; Lacrosse; Soccer; Softball; Swimming; Tennis; Track and Field (Outdoor); Volleyball; Water Polo"
121886,"CCCAA","Other",NA,FALSE,"CCCAA",17,NA,"Baseball; Basketball; Soccer; Softball; Swimming; Tennis; Volleyball; Water Polo; Wrestling"
122375,"CCCAA","Other",NA,TRUE,"CCCAA",17,NA,"Badminton; Baseball; Basketball; Beach Volleyball; Cross Country; Football; Soccer; Softball; Swimming and Diving (combined); Track and Field (Outdoor); Volleyball; Water Polo"
122409,"NCAA","D1","Mountain West Conference",TRUE,"NCAA Division I-FBS",1,NA,"Baseball; Basketball; Football; Golf; Lacrosse; Soccer; Softball; Swimming and Diving (combined); Tennis; Track and Field and Cross Country (combined); Volleyball; Water Polo"
122436,"NCAA","D1","West Coast Conference",TRUE,"NCAA Division I-FCS",2,NA,"Baseball; Basketball; Cross Country; Football; Golf; Rowing; Soccer; Softball; Swimming and Diving (combined); Tennis; Track and Field and Cross Country (combined); Volleyball"
122597,"NCAA","D2","California Collegiate Athletic Association",FALSE,"NCAA Division II without football",5,NA,"Baseball; Basketball; Cross Country; Soccer; Softball; Track and Field (Outdoor); Volleyball; Wrestling"
122612,"NCAA","D1","West Coast Conference",FALSE,"NCAA Division I without football",3,NA,"Baseball; Basketball; Beach Volleyball; Cross Country; Golf; Other Sports; Soccer; Track and Field (Outdoor); Track and Field and Cross Country (combined); Volleyball"
122728,"NCAA","D2",NA,FALSE,"NCAA Division II without football",5,NA,"Baseball; Basketball; Golf; Other Sports; Soccer; Softball; Tennis; Track and Field and Cross Country (combined); Volleyball"
122755,"NCAA","D1","Mountain West Conference",TRUE,"NCAA Division I-FBS",1,NA,"Baseball; Basketball; Beach Volleyball; Football; Golf; Gymnastics; Soccer; Softball; Swimming and Diving (combined); Tennis; Track and Field and Cross Country (combined); Volleyball; Water Polo"
122931,"NCAA","D1","West Coast Conference",FALSE,"NCAA Division I without football",3,NA,"Baseball; Basketball; Beach Volleyball; Cross Country; Golf; Rowing; Soccer; Softball; Tennis; Track and Field (Indoor); Track and Field (Outdoor); Volleyball; Water Polo"
122977,"CCCAA","Other",NA,TRUE,"CCCAA",17,NA,"Basketball; Beach Volleyball; Cross Country; Football; Soccer; Softball; Swimming; Swimming and Diving (combined); Tennis; Track and Field (Outdoor); Volleyball; Water Polo"
123299,"CCCAA","Other",NA,TRUE,"CCCAA",17,NA,"Baseball; Basketball; Cross Country; Football; Soccer; Softball; Swimming and Diving (combined); Tennis; Track and Field (Outdoor); Volleyball; Wrestling"
123457,"NAIA","NAIA","California Pacific Conference",TRUE,"NAIA Division II",10,NA,"Baseball; Basketball; Beach Volleyball; Cross Country; Football; Golf; Other Sports; Soccer; Softball; Swimming; Track and Field (Outdoor); Volleyball; Wrestling"
123509,"CCCAA","Other",NA,FALSE,"CCCAA",17,NA,"Baseball; Basketball; Soccer; Volleyball; Wrestling"
123554,"NCAA","D1","West Coast Conference",FALSE,"NCAA Division I without football",3,NA,"Baseball; Basketball; Beach Volleyball; Cross Country; Golf; Rowing; Soccer; Softball; Tennis; Track and Field (Indoor); Track and Field (Outdoor); Volleyball"
123563,"CCCAA","Other",NA,FALSE,"CCCAA",17,NA,"Baseball; Basketball; Beach Volleyball; Soccer; Softball; Swimming; Tennis; Volleyball"
123572,"NCAA","D2",NA,FALSE,"NCAA Division II without football",5,NA,"Baseball; Basketball; Cross Country; Golf; Soccer; Softball; Track and Field (Indoor); Track and Field (Outdoor); Volleyball"
123651,"NCAA","D2",NA,FALSE,"NCAA Division II without football",5,NA,"Baseball; Basketball; Beach Volleyball; Golf; Other Sports; Soccer; Softball; Track and Field and Cross Country (combined); Volleyball; Wrestling"
123961,"NCAA","D1","Big Ten Conference",TRUE,"NCAA Division I-FBS",1,NA,"Baseball; Basketball; Beach Volleyball; Football; Golf; Lacrosse; Rowing; Soccer; Swimming and Diving (combined); Tennis; Track and Field and Cross Country (combined); Volleyball; Water Polo"
124113,"CCCAA","Other",NA,FALSE,"CCCAA",17,NA,"Baseball; Basketball; Golf; Soccer; Softball; Volleyball"
125471,"CCCAA","Other",NA,TRUE,"CCCAA",17,NA,"Baseball; Basketball; Cross Country; Football; Soccer; Track and Field (Outdoor); Volleyball"
125727,"NCAA","D2","Pacific West Conference",FALSE,"NCAA Division II without football",5,NA,"Baseball; Basketball; Golf; Soccer; Swimming; Tennis; Track and Field and Cross Country (combined); Volleyball"
125763,"NCAA","D3","Southern California Intercollegiate Athletic Conference",FALSE,"NCAA Division III without football",7,NA,"Baseball; Basketball; Lacrosse; Soccer; Softball; Swimming and Diving (combined); Tennis; Track and Field and Cross Country (combined); Volleyball; Water Polo"
126182,"NCAA","D2","Rocky Mountain Athletic Conference",TRUE,"NCAA Division II with football",4,NA,"Baseball; Basketball; Football; Golf; Lacrosse; Soccer; Softball; Swimming; Track and Field and Cross Country (combined); Volleyball; Wrestling"
126580,"NCAA","D2","Rocky Mountain Athletic Conference",FALSE,"NCAA Division II without football",5,NA,"Baseball; Basketball; Lacrosse; Soccer; Softball; Track and Field and Cross Country (combined); Volleyball"
126614,"NCAA","D1","Big 12 Conference",TRUE,"NCAA Division I-FBS",1,NA,"Basketball; Football; Golf; Lacrosse; Skiing; Soccer; Tennis; Track and Field and Cross Country (combined); Volleyball"
126669,"NCAA","D2","Rocky Mountain Athletic Conference",FALSE,"NCAA Division II without football",5,NA,"Baseball; Basketball; Golf; Soccer; Softball; Track and Field and Cross Country (combined); Volleyball"
126678,"NCAA","D3","Southern Collegiate Athletic Conference",FALSE,"NCAA Division III without football",7,NA,"Basketball; Cross Country; Ice Hockey; Lacrosse; Soccer; Swimming and Diving (combined); Tennis; Track and Field (Indoor); Track and Field (Outdoor); Volleyball"
126711,"Other","Other",NA,FALSE,"Other",8,"Non Affiliated Junior College","Skiing"
126748,"NJCAA","Other",NA,FALSE,"NJCAA Division I",12,NA,"Baseball; Basketball; Rodeo; Soccer; Softball; Volleyball"
126775,"NCAA","D2","Rocky Mountain Athletic Conference",TRUE,"NCAA Division II with football",4,NA,"Baseball; Basketball; Cross Country; Football; Golf; Soccer; Softball; Swimming; Track and Field (Indoor); Track and Field (Outdoor); Volleyball; Wrestling"
126818,"NCAA","D1","Mountain West Conference",TRUE,"NCAA Division I-FBS",1,NA,"Basketball; Football; Golf; Soccer; Softball; Swimming and Diving (combined); Tennis; Track and Field and Cross Country (combined); Volleyball"
127060,"NCAA","D1","Summit League",FALSE,"NCAA Division I without football",3,NA,"Basketball; Golf; Gymnastics; Ice Hockey; Lacrosse; Other Sports; Skiing; Soccer; Swimming and Diving (combined); Tennis; Volleyball"
127185,"NCAA","D2","Rocky Mountain Athletic Conference",TRUE,"NCAA Division II with football",4,NA,"Basketball; Football; Golf; Lacrosse; Soccer; Softball; Track and Field and Cross Country (combined); Volleyball"
127556,"NCAA","D2","Rocky Mountain Athletic Conference",TRUE,"NCAA Division II with football",4,NA,"Baseball; Basketball; Beach Volleyball; Football; Golf; Lacrosse; Other Sports; Soccer; Softball; Swimming and Diving (combined); Tennis; Track and Field and Cross Country (combined); Volleyball; Wrestling"
127565,"NCAA","D2","Rocky Mountain Athletic Conference",FALSE,"NCAA Division II without football",5,NA,"Baseball; Basketball; Golf; Soccer; Softball; Tennis; Track and Field and Cross Country (combined); Volleyball"
127741,"NCAA","D1","Big Sky Conference",TRUE,"NCAA Division I-FCS",2,NA,"Baseball; Basketball; Football; Golf; Soccer; Softball; Swimming and Diving (combined); Track and Field and Cross Country (combined); Volleyball; Wrestling"
127918,"NCAA","D2","Rocky Mountain Athletic Conference",FALSE,"NCAA Division II without football",5,NA,"Baseball; Basketball; Cross Country; Lacrosse; Soccer; Softball; Track and Field (Indoor); Track and Field (Outdoor); Volleyball"
128106,"NCAA","D2","Rocky Mountain Athletic Conference",TRUE,"NCAA Division II with football",4,NA,"Baseball; Basketball; Football; Golf; Lacrosse; Soccer; Softball; Swimming; Tennis; Track and Field and Cross Country (combined); Volleyball; Wrestling"
128258,"NJCAA","Other",NA,FALSE,"NJCAA Division I",12,NA,"Baseball; Basketball; Beach Volleyball; Soccer; Softball; Track and Field and Cross Country (combined); Volleyball; Wrestling"
128391,"NCAA","D2","Rocky Mountain Athletic Conference",TRUE,"NCAA Division II with football",4,NA,"Basketball; Football; Soccer; Swimming and Diving (combined); Track and Field and Cross Country (combined); Volleyball; Wrestling"
128498,"NCAA","D3","Great Northeast Athletic Conference",FALSE,"NCAA Division III without football",7,NA,"Baseball; Basketball; Field Hockey; Golf; Ice Hockey; Lacrosse; Soccer; Softball; Swimming; Tennis; Volleyball"
128744,"NCAA","D2","Central Atlantic Collegiate Conference",FALSE,"NCAA Division II without football",5,NA,"Baseball; Basketball; Gymnastics; Lacrosse; Soccer; Softball; Track and Field and Cross Country (combined); Volleyball"
128771,"NCAA","D1","NEC",TRUE,"NCAA Division I-FCS",2,NA,"Baseball; Basketball; Football; Lacrosse; Soccer; Softball; Swimming and Diving (combined); Track and Field and Cross Country (combined); Volleyball"
128902,"NCAA","D3","New England Small College Athletic Conference",FALSE,"NCAA Division III without football",7,NA,"Basketball; Cross Country; Field Hockey; Ice Hockey; Lacrosse; Rowing; Sailing; Soccer; Squash; Swimming and Diving (combined); Tennis; Track and Field (Indoor); Track and Field (Outdoor); Volleyball; Water Polo"
129020,"NCAA","D1","Big East Conference",TRUE,"NCAA Division I-FBS",1,NA,"Baseball; Basketball; Field Hockey; Football; Golf; Ice Hockey; Lacrosse; Rowing; Soccer; Softball; Swimming and Diving (combined); Tennis; Track and Field and Cross Country (combined); Volleyball"
129215,"NCAA","D3","Little East Conference",FALSE,"NCAA Division III without football",7,NA,"Baseball; Basketball; Field Hockey; Golf; Lacrosse; Soccer; Softball; Swimming; Track and Field and Cross Country (combined); Volleyball"
129242,"NCAA","D1","Metro Atlantic Athletic Conference",FALSE,"NCAA Division I without football",3,NA,"Baseball; Basketball; Cross Country; Field Hockey; Golf; Lacrosse; Rowing; Soccer; Softball; Swimming and Diving (combined); Tennis; Volleyball"
129525,"NCAA","D3","Conference of New England",FALSE,"NCAA Division III without football",7,NA,"Baseball; Basketball; Cross Country; Golf; Lacrosse; Soccer; Softball; Track and Field (Indoor); Track and Field (Outdoor); Volleyball"
129774,"NCAA","D3","Great Northeast Athletic Conference",FALSE,"NCAA Division III without football",7,NA,"Baseball; Basketball; Cross Country; Golf; Lacrosse; Soccer; Softball; Volleyball"
129941,"NCAA","D2",NA,TRUE,"NCAA Division II with football",4,NA,"Baseball; Basketball; Field Hockey; Football; Golf; Lacrosse; Other Sports; Soccer; Softball; Tennis; Track and Field and Cross Country (combined); Volleyball"
130226,"NCAA","D1","Metro Atlantic Athletic Conference",FALSE,"NCAA Division I without football",3,NA,"Baseball; Basketball; Cross Country; Field Hockey; Golf; Ice Hockey; Lacrosse; Other Sports; Soccer; Softball; Tennis; Track and Field and Cross Country (combined); Volleyball"
130253,"NCAA","D1","Metro Atlantic Athletic Conference",TRUE,"NCAA Division I-FCS",2,NA,"Baseball; Basketball; Bowling; Equestrian; Fencing; Field Hockey; Football; Golf; Ice Hockey; Lacrosse; Other Sports; Rowing; Soccer; Softball; Swimming and Diving (combined); Tennis; Track and Field and Cross Country (combined); Volleyball; Wrestling"
130314,"NCAA","D3","Great Northeast Athletic Conference",FALSE,"NCAA Division III without football",7,NA,"Baseball; Basketball; Cross Country; Field Hockey; Lacrosse; Soccer; Softball; Swimming; Swimming and Diving (combined); Tennis; Volleyball"
130493,"NCAA","D2","Northeast-10 Conference",TRUE,"NCAA Division II with football",4,NA,"Baseball; Basketball; Field Hockey; Football; Gymnastics; Lacrosse; Soccer; Softball; Swimming; Swimming and Diving (combined); Track and Field and Cross Country (combined); Volleyball"
130590,"NCAA","D3","New England Small College Athletic Conference",TRUE,"NCAA Division III with football",6,NA,"Baseball; Basketball; Field Hockey; Football; Golf; Ice Hockey; Lacrosse; Rowing; Soccer; Softball; Squash; Swimming and Diving (combined); Tennis; Track and Field and Cross Country (combined); Volleyball; Wrestling"
130697,"NCAA","D3","New England Small College Athletic Conference",TRUE,"NCAA Division III with football",6,NA,"Baseball; Basketball; Field Hockey; Football; Golf; Ice Hockey; Lacrosse; Rowing; Soccer; Softball; Squash; Swimming; Swimming and Diving (combined); Tennis; Track and Field and Cross Country (combined); Volleyball; Wrestling"
130776,"NCAA","D3","Little East Conference",TRUE,"NCAA Division III with football",6,NA,"Baseball; Basketball; Cross Country; Field Hockey; Football; Golf; Lacrosse; Soccer; Softball; Tennis; Track and Field (Indoor); Track and Field (Outdoor); Volleyball"
130794,"NCAA","D1","Ivy League",TRUE,"NCAA Division I-FCS",2,NA,"Baseball; Basketball; Fencing; Field Hockey; Football; Golf; Gymnastics; Ice Hockey; Lacrosse; Other Sports; Rowing; Sailing; Soccer; Softball; Squash; Swimming and Diving (combined); Tennis; Track and Field and Cross Country (combined); Volleyball"
130907,"Other","Other",NA,FALSE,"Other",8,"NJCAA D2 - Lax Non-divisional","Baseball; Basketball; Cross Country; Lacrosse; Softball; Volleyball"
130934,"NCAA","D1","Mid-Eastern Athletic Conference",TRUE,"NCAA Division I-FCS",2,NA,"Baseball; Basketball; Bowling; Equestrian; Football; Golf; Lacrosse; Other Sports; Soccer; Softball; Tennis; Track and Field and Cross Country (combined); Volleyball"
130943,"NCAA","D1","Conference USA",TRUE,"NCAA Division I-FCS",2,NA,"Baseball; Basketball; Cross Country; Field Hockey; Football; Golf; Lacrosse; Rowing; Soccer; Softball; Swimming and Diving (combined); Tennis; Track and Field (Indoor); Track and Field (Outdoor); Volleyball"
130989,"NCAA","D2","Central Atlantic Collegiate Conference",FALSE,"NCAA Division II without football",5,NA,"Baseball; Basketball; Cross Country; Golf; Soccer; Softball; Tennis; Track and Field (Outdoor); Volleyball"
131113,"NCAA","D2","Central Atlantic Collegiate Conference",FALSE,"NCAA Division II without football",5,NA,"Baseball; Basketball; Bowling; Cross Country; Golf; Lacrosse; Soccer; Softball; Tennis; Track and Field (Outdoor); Volleyball"
131159,"NCAA","D1","Patriot League",FALSE,"NCAA Division I without football",3,NA,"Basketball; Field Hockey; Lacrosse; Soccer; Swimming and Diving (combined); Track and Field and Cross Country (combined); Volleyball; Wrestling"
131283,"NCAA","D3","Landmark Conference",TRUE,"NCAA Division III with football",6,NA,"Baseball; Basketball; Field Hockey; Football; Golf; Lacrosse; Rowing; Soccer; Softball; Swimming and Diving (combined); Tennis; Track and Field and Cross Country (combined); Volleyball"
131399,"NCAA","D2","East Coast Conference",FALSE,"NCAA Division II without football",5,NA,"Basketball; Cross Country; Lacrosse; Soccer; Tennis; Track and Field (Indoor); Track and Field (Outdoor)"
131450,"NCAA","D3","United East Conference",TRUE,"NCAA Division III with football",6,NA,"Basketball; Cross Country; Football; Other Sports; Soccer; Softball; Swimming; Track and Field (Indoor); Track and Field (Outdoor); Volleyball"
131469,"NCAA","D1","Atlantic 10 Conference",FALSE,"NCAA Division I without football",3,NA,"Baseball; Basketball; Golf; Gymnastics; Lacrosse; Rowing; Soccer; Softball; Swimming and Diving (combined); Tennis; Track and Field and Cross Country (combined); Volleyball; Water Polo"
131496,"NCAA","D1","Big East Conference",TRUE,"NCAA Division I-FCS",2,NA,"Baseball; Basketball; Field Hockey; Football; Golf; Lacrosse; Rowing; Sailing; Soccer; Softball; Squash; Swimming and Diving (combined); Tennis; Track and Field and Cross Country (combined); Volleyball"
131520,"NCAA","D1","Mid-Eastern Athletic Conference",TRUE,"NCAA Division I-FCS",2,NA,"Basketball; Bowling; Football; Golf; Lacrosse; Soccer; Softball; Swimming and Diving (combined); Tennis; Track and Field and Cross Country (combined); Volleyball"
131876,"NCAA","D3","Independent",FALSE,"NCAA Division III without football",7,NA,"Basketball; Lacrosse; Soccer; Tennis; Volleyball"
132471,"NCAA","D2","Sunshine State Conference",FALSE,"NCAA Division II without football",5,NA,"Baseball; Basketball; Beach Volleyball; Cross Country; Golf; Rowing; Soccer; Softball; Swimming; Tennis; Track and Field (Outdoor); Volleyball"
132602,"NCAA","D1","Southwestern Athletic Conference",TRUE,"NCAA Division I-FCS",2,NA,"Baseball; Basketball; Cross Country; Football; Golf; Softball; Tennis; Track and Field (Indoor); Track and Field (Outdoor); Volleyball"
132657,"NCAA","D2","Sunshine State Conference",FALSE,"NCAA Division II without football",5,NA,"Baseball; Basketball; Golf; Lacrosse; Soccer; Softball; Swimming; Tennis; Track and Field and Cross Country (combined); Volleyball"
132693,"NJCAA","Other",NA,FALSE,"NJCAA Division I",12,NA,"Baseball; Basketball; Cross Country; Golf; Soccer; Softball; Tennis; Volleyball"
132851,"NJCAA","Other",NA,FALSE,"NJCAA Division I",12,NA,"Baseball; Cross Country; Softball"
132903,"NCAA","D1","Big 12 Conference",TRUE,"NCAA Division I-FBS",1,NA,"Baseball; Basketball; Football; Golf; Rowing; Soccer; Softball; Tennis; Track and Field and Cross Country (combined); Volleyball"
133021,"NJCAA","Other",NA,FALSE,"NJCAA Division I",12,NA,"Baseball; Basketball; Cross Country; Softball"
133386,"NJCAA","Other",NA,FALSE,"NJCAA Division I",12,NA,"Baseball; Basketball; Cross Country; Golf; Other Sports; Soccer; Softball; Volleyball"
133492,"NCAA","D2","Sunshine State Conference",FALSE,"NCAA Division II without football",5,NA,"Baseball; Basketball; Beach Volleyball; Golf; Sailing; Soccer; Softball; Tennis; Volleyball"
133508,"NJCAA","Other",NA,FALSE,"NJCAA Division I",12,NA,"Baseball; Basketball; Softball; Volleyball"
133526,"NCAA","D2","Southern Intercollegiate Athletic Conference",TRUE,"NCAA Division II with football",4,NA,"Baseball; Basketball; Football; Golf; Soccer; Softball; Tennis; Track and Field and Cross Country (combined); Volleyball"
133553,"NCAA","D2",NA,FALSE,"NCAA Division II without football",5,NA,"Baseball; Basketball; Golf; Lacrosse; Other Sports; Rowing; Soccer; Softball; Tennis; Track and Field and Cross Country (combined); Volleyball"
133650,"NCAA","D1","Southwestern Athletic Conference",TRUE,"NCAA Division I-FCS",2,NA,"Baseball; Basketball; Bowling; Cross Country; Football; Golf; Softball; Tennis; Track and Field (Indoor); Track and Field (Outdoor); Volleyball"
133669,"NCAA","D1","American Conference",TRUE,"NCAA Division I-FBS",1,NA,"Baseball; Basketball; Beach Volleyball; Cross Country; Football; Golf; Soccer; Softball; Swimming and Diving (combined); Tennis; Track and Field and Cross Country (combined); Volleyball"
133702,"NJCAA","Other",NA,FALSE,"NJCAA Division II",13,NA,"Baseball; Basketball; Beach Volleyball; Cross Country; Softball; Volleyball"
133711,"NCAA","D2","Peach Belt Conference",FALSE,"NCAA Division II without football",5,NA,"Baseball; Basketball; Golf; Lacrosse; Soccer; Softball; Tennis; Track and Field and Cross Country (combined); Volleyball"
133809,"NAIA","NAIA","Continental Athletic Conference",FALSE,"NAIA Division I",9,NA,"Basketball; Cross Country; Golf; Soccer; Track and Field (Outdoor); Volleyball"
133881,"NCAA","D2","Sunshine State Conference",FALSE,"NCAA Division II without football",5,NA,"Baseball; Basketball; Lacrosse; Rowing; Soccer; Softball; Swimming; Track and Field and Cross Country (combined); Volleyball"
133951,"Other","Other","Conference USA",TRUE,"Independent",18,NA,"Baseball; Basketball; Beach Volleyball; Football; Golf; Soccer; Softball; Swimming and Diving (combined); Tennis; Track and Field and Cross Country (combined); Volleyball"
133960,"NJCAA","Other",NA,FALSE,"NJCAA Division III",14,NA,"Swimming"
133979,"NAIA","NAIA","Sun Conference",TRUE,"NAIA Division I",9,NA,"Baseball; Basketball; Beach Volleyball; Football; Soccer; Softball; Track and Field (Indoor); Track and Field (Outdoor); Volleyball"
134079,"NCAA","D2","Sunshine State Conference",FALSE,"NCAA Division II without football",5,NA,"Baseball; Basketball; Beach Volleyball; Golf; Lacrosse; Soccer; Softball; Swimming; Tennis; Track and Field and Cross Country (combined); Volleyball"
134097,"NCAA","D1","Atlantic Coast Conference",TRUE,"NCAA Division I-FBS",1,NA,"Baseball; Basketball; Beach Volleyball; Football; Golf; Soccer; Softball; Swimming; Tennis; Track and Field and Cross Country (combined); Volleyball"
134130,"NCAA","D1","Southeastern Conference",TRUE,"NCAA Division I-FBS",1,NA,"Baseball; Basketball; Football; Golf; Gymnastics; Lacrosse; Soccer; Softball; Swimming and Diving (combined); Tennis; Track and Field and Cross Country (combined); Volleyball"
134343,"NJCAA","Other",NA,FALSE,"NJCAA Division I",12,NA,"Baseball; Basketball; Cross Country; Softball; Volleyball"
134495,"NJCAA","Other",NA,FALSE,"NJCAA Division I",12,NA,"Baseball; Basketball; Softball; Tennis; Volleyball"
134608,"NJCAA","Other",NA,FALSE,"NJCAA Division I",12,NA,"Baseball; Basketball; Softball; Swimming and Diving (combined); Volleyball"
134945,"NCAA","D1","Atlantic Sun Conference",FALSE,"NCAA Division I without football",3,NA,"Baseball; Basketball; Beach Volleyball; Cross Country; Golf; Lacrosse; Rowing; Soccer; Softball; Track and Field and Cross Country (combined); Volleyball"
135081,"NAIA","NAIA",NA,TRUE,"NAIA Division I",9,NA,"Baseball; Basketball; Football; Golf; Lacrosse; Other Sports; Soccer; Softball; Swimming and Diving (combined); Tennis; Track and Field and Cross Country (combined); Volleyball; Wrestling"
135160,"NJCAA","Other",NA,FALSE,"NJCAA Division II",13,NA,"Basketball; Cross Country; Golf; Other Sports; Softball"
135188,"NJCAA","Other",NA,FALSE,"NJCAA Division I",12,NA,"Baseball; Beach Volleyball; Cross Country; Golf; Softball; Track and Field (Outdoor); Volleyball"
135391,"NJCAA","Other",NA,FALSE,"NJCAA Division I",12,NA,"Baseball; Beach Volleyball; Softball; Volleyball"
135717,"NJCAA","Other",NA,FALSE,"NJCAA Division I",12,NA,"Baseball; Basketball; Soccer; Softball; Volleyball"
135726,"NCAA","D1","Atlantic Coast Conference",TRUE,"NCAA Division I-FBS",1,NA,"Baseball; Basketball; Diving; Football; Golf; Rowing; Soccer; Swimming and Diving (combined); Tennis; Track and Field and Cross Country (combined); Volleyball"
136172,"NCAA","D1","Atlantic Sun Conference",FALSE,"NCAA Division I without football",3,NA,"Baseball; Basketball; Beach Volleyball; Golf; Soccer; Softball; Swimming; Tennis; Track and Field and Cross Country (combined); Volleyball"
136215,"NCAA","D2","Sunshine State Conference",FALSE,"NCAA Division II without football",5,NA,"Baseball; Basketball; Golf; Rowing; Soccer; Softball; Swimming; Tennis; Track and Field and Cross Country (combined); Volleyball"
136233,"NJCAA","Other",NA,FALSE,"NJCAA Division I",12,NA,"Baseball; Basketball; Softball"
136330,"NCAA","D2","Sunshine State Conference",FALSE,"NCAA Division II without football",5,NA,"Baseball; Basketball; Beach Volleyball; Cross Country; Golf; Lacrosse; Soccer; Softball; Tennis; Track and Field (Outdoor); Volleyball"
136358,"Other","Other",NA,FALSE,"Other",8,"NJCAA Division I and II","Baseball; Basketball; Beach Volleyball; Golf; Volleyball"
136400,"NJCAA","Other",NA,FALSE,"NJCAA Division II",13,NA,"Baseball; Basketball; Cross Country; Soccer; Softball; Volleyball"
136473,"NJCAA","Other",NA,FALSE,"NJCAA Division I",12,NA,"Baseball; Basketball; Cross Country; Other Sports; Soccer; Softball; Volleyball"
136516,"NJCAA","Other",NA,FALSE,"NJCAA Division I",12,NA,"Baseball; Basketball; Soccer; Softball; Volleyball"
136950,"NCAA","D2","Sunshine State Conference",FALSE,"NCAA Division II without football",5,NA,"Baseball; Basketball; Golf; Lacrosse; Other Sports; Rowing; Sailing; Soccer; Softball; Swimming; Tennis; Volleyball"
137032,"NCAA","D2","Sunshine State Conference",FALSE,"NCAA Division II without football",5,NA,"Baseball; Basketball; Beach Volleyball; Cross Country; Golf; Gymnastics; Lacrosse; Soccer; Softball; Tennis; Volleyball"
137078,"NJCAA","Other",NA,FALSE,"NJCAA Division I",12,NA,"Baseball; Basketball; Softball; Tennis; Volleyball"
137096,"NJCAA","Other",NA,FALSE,"NJCAA Division I",12,NA,"Baseball; Basketball; Softball; Volleyball"
137209,"NJCAA","Other",NA,FALSE,"NJCAA Division I",12,NA,"Baseball; Cross Country; Golf; Softball"
137281,"NJCAA","Other",NA,FALSE,"NJCAA Division II",13,NA,"Baseball; Beach Volleyball; Softball; Volleyball"
137315,"NJCAA","Other",NA,FALSE,"NJCAA Division I",12,NA,"Baseball; Cross Country; Softball; Volleyball"
137351,"NCAA","D1","American Conference",TRUE,"NCAA Division I-FBS",1,NA,"Baseball; Basketball; Beach Volleyball; Football; Golf; Lacrosse; Sailing; Soccer; Softball; Tennis; Track and Field and Cross Country (combined); Volleyball"
137476,"NAIA","NAIA","Sun Conference",TRUE,"NAIA Division I",9,NA,"Baseball; Basketball; Beach Volleyball; Bowling; Football; Golf; Lacrosse; Other Sports; Soccer; Softball; Swimming and Diving (combined); Tennis; Track and Field and Cross Country (combined); Volleyball; Wrestling"
137546,"NCAA","D1","Atlantic Sun Conference",TRUE,"NCAA Division I-FCS",2,NA,"Baseball; Basketball; Beach Volleyball; Cross Country; Football; Golf; Lacrosse; Rowing; Soccer; Softball; Tennis; Volleyball"
137564,"NAIA","NAIA","Sun Conference",TRUE,"NAIA Division I",9,NA,"Baseball; Basketball; Cross Country; Football; Golf; Soccer; Softball; Tennis; Track and Field (Indoor); Track and Field (Outdoor); Volleyball; Wrestling"
137759,"NJCAA","Other",NA,FALSE,"NJCAA Division I",12,NA,"Baseball; Basketball; Cross Country; Softball"
137847,"NCAA","D2","Sunshine State Conference",FALSE,"NCAA Division II without football",5,NA,"Baseball; Basketball; Beach Volleyball; Golf; Lacrosse; Rowing; Soccer; Softball; Swimming; Tennis; Track and Field and Cross Country (combined); Volleyball"
137953,"NCCAA","Other",NA,FALSE,"NCCAA Division II",16,NA,"Baseball; Basketball; Soccer; Softball; Volleyball"
137962,"USCAA","Other",NA,FALSE,"USCAA",20,NA,"Basketball; Volleyball"
138275,"NAIA","NAIA","Sun Conference",TRUE,"NAIA Division I",9,NA,"Baseball; Basketball; Beach Volleyball; Cross Country; Football; Lacrosse; Other Sports; Soccer; Softball; Tennis; Track and Field (Outdoor); Volleyball; Weight Lifting"
138293,"NAIA","NAIA","Sun Conference",TRUE,"NAIA Division I",9,NA,"Baseball; Basketball; Beach Volleyball; Bowling; Cross Country; Football; Golf; Lacrosse; Other Sports; Soccer; Softball; Track and Field (Indoor); Track and Field (Outdoor); Volleyball"
138354,"NCAA","D2","Gulf South Conference",TRUE,"NCAA Division II with football",4,NA,"Baseball; Basketball; Cross Country; Football; Golf; Soccer; Softball; Swimming and Diving (combined); Tennis; Volleyball"
138558,"NAIA","NAIA","Southern States Athletic Conference",FALSE,"NAIA Division I",9,NA,"Baseball; Basketball; Cross Country; Golf; Soccer; Softball; Tennis"
138716,"NCAA","D2","Southern Intercollegiate Athletic Conference",TRUE,"NCAA Division II with football",4,NA,"Baseball; Basketball; Cross Country; Football; Soccer; Softball; Tennis; Track and Field (Outdoor); Volleyball"
138761,"NJCAA","Other",NA,TRUE,"NJCAA Division I",12,NA,"Baseball; Basketball; Football; Golf; Other Sports; Soccer; Softball; Volleyball; Wrestling"
138868,"NAIA","NAIA","Southern States Athletic Conference",TRUE,"NAIA Division II",10,NA,"Baseball; Basketball; Football; Golf; Lacrosse; Other Sports; Soccer; Softball; Volleyball"
138947,"NCAA","D2","Southern Intercollegiate Athletic Conference",TRUE,"NCAA Division II with football",4,NA,"Baseball; Basketball; Cross Country; Football; Softball; Tennis; Track and Field and Cross Country (combined); Volleyball"
139144,"NCAA","D3","Southern Athletic Association",TRUE,"NCAA Division III with football",6,NA,"Baseball; Basketball; Beach Volleyball; Cross Country; Equestrian; Football; Golf; Lacrosse; Other Sports; Soccer; Softball; Swimming; Swimming and Diving (combined); Tennis; Volleyball"
139199,"NAIA","NAIA","Appalachian Athletic Conference",FALSE,"NAIA Division I",9,NA,"Basketball; Beach Volleyball; Cross Country; Golf; Other Sports; Soccer; Softball; Swimming; Tennis; Track and Field (Indoor); Track and Field (Outdoor); Volleyball"
139205,"NAIA","NAIA",NA,FALSE,"NAIA Division I",9,NA,"Baseball; Basketball; Cross Country; Golf; Other Sports; Soccer; Softball; Track and Field (Indoor); Track and Field (Outdoor); Volleyball; Weight Lifting; Wrestling"
139250,"NAIA","NAIA","Sun Conference",FALSE,"NAIA Division I",9,NA,"Basketball; Golf; Softball; Tennis"
139311,"NCAA","D2","Peach Belt Conference",FALSE,"NCAA Division II without football",5,NA,"Basketball; Cross Country; Soccer; Track and Field (Indoor); Track and Field (Outdoor)"
139366,"NCAA","D2","Peach Belt Conference",FALSE,"NCAA Division II without football",5,NA,"Baseball; Basketball; Cross Country; Golf; Other Sports; Soccer; Softball; Tennis; Track and Field (Outdoor)"
139393,"NCAA","D3","Collegiate Conference of the South",FALSE,"NCAA Division III without football",7,NA,"Baseball; Basketball; Cross Country; Golf; Soccer; Softball; Tennis; Track and Field (Outdoor); Volleyball"
139463,"NAIA","NAIA","Southern States Athletic Conference",FALSE,"NAIA Division I",9,NA,"Basketball; Cross Country; Golf; Soccer; Track and Field (Outdoor)"
139621,"NJCAA","Other",NA,FALSE,"NJCAA Division I",12,NA,"Baseball; Basketball; Softball"
139630,"NCAA","D2","Conference Carolinas",FALSE,"NCAA Division II without football",5,NA,"Archery; Baseball; Basketball; Beach Volleyball; Bowling; Cross Country; Golf; Lacrosse; Other Sports; Soccer; Softball; Swimming; Tennis; Track and Field (Indoor); Track and Field (Outdoor); Volleyball; Wrestling"
139658,"NCAA","D3","University Athletic Association",FALSE,"NCAA Division III without football",7,NA,"Baseball; Basketball; Golf; Soccer; Softball; Swimming and Diving (combined); Tennis; Track and Field and Cross Country (combined); Volleyball"
139700,"NJCAA","Other",NA,FALSE,"NJCAA Division I",12,NA,"Baseball; Basketball; Softball"
139719,"NCAA","D2","Southern Intercollegiate Athletic Conference",TRUE,"NCAA Division II with football",4,NA,"Basketball; Cross Country; Football; Softball; Tennis; Track and Field (Outdoor); Volleyball"
139755,"NCAA","D1","Atlantic Coast Conference",TRUE,"NCAA Division I-FBS",1,NA,"Baseball; Basketball; Football; Golf; Softball; Swimming and Diving (combined); Tennis; Track and Field and Cross Country (combined); Volleyball"
139764,"NCAA","D2","Peach Belt Conference",FALSE,"NCAA Division II without football",5,NA,"Baseball; Basketball; Cross Country; Golf; Soccer; Softball; Tennis"
139861,"NCAA","D2","Peach Belt Conference",FALSE,"NCAA Division II without football",5,NA,"Baseball; Basketball; Cross Country; Golf; Soccer; Softball; Tennis; Volleyball"
139931,"NCAA","D1","Sun Belt Conference",TRUE,"NCAA Division I-FBS",1,NA,"Baseball; Basketball; Football; Golf; Rifle; Soccer; Softball; Swimming and Diving (combined); Tennis; Track and Field and Cross Country (combined); Volleyball"
139940,"NCAA","D1","Sun Belt Conference",TRUE,"NCAA Division I-FBS",1,NA,"Baseball; Basketball; Beach Volleyball; Football; Golf; Soccer; Softball; Tennis; Track and Field and Cross Country (combined); Volleyball"
139959,"NCAA","D1","Southeastern Conference",TRUE,"NCAA Division I-FBS",1,NA,"Baseball; Basketball; Equestrian; Football; Golf; Gymnastics; Soccer; Softball; Swimming and Diving (combined); Tennis; Track and Field and Cross Country (combined); Volleyball"
139968,"NJCAA","Other",NA,FALSE,"NJCAA Division I",12,NA,"Baseball; Basketball; Soccer; Softball"
140234,"NCAA","D3","Collegiate Conference of the South",TRUE,"NCAA Division III with football",6,NA,"Baseball; Basketball; Beach Volleyball; Football; Golf; Lacrosse; Soccer; Softball; Tennis; Volleyball"
140252,"NAIA","NAIA","Southern States Athletic Conference",FALSE,"NAIA Division I",9,NA,"Basketball; Lacrosse; Other Sports; Soccer; Swimming; Track and Field and Cross Country (combined); Volleyball; Wrestling"
140447,"NCAA","D1","Southern Conference",TRUE,"NCAA Division I-FCS",2,NA,"Baseball; Basketball; Beach Volleyball; Cross Country; Football; Golf; Lacrosse; Soccer; Softball; Tennis; Track and Field (Outdoor); Volleyball"
140696,"NCAA","D3","Southern Athletic Association",FALSE,"NCAA Division III without football",7,NA,"Baseball; Basketball; Golf; Lacrosse; Soccer; Tennis; Track and Field and Cross Country (combined); Volleyball"
140720,"NCCAA","Other",NA,FALSE,"NCCAA Division I",15,"Applied to the NCCAA Division I","Baseball; Basketball; Golf; Softball; Track and Field (Outdoor); Volleyball"
140818,"NCAA","D3","Collegiate Conference of the South",FALSE,"NCAA Division III without football",7,NA,"Baseball; Basketball; Golf; Lacrosse; Other Sports; Soccer; Softball; Swimming; Tennis; Track and Field and Cross Country (combined); Volleyball"
140872,"NAIA","NAIA","Appalachian Athletic Conference",TRUE,"NAIA Division I",9,NA,"Baseball; Basketball; Cross Country; Football; Golf; Lacrosse; Other Sports; Soccer; Softball; Track and Field (Indoor); Track and Field (Outdoor); Volleyball; Wrestling"
140951,"NAIA","NAIA","Sun Conference",FALSE,"NAIA Division II",10,NA,"Bowling; Cross Country; Equestrian; Fencing; Golf; Lacrosse; Other Sports; Soccer; Swimming; Tennis"
140960,"NCAA","D2","Southern Intercollegiate Athletic Conference",TRUE,"NCAA Division II with football",4,NA,"Baseball; Basketball; Football; Golf; Softball; Tennis; Track and Field and Cross Country (combined); Volleyball"
140988,"NCAA","D2","Conference Carolinas",TRUE,"NCAA Division II with football",4,NA,"Baseball; Basketball; Football; Golf; Lacrosse; Soccer; Softball; Tennis; Track and Field and Cross Country (combined); Volleyball; Wrestling"
141167,"NAIA","NAIA","Southern States Athletic Conference",TRUE,"NAIA Division I",9,NA,"Baseball; Basketball; Football; Other Sports; Soccer; Softball; Swimming; Track and Field and Cross Country (combined)"
141185,"NCCAA","Other",NA,FALSE,"NCCAA Division II",16,NA,"Baseball; Basketball; Cross Country; Golf; Soccer; Volleyball"
141237,"NAIA","NAIA","Appalachian Athletic Conference",FALSE,"NAIA Division I",9,NA,"Baseball; Basketball; Beach Volleyball; Cross Country; Golf; Lacrosse; Other Sports; Soccer; Softball; Tennis; Track and Field (Outdoor); Volleyball; Wrestling"
141264,"NCAA","D2","Gulf South Conference",TRUE,"NCAA Division II with football",4,NA,"Baseball; Basketball; Cross Country; Football; Golf; Soccer; Softball; Tennis; Volleyball"
141334,"NCAA","D1",NA,TRUE,"NCAA Division I-FCS",2,NA,"Baseball; Basketball; Football; Golf; Soccer; Softball; Track and Field and Cross Country (combined); Volleyball"
141361,"NCAA","D2","Conference Carolinas",FALSE,"NCAA Division II without football",5,NA,"Baseball; Basketball; Golf; Lacrosse; Soccer; Softball; Tennis; Track and Field and Cross Country (combined); Volleyball"
141486,"NCAA","D2","Pacific West Conference",FALSE,"NCAA Division II without football",5,NA,"Baseball; Basketball; Beach Volleyball; Cross Country; Golf; Soccer; Softball; Tennis; Volleyball"
141565,"NCAA","D2","Pacific West Conference",FALSE,"NCAA Division II without football",5,NA,"Baseball; Basketball; Cross Country; Golf; Soccer; Softball; Tennis; Volleyball"
141574,"NCAA","D1",NA,TRUE,"NCAA Division I-FBS",1,NA,"Baseball; Basketball; Beach Volleyball; Football; Golf; Sailing; Soccer; Softball; Swimming and Diving (combined); Tennis; Track and Field and Cross Country (combined); Volleyball; Water Polo"
141644,"NCAA","D2","Pacific West Conference",FALSE,"NCAA Division II without football",5,NA,"Baseball; Basketball; Beach Volleyball; Cross Country; Golf; Gymnastics; Soccer; Softball; Tennis; Volleyball"
142115,"NCAA","D1","Mountain West Conference",TRUE,"NCAA Division I-FBS",1,NA,"Basketball; Beach Volleyball; Football; Golf; Gymnastics; Soccer; Softball; Tennis; Track and Field and Cross Country (combined); Volleyball"
142276,"NCAA","D1","Big Sky Conference",TRUE,"NCAA Division I-FCS",2,NA,"Basketball; Football; Golf; Soccer; Softball; Tennis; Track and Field and Cross Country (combined); Volleyball"
142285,"NCAA","D1","Big Sky Conference",TRUE,"NCAA Division I-FCS",2,NA,"Basketball; Football; Golf; Soccer; Swimming and Diving (combined); Tennis; Track and Field and Cross Country (combined); Volleyball"
142294,"NAIA","NAIA","Cascade Collegiate Conference",TRUE,"NAIA Division II",10,NA,"Baseball; Basketball; Beach Volleyball; Football; Golf; Lacrosse; Skiing; Soccer; Softball; Swimming and Diving (combined); Tennis; Track and Field and Cross Country (combined); Volleyball"
142328,"NAIA","NAIA","Cascade Collegiate Conference",FALSE,"NAIA Division I",9,NA,"Baseball; Basketball; Cross Country; Golf; Other Sports; Tennis; Track and Field (Indoor); Track and Field (Outdoor); Volleyball"
142461,"NCAA","D2","Great Northwest Athletic Conference",FALSE,"NCAA Division II without football",5,NA,"Baseball; Basketball; Golf; Soccer; Softball; Track and Field and Cross Country (combined); Volleyball"
142559,"NJCAA","Other",NA,FALSE,"NJCAA Division I",12,NA,"Baseball; Basketball; Other Sports; Rodeo; Soccer; Softball; Track and Field and Cross Country (combined); Volleyball"
143084,"NCAA","D3","College Conference of Illinois and Wisconsin",TRUE,"NCAA Division III with football",6,NA,"Baseball; Basketball; Bowling; Football; Golf; Lacrosse; Soccer; Softball; Swimming and Diving (combined); Tennis; Track and Field and Cross Country (combined); Volleyball; Water Polo; Wrestling"
143118,"NCAA","D3","Northern Athletics Collegiate Conference",TRUE,"NCAA Division III with football",6,NA,"Baseball; Basketball; Bowling; Cross Country; Football; Golf; Ice Hockey; Lacrosse; Soccer; Softball; Track and Field (Indoor); Track and Field (Outdoor); Volleyball; Wrestling"
143288,"NCAA","D3","St. Louis Intercollegiate Athletic Conference",FALSE,"NCAA Division III without football",7,NA,"Baseball; Basketball; Golf; Soccer; Softball; Track and Field and Cross Country (combined); Volleyball; Wrestling"
143358,"NCAA","D1","Missouri Valley Conference",FALSE,"NCAA Division I without football",3,NA,"Baseball; Basketball; Golf; Soccer; Softball; Tennis; Track and Field and Cross Country (combined); Volleyball"
144005,"NCAA","D1","NEC",FALSE,"NCAA Division I without football",3,NA,"Basketball; Golf; Other Sports; Soccer; Tennis; Track and Field and Cross Country (combined); Volleyball"
144050,"NCAA","D3","University Athletic Association",TRUE,"NCAA Division III with football",6,NA,"Baseball; Basketball; Football; Lacrosse; Soccer; Softball; Swimming and Diving (combined); Tennis; Track and Field and Cross Country (combined); Volleyball; Wrestling"
144351,"NCAA","D3","Northern Athletics Collegiate Conference",TRUE,"NCAA Division III with football",6,NA,"Baseball; Basketball; Cross Country; Football; Other Sports; Soccer; Softball; Tennis; Track and Field (Indoor); Track and Field (Outdoor); Volleyball"
144740,"NCAA","D1","Big East Conference",FALSE,"NCAA Division I without football",3,NA,"Basketball; Golf; Soccer; Softball; Tennis; Track and Field and Cross Country (combined); Volleyball"
144892,"NCAA","D1","Ohio Valley Conference",TRUE,"NCAA Division I-FCS",2,NA,"Baseball; Basketball; Beach Volleyball; Football; Golf; Soccer; Softball; Swimming; Tennis; Track and Field and Cross Country (combined); Volleyball"
144962,"NCAA","D3","College Conference of Illinois and Wisconsin",TRUE,"NCAA Division III with football",6,NA,"Baseball; Basketball; Bowling; Football; Golf; Lacrosse; Soccer; Softball; Tennis; Track and Field and Cross Country (combined); Volleyball; Wrestling"
144971,"NCAA","D3","St. Louis Intercollegiate Athletic Conference",TRUE,"NCAA Division III with football",6,NA,"Baseball; Basketball; Football; Golf; Soccer; Softball; Track and Field and Cross Country (combined); Volleyball; Wrestling"
145336,"NAIA","NAIA","Chicagoland Collegiate Athletic Conference",FALSE,"NAIA Division I",9,NA,"Basketball; Bowling; Cross Country; Golf; Soccer; Track and Field (Indoor); Track and Field (Outdoor); Volleyball"
145372,"NCAA","D3","St. Louis Intercollegiate Athletic Conference",TRUE,"NCAA Division III with football",6,NA,"Baseball; Basketball; Football; Gymnastics; Soccer; Softball; Tennis; Track and Field and Cross Country (combined); Volleyball"
145600,"NCAA","D1","Missouri Valley Conference",FALSE,"NCAA Division I without football",3,NA,"Baseball; Basketball; Golf; Soccer; Softball; Swimming and Diving (combined); Tennis; Track and Field and Cross Country (combined); Volleyball"
145619,"NCAA","D3","Northern Athletics Collegiate Conference",TRUE,"NCAA Division III with football",6,NA,"Baseball; Basketball; Cross Country; Football; Golf; Lacrosse; Soccer; Softball; Track and Field (Indoor); Track and Field (Outdoor); Volleyball"
145637,"NCAA","D1","Big Ten Conference",TRUE,"NCAA Division I-FBS",1,NA,"Baseball; Basketball; Football; Golf; Gymnastics; Soccer; Softball; Swimming and Diving (combined); Tennis; Track and Field and Cross Country (combined); Volleyball; Wrestling"
145646,"NCAA","D3","College Conference of Illinois and Wisconsin",TRUE,"NCAA Division III with football",6,NA,"Baseball; Basketball; Bowling; Football; Golf; Lacrosse; Soccer; Softball; Swimming and Diving (combined); Tennis; Track and Field and Cross Country (combined); Volleyball; Wrestling"
145691,"NCAA","D3","Midwest Conference",TRUE,"NCAA Division III with football",6,NA,"Baseball; Basketball; Football; Golf; Soccer; Softball; Swimming; Tennis; Track and Field and Cross Country (combined); Volleyball"
145725,"NCAA","D3","Northern Athletics Collegiate Conference",FALSE,"NCAA Division III without football",7,NA,"Baseball; Basketball; Cross Country; Lacrosse; Soccer; Swimming; Tennis; Track and Field (Indoor); Track and Field (Outdoor); Volleyball"
145813,"NCAA","D1","Missouri Valley Conference",TRUE,"NCAA Division I-FCS",2,NA,"Baseball; Basketball; Football; Golf; Gymnastics; Soccer; Softball; Swimming and Diving (combined); Tennis; Track and Field and Cross Country (combined); Volleyball"
146339,"NAIA","NAIA","Chicagoland Collegiate Athletic Conference",TRUE,"NAIA Division I",9,NA,"Baseball; Basketball; Bowling; Cross Country; Football; Golf; Soccer; Softball; Tennis; Track and Field (Outdoor); Volleyball"
146427,"NCAA","D3","Midwest Conference",TRUE,"NCAA Division III with football",6,NA,"Baseball; Basketball; Cross Country; Football; Golf; Soccer; Softball; Track and Field (Indoor); Track and Field (Outdoor); Volleyball"
146481,"NCAA","D3","Midwest Conference",TRUE,"NCAA Division III with football",6,NA,"Basketball; Cross Country; Football; Golf; Ice Hockey; Lacrosse; Soccer; Softball; Swimming and Diving (combined); Tennis; Track and Field (Indoor); Track and Field (Outdoor); Volleyball"
146612,"NCAA","D2","Great Lakes Valley Conference",FALSE,"NCAA Division II without football",5,NA,"Baseball; Basketball; Bowling; Golf; Lacrosse; Other Sports; Soccer; Softball; Swimming; Tennis; Track and Field and Cross Country (combined); Volleyball"
146719,"NCAA","D1","Atlantic 10 Conference",FALSE,"NCAA Division I without football",3,NA,"Basketball; Golf; Soccer; Softball; Track and Field and Cross Country (combined); Volleyball"
147013,"NCAA","D2","Great Lakes Valley Conference",TRUE,"NCAA Division II with football",4,NA,"Baseball; Basketball; Beach Volleyball; Bowling; Football; Golf; Ice Hockey; Lacrosse; Other Sports; Soccer; Softball; Swimming; Swimming and Diving (combined); Tennis; Track and Field and Cross Country (combined); Volleyball; Water Polo; Wrestling"
147244,"NCAA","D3","College Conference of Illinois and Wisconsin",TRUE,"NCAA Division III with football",6,NA,"Baseball; Basketball; Cross Country; Football; Golf; Other Sports; Soccer; Softball; Swimming; Tennis; Track and Field (Indoor); Track and Field (Outdoor); Volleyball; Wrestling"
147341,"NCAA","D3","Midwest Conference",TRUE,"NCAA Division III with football",6,NA,"Baseball; Basketball; Cross Country; Football; Golf; Soccer; Softball; Swimming; Tennis; Track and Field (Indoor); Track and Field (Outdoor); Volleyball"
147369,"NCCAA","Other",NA,FALSE,"NCCAA Division II",16,NA,"Basketball; Cross Country; Volleyball"
147660,"NCAA","D3","College Conference of Illinois and Wisconsin",TRUE,"NCAA Division III with football",6,NA,"Baseball; Basketball; Cross Country; Football; Golf; Lacrosse; Other Sports; Soccer; Softball; Swimming; Tennis; Track and Field (Indoor); Track and Field (Outdoor); Volleyball; Wrestling"
147679,"NCAA","D3","College Conference of Illinois and Wisconsin",TRUE,"NCAA Division III with football",6,NA,"Baseball; Basketball; Football; Golf; Other Sports; Soccer; Softball; Tennis; Track and Field and Cross Country (combined); Volleyball"
147703,"NCAA","D1","Mid-American Conference",TRUE,"NCAA Division I-FBS",1,NA,"Baseball; Basketball; Cross Country; Football; Golf; Gymnastics; Soccer; Softball; Tennis; Track and Field (Indoor); Track and Field (Outdoor); Volleyball; Wrestling"
147767,"NCAA","D1","Big Ten Conference",TRUE,"NCAA Division I-FBS",1,NA,"Baseball; Basketball; Cross Country; Fencing; Field Hockey; Football; Golf; Lacrosse; Soccer; Softball; Swimming and Diving (combined); Tennis; Volleyball; Wrestling"
147828,"NAIA","NAIA","Chicagoland Collegiate Athletic Conference",TRUE,"NAIA Division I",9,NA,"Baseball; Basketball; Football; Golf; Soccer; Softball; Swimming and Diving (combined); Tennis; Track and Field and Cross Country (combined); Volleyball"
148016,"NCAA","D3","St. Louis Intercollegiate Athletic Conference",FALSE,"NCAA Division III without football",7,NA,"Baseball; Basketball; Cross Country; Soccer; Softball; Tennis; Track and Field (Indoor); Track and Field (Outdoor); Volleyball"
148131,"NCAA","D2","Great Lakes Valley Conference",TRUE,"NCAA Division II with football",4,NA,"Baseball; Basketball; Bowling; Football; Golf; Lacrosse; Other Sports; Soccer; Softball; Swimming; Tennis; Track and Field and Cross Country (combined); Volleyball; Wrestling"
148405,"NCAA","D3","Northern Athletics Collegiate Conference",TRUE,"NCAA Division III with football",6,NA,"Baseball; Basketball; Bowling; Cross Country; Football; Golf; Other Sports; Soccer; Softball; Volleyball"
148487,"NCAA","D2",NA,TRUE,"NCAA Division II with football",4,NA,"Baseball; Basketball; Football; Golf; Soccer; Softball; Tennis; Track and Field and Cross Country (combined); Volleyball"
148496,"NCAA","D3","Northern Athletics Collegiate Conference",FALSE,"NCAA Division III without football",7,NA,"Baseball; Basketball; Cross Country; Golf; Soccer; Softball; Track and Field (Indoor); Track and Field (Outdoor); Volleyball"
148584,"NAIA","NAIA","Chicagoland Collegiate Athletic Conference",TRUE,"NAIA Division I",9,NA,"Baseball; Basketball; Bowling; Football; Golf; Other Sports; Soccer; Softball; Tennis; Track and Field and Cross Country (combined); Volleyball"
148627,"NAIA","NAIA","Chicagoland Collegiate Athletic Conference",TRUE,"NAIA Division II",10,NA,"Baseball; Basketball; Bowling; Cross Country; Football; Golf; Other Sports; Soccer; Softball; Track and Field (Indoor); Track and Field (Outdoor); Volleyball"
148654,"NCAA","D2","Great Lakes Valley Conference",FALSE,"NCAA Division II without football",5,NA,"Baseball; Basketball; Golf; Soccer; Softball; Tennis; Track and Field and Cross Country (combined); Volleyball"
149222,"NCAA","D1","Missouri Valley Conference",TRUE,"NCAA Division I-FCS",2,NA,"Baseball; Basketball; Football; Golf; Soccer; Softball; Swimming and Diving (combined); Track and Field and Cross Country (combined); Volleyball"
149231,"NCAA","D1","Ohio Valley Conference",FALSE,"NCAA Division I without football",3,NA,"Baseball; Basketball; Golf; Soccer; Softball; Tennis; Track and Field and Cross Country (combined); Volleyball; Wrestling"
149505,"NAIA","NAIA","Chicagoland Collegiate Athletic Conference",FALSE,"NAIA Division I",9,NA,"Baseball; Basketball; Cross Country; Golf; Soccer; Softball; Track and Field (Indoor); Track and Field (Outdoor); Volleyball"
149772,"NCAA","D1","Ohio Valley Conference",TRUE,"NCAA Division I-FCS",2,NA,"Baseball; Basketball; Football; Golf; Soccer; Softball; Tennis; Track and Field and Cross Country (combined); Volleyball"
149781,"NCAA","D3","College Conference of Illinois and Wisconsin",TRUE,"NCAA Division III with football",6,NA,"Baseball; Basketball; Football; Golf; Soccer; Softball; Swimming and Diving (combined); Tennis; Track and Field and Cross Country (combined); Volleyball; Wrestling"
150066,"NCAA","D3",NA,TRUE,"NCAA Division III with football",6,NA,"Baseball; Basketball; Football; Golf; Lacrosse; Soccer; Softball; Swimming; Tennis; Track and Field and Cross Country (combined); Volleyball"
150136,"NCAA","D1","Mid-American Conference",TRUE,"NCAA Division I-FBS",1,NA,"Baseball; Basketball; Field Hockey; Football; Golf; Gymnastics; Soccer; Softball; Swimming and Diving (combined); Tennis; Track and Field and Cross Country (combined); Volleyball"
150145,"NAIA","NAIA",NA,FALSE,"NAIA Division II",10,NA,"Baseball; Basketball; Bowling; Golf; Lacrosse; Other Sports; Soccer; Softball; Swimming; Tennis; Track and Field and Cross Country (combined); Volleyball"
150163,"NCAA","D1","Big East Conference",TRUE,"NCAA Division I-FCS",2,NA,"Baseball; Basketball; Football; Golf; Lacrosse; Soccer; Softball; Swimming; Tennis; Track and Field and Cross Country (combined); Volleyball"
150172,"NAIA","NAIA",NA,TRUE,"NAIA Division II",10,NA,"Baseball; Basketball; Bowling; Football; Soccer; Softball; Volleyball"
150400,"NCAA","D3","North Coast Athletic Conference",TRUE,"NCAA Division III with football",6,NA,"Baseball; Basketball; Field Hockey; Football; Golf; Lacrosse; Soccer; Softball; Swimming; Tennis; Track and Field and Cross Country (combined); Volleyball"
150455,"NCAA","D3","Heartland Collegiate Athletic Conference",FALSE,"NCAA Division III without football",7,NA,"Baseball; Basketball; Cross Country; Field Hockey; Golf; Lacrosse; Soccer; Softball; Tennis; Track and Field (Indoor); Track and Field (Outdoor); Volleyball"
150534,"NCAA","D1","Missouri Valley Conference",FALSE,"NCAA Division I without football",3,NA,"Baseball; Basketball; Cross Country; Golf; Soccer; Softball; Swimming and Diving (combined); Track and Field (Indoor); Track and Field (Outdoor); Volleyball"
150604,"NCAA","D3","Heartland Collegiate Athletic Conference",TRUE,"NCAA Division III with football",6,NA,"Baseball; Basketball; Football; Golf; Lacrosse; Soccer; Softball; Swimming; Swimming and Diving (combined); Tennis; Track and Field and Cross Country (combined); Volleyball"
150668,"NAIA","NAIA","Crossroads League",FALSE,"NAIA Division II",10,NA,"Baseball; Basketball; Bowling; Soccer; Softball; Tennis; Track and Field and Cross Country (combined); Volleyball"
150677,"NAIA","NAIA",NA,FALSE,"NAIA Division I",9,NA,"Baseball; Basketball; Bowling; Golf; Soccer; Softball; Tennis; Track and Field and Cross Country (combined); Volleyball"
150756,"NCAA","D3","Heartland Collegiate Athletic Conference",TRUE,"NCAA Division III with football",6,NA,"Baseball; Basketball; Cross Country; Football; Golf; Lacrosse; Soccer; Softball; Swimming; Tennis; Track and Field (Indoor); Track and Field (Outdoor); Volleyball"
150774,"NAIA","NAIA","Chicagoland Collegiate Athletic Conference",FALSE,"NAIA Division II",10,NA,"Basketball; Golf; Soccer; Tennis"
150941,"NAIA","NAIA","Crossroads League",FALSE,"NAIA Division I",9,NA,"Baseball; Basketball; Bowling; Cross Country; Golf; Other Sports; Soccer; Softball; Tennis; Track and Field (Indoor); Track and Field (Outdoor); Volleyball"
151102,"NCAA","D1","Horizon League",FALSE,"NCAA Division I without football",3,NA,"Baseball; Basketball; Cross Country; Golf; Soccer; Softball; Track and Field (Indoor); Track and Field (Outdoor); Volleyball"
151111,"NCAA","D1","Horizon League",FALSE,"NCAA Division I without football",3,NA,"Basketball; Golf; Soccer; Softball; Swimming and Diving (combined); Tennis; Track and Field and Cross Country (combined); Volleyball"
151263,"NCAA","D2","Great Lakes Valley Conference",TRUE,"NCAA Division II with football",4,NA,"Baseball; Basketball; Bowling; Football; Golf; Lacrosse; Other Sports; Soccer; Softball; Swimming and Diving (combined); Tennis; Track and Field and Cross Country (combined); Volleyball; Wrestling"
151290,"NAIA","NAIA",NA,FALSE,"NAIA Division I",9,NA,"Archery; Baseball; Basketball; Bowling; Cross Country; Golf; Ice Hockey; Lacrosse; Other Sports; Soccer; Softball; Tennis; Track and Field (Indoor); Track and Field (Outdoor); Volleyball; Wrestling"
151306,"NCAA","D2","Ohio Valley Conference",FALSE,"NCAA Division II without football",5,NA,"Baseball; Basketball; Golf; Soccer; Softball; Swimming and Diving (combined); Tennis; Track and Field and Cross Country (combined); Volleyball"
151324,"NCAA","D1","Missouri Valley Conference",TRUE,"NCAA Division I-FCS",2,NA,"Baseball; Basketball; Football; Golf; Soccer; Softball; Swimming and Diving (combined); Track and Field and Cross Country (combined); Volleyball"
151333,"NAIA","NAIA",NA,FALSE,"NAIA Division I",9,NA,"Baseball; Basketball; Golf; Soccer; Tennis; Track and Field and Cross Country (combined); Volleyball"
151342,"NAIA","NAIA",NA,FALSE,"NAIA Division I",9,NA,"Baseball; Basketball; Soccer; Softball; Volleyball"
151351,"NCAA","D1","Big Ten Conference",TRUE,"NCAA Division I-FBS",1,NA,"Baseball; Basketball; Field Hockey; Football; Golf; Rowing; Soccer; Softball; Swimming and Diving (combined); Tennis; Track and Field and Cross Country (combined); Volleyball; Water Polo; Wrestling"
151360,"NAIA","NAIA",NA,FALSE,"NAIA Division II",10,NA,"Basketball; Cross Country; Soccer; Volleyball"
151379,"NAIA","NAIA",NA,FALSE,"NAIA Division I",9,NA,"Baseball; Basketball; Softball; Tennis; Volleyball"
151388,"NAIA","NAIA",NA,FALSE,"NAIA Division II",10,NA,"Basketball; Cross Country; Golf; Other Sports; Soccer; Tennis; Track and Field (Indoor); Track and Field (Outdoor); Volleyball"
151777,"NCAA","D3","Heartland Collegiate Athletic Conference",TRUE,"NCAA Division III with football",6,NA,"Baseball; Basketball; Cross Country; Football; Golf; Soccer; Softball; Swimming and Diving (combined); Tennis; Track and Field (Indoor); Track and Field (Outdoor); Volleyball; Wrestling"
151786,"NAIA","NAIA",NA,TRUE,"NAIA Division II",10,NA,"Baseball; Basketball; Bowling; Football; Golf; Lacrosse; Other Sports; Soccer; Softball; Tennis; Track and Field and Cross Country (combined); Volleyball; Wrestling"
151801,"NAIA","NAIA",NA,TRUE,"NAIA Division II",10,NA,"Baseball; Basketball; Bowling; Cross Country; Football; Golf; Soccer; Softball; Swimming and Diving (combined); Tennis; Track and Field (Outdoor); Volleyball"
152080,"NCAA","D1",NA,TRUE,"NCAA Division I-FBS",1,NA,"Baseball; Basketball; Fencing; Football; Golf; Ice Hockey; Lacrosse; Rowing; Soccer; Softball; Swimming and Diving (combined); Tennis; Track and Field and Cross Country (combined); Volleyball"
152099,"NAIA","NAIA","River States Conference",TRUE,"NAIA Division I",9,NA,"Baseball; Basketball; Cross Country; Football; Golf; Soccer; Softball; Tennis; Track and Field (Indoor); Track and Field (Outdoor); Volleyball"
152318,"NCAA","D3","Heartland Collegiate Athletic Conference",TRUE,"NCAA Division III with football",6,NA,"Baseball; Basketball; Cross Country; Football; Golf; Soccer; Softball; Swimming and Diving (combined); Tennis; Track and Field (Indoor); Track and Field (Outdoor); Volleyball"
152336,"NAIA","NAIA",NA,TRUE,"NAIA Division I",9,NA,"Baseball; Basketball; Football; Golf; Other Sports; Soccer; Softball; Tennis; Track and Field and Cross Country (combined); Volleyball"
152381,"NAIA","NAIA",NA,TRUE,"NAIA Division I",9,NA,"Basketball; Cross Country; Equestrian; Football; Golf; Soccer; Softball; Track and Field (Indoor); Track and Field (Outdoor); Volleyball"
152530,"NAIA","NAIA","Crossroads League",TRUE,"NAIA Division I",9,NA,"Baseball; Basketball; Cross Country; Football; Golf; Lacrosse; Other Sports; Soccer; Softball; Track and Field (Outdoor); Volleyball"
152567,"NCAA","D3","Michigan Intercollegiate Athletic Association",TRUE,"NCAA Division III with football",6,NA,"Baseball; Basketball; Cross Country; Football; Golf; Ice Hockey; Lacrosse; Other Sports; Soccer; Softball; Tennis; Track and Field (Indoor); Track and Field (Outdoor); Volleyball; Wrestling"
152600,"NCAA","D1","Missouri Valley Conference",TRUE,"NCAA Division I-FCS",2,NA,"Baseball; Basketball; Bowling; Football; Golf; Soccer; Softball; Swimming; Tennis; Track and Field and Cross Country (combined); Volleyball"
152637,"NJCAA","Other",NA,FALSE,"NJCAA Division I",12,NA,"Baseball; Basketball; Bowling; Golf; Track and Field and Cross Country (combined); Volleyball"
152992,"NAIA","NAIA","Great Plains Athletic Conference",TRUE,"NAIA Division II",10,NA,"Baseball; Basketball; Football; Golf; Other Sports; Soccer; Softball; Track and Field and Cross Country (combined); Volleyball; Wrestling"
153001,"NCAA","D3","American Rivers Conference",TRUE,"NCAA Division III with football",6,NA,"Baseball; Basketball; Football; Golf; Other Sports; Soccer; Softball; Tennis; Track and Field and Cross Country (combined); Volleyball; Wrestling"
153108,"NCAA","D3","American Rivers Conference",TRUE,"NCAA Division III with football",6,NA,"Baseball; Basketball; Cross Country; Football; Golf; Other Sports; Soccer; Softball; Tennis; Track and Field (Indoor); Track and Field (Outdoor); Volleyball; Wrestling"
153126,"NAIA","NAIA","Heart of America Athletic Conference",TRUE,"NAIA Division I",9,NA,"Baseball; Basketball; Bowling; Football; Golf; Lacrosse; Other Sports; Soccer; Softball; Track and Field and Cross Country (combined); Volleyball"
153144,"NCAA","D3","American Rivers Conference",TRUE,"NCAA Division III with football",6,NA,"Archery; Baseball; Basketball; Bowling; Cross Country; Football; Golf; Other Sports; Rifle; Soccer; Softball; Swimming; Swimming and Diving (combined); Tennis; Track and Field (Indoor); Track and Field (Outdoor); Volleyball; Wrestling"
153162,"NCAA","D3","Midwest Conference",TRUE,"NCAA Division III with football",6,NA,"Baseball; Basketball; Cross Country; Football; Lacrosse; Soccer; Softball; Tennis; Track and Field (Indoor); Track and Field (Outdoor); Volleyball; Wrestling"
153250,"NAIA","NAIA","Great Plains Athletic Conference",TRUE,"NAIA Division II",10,NA,"Baseball; Basketball; Cross Country; Football; Golf; Other Sports; Soccer; Softball; Swimming; Track and Field (Outdoor); Volleyball"
153269,"NCAA","D1","Missouri Valley Conference",TRUE,"NCAA Division I-FCS",2,NA,"Basketball; Football; Golf; Rowing; Soccer; Softball; Tennis; Track and Field and Cross Country (combined); Volleyball"
153278,"NCAA","D3","American Rivers Conference",TRUE,"NCAA Division III with football",6,NA,"Baseball; Basketball; Cross Country; Football; Golf; Ice Hockey; Lacrosse; Soccer; Softball; Tennis; Track and Field (Indoor); Track and Field (Outdoor); Volleyball; Wrestling"
153302,"NCCAA","Other",NA,FALSE,"NCCAA Division II",16,NA,"Basketball; Cross Country; Soccer; Volleyball"
153320,"NCCAA","Other",NA,FALSE,"NCCAA Division II",16,NA,"Basketball; Cross Country; Soccer; Track and Field (Outdoor); Volleyball"
153366,"NAIA","NAIA",NA,TRUE,"NAIA Division II",10,NA,"Baseball; Basketball; Cross Country; Football; Golf; Other Sports; Rodeo; Soccer; Softball; Track and Field (Indoor); Track and Field (Outdoor); Volleyball; Wrestling"
153375,"NAIA","NAIA","Heart of America Athletic Conference",TRUE,"NAIA Division I",9,NA,"Archery; Baseball; Basketball; Bowling; Football; Golf; Other Sports; Rifle; Soccer; Softball; Tennis; Track and Field and Cross Country (combined); Volleyball; Wrestling"
153384,"NCAA","D3","Midwest Conference",TRUE,"NCAA Division III with football",6,NA,"Baseball; Basketball; Cross Country; Football; Golf; Soccer; Softball; Swimming and Diving (combined); Tennis; Track and Field (Indoor); Track and Field (Outdoor); Volleyball"
153603,"NCAA","D1","Big 12 Conference",TRUE,"NCAA Division I-FBS",1,NA,"Basketball; Football; Golf; Gymnastics; Soccer; Softball; Swimming and Diving (combined); Tennis; Track and Field and Cross Country (combined); Volleyball; Wrestling"
153658,"NCAA","D1",NA,TRUE,"NCAA Division I-FBS",1,NA,"Baseball; Basketball; Field Hockey; Football; Golf; Gymnastics; Rowing; Soccer; Softball; Swimming and Diving (combined); Tennis; Track and Field and Cross Country (combined); Volleyball; Wrestling"
153825,"NCAA","D3","American Rivers Conference",TRUE,"NCAA Division III with football",6,NA,"Baseball; Basketball; Cross Country; Football; Golf; Soccer; Softball; Swimming; Tennis; Track and Field (Indoor); Track and Field (Outdoor); Volleyball; Wrestling"
153834,"NCAA","D3","American Rivers Conference",TRUE,"NCAA Division III with football",6,NA,"Baseball; Basketball; Bowling; Football; Golf; Soccer; Softball; Swimming and Diving (combined); Tennis; Track and Field and Cross Country (combined); Volleyball; Wrestling"
154004,"NAIA","NAIA","Great Plains Athletic Conference",TRUE,"NAIA Division I",9,NA,"Baseball; Basketball; Bowling; Football; Golf; Soccer; Softball; Swimming; Tennis; Track and Field and Cross Country (combined); Volleyball; Wrestling"
154013,"NAIA","NAIA","Heart of America Athletic Conference",FALSE,"NAIA Division I",9,NA,"Baseball; Basketball; Bowling; Cross Country; Golf; Lacrosse; Other Sports; Soccer; Softball; Track and Field (Indoor); Track and Field (Outdoor); Volleyball"
154095,"NCAA","D1","Missouri Valley Conference",TRUE,"NCAA Division I-FCS",2,NA,"Basketball; Football; Golf; Soccer; Softball; Swimming and Diving (combined); Tennis; Track and Field and Cross Country (combined); Volleyball; Wrestling"
154101,"NAIA","NAIA","Great Plains Athletic Conference",TRUE,"NAIA Division II",10,"NAIA","Baseball; Basketball; Football; Golf; Other Sports; Soccer; Softball; Tennis; Track and Field and Cross Country (combined); Volleyball; Wrestling"
154235,"NAIA","NAIA","Chicagoland Collegiate Athletic Conference",TRUE,"NAIA Division II",10,NA,"Baseball; Basketball; Bowling; Cross Country; Football; Golf; Lacrosse; Other Sports; Soccer; Softball; Swimming and Diving (combined); Tennis; Track and Field (Indoor); Track and Field (Outdoor); Volleyball; Wrestling"
154350,"NCAA","D3","American Rivers Conference",TRUE,"NCAA Division III with football",6,NA,"Baseball; Basketball; Football; Golf; Gymnastics; Other Sports; Soccer; Softball; Swimming; Tennis; Track and Field and Cross Country (combined); Volleyball; Wrestling"
154493,"NCAA","D2","Great Lakes Valley Conference",TRUE,"NCAA Division II with football",4,NA,"Baseball; Basketball; Football; Golf; Other Sports; Soccer; Softball; Track and Field and Cross Country (combined); Volleyball; Wrestling"
154527,"NCAA","D3","American Rivers Conference",TRUE,"NCAA Division III with football",6,NA,"Baseball; Basketball; Bowling; Cross Country; Football; Golf; Other Sports; Soccer; Softball; Tennis; Track and Field (Indoor); Track and Field (Outdoor); Volleyball; Wrestling"
154590,"NAIA","NAIA","Heart of America Athletic Conference",TRUE,"NAIA Division I",9,NA,"Baseball; Basketball; Bowling; Cross Country; Football; Golf; Lacrosse; Other Sports; Soccer; Softball; Track and Field (Indoor); Track and Field (Outdoor); Volleyball; Wrestling"
154688,"NAIA","NAIA","Heart of America Athletic Conference",TRUE,"NAIA Division I",9,NA,"Baseball; Basketball; Bowling; Football; Golf; Other Sports; Soccer; Softball; Tennis; Track and Field and Cross Country (combined); Volleyball; Wrestling"
154712,"NAIA","NAIA","Heart of America Athletic Conference",TRUE,"NAIA Division I",9,NA,"Baseball; Basketball; Football; Lacrosse; Soccer; Softball; Track and Field and Cross Country (combined); Volleyball; Wrestling"
154721,"NAIA","NAIA",NA,TRUE,"NAIA Division II",10,NA,"Baseball; Basketball; Football; Golf; Soccer; Softball; Tennis; Track and Field and Cross Country (combined); Volleyball; Wrestling"
154749,"NAIA","NAIA",NA,TRUE,"NAIA Division II",10,NA,"Basketball; Cross Country; Football; Golf; Other Sports; Soccer; Softball; Tennis; Track and Field (Indoor); Track and Field (Outdoor); Volleyball"
154855,"NAIA","NAIA","Sooner Athletic Conference",FALSE,"NAIA Division I",9,NA,"Baseball; Basketball; Cross Country; Golf; Soccer; Softball; Track and Field and Cross Country (combined); Volleyball; Wrestling"
155025,"NCAA","D2","Mid-America Intercollegiate Athletics Association",TRUE,"NCAA Division II with football",4,NA,"Baseball; Basketball; Football; Other Sports; Soccer; Softball; Tennis; Track and Field and Cross Country (combined); Volleyball"
155061,"NCAA","D2","Mid-America Intercollegiate Athletics Association",TRUE,"NCAA Division II with football",4,NA,"Baseball; Basketball; Football; Golf; Soccer; Softball; Tennis; Track and Field and Cross Country (combined); Volleyball; Wrestling"
155070,"NCCAA","Other",NA,FALSE,"NCCAA Division II",16,NA,"Basketball; Cross Country; Soccer; Volleyball"
155089,"NAIA","NAIA","Kansas Collegiate Athletic Conference",TRUE,"NAIA Division I",9,NA,"Baseball; Basketball; Football; Golf; Other Sports; Soccer; Softball; Tennis; Track and Field and Cross Country (combined); Volleyball; Weight Lifting; Wrestling"
155140,"NAIA","NAIA","Continental Athletic Conference",FALSE,"NAIA Division I",9,NA,"Basketball; Cross Country; Golf; Softball; Track and Field (Indoor); Track and Field (Outdoor); Volleyball"
155177,"NAIA","NAIA","Continental Athletic Conference",FALSE,"NAIA Division I",9,NA,"Baseball; Basketball; Golf; Other Sports; Soccer; Softball; Track and Field and Cross Country (combined); Volleyball; Weight Lifting"
155308,"NCCAA","Other",NA,FALSE,"NCCAA Division II",16,NA,"Baseball; Basketball; Golf; Soccer; Softball; Volleyball"
155317,"NCAA","D1","Big 12 Conference",TRUE,"NCAA Division I-FBS",1,NA,"Baseball; Basketball; Football; Golf; Rowing; Soccer; Softball; Swimming and Diving (combined); Tennis; Track and Field and Cross Country (combined); Volleyball"
155335,"NCAA","D2","Mid-America Intercollegiate Athletics Association",FALSE,"NCAA Division II without football",5,NA,"Baseball; Basketball; Bowling; Cross Country; Golf; Other Sports; Soccer; Softball; Tennis; Volleyball; Wrestling"
155399,"NCAA","D1","Big 12 Conference",TRUE,"NCAA Division I-FBS",1,NA,"Baseball; Basketball; Football; Golf; Rowing; Soccer; Tennis; Track and Field and Cross Country (combined); Volleyball"
155414,"NAIA","NAIA","Kansas Collegiate Athletic Conference",TRUE,"NAIA Division I",9,NA,"Baseball; Basketball; Bowling; Football; Golf; Other Sports; Soccer; Softball; Tennis; Track and Field and Cross Country (combined); Volleyball"
155496,"NCCAA","Other",NA,FALSE,"NCCAA Division II",16,NA,"Basketball; Soccer; Volleyball"
155511,"NAIA","NAIA","Kansas Collegiate Athletic Conference",TRUE,"NAIA Division I",9,NA,"Baseball; Basketball; Bowling; Football; Other Sports; Soccer; Softball; Tennis; Track and Field and Cross Country (combined); Volleyball"
155520,"NAIA","NAIA","Heart of America Athletic Conference",TRUE,"NAIA Division I",9,NA,"Baseball; Basketball; Football; Golf; Other Sports; Soccer; Softball; Track and Field and Cross Country (combined); Volleyball; Weight Lifting"
155627,"NAIA","NAIA",NA,TRUE,"NAIA Division I",9,NA,"Baseball; Basketball; Beach Volleyball; Bowling; Cross Country; Football; Golf; Lacrosse; Other Sports; Soccer; Softball; Tennis; Track and Field (Indoor); Track and Field (Outdoor); Volleyball; Weight Lifting; Wrestling"
155681,"NCAA","D2","Mid-America Intercollegiate Athletics Association",TRUE,"NCAA Division II with football",4,NA,"Baseball; Basketball; Football; Golf; Soccer; Softball; Track and Field and Cross Country (combined); Volleyball"
155812,"NAIA","NAIA","Kansas Collegiate Athletic Conference",TRUE,"NAIA Division II",10,NA,"Baseball; Basketball; Bowling; Football; Other Sports; Soccer; Softball; Swimming; Tennis; Track and Field and Cross Country (combined); Volleyball; Wrestling"
155900,"NAIA","NAIA",NA,TRUE,"NAIA Division II",10,NA,"Baseball; Basketball; Cross Country; Football; Golf; Other Sports; Soccer; Softball; Tennis; Track and Field (Outdoor); Volleyball"
155937,"NAIA","NAIA","Kansas Collegiate Athletic Conference",TRUE,"NAIA Division II",10,NA,"Baseball; Basketball; Football; Golf; Other Sports; Soccer; Softball; Swimming; Tennis; Track and Field and Cross Country (combined); Volleyball"
155973,"NAIA","NAIA","Kansas Collegiate Athletic Conference",TRUE,"NAIA Division I",9,NA,"Baseball; Basketball; Cross Country; Football; Golf; Soccer; Softball; Tennis; Track and Field (Indoor); Track and Field (Outdoor); Volleyball"
156082,"NCAA","D2","Mid-America Intercollegiate Athletics Association",TRUE,"NCAA Division II with football",4,NA,"Baseball; Basketball; Football; Golf; Soccer; Softball; Tennis; Track and Field and Cross Country (combined); Volleyball"
156125,"NCAA","D1","American Conference",FALSE,"NCAA Division I without football",3,NA,"Baseball; Basketball; Bowling; Golf; Softball; Tennis; Track and Field and Cross Country (combined); Volleyball"
156189,"NAIA","NAIA","Continental Athletic Conference",FALSE,"NAIA Division I",9,NA,"Baseball; Basketball; Cross Country; Golf; Soccer; Softball; Track and Field (Outdoor); Volleyball"
156213,"NCAA","D3","Collegiate Conference of the South",FALSE,"NCAA Division III without football",7,NA,"Baseball; Basketball; Cross Country; Golf; Soccer; Softball; Swimming; Tennis; Track and Field (Indoor); Track and Field (Outdoor); Volleyball"
156286,"NCAA","D1","Atlantic Sun Conference",FALSE,"NCAA Division I without football",3,NA,"Baseball; Basketball; Field Hockey; Golf; Lacrosse; Soccer; Softball; Swimming; Tennis; Track and Field and Cross Country (combined); Volleyball; Wrestling"
156295,"NCAA","D3","Heartland Collegiate Athletic Conference",FALSE,"NCAA Division III without football",7,NA,"Baseball; Basketball; Cross Country; Golf; Soccer; Softball; Tennis; Track and Field (Indoor); Track and Field (Outdoor); Volleyball"
156356,"NAIA","NAIA","River States Conference",FALSE,"NAIA Division I",9,NA,"Baseball; Basketball; Bowling; Golf; Other Sports; Soccer; Softball; Tennis; Track and Field and Cross Country (combined); Volleyball"
156365,"NAIA","NAIA","Mid-South Conference",TRUE,"NAIA Division I",9,NA,"Archery; Baseball; Basketball; Bowling; Cross Country; Football; Golf; Other Sports; Soccer; Softball; Swimming; Tennis; Track and Field (Indoor); Track and Field (Outdoor); Volleyball; Wrestling"
156408,"NCAA","D3","Southern Athletic Association",TRUE,"NCAA Division III with football",6,NA,"Baseball; Basketball; Field Hockey; Football; Golf; Lacrosse; Other Sports; Soccer; Softball; Swimming and Diving (combined); Tennis; Track and Field and Cross Country (combined); Volleyball"
156541,"NAIA","NAIA","Mid-South Conference",TRUE,"NAIA Division I",9,NA,"Archery; Baseball; Basketball; Bowling; Football; Golf; Lacrosse; Other Sports; Soccer; Softball; Swimming and Diving (combined); Tennis; Track and Field and Cross Country (combined); Volleyball; Wrestling"
156620,"NCAA","D1","Atlantic Sun Conference",TRUE,"NCAA Division I-FCS",2,NA,"Baseball; Basketball; Beach Volleyball; Football; Golf; Soccer; Softball; Tennis; Track and Field and Cross Country (combined); Volleyball"
156745,"NAIA","NAIA","Mid-South Conference",TRUE,"NAIA Division I",9,NA,"Baseball; Basketball; Cross Country; Football; Golf; Lacrosse; Other Sports; Soccer; Softball; Tennis; Track and Field (Outdoor); Volleyball"
157058,"NCAA","D2","Southern Intercollegiate Athletic Conference",TRUE,"NCAA Division II with football",4,NA,"Baseball; Basketball; Cross Country; Football; Golf; Softball; Track and Field (Indoor); Track and Field (Outdoor); Volleyball"
157076,"NCAA","D2","Great Midwest Athletic Conference",TRUE,"NCAA Division II with football",4,NA,"Baseball; Basketball; Football; Golf; Soccer; Softball; Tennis; Volleyball; Wrestling"
157085,"NCAA","D1","Southeastern Conference",TRUE,"NCAA Division I-FBS",1,NA,"Baseball; Basketball; Football; Golf; Gymnastics; Other Sports; Rifle; Soccer; Softball; Swimming and Diving (combined); Tennis; Track and Field and Cross Country (combined); Volleyball"
157100,"NAIA","NAIA","River States Conference",TRUE,"NAIA Division I",9,NA,"Archery; Baseball; Basketball; Cross Country; Football; Golf; Other Sports; Soccer; Softball; Track and Field (Indoor); Track and Field (Outdoor); Volleyball"
157216,"NAIA","NAIA",NA,TRUE,"NAIA Division I",9,NA,"Archery; Baseball; Basketball; Bowling; Football; Golf; Other Sports; Soccer; Softball; Swimming; Tennis; Track and Field and Cross Country (combined); Volleyball; Wrestling"
157289,"NCAA","D1","Atlantic Coast Conference",TRUE,"NCAA Division I-FBS",1,NA,"Baseball; Basketball; Field Hockey; Football; Golf; Lacrosse; Rowing; Soccer; Softball; Swimming; Tennis; Track and Field and Cross Country (combined); Volleyball"
157377,"NAIA","NAIA","River States Conference",TRUE,"NAIA Division I",9,NA,"Archery; Baseball; Basketball; Bowling; Equestrian; Football; Golf; Other Sports; Soccer; Softball; Swimming; Tennis; Track and Field and Cross Country (combined); Volleyball; Wrestling"
157386,"NCAA","D1","Ohio Valley Conference",TRUE,"NCAA Division I-FCS",2,NA,"Baseball; Basketball; Beach Volleyball; Football; Golf; Other Sports; Rifle; Soccer; Softball; Track and Field and Cross Country (combined); Volleyball"
157401,"NCAA","D1","Missouri Valley Conference",TRUE,"NCAA Division I-FCS",2,NA,"Baseball; Basketball; Cross Country; Football; Golf; Rifle; Soccer; Softball; Tennis; Track and Field and Cross Country (combined); Volleyball"
157447,"NCAA","D1","Horizon League",FALSE,"NCAA Division I without football",3,NA,"Baseball; Basketball; Golf; Other Sports; Soccer; Softball; Swimming; Tennis; Track and Field and Cross Country (combined); Volleyball"
157535,"NAIA","NAIA","Appalachian Athletic Conference",TRUE,"NAIA Division I",9,NA,"Archery; Baseball; Basketball; Bowling; Cross Country; Football; Golf; Soccer; Softball; Swimming; Tennis; Track and Field (Outdoor); Volleyball; Wrestling"
157757,"NCAA","D3","St. Louis Intercollegiate Athletic Conference",FALSE,"NCAA Division III without football",7,NA,"Baseball; Basketball; Golf; Lacrosse; Soccer; Softball; Track and Field and Cross Country (combined); Volleyball"
157809,"NCAA","D2","Great Midwest Athletic Conference",TRUE,"NCAA Division II with football",4,"3rd year Provisional member DII","Baseball; Basketball; Bowling; Cross Country; Football; Golf; Lacrosse; Soccer; Softball; Tennis; Track and Field (Indoor); Track and Field (Outdoor); Volleyball; Wrestling"
157818,"NCAA","D3","Heartland Collegiate Athletic Conference",FALSE,"NCAA Division III without football",7,NA,"Baseball; Basketball; Cross Country; Field Hockey; Golf; Lacrosse; Soccer; Softball; Swimming and Diving (combined); Tennis; Track and Field (Indoor); Track and Field (Outdoor); Volleyball"
157863,"NAIA","NAIA","Appalachian Athletic Conference",TRUE,"NAIA Division I",9,NA,"Archery; Baseball; Basketball; Bowling; Football; Golf; Other Sports; Soccer; Softball; Swimming; Tennis; Track and Field and Cross Country (combined); Volleyball"
157951,"NCAA","D1","Conference USA",TRUE,"NCAA Division I-FBS",1,NA,"Baseball; Basketball; Football; Golf; Soccer; Softball; Tennis; Track and Field and Cross Country (combined); Volleyball"
158477,"NCAA","D3","Southern Collegiate Athletic Conference",TRUE,"NCAA Division III with football",6,NA,"Baseball; Basketball; Football; Golf; Gymnastics; Lacrosse; Soccer; Softball; Swimming; Track and Field and Cross Country (combined); Volleyball"
158802,"NAIA","NAIA","HBCU Athletic Conference",FALSE,"NAIA Division I",9,NA,"Baseball; Basketball; Softball; Tennis; Track and Field and Cross Country (combined); Volleyball"
159009,"NCAA","D1","Southwestern Athletic Conference",TRUE,"NCAA Division I-FCS",2,NA,"Baseball; Basketball; Bowling; Football; Soccer; Softball; Tennis; Track and Field and Cross Country (combined); Volleyball"
159382,"NAIA","NAIA",NA,FALSE,"NAIA Division I",9,NA,"Baseball; Basketball; Soccer; Softball; Tennis"
159391,"NCAA","D1","Southeastern Conference",TRUE,"NCAA Division I-FBS",1,NA,"Baseball; Basketball; Beach Volleyball; Football; Golf; Gymnastics; Soccer; Softball; Swimming and Diving (combined); Tennis; Track and Field and Cross Country (combined); Volleyball"
159416,"NAIA","NAIA",NA,FALSE,"NAIA Division I",9,NA,"Baseball; Basketball; Soccer; Tennis"
159568,"NAIA","NAIA","Red River Athletic Conference",TRUE,"NAIA Division I",9,NA,"Baseball; Basketball; Football; Golf; Soccer; Softball; Tennis; Volleyball"
159647,"NCAA","D1","Conference USA",TRUE,"NCAA Division I-FBS",1,NA,"Baseball; Basketball; Bowling; Football; Golf; Soccer; Softball; Tennis; Track and Field and Cross Country (combined); Volleyball"
159656,"NAIA","NAIA","Southern States Athletic Conference",FALSE,"NAIA Division I",9,NA,"Baseball; Basketball; Beach Volleyball; Golf; Other Sports; Swimming; Tennis; Track and Field and Cross Country (combined); Volleyball"
159717,"NCAA","D1","Southland Conference",TRUE,"NCAA Division I-FCS",2,NA,"Baseball; Basketball; Beach Volleyball; Football; Soccer; Softball; Tennis; Track and Field and Cross Country (combined); Volleyball"
159939,"NCAA","D1","Southland Conference",FALSE,"NCAA Division I without football",3,NA,"Baseball; Basketball; Beach Volleyball; Cross Country; Golf; Tennis; Track and Field (Indoor); Track and Field (Outdoor); Volleyball"
159966,"NCAA","D1","Southland Conference",TRUE,"NCAA Division I-FCS",2,NA,"Baseball; Basketball; Beach Volleyball; Football; Golf; Soccer; Softball; Tennis; Track and Field and Cross Country (combined); Volleyball"
159993,"NCAA","D1","Sun Belt Conference",TRUE,"NCAA Division I-FBS",1,NA,"Baseball; Basketball; Beach Volleyball; Football; Golf; Soccer; Softball; Tennis; Track and Field and Cross Country (combined); Volleyball"
160038,"NCAA","D1","Southland Conference",TRUE,"NCAA Division I-FCS",2,NA,"Baseball; Basketball; Football; Soccer; Softball; Tennis; Track and Field and Cross Country (combined); Volleyball"
160612,"NCAA","D1","Southland Conference",TRUE,"NCAA Division I-FCS",2,NA,"Baseball; Basketball; Beach Volleyball; Football; Golf; Soccer; Softball; Tennis; Track and Field and Cross Country (combined); Volleyball"
160621,"NCAA","D1","Southwestern Athletic Conference",TRUE,"NCAA Division I-FCS",2,NA,"Baseball; Basketball; Bowling; Football; Golf; Soccer; Softball; Tennis; Track and Field and Cross Country (combined); Volleyball"
160630,"NAIA","NAIA",NA,FALSE,"NAIA Division I",9,NA,"Baseball; Basketball; Volleyball"
160658,"NCAA","D1","Sun Belt Conference",TRUE,"NCAA Division I-FBS",1,NA,"Baseball; Basketball; Football; Golf; Soccer; Softball; Tennis; Track and Field and Cross Country (combined); Volleyball"
160755,"NCAA","D1","American Conference",TRUE,"NCAA Division I-FBS",1,NA,"Baseball; Basketball; Beach Volleyball; Bowling; Football; Golf; Sailing; Swimming and Diving (combined); Tennis; Track and Field and Cross Country (combined); Volleyball"
160904,"NAIA","NAIA","Red River Athletic Conference",FALSE,"NAIA Division I",9,NA,"Baseball; Basketball; Other Sports; Soccer; Softball; Tennis; Track and Field and Cross Country (combined); Volleyball"
160977,"NCAA","D3","New England Small College Athletic Conference",TRUE,"NCAA Division III with football",6,NA,"Baseball; Basketball; Field Hockey; Football; Golf; Lacrosse; Other Sports; Rowing; Skiing; Soccer; Softball; Squash; Swimming and Diving (combined); Tennis; Track and Field and Cross Country (combined); Volleyball"
161004,"NCAA","D3","New England Small College Athletic Conference",TRUE,"NCAA Division III with football",6,NA,"Baseball; Basketball; Field Hockey; Football; Golf; Ice Hockey; Lacrosse; Other Sports; Sailing; Skiing; Soccer; Softball; Squash; Swimming and Diving (combined); Tennis; Track and Field and Cross Country (combined); Volleyball"
161086,"NCAA","D3","New England Small College Athletic Conference",TRUE,"NCAA Division III with football",6,NA,"Baseball; Basketball; Cross Country; Field Hockey; Football; Golf; Ice Hockey; Lacrosse; Rowing; Skiing; Soccer; Softball; Squash; Swimming and Diving (combined); Tennis; Track and Field (Indoor); Track and Field (Outdoor); Volleyball"
161217,"USCAA","Other",NA,FALSE,"USCAA",20,NA,"Baseball; Basketball; Cross Country; Golf; Other Sports; Soccer; Softball; Tennis; Track and Field (Outdoor)"
161226,"NCAA","D3","North Atlantic Conference",FALSE,"NCAA Division III without football",7,NA,"Baseball; Basketball; Cross Country; Field Hockey; Golf; Lacrosse; Skiing; Soccer; Softball; Track and Field (Indoor); Track and Field (Outdoor)"
161235,"USCAA","Other",NA,FALSE,"USCAA",20,NA,"Basketball; Soccer; Track and Field (Outdoor); Volleyball"
161253,"NCAA","D1","America East Conference",TRUE,"NCAA Division I-FCS",2,NA,"Baseball; Basketball; Field Hockey; Football; Ice Hockey; Soccer; Softball; Swimming and Diving (combined); Track and Field and Cross Country (combined)"
161299,"NCAA","D3","North Atlantic Conference",TRUE,"NCAA Division III with football",6,NA,"Basketball; Cross Country; Football; Golf; Lacrosse; Soccer; Swimming and Diving (combined); Volleyball; Wrestling"
161341,"NCAA","D3","North Atlantic Conference",FALSE,"NCAA Division III without football",7,NA,"Baseball; Basketball; Cross Country; Golf; Soccer; Softball; Track and Field (Outdoor); Volleyball"
161457,"NCAA","D3","Conference of New England",TRUE,"NCAA Division III with football",6,NA,"Basketball; Cross Country; Field Hockey; Football; Golf; Ice Hockey; Lacrosse; Other Sports; Soccer; Softball; Swimming; Track and Field (Outdoor); Volleyball"
161518,"NCAA","D3","Great Northeast Athletic Conference",FALSE,"NCAA Division III without football",7,NA,"Baseball; Basketball; Field Hockey; Golf; Lacrosse; Skiing; Soccer; Softball; Swimming; Track and Field and Cross Country (combined); Volleyball"
161554,"NCAA","D3","Little East Conference",FALSE,"NCAA Division III without football",7,NA,"Baseball; Basketball; Field Hockey; Golf; Ice Hockey; Lacrosse; Soccer; Softball; Tennis; Track and Field and Cross Country (combined); Volleyball; Wrestling"
161563,"NCAA","D3","North Atlantic Conference",FALSE,"NCAA Division III without football",7,NA,"Baseball; Basketball; Cross Country; Field Hockey; Golf; Ice Hockey; Lacrosse; Other Sports; Soccer; Softball; Tennis; Track and Field (Indoor); Track and Field (Outdoor); Volleyball"
162007,"NCAA","D2","Central Intercollegiate Athletic Association",TRUE,"NCAA Division II with football",4,NA,"Basketball; Bowling; Cross Country; Football; Softball; Tennis; Track and Field (Indoor); Track and Field (Outdoor); Volleyball"
162210,"NAIA","NAIA","Continental Athletic Conference",FALSE,"NAIA Division I",9,NA,"Basketball; Cross Country; Other Sports; Soccer; Volleyball"
162283,"NCAA","D1","Mid-Eastern Athletic Conference",FALSE,"NCAA Division I without football",3,NA,"Baseball; Basketball; Bowling; Softball; Tennis; Track and Field and Cross Country (combined); Volleyball"
162584,"NCAA","D2","Mountain East Conference",TRUE,"NCAA Division II with football",4,NA,"Baseball; Basketball; Cross Country; Field Hockey; Football; Gymnastics; Lacrosse; Other Sports; Soccer; Softball; Swimming; Tennis; Track and Field (Indoor); Track and Field (Outdoor); Volleyball; Wrestling"
162654,"NCAA","D3","Landmark Conference",FALSE,"NCAA Division III without football",7,NA,"Basketball; Equestrian; Field Hockey; Golf; Lacrosse; Soccer; Swimming; Tennis; Track and Field and Cross Country (combined); Volleyball"
162760,"NCAA","D3","MAC Commonwealth",FALSE,"NCAA Division III without football",7,NA,"Baseball; Basketball; Cross Country; Equestrian; Field Hockey; Golf; Ice Hockey; Lacrosse; Other Sports; Soccer; Softball; Swimming; Tennis; Track and Field (Indoor); Track and Field (Outdoor); Volleyball"
162928,"Other","Other","Centennial Conference",TRUE,"Other",8,"NCAA DIII w/FB; M/W LAX DI","Baseball; Basketball; Fencing; Field Hockey; Football; Lacrosse; Soccer; Swimming; Tennis; Track and Field and Cross Country (combined); Volleyball; Water Polo; Wrestling"
163046,"NCAA","D1","Patriot League",FALSE,"NCAA Division I without football",3,NA,"Basketball; Cross Country; Golf; Lacrosse; Rowing; Soccer; Swimming and Diving (combined); Tennis; Track and Field (Indoor); Track and Field (Outdoor); Volleyball"
163268,"NCAA","D1","America East Conference",FALSE,"NCAA Division I without football",3,NA,"Baseball; Basketball; Lacrosse; Soccer; Softball; Swimming and Diving (combined); Track and Field and Cross Country (combined); Volleyball"
163286,"NCAA","D1",NA,TRUE,"NCAA Division I-FBS",1,NA,"Baseball; Basketball; Field Hockey; Football; Golf; Gymnastics; Lacrosse; Soccer; Softball; Tennis; Track and Field (Outdoor); Track and Field and Cross Country (combined); Volleyball; Wrestling"
163338,"NCAA","D1","Mid-Eastern Athletic Conference",FALSE,"NCAA Division I without football",3,NA,"Baseball; Basketball; Bowling; Golf; Softball; Track and Field and Cross Country (combined); Volleyball"
163453,"NCAA","D1","Mid-Eastern Athletic Conference",TRUE,"NCAA Division I-FCS",2,NA,"Basketball; Bowling; Football; Other Sports; Softball; Tennis; Track and Field and Cross Country (combined); Volleyball; Wrestling"
163462,"NCAA","D1","Metro Atlantic Athletic Conference",FALSE,"NCAA Division I without football",3,NA,"Baseball; Basketball; Bowling; Golf; Lacrosse; Other Sports; Soccer; Softball; Swimming; Tennis; Track and Field and Cross Country (combined); Water Polo"
163578,"NCAA","D3","United East Conference",FALSE,"NCAA Division III without football",7,NA,"Baseball; Basketball; Cross Country; Lacrosse; Soccer; Softball; Tennis; Track and Field (Outdoor); Volleyball"
163851,"NCAA","D3","Coast to Coast Athletic Conference",TRUE,"NCAA Division III with football",6,NA,"Baseball; Basketball; Field Hockey; Football; Golf; Lacrosse; Soccer; Softball; Swimming; Tennis; Track and Field and Cross Country (combined); Volleyball"
163912,"NCAA","D3","United East Conference",FALSE,"NCAA Division III without football",7,NA,"Baseball; Basketball; Field Hockey; Lacrosse; Rowing; Sailing; Soccer; Swimming; Tennis; Track and Field and Cross Country (combined); Volleyball"
164076,"NCAA","D1","Coastal Athletic Association",TRUE,"NCAA Division I-FCS",2,NA,"Baseball; Basketball; Field Hockey; Football; Golf; Gymnastics; Lacrosse; Soccer; Softball; Swimming and Diving (combined); Tennis; Track and Field and Cross Country (combined); Volleyball"
164173,"NCAA","D3","MAC Commonwealth",TRUE,"NCAA Division III with football",6,NA,"Baseball; Basketball; Beach Volleyball; Cross Country; Field Hockey; Football; Golf; Ice Hockey; Lacrosse; Other Sports; Soccer; Softball; Swimming; Tennis; Track and Field (Indoor); Track and Field (Outdoor); Volleyball"
164216,"NCAA","D3","Centennial Conference",FALSE,"NCAA Division III without football",7,NA,"Baseball; Basketball; Field Hockey; Golf; Lacrosse; Other Sports; Rowing; Sailing; Soccer; Softball; Swimming; Tennis; Volleyball"
164270,"NCAA","D3","Centennial Conference",TRUE,"NCAA Division III with football",6,NA,"Baseball; Basketball; Cross Country; Field Hockey; Football; Golf; Lacrosse; Soccer; Softball; Swimming; Tennis; Track and Field (Indoor); Track and Field (Outdoor); Volleyball; Wrestling"
164447,"NCAA","D2","Northeast-10 Conference",TRUE,"NCAA Division II with football",4,NA,"Baseball; Basketball; Field Hockey; Football; Golf; Ice Hockey; Lacrosse; Other Sports; Soccer; Softball; Tennis; Track and Field and Cross Country (combined); Volleyball; Wrestling"
164465,"NCAA","D3","New England Small College Athletic Conference",TRUE,"NCAA Division III with football",6,NA,"Baseball; Basketball; Cross Country; Field Hockey; Football; Golf; Ice Hockey; Lacrosse; Soccer; Softball; Squash; Swimming and Diving (combined); Tennis; Track and Field (Indoor); Track and Field (Outdoor); Volleyball"
164492,"NCAA","D3","Massachusetts State Collegiate Athletic Conference",TRUE,"NCAA Division III with football",6,NA,"Baseball; Basketball; Field Hockey; Football; Ice Hockey; Lacrosse; Soccer; Softball; Volleyball"
164562,"NCAA","D2","Northeast-10 Conference",TRUE,"NCAA Division II with football",4,NA,"Baseball; Basketball; Field Hockey; Football; Golf; Ice Hockey; Lacrosse; Rowing; Soccer; Softball; Swimming; Tennis; Track and Field and Cross Country (combined); Volleyball"
164580,"NCAA","D3","New England Women's and Men's Athletic Conference",FALSE,"NCAA Division III without football",7,NA,"Baseball; Basketball; Field Hockey; Golf; Ice Hockey; Lacrosse; Skiing; Soccer; Softball; Swimming and Diving (combined); Tennis; Track and Field and Cross Country (combined); Volleyball"
164739,"NCAA","D2","Northeast-10 Conference",TRUE,"NCAA Division II with football",4,NA,"Baseball; Basketball; Field Hockey; Football; Golf; Ice Hockey; Lacrosse; Soccer; Softball; Swimming and Diving (combined); Tennis; Track and Field and Cross Country (combined); Volleyball"
164924,"NCAA","D1","Atlantic Coast Conference",TRUE,"NCAA Division I-FBS",1,NA,"Baseball; Basketball; Fencing; Field Hockey; Football; Golf; Ice Hockey; Lacrosse; Rowing; Sailing; Skiing; Soccer; Softball; Swimming and Diving (combined); Tennis; Track and Field and Cross Country (combined); Volleyball"
164988,"NCAA","D1","Patriot League",FALSE,"NCAA Division I without football",3,NA,"Basketball; Field Hockey; Golf; Ice Hockey; Lacrosse; Rowing; Soccer; Softball; Swimming and Diving (combined); Tennis; Track and Field and Cross Country (combined)"
165015,"NCAA","D3","University Athletic Association",FALSE,"NCAA Division III without football",7,NA,"Baseball; Basketball; Fencing; Soccer; Softball; Swimming; Tennis; Track and Field and Cross Country (combined); Volleyball"
165024,"NCAA","D3","Massachusetts State Collegiate Athletic Conference",TRUE,"NCAA Division III with football",6,NA,"Baseball; Basketball; Equestrian; Field Hockey; Football; Lacrosse; Soccer; Softball; Swimming and Diving (combined); Tennis; Track and Field and Cross Country (combined); Volleyball; Wrestling"
165334,"NCAA","D3","New England Women's and Men's Athletic Conference",FALSE,"NCAA Division III without football",7,NA,"Baseball; Basketball; Cross Country; Field Hockey; Lacrosse; Rowing; Soccer; Softball; Swimming and Diving (combined); Tennis; Volleyball"
165529,"NCAA","D3","Conference of New England",TRUE,"NCAA Division III with football",6,NA,"Baseball; Basketball; Cross Country; Football; Ice Hockey; Lacrosse; Soccer; Softball; Tennis; Volleyball"
165574,"NCAA","D3","Great Northeast Athletic Conference",TRUE,"NCAA Division III with football",6,NA,"Baseball; Basketball; Cross Country; Field Hockey; Football; Golf; Lacrosse; Soccer; Softball; Volleyball"
165662,"NCAA","D3","New England Women's and Men's Athletic Conference",FALSE,"NCAA Division III without football",7,NA,"Baseball; Basketball; Cross Country; Lacrosse; Soccer; Softball; Tennis; Volleyball"
165671,"NCAA","D3","Great Northeast Athletic Conference",FALSE,"NCAA Division III without football",7,NA,"Basketball; Golf; Lacrosse; Soccer; Softball; Track and Field and Cross Country (combined); Volleyball"
165699,"NCAA","D3","Conference of New England",TRUE,"NCAA Division III with football",6,NA,"Baseball; Basketball; Cross Country; Equestrian; Field Hockey; Football; Golf; Ice Hockey; Lacrosse; Soccer; Softball; Tennis; Track and Field (Outdoor); Volleyball"
165802,"NAIA","NAIA","Continental Athletic Conference",FALSE,"NAIA Division I",9,NA,"Baseball; Basketball; Soccer; Softball; Volleyball"
165820,"NCAA","D3","Massachusetts State Collegiate Athletic Conference",TRUE,"NCAA Division III with football",6,NA,"Baseball; Basketball; Cross Country; Field Hockey; Football; Ice Hockey; Lacrosse; Soccer; Softball; Track and Field (Indoor); Track and Field (Outdoor); Volleyball"
165866,"NCAA","D3","Massachusetts State Collegiate Athletic Conference",TRUE,"NCAA Division III with football",6,NA,"Baseball; Basketball; Cross Country; Field Hockey; Football; Ice Hockey; Lacrosse; Soccer; Softball; Track and Field (Outdoor); Volleyball"
165936,"NCAA","D3","Conference of New England",FALSE,"NCAA Division III without football",7,NA,"Baseball; Basketball; Cross Country; Field Hockey; Golf; Lacrosse; Rowing; Soccer; Softball; Swimming; Tennis; Track and Field (Indoor); Track and Field (Outdoor); Volleyball"
166018,"USCAA","Other",NA,FALSE,"USCAA",20,NA,"Basketball; Cross Country; Soccer; Track and Field (Indoor); Track and Field (Outdoor)"
166027,"NCAA","D1","Ivy League",TRUE,"NCAA Division I-FCS",2,NA,"Baseball; Basketball; Fencing; Field Hockey; Football; Golf; Ice Hockey; Lacrosse; Other Sports; Rowing; Sailing; Skiing; Soccer; Softball; Squash; Swimming and Diving (combined); Tennis; Track and Field and Cross Country (combined); Volleyball; Water Polo; Wrestling"
166124,"NCAA","D1","Patriot League",TRUE,"NCAA Division I-FCS",2,NA,"Baseball; Basketball; Field Hockey; Football; Golf; Ice Hockey; Lacrosse; Rowing; Soccer; Softball; Swimming and Diving (combined); Tennis; Track and Field and Cross Country (combined); Volleyball"
166391,"NCAA","D3","Great Northeast Athletic Conference",FALSE,"NCAA Division III without football",7,NA,"Baseball; Basketball; Field Hockey; Lacrosse; Soccer; Softball; Track and Field and Cross Country (combined); Volleyball"
166452,"NCAA","D3","North Atlantic Conference",FALSE,"NCAA Division III without football",7,NA,"Baseball; Basketball; Golf; Soccer; Softball; Tennis; Track and Field and Cross Country (combined); Volleyball"
166513,"NCAA","D1","America East Conference",FALSE,"NCAA Division I without football",3,NA,"Baseball; Basketball; Field Hockey; Ice Hockey; Lacrosse; Soccer; Softball; Track and Field and Cross Country (combined)"
166629,"NCAA","D1","Mid-American Conference",TRUE,"NCAA Division I-FBS",1,NA,"Baseball; Basketball; Field Hockey; Football; Ice Hockey; Lacrosse; Rowing; Soccer; Softball; Swimming and Diving (combined); Tennis; Track and Field and Cross Country (combined)"
166638,"NCAA","D3","Little East Conference",FALSE,"NCAA Division III without football",7,NA,"Baseball; Basketball; Ice Hockey; Lacrosse; Soccer; Softball; Tennis; Track and Field and Cross Country (combined); Volleyball"
166683,"NCAA","D3","New England Women's and Men's Athletic Conference",TRUE,"NCAA Division III with football",6,NA,"Baseball; Basketball; Cross Country; Fencing; Field Hockey; Football; Lacrosse; Rifle; Rowing; Sailing; Soccer; Softball; Squash; Swimming and Diving (combined); Tennis; Track and Field (Indoor); Track and Field (Outdoor); Volleyball; Water Polo"
166692,"NCAA","D3","Massachusetts State Collegiate Athletic Conference",TRUE,"NCAA Division III with football",6,NA,"Baseball; Cross Country; Football; Lacrosse; Rowing; Sailing; Soccer; Softball; Track and Field (Outdoor); Volleyball"
166850,"NCAA","D1","Metro Atlantic Athletic Conference",TRUE,"NCAA Division I-FCS",2,NA,"Baseball; Basketball; Bowling; Cross Country; Field Hockey; Football; Golf; Ice Hockey; Lacrosse; Other Sports; Rowing; Soccer; Softball; Swimming; Tennis; Track and Field (Indoor); Track and Field (Outdoor); Volleyball"
167260,"NCAA","D3","Conference of New England",TRUE,"NCAA Division III with football",6,NA,"Baseball; Basketball; Cross Country; Field Hockey; Football; Golf; Ice Hockey; Lacrosse; Other Sports; Soccer; Softball; Tennis; Track and Field (Outdoor); Volleyball"
167288,"NCAA","D3","Massachusetts State Collegiate Athletic Conference",FALSE,"NCAA Division III without football",7,NA,"Baseball; Basketball; Cross Country; Golf; Ice Hockey; Lacrosse; Other Sports; Soccer; Softball; Volleyball"
167358,"NCAA","D1","Coastal Athletic Association",FALSE,"NCAA Division I without football",3,NA,"Baseball; Basketball; Field Hockey; Ice Hockey; Other Sports; Rowing; Soccer; Swimming and Diving (combined); Track and Field and Cross Country (combined); Volleyball"
167394,"NCAA","D3",NA,FALSE,"NCAA Division III without football",7,NA,"Baseball; Basketball; Cross Country; Field Hockey; Golf; Lacrosse; Soccer; Softball; Swimming; Volleyball"
167525,"NJCAA","Other",NA,FALSE,"NJCAA Division III",14,NA,"Basketball"
167598,"NCAA","D3","Great Northeast Athletic Conference",FALSE,"NCAA Division III without football",7,NA,"Basketball; Field Hockey; Lacrosse; Soccer; Softball; Swimming and Diving (combined); Tennis; Track and Field and Cross Country (combined); Volleyball"
167729,"NCAA","D3","Massachusetts State Collegiate Athletic Conference",FALSE,"NCAA Division III without football",7,NA,"Baseball; Basketball; Field Hockey; Golf; Ice Hockey; Lacrosse; Soccer; Softball; Tennis; Volleyball"
167899,"NCAA","D3","New England Women's and Men's Athletic Conference",TRUE,"NCAA Division III with football",6,NA,"Baseball; Basketball; Field Hockey; Football; Golf; Gymnastics; Lacrosse; Soccer; Softball; Swimming and Diving (combined); Tennis; Track and Field and Cross Country (combined); Volleyball; Wrestling"
167987,"NCAA","D3","Little East Conference",TRUE,"NCAA Division III with football",6,NA,"Baseball; Basketball; Cross Country; Field Hockey; Football; Ice Hockey; Lacrosse; Soccer; Softball; Swimming; Tennis; Track and Field (Indoor); Track and Field (Outdoor); Volleyball"
167996,"NCAA","D1","NEC",TRUE,"NCAA Division I-FCS",2,NA,"Baseball; Basketball; Equestrian; Field Hockey; Football; Golf; Ice Hockey; Lacrosse; Soccer; Softball; Swimming; Tennis; Track and Field and Cross Country (combined); Volleyball"
168005,"NCAA","D3","Conference of New England",FALSE,"NCAA Division III without football",7,NA,"Baseball; Basketball; Golf; Ice Hockey; Lacrosse; Soccer; Softball; Tennis; Track and Field and Cross Country (combined); Volleyball"
168148,"NCAA","D3","New England Small College Athletic Conference",TRUE,"NCAA Division III with football",6,NA,"Baseball; Basketball; Fencing; Field Hockey; Football; Golf; Ice Hockey; Lacrosse; Rowing; Sailing; Soccer; Softball; Squash; Swimming and Diving (combined); Tennis; Track and Field and Cross Country (combined); Volleyball"
168218,"NCAA","D3","New England Women's and Men's Athletic Conference",FALSE,"NCAA Division III without football",7,NA,"Basketball; Cross Country; Fencing; Field Hockey; Golf; Lacrosse; Rowing; Soccer; Softball; Swimming and Diving (combined); Tennis; Track and Field (Indoor); Track and Field (Outdoor); Volleyball"
168227,"NCAA","D3","Conference of New England",FALSE,"NCAA Division III without football",7,NA,"Baseball; Basketball; Cross Country; Golf; Ice Hockey; Lacrosse; Soccer; Softball; Tennis; Track and Field (Indoor); Track and Field (Outdoor); Volleyball"
168254,"NCAA","D3","Conference of New England",TRUE,"NCAA Division III with football",6,NA,"Baseball; Basketball; Cross Country; Field Hockey; Football; Golf; Ice Hockey; Lacrosse; Soccer; Softball; Swimming; Tennis; Track and Field (Outdoor); Volleyball; Wrestling"
168263,"NCAA","D3","Massachusetts State Collegiate Athletic Conference",TRUE,"NCAA Division III with football",6,NA,"Baseball; Basketball; Field Hockey; Football; Golf; Ice Hockey; Lacrosse; Soccer; Softball; Swimming and Diving (combined); Track and Field and Cross Country (combined); Volleyball"
168281,"NCAA","D3",NA,FALSE,"NCAA Division III without football",7,NA,"Baseball; Basketball; Fencing; Field Hockey; Lacrosse; Soccer; Softball; Swimming; Swimming and Diving (combined); Synchronized Swimming; Tennis; Track and Field and Cross Country (combined); Volleyball; Water Polo"
168342,"NCAA","D3","New England Small College Athletic Conference",TRUE,"NCAA Division III with football",6,NA,"Baseball; Basketball; Cross Country; Field Hockey; Football; Golf; Ice Hockey; Lacrosse; Rowing; Skiing; Soccer; Softball; Squash; Swimming and Diving (combined); Tennis; Track and Field (Indoor); Track and Field (Outdoor); Volleyball; Wrestling"
168421,"NCAA","D3","New England Women's and Men's Athletic Conference",TRUE,"NCAA Division III with football",6,NA,"Baseball; Basketball; Field Hockey; Football; Rowing; Soccer; Softball; Swimming and Diving (combined); Track and Field and Cross Country (combined); Volleyball; Wrestling"
168430,"NCAA","D3","Massachusetts State Collegiate Athletic Conference",TRUE,"NCAA Division III with football",6,NA,"Baseball; Basketball; Cross Country; Field Hockey; Football; Golf; Ice Hockey; Lacrosse; Soccer; Softball; Track and Field (Indoor); Track and Field (Outdoor); Volleyball"
168528,"NCAA","D3","Michigan Intercollegiate Athletic Association",TRUE,"NCAA Division III with football",6,NA,"Baseball; Basketball; Bowling; Equestrian; Football; Golf; Gymnastics; Ice Hockey; Lacrosse; Other Sports; Rowing; Soccer; Softball; Tennis; Track and Field and Cross Country (combined); Volleyball; Wrestling"
168546,"NCAA","D3","Michigan Intercollegiate Athletic Association",TRUE,"NCAA Division III with football",6,NA,"Baseball; Basketball; Equestrian; Football; Golf; Lacrosse; Other Sports; Soccer; Softball; Swimming; Tennis; Track and Field and Cross Country (combined); Volleyball; Wrestling"
168591,"NCAA","D3","Michigan Intercollegiate Athletic Association",TRUE,"NCAA Division III with football",6,NA,"Baseball; Basketball; Bowling; Football; Golf; Lacrosse; Other Sports; Soccer; Softball; Swimming; Tennis; Track and Field and Cross Country (combined); Volleyball; Wrestling"
168607,"NJCAA","Other",NA,FALSE,"NJCAA Division II",13,NA,"Baseball; Basketball; Cross Country; Softball; Volleyball"
168740,"USCAA","Other",NA,FALSE,"USCAA",20,NA,"Basketball; Soccer; Volleyball"
168786,"NAIA","NAIA","Wolverine–Hoosier Athletic Conference",FALSE,"NAIA Division II",10,NA,"Baseball; Basketball; Bowling; Cross Country; Golf; Ice Hockey; Lacrosse; Other Sports; Soccer; Softball; Swimming and Diving (combined); Track and Field (Indoor); Track and Field (Outdoor); Volleyball"
169080,"NCAA","D3","Michigan Intercollegiate Athletic Association",TRUE,"NCAA Division III with football",6,NA,"Baseball; Basketball; Cross Country; Football; Golf; Lacrosse; Other Sports; Soccer; Softball; Swimming and Diving (combined); Tennis; Track and Field (Indoor); Track and Field (Outdoor); Volleyball"
169248,"NCAA","D1","Mid-American Conference",TRUE,"NCAA Division I-FBS",1,NA,"Baseball; Basketball; Cross Country; Field Hockey; Football; Golf; Gymnastics; Lacrosse; Soccer; Softball; Track and Field and Cross Country (combined); Volleyball; Wrestling"
169327,"NAIA","NAIA","Wolverine–Hoosier Athletic Conference",FALSE,"NAIA Division I",9,NA,"Baseball; Basketball; Bowling; Cross Country; Golf; Ice Hockey; Other Sports; Soccer; Softball; Track and Field (Indoor); Track and Field (Outdoor); Wrestling"
169479,"NCAA","D2","Great Lakes Intercollegiate Athletic Conference",TRUE,"NCAA Division II with football",4,NA,"Baseball; Basketball; Football; Golf; Lacrosse; Other Sports; Soccer; Softball; Swimming and Diving (combined); Tennis; Track and Field and Cross Country (combined); Volleyball; Wrestling"
169716,"NCAA","D1","Horizon League",FALSE,"NCAA Division I without football",3,NA,"Basketball; Fencing; Golf; Lacrosse; Soccer; Softball; Track and Field and Cross Country (combined)"
169798,"NCAA","D1","Mid-American Conference",TRUE,"NCAA Division I-FBS",1,NA,"Baseball; Basketball; Football; Golf; Gymnastics; Lacrosse; Rowing; Soccer; Swimming and Diving (combined); Tennis; Track and Field and Cross Country (combined); Volleyball"
169910,"Other","Other","Great Lakes Intercollegiate Athletic Conference",TRUE,"Other",8,"NCAA Division II w/Football and DI Men's Hockey","Basketball; Football; Golf; Ice Hockey; Soccer; Softball; Tennis; Track and Field and Cross Country (combined); Volleyball"
170000,"NCCAA","Other",NA,FALSE,"NCCAA Division II",16,NA,"Baseball; Basketball; Golf; Other Sports; Soccer; Softball; Tennis; Track and Field and Cross Country (combined); Volleyball"
170037,"NAIA","NAIA","Wolverine–Hoosier Athletic Conference",FALSE,"NAIA Division I",9,NA,"Baseball; Basketball; Cross Country; Golf; Other Sports; Soccer; Softball; Tennis; Track and Field (Indoor); Track and Field (Outdoor); Volleyball; Wrestling"
170082,"NCAA","D2","Great Lakes Intercollegiate Athletic Conference",TRUE,"NCAA Division II with football",4,NA,"Baseball; Basketball; Football; Golf; Lacrosse; Soccer; Softball; Swimming and Diving (combined); Tennis; Track and Field and Cross Country (combined); Volleyball; Wrestling"
170091,"NCCAA","Other",NA,FALSE,"NCCAA Division II",16,NA,"Basketball; Soccer; Volleyball"
170240,"NJCAA","Other",NA,FALSE,"NJCAA Division II",13,NA,"Baseball; Basketball; Golf; Softball; Volleyball; Wrestling"
170301,"NCAA","D3","Michigan Intercollegiate Athletic Association",TRUE,"NCAA Division III with football",6,NA,"Baseball; Basketball; Football; Golf; Lacrosse; Soccer; Softball; Swimming and Diving (combined); Tennis; Track and Field and Cross Country (combined); Volleyball"
170444,"NJCAA","Other",NA,FALSE,"NJCAA Division II",13,NA,"Baseball; Basketball; Bowling; Cross Country; Golf; Other Sports; Soccer; Softball; Volleyball"
170532,"NCAA","D3","Michigan Intercollegiate Athletic Association",TRUE,"NCAA Division III with football",6,NA,"Baseball; Basketball; Cross Country; Football; Golf; Lacrosse; Soccer; Softball; Swimming and Diving (combined); Tennis; Volleyball"
170639,"NCAA","D2","Great Lakes Intercollegiate Athletic Conference",FALSE,"NCAA Division II without football",5,NA,"Basketball; Golf; Ice Hockey; Swimming; Tennis; Track and Field and Cross Country (combined); Volleyball"
170675,"NAIA","NAIA",NA,TRUE,"NAIA Division I",9,NA,"Baseball; Basketball; Bowling; Cross Country; Football; Golf; Ice Hockey; Lacrosse; Soccer; Softball; Tennis; Track and Field (Indoor); Track and Field (Outdoor); Volleyball"
170806,"NAIA","NAIA","Wolverine–Hoosier Athletic Conference",TRUE,"NAIA Division I",9,NA,"Baseball; Basketball; Bowling; Cross Country; Football; Golf; Lacrosse; Other Sports; Soccer; Softball; Track and Field (Indoor); Track and Field (Outdoor); Volleyball"
170967,"NAIA","NAIA",NA,FALSE,"NAIA Division I",9,NA,"Baseball; Basketball; Bowling; Cross Country; Golf; Lacrosse; Other Sports; Soccer; Softball; Track and Field (Indoor); Track and Field (Outdoor); Volleyball; Wrestling"
170976,"NCAA","D1","Big Ten Conference",TRUE,"NCAA Division I-FBS",1,NA,"Baseball; Basketball; Field Hockey; Football; Golf; Gymnastics; Ice Hockey; Lacrosse; Rowing; Soccer; Softball; Swimming and Diving (combined); Tennis; Track and Field and Cross Country (combined); Volleyball; Water Polo; Wrestling"
171100,"NCAA","D1","Big Ten Conference",TRUE,"NCAA Division I-FBS",1,NA,"Baseball; Basketball; Field Hockey; Football; Golf; Gymnastics; Ice Hockey; Rowing; Soccer; Softball; Tennis; Track and Field and Cross Country (combined); Volleyball; Wrestling"
171128,"NCAA","D2","Great Lakes Intercollegiate Athletic Conference",TRUE,"NCAA Division II with football",4,NA,"Basketball; Cross Country; Football; Ice Hockey; Other Sports; Skiing; Soccer; Tennis; Track and Field (Outdoor); Volleyball"
171137,"NAIA","NAIA","Wolverine–Hoosier Athletic Conference",FALSE,"NAIA Division I",9,NA,"Baseball; Basketball; Bowling; Cross Country; Golf; Lacrosse; Soccer; Softball; Volleyball"
171456,"NCAA","D2","Great Lakes Intercollegiate Athletic Conference",TRUE,"NCAA Division II with football",4,NA,"Basketball; Cross Country; Football; Golf; Ice Hockey; Lacrosse; Other Sports; Skiing; Soccer; Swimming and Diving (combined); Track and Field (Indoor); Track and Field (Outdoor); Volleyball; Wrestling"
171492,"NCAA","D2","Great Midwest Athletic Conference",TRUE,"NCAA Division II with football",4,NA,"Baseball; Basketball; Football; Golf; Lacrosse; Soccer; Softball; Tennis; Track and Field and Cross Country (combined); Volleyball"
171571,"NCAA","D1","Horizon League",FALSE,"NCAA Division I without football",3,NA,"Baseball; Basketball; Golf; Soccer; Softball; Swimming and Diving (combined); Tennis; Track and Field and Cross Country (combined); Volleyball"
171599,"NCAA","D3","Michigan Intercollegiate Athletic Association",TRUE,"NCAA Division III with football",6,NA,"Baseball; Basketball; Bowling; Cross Country; Football; Golf; Other Sports; Rifle; Soccer; Softball; Swimming; Tennis; Track and Field (Indoor); Track and Field (Outdoor); Volleyball; Wrestling"
171881,"NCCAA","Other",NA,FALSE,"NCCAA Division II",16,NA,"Basketball; Soccer; Volleyball"
172051,"NCAA","D2","Great Lakes Intercollegiate Athletic Conference",TRUE,"NCAA Division II with football",4,NA,"Baseball; Basketball; Football; Golf; Lacrosse; Soccer; Softball; Swimming and Diving (combined); Tennis; Track and Field and Cross Country (combined); Volleyball"
172200,"NJCAA","Other",NA,FALSE,"NJCAA Division II",13,NA,"Baseball; Basketball; Bowling; Cross Country; Golf; Ice Hockey; Soccer; Softball; Volleyball"
172264,"NAIA","NAIA","Wolverine–Hoosier Athletic Conference",TRUE,"NAIA Division II",10,NA,"Baseball; Basketball; Bowling; Football; Golf; Lacrosse; Other Sports; Soccer; Softball; Track and Field and Cross Country (combined); Volleyball; Wrestling"
172334,"NAIA","NAIA","Crossroads League",FALSE,"NAIA Division II",10,NA,"Baseball; Basketball; Bowling; Golf; Other Sports; Soccer; Softball; Tennis; Track and Field and Cross Country (combined); Volleyball"
172644,"NCAA","D2","Great Lakes Intercollegiate Athletic Conference",TRUE,"NCAA Division II with football",4,NA,"Baseball; Basketball; Cross Country; Fencing; Football; Golf; Softball; Swimming and Diving (combined); Tennis; Track and Field and Cross Country (combined); Volleyball"
172699,"NCAA","D1","Mid-American Conference",TRUE,"NCAA Division I-FBS",1,NA,"Baseball; Basketball; Football; Golf; Gymnastics; Ice Hockey; Soccer; Softball; Tennis; Track and Field and Cross Country (combined); Volleyball"
173045,"NCAA","D3","Minnesota Intercollegiate Athletic Conference",TRUE,"NCAA Division III with football",6,NA,"Baseball; Basketball; Cross Country; Football; Golf; Ice Hockey; Lacrosse; Soccer; Softball; Track and Field (Indoor); Track and Field (Outdoor); Volleyball; Wrestling"
173124,"NCAA","D2","Northern Sun Intercollegiate Conference",TRUE,"NCAA Division II with football",4,NA,"Baseball; Basketball; Football; Golf; Ice Hockey; Soccer; Softball; Tennis; Track and Field and Cross Country (combined); Volleyball"
173142,"NCAA","D3","Upper Midwest Athletic Conference",FALSE,"NCAA Division III without football",7,NA,"Baseball; Basketball; Cross Country; Golf; Soccer; Softball; Tennis; Track and Field (Indoor); Track and Field (Outdoor); Volleyball"
173160,"NCAA","D3",NA,TRUE,"NCAA Division III with football",6,NA,"Baseball; Basketball; Cross Country; Football; Golf; Ice Hockey; Soccer; Softball; Tennis; Track and Field (Indoor); Track and Field (Outdoor); Volleyball"
173258,"NCAA","D3","Minnesota Intercollegiate Athletic Conference",TRUE,"NCAA Division III with football",6,NA,"Baseball; Basketball; Football; Golf; Soccer; Softball; Swimming and Diving (combined); Tennis; Track and Field and Cross Country (combined); Volleyball"
173300,"NCAA","D3",NA,TRUE,"NCAA Division III with football",6,NA,"Baseball; Basketball; Cross Country; Football; Golf; Ice Hockey; Soccer; Softball; Swimming and Diving (combined); Tennis; Track and Field (Indoor); Track and Field (Outdoor); Volleyball; Wrestling"
173328,"NCAA","D2","Northern Sun Intercollegiate Conference",TRUE,"NCAA Division II with football",4,NA,"Baseball; Basketball; Cross Country; Football; Golf; Lacrosse; Soccer; Softball; Swimming and Diving (combined); Track and Field (Indoor); Track and Field (Outdoor); Volleyball"
173452,"NCAA","D3","Upper Midwest Athletic Conference",TRUE,"NCAA Division III with football",6,NA,"Baseball; Basketball; Cross Country; Football; Golf; Soccer; Softball; Tennis; Track and Field (Indoor); Track and Field (Outdoor); Volleyball"
173647,"NCAA","D3","Minnesota Intercollegiate Athletic Conference",TRUE,"NCAA Division III with football",6,NA,"Baseball; Basketball; Football; Golf; Gymnastics; Ice Hockey; Soccer; Softball; Swimming; Tennis; Track and Field and Cross Country (combined); Volleyball"
173665,"NCAA","D3","Minnesota Intercollegiate Athletic Conference",TRUE,"NCAA Division III with football",6,NA,"Baseball; Basketball; Football; Gymnastics; Ice Hockey; Lacrosse; Soccer; Softball; Swimming and Diving (combined); Tennis; Track and Field and Cross Country (combined); Volleyball"
173902,"NCAA","D3","Minnesota Intercollegiate Athletic Conference",TRUE,"NCAA Division III with football",6,NA,"Baseball; Basketball; Football; Golf; Soccer; Softball; Swimming and Diving (combined); Tennis; Track and Field and Cross Country (combined); Volleyball; Water Polo"
173920,"NCAA","D2","Northern Sun Intercollegiate Conference",TRUE,"NCAA Division II with football",4,NA,"Baseball; Basketball; Football; Golf; Ice Hockey; Soccer; Softball; Swimming and Diving (combined); Tennis; Track and Field and Cross Country (combined); Volleyball; Wrestling"
174066,"NCAA","D1","Big Ten Conference",TRUE,"NCAA Division I-FBS",1,NA,"Baseball; Basketball; Football; Golf; Gymnastics; Ice Hockey; Rowing; Soccer; Softball; Swimming and Diving (combined); Tennis; Track and Field and Cross Country (combined); Volleyball; Wrestling"
174075,"NCAA","D2","Northern Sun Intercollegiate Conference",FALSE,"NCAA Division II without football",5,NA,"Baseball; Basketball; Cross Country; Equestrian; Golf; Soccer; Softball; Tennis; Volleyball"
174233,"NCAA","D2","Northern Sun Intercollegiate Conference",TRUE,"NCAA Division II with football",4,NA,"Baseball; Basketball; Football; Ice Hockey; Soccer; Softball; Tennis; Track and Field and Cross Country (combined); Volleyball"
174251,"NCAA","D3","Upper Midwest Athletic Conference",TRUE,"NCAA Division III with football",6,NA,"Baseball; Basketball; Football; Golf; Soccer; Softball; Swimming and Diving (combined); Tennis; Track and Field and Cross Country (combined); Volleyball"
174358,"NCAA","D2","Northern Sun Intercollegiate Conference",TRUE,"NCAA Division II with football",4,NA,"Basketball; Football; Golf; Soccer; Softball; Swimming and Diving (combined); Tennis; Track and Field and Cross Country (combined); Volleyball; Wrestling"
174437,"NCAA","D3","Upper Midwest Athletic Conference",FALSE,"NCAA Division III without football",7,NA,"Baseball; Basketball; Golf; Other Sports; Soccer; Softball; Track and Field and Cross Country (combined); Volleyball"
174491,"NCAA","D3","Upper Midwest Athletic Conference",TRUE,"NCAA Division III with football",6,NA,"Baseball; Basketball; Cross Country; Football; Golf; Soccer; Softball; Tennis; Track and Field (Indoor); Track and Field (Outdoor); Volleyball"
174525,"NCCAA","Other",NA,FALSE,"NCCAA Division II",16,NA,"Basketball; Cross Country; Soccer"
174783,"NCAA","D2","Northern Sun Intercollegiate Conference",FALSE,"NCAA Division II without football",5,NA,"Baseball; Basketball; Ice Hockey; Soccer; Softball; Swimming and Diving (combined); Tennis; Track and Field and Cross Country (combined); Volleyball; Wrestling"
174817,"NCAA","D3","Minnesota Intercollegiate Athletic Conference",FALSE,"NCAA Division III without football",7,NA,"Baseball; Basketball; Ice Hockey; Soccer; Softball; Tennis; Track and Field and Cross Country (combined); Volleyball"
174844,"NCAA","D3","Minnesota Intercollegiate Athletic Conference",TRUE,"NCAA Division III with football",6,NA,"Baseball; Basketball; Cross Country; Football; Golf; Ice Hockey; Other Sports; Skiing; Soccer; Softball; Swimming; Swimming and Diving (combined); Tennis; Track and Field (Indoor); Track and Field (Outdoor); Volleyball"
174862,"NCAA","D3","Upper Midwest Athletic Conference",TRUE,"NCAA Division III with football",6,NA,"Baseball; Basketball; Football; Golf; Soccer; Softball; Tennis; Track and Field and Cross Country (combined); Volleyball"
174899,"NCAA","D3","Minnesota Intercollegiate Athletic Conference",TRUE,"NCAA Division III with football",6,NA,"Baseball; Basketball; Cross Country; Football; Golf; Ice Hockey; Skiing; Soccer; Softball; Tennis; Track and Field (Indoor); Track and Field (Outdoor); Volleyball"
174914,"NCAA","D1",NA,TRUE,"NCAA Division I-FCS",2,NA,"Baseball; Basketball; Football; Golf; Ice Hockey; Soccer; Softball; Swimming and Diving (combined); Tennis; Track and Field and Cross Country (combined); Volleyball"
175005,"NCAA","D3","Minnesota Intercollegiate Athletic Conference",FALSE,"NCAA Division III without football",7,NA,"Basketball; Golf; Ice Hockey; Soccer; Softball; Swimming and Diving (combined); Tennis; Track and Field and Cross Country (combined); Volleyball"
175078,"NCAA","D2","Northern Sun Intercollegiate Conference",TRUE,"NCAA Division II with football",4,NA,"Baseball; Basketball; Football; Golf; Soccer; Softball; Swimming and Diving (combined); Track and Field and Cross Country (combined); Volleyball; Wrestling"
175272,"NCAA","D2","Northern Sun Intercollegiate Conference",TRUE,"NCAA Division II with football",4,NA,"Baseball; Basketball; Cross Country; Football; Golf; Gymnastics; Soccer; Softball; Tennis; Track and Field (Indoor); Track and Field (Outdoor); Volleyball"
175342,"NCAA","D1","Southwestern Athletic Conference",TRUE,"NCAA Division I-FCS",2,NA,"Baseball; Basketball; Football; Soccer; Softball; Tennis; Track and Field and Cross Country (combined); Volleyball"
175421,"NCAA","D3","Collegiate Conference of the South",TRUE,"NCAA Division III with football",6,NA,"Baseball; Basketball; Football; Golf; Soccer; Softball; Tennis; Track and Field and Cross Country (combined); Volleyball"
175430,"NAIA","NAIA","Southern States Athletic Conference",FALSE,"NAIA Division I",9,NA,"Archery; Baseball; Basketball; Bowling; Cross Country; Golf; Soccer; Softball; Tennis; Track and Field (Outdoor); Volleyball; Weight Lifting"
175616,"NCAA","D2","Gulf South Conference",TRUE,"NCAA Division II with football",4,NA,"Baseball; Basketball; Cross Country; Football; Golf; Soccer; Softball; Swimming; Tennis"
175856,"NCAA","D1","Southwestern Athletic Conference",TRUE,"NCAA Division I-FCS",2,NA,"Baseball; Basketball; Bowling; Football; Soccer; Softball; Tennis; Track and Field and Cross Country (combined); Volleyball"
175980,"NCAA","D3","Southern Athletic Association",TRUE,"NCAA Division III with football",6,NA,"Baseball; Basketball; Football; Golf; Soccer; Softball; Swimming; Tennis; Track and Field and Cross Country (combined); Volleyball"
176017,"NCAA","D1","Southeastern Conference",TRUE,"NCAA Division I-FBS",1,NA,"Baseball; Basketball; Football; Golf; Rifle; Soccer; Softball; Tennis; Track and Field and Cross Country (combined); Volleyball"
176035,"NCAA","D3","St. Louis Intercollegiate Athletic Conference",FALSE,"NCAA Division III without football",7,NA,"Baseball; Basketball; Golf; Soccer; Softball; Tennis; Track and Field and Cross Country (combined); Volleyball"
176044,"NCAA","D1","Southwestern Athletic Conference",TRUE,"NCAA Division I-FCS",2,NA,"Baseball; Basketball; Football; Soccer; Softball; Tennis; Track and Field and Cross Country (combined); Volleyball"
176053,"NCAA","D2","Gulf South Conference",TRUE,"NCAA Division II with football",4,NA,"Baseball; Basketball; Cross Country; Football; Golf; Soccer; Softball; Tennis; Track and Field (Outdoor); Volleyball"
176080,"NCAA","D1","Southeastern Conference",TRUE,"NCAA Division I-FBS",1,NA,"Baseball; Basketball; Football; Golf; Soccer; Softball; Tennis; Track and Field and Cross Country (combined); Volleyball"
176318,"NAIA","NAIA","HBCU Athletic Conference",FALSE,"NAIA Division I",9,"NAIA Division I","Baseball; Basketball; Cross Country; Softball; Tennis; Track and Field (Outdoor); Volleyball"
176336,"NCCAA","Other",NA,FALSE,"NCCAA Division II",16,NA,"Baseball; Basketball"
176372,"NCAA","D1","Sun Belt Conference",TRUE,"NCAA Division I-FBS",1,NA,"Baseball; Basketball; Beach Volleyball; Football; Golf; Soccer; Softball; Tennis; Track and Field (Indoor); Track and Field (Outdoor); Track and Field and Cross Country (combined); Volleyball"
176406,"NAIA","NAIA","HBCU Athletic Conference",FALSE,"NAIA Division I",9,NA,"Baseball; Basketball; Cross Country; Soccer; Volleyball"
176479,"NAIA","NAIA","Southern States Athletic Conference",FALSE,"NAIA Division I",9,NA,"Archery; Baseball; Basketball; Beach Volleyball; Cross Country; Golf; Soccer; Softball; Swimming; Tennis; Track and Field (Indoor); Track and Field (Outdoor); Volleyball"
176628,"NAIA","NAIA","Kansas Collegiate Athletic Conference",TRUE,"NAIA Division I",9,NA,"Baseball; Basketball; Bowling; Football; Other Sports; Soccer; Softball; Tennis; Volleyball; Wrestling"
176664,"NAIA","NAIA","American Midwest Conference",FALSE,"NAIA Division I",9,NA,"Baseball; Basketball; Golf; Soccer; Softball; Volleyball"
176789,"NCCAA","Other",NA,FALSE,"NCCAA Division II",16,NA,"Basketball; Volleyball"
176910,"NCCAA","Other",NA,FALSE,"NCCAA Division II",16,NA,"Basketball; Soccer; Volleyball"
176947,"NAIA","NAIA",NA,TRUE,"NAIA Division I",9,NA,"Baseball; Basketball; Bowling; Football; Golf; Other Sports; Soccer; Softball; Track and Field and Cross Country (combined); Volleyball; Wrestling"
176965,"NCAA","D2","Mid-America Intercollegiate Athletics Association",TRUE,"NCAA Division II with football",4,NA,"Baseball; Basketball; Bowling; Football; Golf; Soccer; Softball; Track and Field and Cross Country (combined); Volleyball; Wrestling"
177065,"NAIA","NAIA",NA,FALSE,"NAIA Division I",9,NA,"Baseball; Basketball; Bowling; Golf; Lacrosse; Other Sports; Soccer; Softball; Track and Field and Cross Country (combined); Volleyball"
177144,"NAIA","NAIA","Heart of America Athletic Conference",TRUE,"NAIA Division II",10,NA,"Baseball; Basketball; Bowling; Football; Golf; Lacrosse; Other Sports; Soccer; Softball; Track and Field and Cross Country (combined); Volleyball"
177214,"NCAA","D2","Great Lakes Valley Conference",FALSE,"NCAA Division II without football",5,NA,"Baseball; Basketball; Golf; Other Sports; Soccer; Softball; Swimming and Diving (combined); Tennis; Track and Field and Cross Country (combined); Volleyball; Wrestling"
177339,"NAIA","NAIA","Kansas Collegiate Athletic Conference",TRUE,"NAIA Division I",9,"NAIA is only one division now.","Baseball; Basketball; Cross Country; Football; Golf; Soccer; Softball; Tennis; Track and Field (Indoor); Track and Field (Outdoor); Volleyball"
177472,"Other","Other",NA,FALSE,"Other",8,"OTC competes only in Esports through NACE","Other Sports"
177542,"NAIA","NAIA","American Midwest Conference",FALSE,"NAIA Division I",9,NA,"Baseball; Basketball; Golf; Soccer; Softball; Track and Field and Cross Country (combined); Volleyball"
177551,"NAIA","NAIA","American Midwest Conference",FALSE,"NAIA Division I",9,NA,"Baseball; Basketball; Soccer; Softball; Track and Field (Outdoor); Volleyball"
177940,"NCAA","D2",NA,TRUE,"NCAA Division II with football",4,NA,"Baseball; Basketball; Cross Country; Football; Golf; Soccer; Softball; Track and Field (Indoor); Track and Field (Outdoor)"
177968,"NCAA","D1","Ohio Valley Conference",TRUE,"NCAA Division I-FCS",2,NA,"Baseball; Basketball; Beach Volleyball; Cross Country; Football; Golf; Ice Hockey; Lacrosse; Other Sports; Soccer; Softball; Tennis; Track and Field and Cross Country (combined); Volleyball; Wrestling"
178059,"NCAA","D2",NA,FALSE,"NCAA Division II without football",5,NA,"Baseball; Basketball; Bowling; Field Hockey; Golf; Lacrosse; Soccer; Softball; Swimming; Tennis; Track and Field and Cross Country (combined); Volleyball; Wrestling"
178208,"NCCAA","Other",NA,FALSE,"NCCAA Division II",16,NA,"Basketball; Cross Country; Soccer; Volleyball"
178244,"NAIA","NAIA","Heart of America Athletic Conference",TRUE,"NAIA Division I",9,NA,"Baseball; Basketball; Bowling; Cross Country; Football; Golf; Lacrosse; Other Sports; Soccer; Softball; Tennis; Track and Field (Indoor); Track and Field (Outdoor); Volleyball; Wrestling"
178341,"NCAA","D2","Mid-America Intercollegiate Athletics Association",TRUE,"NCAA Division II with football",4,NA,"Baseball; Basketball; Football; Golf; Soccer; Softball; Track and Field and Cross Country (combined); Volleyball"
178369,"NAIA","NAIA","Heart of America Athletic Conference",TRUE,"NAIA Division I",9,NA,"Baseball; Basketball; Bowling; Cross Country; Football; Golf; Lacrosse; Other Sports; Rifle; Rodeo; Soccer; Softball; Tennis; Track and Field (Indoor); Track and Field (Outdoor); Volleyball; Weight Lifting; Wrestling"
178387,"NCAA","D2","Mid-America Intercollegiate Athletics Association",TRUE,"NCAA Division II with football",4,NA,"Baseball; Basketball; Football; Golf; Lacrosse; Soccer; Softball; Tennis; Track and Field and Cross Country (combined); Volleyball"
178396,"NCAA","D1",NA,TRUE,"NCAA Division I-FBS",1,NA,"Baseball; Basketball; Football; Golf; Gymnastics; Soccer; Softball; Swimming and Diving (combined); Tennis; Track and Field and Cross Country (combined); Volleyball; Wrestling"
178402,"NCAA","D1","Summit League",FALSE,"NCAA Division I without football",3,NA,"Basketball; Golf; Soccer; Softball; Tennis; Track and Field and Cross Country (combined); Volleyball"
178411,"NCAA","D2","Great Lakes Valley Conference",TRUE,"NCAA Division II with football",4,NA,"Baseball; Basketball; Football; Golf; Soccer; Softball; Swimming; Track and Field and Cross Country (combined); Volleyball"
178420,"NCAA","D2","Great Lakes Valley Conference",FALSE,"NCAA Division II without football",5,NA,"Baseball; Basketball; Golf; Soccer; Softball; Swimming; Tennis; Track and Field and Cross Country (combined); Volleyball"
178615,"NCAA","D2","Great Lakes Valley Conference",TRUE,"NCAA Division II with football",4,NA,"Baseball; Basketball; Football; Golf; Soccer; Softball; Swimming; Tennis; Track and Field and Cross Country (combined); Volleyball"
178624,"NCAA","D2","Mid-America Intercollegiate Athletics Association",TRUE,"NCAA Division II with football",4,NA,"Baseball; Basketball; Football; Golf; Soccer; Softball; Tennis; Track and Field and Cross Country (combined); Volleyball"
178679,"NCCAA","Other",NA,FALSE,"NCCAA Division II",16,NA,"Basketball; Cross Country; Soccer; Volleyball"
178697,"NAIA","NAIA","Sooner Athletic Conference",FALSE,"NAIA Division I",9,NA,"Baseball; Basketball; Cross Country; Track and Field (Outdoor); Volleyball"
178721,"NAIA","NAIA","Heart of America Athletic Conference",FALSE,"NAIA Division I",9,NA,"Baseball; Basketball; Beach Volleyball; Cross Country; Golf; Ice Hockey; Other Sports; Soccer; Softball; Track and Field (Indoor); Track and Field (Outdoor); Volleyball"
179043,"NCAA","D2","Great Lakes Valley Conference",FALSE,"NCAA Division II without football",5,NA,"Baseball; Basketball; Cross Country; Golf; Lacrosse; Soccer; Softball; Swimming; Swimming and Diving (combined); Tennis; Track and Field (Indoor); Track and Field (Outdoor); Volleyball"
179159,"NCAA","D1","Atlantic 10 Conference",FALSE,"NCAA Division I without football",3,NA,"Baseball; Basketball; Field Hockey; Soccer; Softball; Swimming and Diving (combined); Tennis; Track and Field and Cross Country (combined); Volleyball"
179265,"NAIA","NAIA","American Midwest Conference",FALSE,"NAIA Division I",9,NA,"Baseball; Basketball; Cross Country; Golf; Lacrosse; Other Sports; Soccer; Softball; Track and Field (Indoor); Track and Field (Outdoor); Volleyball"
179308,"NJCAA","Other",NA,FALSE,"NJCAA Division II",13,NA,"Baseball; Basketball; Other Sports; Soccer; Softball; Volleyball"
179326,"NCAA","D2","Great Lakes Valley Conference",TRUE,"NCAA Division II with football",4,NA,"Baseball; Basketball; Beach Volleyball; Cross Country; Football; Other Sports; Soccer; Softball; Tennis; Track and Field (Indoor); Track and Field (Outdoor); Volleyball"
179548,"NAIA","NAIA","American Midwest Conference",FALSE,"NAIA Division I",9,NA,"Basketball; Soccer; Softball; Volleyball"
179557,"NCAA","D1","Ohio Valley Conference",TRUE,"NCAA Division I-FCS",2,NA,"Baseball; Basketball; Football; Gymnastics; Soccer; Softball; Tennis; Track and Field and Cross Country (combined); Volleyball"
179566,"NCAA","D1","Conference USA",TRUE,"NCAA Division I-FCS",2,NA,"Baseball; Basketball; Beach Volleyball; Football; Golf; Other Sports; Soccer; Softball; Swimming and Diving (combined); Tennis; Track and Field and Cross Country (combined); Volleyball"
179867,"NCAA","D3","University Athletic Association",TRUE,"NCAA Division III with football",6,NA,"Baseball; Basketball; Football; Golf; Soccer; Softball; Swimming and Diving (combined); Tennis; Track and Field and Cross Country (combined); Volleyball"
179894,"NCAA","D3","St. Louis Intercollegiate Athletic Conference",FALSE,"NCAA Division III without football",7,NA,"Baseball; Basketball; Cross Country; Golf; Soccer; Softball; Tennis; Track and Field (Indoor); Track and Field (Outdoor); Volleyball"
179946,"NCAA","D3",NA,TRUE,"NCAA Division III with football",6,NA,"Baseball; Basketball; Cross Country; Football; Golf; Soccer; Softball; Tennis; Track and Field (Indoor); Track and Field (Outdoor); Volleyball; Wrestling"
179955,"NCAA","D2","Great Lakes Valley Conference",TRUE,"NCAA Division II with football",4,NA,"Baseball; Basketball; Football; Golf; Lacrosse; Soccer; Softball; Swimming; Tennis; Track and Field and Cross Country (combined); Volleyball; Weight Lifting; Wrestling"
179964,"NAIA","NAIA","Heart of America Athletic Conference",TRUE,"NAIA Division I",9,NA,"Baseball; Basketball; Bowling; Football; Golf; Lacrosse; Other Sports; Soccer; Softball; Tennis; Track and Field and Cross Country (combined); Volleyball; Wrestling"
180106,"NAIA","NAIA","Frontier Conference",TRUE,"NAIA Division I",9,NA,"Basketball; Football; Golf; Soccer; Softball; Track and Field and Cross Country (combined); Volleyball"
180179,"NCAA","D2","Great Northwest Athletic Conference",FALSE,"NCAA Division II without football",5,NA,"Baseball; Basketball; Cross Country; Golf; Soccer; Softball; Track and Field (Indoor); Track and Field (Outdoor); Volleyball"
180258,"NAIA","NAIA","Frontier Conference",FALSE,"NAIA Division I",9,NA,"Basketball; Golf; Ice Hockey; Soccer; Softball; Track and Field and Cross Country (combined); Volleyball; Wrestling"
180416,"NAIA","NAIA",NA,TRUE,"NAIA Division I",9,NA,"Basketball; Football; Golf; Track and Field and Cross Country (combined); Volleyball"
180461,"NCAA","D1","Big Sky Conference",TRUE,"NCAA Division I-FCS",2,NA,"Basketball; Football; Golf; Skiing; Tennis; Track and Field and Cross Country (combined); Volleyball"
180489,"NCAA","D1","Big Sky Conference",TRUE,"NCAA Division I-FCS",2,NA,"Basketball; Football; Golf; Soccer; Softball; Tennis; Track and Field and Cross Country (combined); Volleyball"
180522,"NAIA","NAIA","Frontier Conference",TRUE,"NAIA Division I",9,NA,"Basketball; Cross Country; Football; Golf; Rodeo; Volleyball; Wrestling"
180595,"NAIA","NAIA","Frontier Conference",TRUE,"NAIA Division I",9,NA,"Basketball; Football; Golf; Skiing; Soccer; Track and Field and Cross Country (combined); Volleyball"
180647,"Other","Other",NA,FALSE,"Independent",18,NA,"Basketball"
180692,"NAIA","NAIA","Frontier Conference",TRUE,"NAIA Division I",9,NA,"Basketball; Football; Rodeo; Track and Field and Cross Country (combined); Volleyball"
180814,"NAIA","NAIA","Frontier Conference",FALSE,"NAIA Division II",10,NA,"Baseball; Basketball; Golf; Other Sports; Soccer; Softball; Track and Field and Cross Country (combined); Volleyball"
180948,"NCAA","D2","Rocky Mountain Athletic Conference",TRUE,"NCAA Division II with football",4,NA,"Basketball; Football; Golf; Rodeo; Softball; Track and Field and Cross Country (combined); Volleyball; Wrestling"
180984,"NAIA","NAIA","Great Plains Athletic Conference",TRUE,"NAIA Division I",9,NA,"Baseball; Basketball; Football; Golf; Other Sports; Soccer; Softball; Tennis; Track and Field and Cross Country (combined); Volleyball; Wrestling"
181002,"NCAA","D1","Big East Conference",FALSE,"NCAA Division I without football",3,NA,"Baseball; Basketball; Golf; Rowing; Soccer; Softball; Tennis; Track and Field and Cross Country (combined); Volleyball"
181020,"NAIA","NAIA",NA,TRUE,"NAIA Division II",10,NA,"Baseball; Basketball; Cross Country; Football; Golf; Other Sports; Soccer; Softball; Tennis; Track and Field (Indoor); Track and Field (Outdoor); Volleyball; Wrestling"
181127,"NAIA","NAIA","Great Plains Athletic Conference",TRUE,"NAIA Division II",10,NA,"Baseball; Basketball; Bowling; Football; Golf; Other Sports; Rifle; Soccer; Softball; Tennis; Track and Field and Cross Country (combined); Volleyball; Wrestling"
181215,"NCAA","D2","Mid-America Intercollegiate Athletics Association",TRUE,"NCAA Division II with football",4,NA,"Basketball; Football; Golf; Soccer; Softball; Swimming and Diving (combined); Tennis; Track and Field and Cross Country (combined); Volleyball; Wrestling"
181330,"NAIA","NAIA","Great Plains Athletic Conference",TRUE,"NAIA Division II",10,NA,"Baseball; Basketball; Bowling; Football; Golf; Ice Hockey; Lacrosse; Other Sports; Soccer; Softball; Swimming; Tennis; Track and Field and Cross Country (combined); Volleyball; Weight Lifting; Wrestling"
181394,"NCAA","D1","Summit League",FALSE,"NCAA Division I without football",3,NA,"Baseball; Basketball; Golf; Ice Hockey; Soccer; Softball; Swimming and Diving (combined); Tennis; Track and Field and Cross Country (combined); Volleyball"
181446,"NCAA","D3","American Rivers Conference",TRUE,"NCAA Division III with football",6,NA,"Baseball; Basketball; Football; Golf; Soccer; Softball; Swimming; Tennis; Track and Field and Cross Country (combined); Volleyball; Wrestling"
181464,"NCAA","D1","Big Ten Conference",TRUE,"NCAA Division I-FBS",1,NA,"Baseball; Basketball; Beach Volleyball; Bowling; Football; Golf; Gymnastics; Rifle; Soccer; Softball; Swimming and Diving (combined); Tennis; Track and Field and Cross Country (combined); Volleyball; Wrestling"
181534,"NAIA","NAIA","Heart of America Athletic Conference",TRUE,"NAIA Division II",10,NA,"Baseball; Basketball; Bowling; Football; Golf; Other Sports; Softball; Track and Field and Cross Country (combined); Volleyball"
181738,"NCCAA","Other",NA,FALSE,"NCCAA Division II",16,"ACCA","Basketball; Soccer; Volleyball"
181783,"NCAA","D2","Northern Sun Intercollegiate Conference",TRUE,"NCAA Division II with football",4,NA,"Baseball; Basketball; Beach Volleyball; Football; Golf; Soccer; Softball; Track and Field and Cross Country (combined); Volleyball"
181853,"NAIA","NAIA","Kansas Collegiate Athletic Conference",FALSE,"NAIA Division II",10,NA,"Baseball; Basketball; Golf; Other Sports; Soccer; Softball; Track and Field and Cross Country (combined); Volleyball; Wrestling"
182005,"NJCAA","Other",NA,FALSE,"NJCAA Division I",12,NA,"Baseball; Basketball; Cross Country; Soccer; Softball; Volleyball"
182281,"NCAA","D1","Mountain West Conference",TRUE,"NCAA Division I-FBS",1,NA,"Baseball; Basketball; Football; Golf; Soccer; Softball; Swimming and Diving (combined); Tennis; Track and Field and Cross Country (combined); Volleyball"
182290,"NCAA","D1","Mountain West Conference",TRUE,"NCAA Division I-FBS",1,NA,"Baseball; Basketball; Cross Country; Football; Golf; Skiing; Soccer; Softball; Swimming and Diving (combined); Tennis; Track and Field and Cross Country (combined); Volleyball"
182500,"NJCAA","Other",NA,FALSE,"NJCAA Division I",12,NA,"Soccer"
182634,"NCAA","D3","Great Northeast Athletic Conference",FALSE,"NCAA Division III without football",7,NA,"Baseball; Basketball; Field Hockey; Lacrosse; Skiing; Soccer; Tennis; Track and Field and Cross Country (combined); Volleyball"
182670,"NCAA","D1","Ivy League",TRUE,"NCAA Division I-FCS",2,NA,"Baseball; Basketball; Equestrian; Field Hockey; Football; Golf; Ice Hockey; Lacrosse; Other Sports; Rowing; Sailing; Skiing; Soccer; Softball; Squash; Swimming and Diving (combined); Tennis; Track and Field and Cross Country (combined); Volleyball"
182795,"NCAA","D2","Northeast-10 Conference",TRUE,"NCAA Division II with football",4,NA,"Baseball; Basketball; Field Hockey; Football; Golf; Ice Hockey; Lacrosse; Rowing; Soccer; Softball; Tennis; Track and Field and Cross Country (combined); Volleyball"
182980,"NCAA","D3","Great Northeast Athletic Conference",TRUE,"NCAA Division III with football",6,NA,"Baseball; Basketball; Cross Country; Field Hockey; Football; Golf; Ice Hockey; Lacrosse; Other Sports; Skiing; Soccer; Softball; Volleyball; Wrestling"
183026,"NCAA","D2","Northeast-10 Conference",FALSE,"NCAA Division II without football",5,NA,"Baseball; Basketball; Cross Country; Field Hockey; Golf; Ice Hockey; Lacrosse; Other Sports; Soccer; Softball; Tennis; Track and Field and Cross Country (combined); Volleyball"
183044,"NCAA","D1","America East Conference",TRUE,"NCAA Division I-FCS",2,NA,"Basketball; Field Hockey; Football; Gymnastics; Ice Hockey; Lacrosse; Skiing; Soccer; Swimming and Diving (combined); Track and Field and Cross Country (combined); Volleyball"
183062,"NCAA","D3","Little East Conference",FALSE,"NCAA Division III without football",7,NA,"Baseball; Basketball; Field Hockey; Golf; Ice Hockey; Lacrosse; Other Sports; Soccer; Softball; Swimming; Swimming and Diving (combined); Track and Field and Cross Country (combined); Volleyball"
183080,"NCAA","D3","Little East Conference",TRUE,"NCAA Division III with football",6,NA,"Baseball; Basketball; Field Hockey; Football; Ice Hockey; Lacrosse; Skiing; Soccer; Softball; Swimming; Tennis; Track and Field and Cross Country (combined); Volleyball; Wrestling"
183211,"NCAA","D3","Great Northeast Athletic Conference",FALSE,"NCAA Division III without football",7,NA,"Baseball; Basketball; Cross Country; Field Hockey; Ice Hockey; Lacrosse; Soccer; Softball; Volleyball"
183239,"NCAA","D2","Northeast-10 Conference",TRUE,"NCAA Division II with football",4,NA,"Baseball; Basketball; Bowling; Field Hockey; Football; Golf; Ice Hockey; Lacrosse; Soccer; Softball; Tennis; Track and Field and Cross Country (combined); Volleyball"
183822,"NCAA","D2",NA,FALSE,"NCAA Division II without football",5,NA,"Baseball; Basketball; Soccer; Softball; Volleyball"
183910,"NCAA","D2","Central Atlantic Collegiate Conference",FALSE,"NCAA Division II without football",5,NA,"Baseball; Basketball; Bowling; Lacrosse; Soccer; Softball; Track and Field and Cross Country (combined); Volleyball"
183974,"NCAA","D3","Atlantic East Conference",FALSE,"NCAA Division III without football",7,NA,"Baseball; Basketball; Cross Country; Equestrian; Lacrosse; Soccer; Softball; Volleyball; Wrestling"
184348,"NCAA","D3","Landmark Conference",FALSE,"NCAA Division III without football",7,NA,"Baseball; Basketball; Cross Country; Fencing; Field Hockey; Golf; Lacrosse; Soccer; Softball; Swimming; Tennis; Track and Field (Indoor); Track and Field (Outdoor); Volleyball"
184603,"NCAA","D1","NEC",FALSE,"NCAA Division I without football",3,NA,"Baseball; Basketball; Bowling; Fencing; Golf; Lacrosse; Soccer; Softball; Tennis; Track and Field and Cross Country (combined); Volleyball"
184612,"NCAA","D2","Central Atlantic Collegiate Conference",FALSE,"NCAA Division II without football",5,NA,"Baseball; Basketball; Bowling; Golf; Lacrosse; Soccer; Softball; Swimming; Track and Field and Cross Country (combined); Volleyball; Wrestling"
184694,"NCAA","D3",NA,TRUE,"NCAA Division III with football",6,NA,"Baseball; Basketball; Cross Country; Field Hockey; Football; Golf; Lacrosse; Soccer; Softball; Swimming; Tennis; Track and Field (Indoor); Track and Field (Outdoor); Volleyball"
184773,"NCAA","D2","Central Atlantic Collegiate Conference",FALSE,"NCAA Division II without football",5,NA,"Baseball; Basketball; Lacrosse; Other Sports; Soccer; Softball; Track and Field and Cross Country (combined); Volleyball"
184782,"NCAA","D3","New Jersey Athletic Conference",TRUE,"NCAA Division III with football",6,NA,"Baseball; Basketball; Field Hockey; Football; Lacrosse; Soccer; Softball; Swimming; Track and Field and Cross Country (combined); Volleyball"
185129,"NCAA","D3","New Jersey Athletic Conference",FALSE,"NCAA Division III without football",7,NA,"Baseball; Basketball; Cross Country; Soccer; Softball; Track and Field (Indoor); Track and Field (Outdoor); Volleyball; Wrestling"
185262,"NCAA","D3","New Jersey Athletic Conference",TRUE,"NCAA Division III with football",6,NA,"Baseball; Basketball; Cross Country; Field Hockey; Football; Golf; Lacrosse; Soccer; Softball; Swimming; Tennis; Track and Field (Outdoor); Volleyball"
185572,"NCAA","D1","Coastal Athletic Association",TRUE,"NCAA Division I-FCS",2,NA,"Baseball; Basketball; Bowling; Field Hockey; Football; Golf; Lacrosse; Rowing; Soccer; Softball; Swimming; Tennis; Track and Field and Cross Country (combined)"
185590,"NCAA","D3","New Jersey Athletic Conference",TRUE,"NCAA Division III with football",6,NA,"Baseball; Basketball; Cross Country; Diving; Field Hockey; Football; Lacrosse; Soccer; Softball; Swimming; Track and Field (Indoor); Track and Field (Outdoor); Volleyball"
185828,"NCAA","D1","America East Conference",FALSE,"NCAA Division I without football",3,NA,"Baseball; Basketball; Fencing; Lacrosse; Soccer; Swimming and Diving (combined); Tennis; Track and Field and Cross Country (combined); Volleyball"
186131,"NCAA","D1","Ivy League",TRUE,"NCAA Division I-FCS",2,NA,"Baseball; Basketball; Fencing; Field Hockey; Football; Golf; Ice Hockey; Lacrosse; Other Sports; Rowing; Soccer; Softball; Squash; Swimming and Diving (combined); Tennis; Track and Field and Cross Country (combined); Volleyball; Water Polo; Wrestling"
186201,"NCAA","D3",NA,FALSE,"NCAA Division III without football",7,NA,"Baseball; Basketball; Cross Country; Field Hockey; Lacrosse; Soccer; Softball; Swimming; Track and Field (Indoor); Track and Field (Outdoor); Volleyball"
186283,"NCAA","D1","Metro Atlantic Athletic Conference",FALSE,"NCAA Division I without football",3,NA,"Baseball; Basketball; Field Hockey; Golf; Lacrosse; Soccer; Softball; Swimming and Diving (combined); Tennis; Track and Field and Cross Country (combined); Volleyball; Wrestling"
186371,"NCAA","D3","New Jersey Athletic Conference",FALSE,"NCAA Division III without football",7,NA,"Baseball; Basketball; Cross Country; Golf; Soccer; Softball; Tennis; Track and Field (Indoor); Track and Field (Outdoor); Volleyball"
186380,"NCAA","D1","Big Ten Conference",TRUE,"NCAA Division I-FBS",1,NA,"Baseball; Basketball; Field Hockey; Football; Golf; Gymnastics; Lacrosse; Rowing; Soccer; Softball; Swimming and Diving (combined); Tennis; Track and Field and Cross Country (combined); Volleyball; Wrestling"
186399,"NCAA","D3","New Jersey Athletic Conference",FALSE,"NCAA Division III without football",7,NA,"Baseball; Basketball; Soccer; Softball; Track and Field and Cross Country (combined); Volleyball"
186432,"NCAA","D1","Metro Atlantic Athletic Conference",FALSE,"NCAA Division I without football",3,NA,"Baseball; Basketball; Golf; Soccer; Softball; Swimming; Track and Field and Cross Country (combined); Volleyball"
186584,"NCAA","D1","Big East Conference",FALSE,"NCAA Division I without football",3,NA,"Baseball; Basketball; Cross Country; Golf; Soccer; Softball; Swimming and Diving (combined); Tennis; Volleyball"
186618,"NCAA","D3","Atlantic East Conference",FALSE,"NCAA Division III without football",7,NA,"Baseball; Basketball; Cross Country; Other Sports; Soccer; Softball; Track and Field (Outdoor); Volleyball"
186867,"NCAA","D3","MAC Freedom",FALSE,"NCAA Division III without football",7,NA,"Baseball; Basketball; Fencing; Field Hockey; Golf; Lacrosse; Soccer; Softball; Swimming; Tennis; Track and Field and Cross Country (combined); Volleyball; Wrestling"
186876,"NCAA","D3","New Jersey Athletic Conference",FALSE,"NCAA Division III without football",7,NA,"Baseball; Basketball; Field Hockey; Golf; Lacrosse; Rowing; Soccer; Softball; Tennis; Track and Field and Cross Country (combined); Volleyball"
187134,"NCAA","D3","New Jersey Athletic Conference",TRUE,"NCAA Division III with football",6,NA,"Baseball; Basketball; Field Hockey; Football; Lacrosse; Soccer; Softball; Swimming and Diving (combined); Tennis; Track and Field and Cross Country (combined); Wrestling"
187444,"NCAA","D3",NA,TRUE,"NCAA Division III with football",6,NA,"Baseball; Basketball; Field Hockey; Football; Golf; Soccer; Softball; Swimming; Swimming and Diving (combined); Tennis; Volleyball"
187596,"Other","Other",NA,FALSE,"Other",8,"NIRA,USA Cycling, USA Archery, USCAA-Small College","Archery; Basketball; Cross Country; Other Sports; Rodeo"
187648,"NCAA","D2","Lone Star Conference",TRUE,"NCAA Division II with football",4,NA,"Baseball; Basketball; Football; Rodeo; Soccer; Softball; Track and Field and Cross Country (combined); Volleyball"
187897,"NCAA","D2","Rocky Mountain Athletic Conference",TRUE,"NCAA Division II with football",4,NA,"Baseball; Basketball; Cross Country; Football; Soccer; Softball; Track and Field and Cross Country (combined); Volleyball; Wrestling"
187985,"NCAA","D1","Mountain West Conference",TRUE,"NCAA Division I-FBS",1,NA,"Baseball; Basketball; Football; Golf; Soccer; Softball; Swimming and Diving (combined); Tennis; Track and Field and Cross Country (combined); Volleyball"
188030,"NCAA","D1","Conference USA",TRUE,"NCAA Division I-FBS",1,NA,"Baseball; Basketball; Cross Country; Football; Golf; Soccer; Softball; Swimming and Diving (combined); Tennis; Track and Field and Cross Country (combined); Volleyball"
188058,"NAIA","NAIA","California Pacific Conference",FALSE,"NAIA Division II",10,NA,"Basketball; Cross Country; Tennis"
188182,"NAIA","NAIA","Red River Athletic Conference",FALSE,"NAIA Division I",9,NA,"Baseball; Basketball; Cross Country; Golf; Soccer; Softball; Volleyball"
188304,"NCAA","D2","Lone Star Conference",TRUE,"NCAA Division II with football",4,NA,"Basketball; Cross Country; Football; Golf; Softball; Tennis; Track and Field (Outdoor); Volleyball"
188340,"USCAA","Other",NA,FALSE,"USCAA",20,NA,"Basketball; Cross Country; Soccer; Tennis"
188429,"NCAA","D2","Northeast-10 Conference",FALSE,"NCAA Division II without football",5,NA,"Baseball; Basketball; Bowling; Cross Country; Field Hockey; Golf; Lacrosse; Soccer; Softball; Swimming and Diving (combined); Tennis; Track and Field (Indoor); Track and Field (Outdoor); Volleyball"
188517,"USCAA","Other",NA,FALSE,"USCAA",20,NA,"Baseball; Basketball; Other Sports; Soccer"
188526,"USCAA","Other",NA,FALSE,"USCAA",20,NA,"Basketball; Cross Country; Soccer; Track and Field (Outdoor); Volleyball"
188641,"NCAA","D3","Empire 8",TRUE,"NCAA Division III with football",6,NA,"Baseball; Basketball; Cross Country; Equestrian; Football; Lacrosse; Other Sports; Skiing; Soccer; Softball; Swimming and Diving (combined); Tennis; Track and Field (Indoor); Track and Field (Outdoor); Volleyball"
189088,"NCAA","D3","Liberty League",FALSE,"NCAA Division III without football",7,NA,"Baseball; Basketball; Cross Country; Lacrosse; Soccer; Squash; Swimming; Tennis; Track and Field (Indoor); Track and Field (Outdoor); Volleyball"
189565,"USCAA","Other",NA,FALSE,"USCAA",20,NA,"Basketball; Soccer"
189583,"USCAA","Other",NA,FALSE,"USCAA",20,NA,"Basketball; Cross Country; Soccer"
189592,"USCAA","Other",NA,FALSE,"USCAA",20,NA,"Basketball; Soccer"
189705,"NCAA","D1","Metro Atlantic Athletic Conference",FALSE,"NCAA Division I without football",3,NA,"Baseball; Basketball; Golf; Ice Hockey; Lacrosse; Rowing; Soccer; Softball; Swimming and Diving (combined); Track and Field and Cross Country (combined); Volleyball"
190044,"NCAA","D3","Liberty League",FALSE,"NCAA Division III without football",7,NA,"Baseball; Basketball; Cross Country; Golf; Ice Hockey; Lacrosse; Other Sports; Skiing; Soccer; Softball; Swimming; Volleyball"
190099,"NCAA","D1","Patriot League",TRUE,"NCAA Division I-FCS",2,NA,"Basketball; Field Hockey; Football; Golf; Ice Hockey; Lacrosse; Rowing; Soccer; Softball; Swimming and Diving (combined); Tennis; Track and Field and Cross Country (combined); Volleyball"
190150,"NCAA","D1","Ivy League",TRUE,"NCAA Division I-FCS",2,NA,"Archery; Baseball; Basketball; Fencing; Field Hockey; Football; Golf; Lacrosse; Other Sports; Rowing; Soccer; Softball; Squash; Swimming and Diving (combined); Tennis; Track and Field and Cross Country (combined); Volleyball; Wrestling"
190415,"NCAA","D1","Ivy League",TRUE,"NCAA Division I-FCS",2,NA,"Baseball; Basketball; Equestrian; Fencing; Field Hockey; Football; Golf; Gymnastics; Ice Hockey; Lacrosse; Other Sports; Rowing; Sailing; Soccer; Softball; Squash; Swimming and Diving (combined); Tennis; Track and Field and Cross Country (combined); Volleyball; Wrestling"
190512,"NCAA","D3",NA,FALSE,"NCAA Division III without football",7,NA,"Baseball; Basketball; Cross Country; Soccer; Softball; Swimming; Tennis; Volleyball"
190549,"NCAA","D3",NA,FALSE,"NCAA Division III without football",7,NA,"Basketball; Cross Country; Soccer; Softball; Swimming and Diving (combined); Tennis; Volleyball"
190558,"NCAA","D2",NA,FALSE,"NCAA Division II without football",5,NA,"Baseball; Basketball; Cross Country; Soccer; Softball; Swimming and Diving (combined); Track and Field (Indoor); Track and Field (Outdoor)"
190567,"NCAA","D3",NA,FALSE,"NCAA Division III without football",7,NA,"Baseball; Basketball; Fencing; Soccer; Track and Field and Cross Country (combined); Volleyball"
190594,"NCAA","D3",NA,FALSE,"NCAA Division III without football",7,NA,"Basketball; Fencing; Soccer; Softball; Swimming; Tennis; Track and Field and Cross Country (combined); Volleyball; Wrestling"
190600,"NCAA","D3",NA,FALSE,"NCAA Division III without football",7,NA,"Baseball; Basketball; Cross Country; Other Sports; Rifle; Soccer; Softball; Swimming; Tennis; Volleyball"
190637,"NCAA","D3",NA,FALSE,"NCAA Division III without football",7,NA,"Baseball; Basketball; Soccer; Softball; Swimming; Tennis; Track and Field and Cross Country (combined); Volleyball"
190646,"NCAA","D3",NA,FALSE,"NCAA Division III without football",7,NA,"Basketball; Soccer; Track and Field and Cross Country (combined); Volleyball"
190664,"NCAA","D2",NA,FALSE,"NCAA Division II without football",5,NA,"Baseball; Basketball; Soccer; Softball; Tennis; Track and Field and Cross Country (combined); Volleyball"
190691,"NCAA","D3",NA,FALSE,"NCAA Division III without football",7,NA,"Basketball; Cross Country; Soccer; Softball; Tennis; Track and Field (Indoor); Track and Field (Outdoor); Volleyball"
190716,"NCAA","D2","East Coast Conference",FALSE,"NCAA Division II without football",5,NA,"Baseball; Basketball; Bowling; Cross Country; Field Hockey; Lacrosse; Rowing; Soccer; Softball; Tennis; Track and Field and Cross Country (combined); Volleyball; Wrestling"
190725,"NCAA","D2","East Coast Conference",FALSE,"NCAA Division II without football",5,NA,"Basketball; Bowling; Lacrosse; Soccer; Tennis; Track and Field and Cross Country (combined); Volleyball"
190761,"NCAA","D2","Central Atlantic Collegiate Conference",FALSE,"NCAA Division II without football",5,NA,"Baseball; Basketball; Bowling; Cross Country; Golf; Lacrosse; Rowing; Soccer; Softball; Tennis; Track and Field (Outdoor); Volleyball"
190983,"NCAA","D3","Empire 8",FALSE,"NCAA Division III without football",7,NA,"Baseball; Basketball; Field Hockey; Ice Hockey; Lacrosse; Other Sports; Soccer; Softball; Volleyball; Wrestling"
191126,"NJCAA","Other",NA,FALSE,"NJCAA Division III",14,NA,"Cross Country; Soccer; Swimming; Track and Field (Outdoor); Volleyball"
191241,"NCAA","D1","Atlantic 10 Conference",TRUE,"NCAA Division I-FCS",2,NA,"Baseball; Basketball; Football; Golf; Rowing; Soccer; Softball; Squash; Swimming and Diving (combined); Tennis; Track and Field and Cross Country (combined); Volleyball; Water Polo"
191515,"NCAA","D3","New England Small College Athletic Conference",TRUE,"NCAA Division III with football",6,NA,"Baseball; Basketball; Cross Country; Field Hockey; Football; Golf; Ice Hockey; Lacrosse; Rowing; Soccer; Softball; Squash; Swimming and Diving (combined); Tennis; Track and Field (Indoor); Track and Field (Outdoor); Volleyball"
191533,"NCAA","D3","Empire 8",TRUE,"NCAA Division III with football",6,NA,"Basketball; Cross Country; Field Hockey; Football; Lacrosse; Soccer; Softball; Swimming and Diving (combined); Tennis; Track and Field (Indoor); Track and Field (Outdoor); Volleyball"
191621,"NCAA","D3","Allegheny Mountain Collegiate Conference",TRUE,"NCAA Division III with football",6,NA,"Baseball; Basketball; Bowling; Cross Country; Football; Golf; Ice Hockey; Lacrosse; Soccer; Softball; Volleyball"
191630,"NCAA","D3",NA,TRUE,"NCAA Division III with football",6,NA,"Baseball; Basketball; Bowling; Cross Country; Field Hockey; Football; Golf; Ice Hockey; Lacrosse; Rowing; Sailing; Skiing; Soccer; Squash; Swimming and Diving (combined); Tennis; Volleyball"
191649,"NCAA","D1","Coastal Athletic Association",FALSE,"NCAA Division I without football",3,NA,"Baseball; Basketball; Field Hockey; Golf; Lacrosse; Soccer; Softball; Tennis; Track and Field and Cross Country (combined); Volleyball; Wrestling"
191676,"NCAA","D3","Empire 8",FALSE,"NCAA Division III without football",7,NA,"Baseball; Basketball; Field Hockey; Soccer; Softball; Tennis; Track and Field and Cross Country (combined); Volleyball"
191931,"NCAA","D1","Metro Atlantic Athletic Conference",FALSE,"NCAA Division I-FCS",2,NA,"Baseball; Basketball; Golf; Gymnastics; Lacrosse; Rowing; Soccer; Softball; Swimming and Diving (combined); Track and Field and Cross Country (combined); Volleyball; Water Polo"
191968,"NCAA","D3","Liberty League",TRUE,"NCAA Division III with football",6,NA,"Baseball; Basketball; Cross Country; Diving; Field Hockey; Football; Golf; Gymnastics; Lacrosse; Other Sports; Rowing; Soccer; Softball; Swimming; Tennis; Track and Field (Indoor); Track and Field (Outdoor); Volleyball; Wrestling"
192192,"NCAA","D3","Empire 8",FALSE,"NCAA Division III without football",7,NA,"Baseball; Basketball; Cross Country; Field Hockey; Golf; Lacrosse; Other Sports; Soccer; Softball; Volleyball"
192323,"NCAA","D1",NA,FALSE,"NCAA Division I without football",3,NA,"Baseball; Basketball; Golf; Lacrosse; Soccer; Softball; Swimming and Diving (combined); Tennis; Track and Field and Cross Country (combined); Volleyball"
192448,"NCAA","D1","NEC",TRUE,"NCAA Division I-FCS",2,NA,"Baseball; Basketball; Bowling; Cross Country; Equestrian; Fencing; Field Hockey; Football; Golf; Gymnastics; Ice Hockey; Lacrosse; Other Sports; Rowing; Soccer; Softball; Swimming; Tennis; Track and Field (Indoor); Track and Field (Outdoor); Volleyball; Water Polo; Wrestling"
192703,"NCAA","D1","Metro Atlantic Athletic Conference",FALSE,"NCAA Division I without football",3,NA,"Baseball; Basketball; Golf; Lacrosse; Soccer; Softball; Swimming; Track and Field and Cross Country (combined); Volleyball"
192749,"NCAA","D3","Skyline Conference",FALSE,"NCAA Division III without football",7,NA,"Baseball; Basketball; Cross Country; Field Hockey; Golf; Ice Hockey; Lacrosse; Soccer; Softball; Tennis; Track and Field (Indoor); Track and Field (Outdoor); Volleyball"
192819,"NCAA","D1","Metro Atlantic Athletic Conference",TRUE,"NCAA Division I-FCS",2,NA,"Baseball; Basketball; Football; Lacrosse; Rowing; Soccer; Softball; Swimming and Diving (combined); Tennis; Track and Field and Cross Country (combined); Volleyball; Water Polo"
193016,"NCAA","D2","East Coast Conference",FALSE,"NCAA Division II without football",5,NA,"Baseball; Basketball; Field Hockey; Lacrosse; Soccer; Softball; Volleyball"
193292,"NCAA","D2","East Coast Conference",FALSE,"NCAA Division II without football",5,NA,"Baseball; Basketball; Bowling; Cross Country; Field Hockey; Lacrosse; Other Sports; Soccer; Softball; Tennis; Track and Field (Indoor); Track and Field (Outdoor); Volleyball"
193353,"NCAA","D3","Skyline Conference",FALSE,"NCAA Division III without football",7,NA,"Baseball; Basketball; Golf; Lacrosse; Soccer; Softball; Swimming; Tennis; Track and Field and Cross Country (combined); Volleyball"
193399,"NCAA","D3","Skyline Conference",FALSE,"NCAA Division III without football",7,NA,"Baseball; Basketball; Cross Country; Golf; Lacrosse; Soccer; Softball; Volleyball"
193584,"NCAA","D3","Empire 8",FALSE,"NCAA Division III without football",7,NA,"Basketball; Equestrian; Field Hockey; Golf; Ice Hockey; Lacrosse; Other Sports; Rowing; Soccer; Softball; Swimming and Diving (combined); Tennis; Track and Field and Cross Country (combined); Volleyball"
193900,"NCAA","D3","University Athletic Association",FALSE,"NCAA Division III without football",7,NA,"Baseball; Basketball; Diving; Fencing; Golf; Soccer; Softball; Swimming; Tennis; Track and Field and Cross Country (combined); Volleyball; Wrestling"
193973,"NCAA","D1","Metro Atlantic Athletic Conference",FALSE,"NCAA Division I without football",3,NA,"Baseball; Basketball; Bowling; Cross Country; Golf; Ice Hockey; Lacrosse; Soccer; Softball; Swimming; Tennis; Track and Field (Outdoor); Volleyball"
194310,"NCAA","D2","Northeast-10 Conference",TRUE,"NCAA Division II with football",4,NA,"Baseball; Basketball; Cross Country; Field Hockey; Football; Lacrosse; Soccer; Softball; Swimming and Diving (combined); Volleyball"
194392,"USCAA","Other",NA,FALSE,"USCAA",20,"USCAA","Basketball; Cross Country; Golf; Ice Hockey; Other Sports; Skiing; Soccer; Volleyball"
194578,"NCAA","D3",NA,FALSE,"NCAA Division III without football",7,"NCAA Exploratory","Basketball; Equestrian; Soccer; Tennis; Track and Field and Cross Country (combined); Volleyball"
194824,"NCAA","D3","Liberty League",TRUE,"NCAA Division III with football",6,NA,"Baseball; Basketball; Field Hockey; Football; Golf; Ice Hockey; Lacrosse; Soccer; Softball; Swimming and Diving (combined); Tennis; Track and Field and Cross Country (combined)"
194958,"NCAA","D2","East Coast Conference",FALSE,"NCAA Division II without football",5,NA,"Basketball; Bowling; Cross Country; Field Hockey; Lacrosse; Other Sports; Soccer; Swimming; Track and Field (Indoor); Track and Field (Outdoor); Volleyball"
195003,"Other","Other","Liberty League",FALSE,"Other",8,"NCAA Division III & D1 M / W Hockey (no football)","Baseball; Basketball; Cross Country; Ice Hockey; Lacrosse; Rowing; Soccer; Softball; Swimming and Diving (combined); Tennis; Track and Field (Indoor); Track and Field (Outdoor); Volleyball; Wrestling"
195030,"NCAA","D3","University Athletic Association",TRUE,"NCAA Division III with football",6,NA,"Baseball; Basketball; Field Hockey; Football; Golf; Lacrosse; Rowing; Soccer; Softball; Squash; Swimming and Diving (combined); Tennis; Track and Field and Cross Country (combined); Volleyball"
195128,"NCAA","D3","Empire 8",FALSE,"NCAA Division III without football",7,NA,"Baseball; Basketball; Cross Country; Field Hockey; Golf; Lacrosse; Other Sports; Soccer; Softball; Tennis; Track and Field (Indoor); Track and Field (Outdoor); Volleyball"
195164,"NCAA","D1","Atlantic 10 Conference",FALSE,"NCAA Division I without football",3,NA,"Baseball; Basketball; Golf; Lacrosse; Soccer; Softball; Swimming and Diving (combined); Tennis; Track and Field and Cross Country (combined)"
195216,"NCAA","D3","Liberty League",TRUE,"NCAA Division III with football",6,NA,"Baseball; Basketball; Cross Country; Equestrian; Field Hockey; Football; Golf; Ice Hockey; Lacrosse; Other Sports; Rowing; Skiing; Soccer; Softball; Squash; Swimming; Tennis; Track and Field (Indoor); Track and Field (Outdoor); Volleyball"
195243,"NCAA","D2","East Coast Conference",FALSE,"NCAA Division II without football",5,NA,"Baseball; Basketball; Bowling; Field Hockey; Golf; Lacrosse; Other Sports; Soccer; Softball; Tennis; Track and Field and Cross Country (combined); Volleyball"
195304,"NCAA","D3","Skyline Conference",FALSE,"NCAA Division III without football",7,NA,"Basketball; Cross Country; Equestrian; Soccer; Softball; Swimming; Tennis; Volleyball"
195474,"NCAA","D1","Metro Atlantic Athletic Conference",FALSE,"NCAA Division I without football",3,NA,"Baseball; Basketball; Cross Country; Golf; Lacrosse; Soccer; Softball; Swimming and Diving (combined); Tennis; Track and Field (Indoor); Track and Field (Outdoor); Volleyball; Water Polo"
195526,"NCAA","D3","Liberty League",FALSE,"NCAA Division III without football",7,NA,"Baseball; Basketball; Equestrian; Field Hockey; Golf; Ice Hockey; Lacrosse; Rowing; Soccer; Softball; Swimming and Diving (combined); Tennis; Volleyball"
195544,"NCAA","D3","Atlantic 10 Conference",FALSE,"NCAA Division III without football",7,NA,"Baseball; Basketball; Cross Country; Golf; Lacrosse; Other Sports; Soccer; Softball; Swimming; Tennis; Volleyball"
195720,"NCAA","D3","Empire 8",TRUE,"NCAA Division III with football",6,NA,"Baseball; Basketball; Cross Country; Field Hockey; Football; Golf; Lacrosse; Rowing; Soccer; Softball; Tennis; Track and Field (Indoor); Track and Field (Outdoor); Volleyball; Wrestling"
195809,"NCAA","D1","Big East Conference",FALSE,"NCAA Division I without football",3,NA,"Baseball; Basketball; Fencing; Golf; Lacrosse; Soccer; Softball; Tennis; Track and Field and Cross Country (combined); Volleyball"
196006,"NCAA","D3",NA,TRUE,"NCAA Division III with football",6,NA,"Baseball; Basketball; Football; Lacrosse; Soccer; Softball; Swimming and Diving (combined); Track and Field and Cross Country (combined); Volleyball; Wrestling"
196015,"NCAA","D3",NA,FALSE,"NCAA Division III without football",7,NA,"Baseball; Basketball; Cross Country; Golf; Ice Hockey; Lacrosse; Other Sports; Soccer; Softball; Volleyball"
196024,"NCAA","D3",NA,FALSE,"NCAA Division III without football",7,NA,"Basketball; Golf; Lacrosse; Soccer; Softball; Swimming; Tennis; Track and Field and Cross Country (combined); Volleyball"
196033,"NCAA","D3",NA,FALSE,"NCAA Division III without football",7,NA,"Baseball; Basketball; Cross Country; Equestrian; Golf; Lacrosse; Other Sports; Soccer; Softball; Track and Field (Indoor); Track and Field (Outdoor); Volleyball"
196042,"NCAA","D3","Skyline Conference",FALSE,"NCAA Division III without football",7,NA,"Baseball; Basketball; Cross Country; Golf; Lacrosse; Soccer; Softball; Tennis; Track and Field (Indoor); Track and Field (Outdoor); Volleyball"
196051,"NCAA","D3",NA,TRUE,"NCAA Division III with football",6,NA,"Basketball; Cross Country; Equestrian; Field Hockey; Football; Ice Hockey; Lacrosse; Soccer; Softball; Track and Field (Indoor); Track and Field (Outdoor); Volleyball"
196060,"NCAA","D1",NA,TRUE,"NCAA Division I-FCS",2,NA,"Baseball; Basketball; Cross Country; Field Hockey; Football; Golf; Lacrosse; Rowing; Soccer; Softball; Track and Field (Indoor); Track and Field (Outdoor); Volleyball"
196079,"NCAA","D1","America East Conference",FALSE,"NCAA Division I without football",3,NA,"Baseball; Basketball; Golf; Lacrosse; Soccer; Softball; Swimming and Diving (combined); Tennis; Track and Field and Cross Country (combined); Volleyball; Wrestling"
196088,"NCAA","D1",NA,TRUE,"NCAA Division I-FBS",1,NA,"Basketball; Football; Soccer; Softball; Swimming and Diving (combined); Tennis; Track and Field and Cross Country (combined); Volleyball; Wrestling"
196097,"NCAA","D1",NA,TRUE,"NCAA Division I-FCS",2,NA,"Baseball; Basketball; Football; Lacrosse; Soccer; Softball; Swimming and Diving (combined); Tennis; Track and Field and Cross Country (combined); Volleyball"
196103,"USCAA","Other",NA,FALSE,"USCAA",20,NA,"Basketball; Cross Country; Golf; Other Sports; Soccer; Track and Field (Indoor); Track and Field (Outdoor)"
196112,"NCAA","D3",NA,FALSE,"NCAA Division III without football",7,NA,"Baseball; Basketball; Cross Country; Golf; Lacrosse; Soccer; Softball; Volleyball"
196121,"NCAA","D3",NA,TRUE,"NCAA Division III with football",6,NA,"Baseball; Basketball; Cross Country; Field Hockey; Football; Gymnastics; Ice Hockey; Lacrosse; Soccer; Softball; Swimming and Diving (combined); Tennis; Track and Field (Indoor); Track and Field (Outdoor); Volleyball; Wrestling"
196130,"NCAA","D3",NA,TRUE,"NCAA Division III with football",6,NA,"Basketball; Football; Gymnastics; Ice Hockey; Lacrosse; Soccer; Softball; Track and Field and Cross Country (combined); Volleyball; Wrestling"
196149,"NCAA","D3","State University of New York Athletic Conference",TRUE,"NCAA Division III with football",6,NA,"Baseball; Basketball; Cross Country; Field Hockey; Football; Golf; Gymnastics; Ice Hockey; Lacrosse; Soccer; Softball; Swimming and Diving (combined); Tennis; Track and Field (Indoor); Track and Field (Outdoor); Volleyball; Wrestling"
196158,"NCAA","D3",NA,FALSE,"NCAA Division III without football",7,NA,"Baseball; Basketball; Cross Country; Ice Hockey; Lacrosse; Other Sports; Soccer; Softball; Swimming and Diving (combined); Tennis; Track and Field (Indoor); Track and Field (Outdoor); Volleyball"
196167,"NCAA","D3",NA,FALSE,"NCAA Division III without football",7,NA,"Basketball; Cross Country; Equestrian; Field Hockey; Golf; Ice Hockey; Lacrosse; Soccer; Softball; Swimming and Diving (combined); Tennis; Track and Field (Indoor); Track and Field (Outdoor); Volleyball"
196176,"NCAA","D3","State University of New York Athletic Conference",FALSE,"NCAA Division III without football",7,NA,"Baseball; Basketball; Cross Country; Field Hockey; Lacrosse; Soccer; Softball; Swimming; Tennis; Volleyball"
196185,"NCAA","D3",NA,FALSE,"NCAA Division III without football",7,NA,"Baseball; Basketball; Field Hockey; Lacrosse; Soccer; Softball; Swimming and Diving (combined); Tennis; Track and Field and Cross Country (combined); Volleyball; Wrestling"
196194,"NCAA","D3","State University of New York Athletic Conference",FALSE,"NCAA Division III without football",7,NA,"Baseball; Basketball; Field Hockey; Golf; Ice Hockey; Lacrosse; Soccer; Softball; Swimming and Diving (combined); Tennis; Track and Field and Cross Country (combined); Volleyball; Wrestling"
196200,"NCAA","D3",NA,FALSE,"NCAA Division III without football",7,NA,"Basketball; Cross Country; Ice Hockey; Lacrosse; Soccer; Softball; Swimming; Track and Field (Indoor); Track and Field (Outdoor); Volleyball"
196219,"NCAA","D3",NA,FALSE,"NCAA Division III without football",7,NA,"Baseball; Basketball; Cross Country; Golf; Lacrosse; Soccer; Softball; Swimming; Tennis; Volleyball"
196237,"NCAA","D3",NA,FALSE,"NCAA Division III without football",7,NA,"Baseball; Basketball; Cross Country; Golf; Lacrosse; Soccer; Softball; Volleyball"
196246,"NCAA","D3","State University of New York Athletic Conference",FALSE,"NCAA Division III without football",7,NA,"Baseball; Basketball; Cross Country; Ice Hockey; Lacrosse; Soccer; Softball; Tennis; Track and Field (Indoor); Track and Field (Outdoor); Volleyball"
196291,"NCAA","D3",NA,TRUE,"NCAA Division III with football",6,NA,"Baseball; Basketball; Cross Country; Football; Lacrosse; Rowing; Soccer; Swimming and Diving (combined); Volleyball"
196413,"NCAA","D1","Atlantic Coast Conference",TRUE,"NCAA Division I-FBS",1,NA,"Basketball; Field Hockey; Football; Ice Hockey; Lacrosse; Rowing; Soccer; Softball; Tennis; Track and Field and Cross Country (combined); Volleyball"
196592,"Other","Other",NA,FALSE,"Independent",18,NA,"Basketball"
196866,"NCAA","D3","Liberty League",TRUE,"NCAA Division III with football",6,NA,"Baseball; Basketball; Field Hockey; Football; Golf; Ice Hockey; Lacrosse; Rowing; Soccer; Softball; Swimming; Swimming and Diving (combined); Tennis; Track and Field and Cross Country (combined); Volleyball"
197027,"NCAA","D3","Skyline Conference",TRUE,"NCAA Division III with football",6,NA,"Baseball; Basketball; Cross Country; Football; Lacrosse; Soccer; Swimming and Diving (combined); Tennis; Track and Field (Indoor); Track and Field (Outdoor); Volleyball; Wrestling"
197045,"NCAA","D3","Empire 8",TRUE,"NCAA Division III with football",6,NA,"Baseball; Basketball; Cross Country; Field Hockey; Football; Golf; Gymnastics; Ice Hockey; Lacrosse; Soccer; Softball; Tennis; Track and Field (Indoor); Track and Field (Outdoor); Volleyball; Wrestling"
197133,"NCAA","D3","Liberty League",FALSE,"NCAA Division III without football",7,NA,"Baseball; Basketball; Cross Country; Fencing; Field Hockey; Golf; Lacrosse; Soccer; Squash; Swimming and Diving (combined); Tennis; Track and Field (Indoor); Track and Field (Outdoor); Volleyball"
197142,"USCAA","Other",NA,FALSE,"USCAA",20,NA,"Basketball; Other Sports"
197197,"NCAA","D1","NEC",TRUE,"NCAA Division I-FCS",2,NA,"Baseball; Basketball; Bowling; Fencing; Field Hockey; Football; Golf; Lacrosse; Other Sports; Soccer; Softball; Swimming and Diving (combined); Tennis; Track and Field and Cross Country (combined); Water Polo"
197221,"Other","Other",NA,FALSE,"Independent",18,"MAISA","Basketball; Sailing; Soccer"
197708,"NCAA","D3","Skyline Conference",FALSE,"NCAA Division III without football",7,NA,"Baseball; Basketball; Cross Country; Fencing; Golf; Soccer; Softball; Tennis; Volleyball"
197869,"NCAA","D1","Sun Belt Conference",TRUE,"NCAA Division I-FBS",1,NA,"Baseball; Basketball; Field Hockey; Football; Golf; Soccer; Softball; Tennis; Track and Field and Cross Country (combined); Volleyball; Wrestling"
197911,"NCAA","D2","Conference Carolinas",TRUE,"NCAA Division II with football",4,NA,"Baseball; Basketball; Bowling; Cross Country; Football; Golf; Lacrosse; Other Sports; Soccer; Softball; Swimming; Tennis; Track and Field (Outdoor); Volleyball"
197984,"NCAA","D2","Conference Carolinas",FALSE,"NCAA Division II without football",5,NA,"Baseball; Basketball; Bowling; Cross Country; Field Hockey; Golf; Lacrosse; Other Sports; Soccer; Softball; Tennis; Track and Field (Indoor); Track and Field (Outdoor); Volleyball; Wrestling"
198066,"NCAA","D3","USA South Athletic Conference",TRUE,"NCAA Division III with football",6,NA,"Baseball; Basketball; Cross Country; Football; Lacrosse; Other Sports; Soccer; Softball; Tennis; Track and Field (Outdoor); Volleyball"
198136,"NCAA","D1","Coastal Athletic Association",TRUE,"NCAA Division I-FCS",2,NA,"Baseball; Basketball; Football; Golf; Lacrosse; Soccer; Softball; Swimming; Tennis; Track and Field and Cross Country (combined); Volleyball; Wrestling"
198215,"NCAA","D2","South Atlantic Conference",TRUE,"NCAA Division II with football",4,NA,"Baseball; Basketball; Beach Volleyball; Football; Golf; Lacrosse; Soccer; Softball; Swimming; Tennis; Track and Field and Cross Country (combined); Volleyball"
198303,"NCAA","D2","Conference Carolinas",TRUE,"NCAA Division II with football",4,NA,"Baseball; Basketball; Cross Country; Football; Golf; Lacrosse; Soccer; Softball; Swimming; Tennis; Volleyball"
198385,"NCAA","D1","Atlantic 10 Conference",TRUE,"NCAA Division I-FCS",2,NA,"Baseball; Basketball; Field Hockey; Football; Golf; Lacrosse; Soccer; Swimming and Diving (combined); Tennis; Track and Field and Cross Country (combined); Volleyball; Wrestling"
198419,"NCAA","D1","Atlantic Coast Conference",TRUE,"NCAA Division I-FBS",1,NA,"Baseball; Basketball; Fencing; Field Hockey; Football; Golf; Lacrosse; Rowing; Soccer; Softball; Swimming and Diving (combined); Tennis; Track and Field and Cross Country (combined); Volleyball; Wrestling"
198464,"NCAA","D1","American Conference",TRUE,"NCAA Division I-FBS",1,NA,"Baseball; Basketball; Football; Golf; Lacrosse; Soccer; Softball; Swimming and Diving (combined); Tennis; Track and Field and Cross Country (combined); Volleyball"
198507,"NCAA","D2","Central Intercollegiate Athletic Association",TRUE,"NCAA Division II with football",4,NA,"Basketball; Bowling; Cross Country; Football; Golf; Softball; Tennis; Volleyball"
198516,"NCAA","D1","Coastal Athletic Association",TRUE,"NCAA Division I-FCS",2,NA,"Baseball; Basketball; Cross Country; Football; Golf; Lacrosse; Soccer; Softball; Tennis; Track and Field and Cross Country (combined); Volleyball"
198543,"NCAA","D2","Central Intercollegiate Athletic Association",TRUE,"NCAA Division II with football",4,NA,"Basketball; Bowling; Cross Country; Football; Golf; Softball; Track and Field (Indoor); Track and Field (Outdoor); Volleyball"
198561,"NCAA","D1","Big South Conference",TRUE,"NCAA Division I-FCS",2,NA,"Baseball; Basketball; Cross Country; Football; Golf; Lacrosse; Soccer; Softball; Swimming; Tennis; Track and Field (Indoor); Track and Field (Outdoor); Volleyball; Wrestling"
198598,"NCAA","D3","USA South Athletic Conference",TRUE,"NCAA Division III with football",6,NA,"Baseball; Basketball; Cross Country; Football; Golf; Lacrosse; Other Sports; Soccer; Softball; Swimming; Volleyball; Wrestling"
198613,"NCAA","D3","Old Dominion Athletic Conference",TRUE,"NCAA Division III with football",6,NA,"Baseball; Basketball; Football; Golf; Lacrosse; Other Sports; Soccer; Softball; Swimming; Tennis; Track and Field and Cross Country (combined); Volleyball"
198695,"NCAA","D1","Big South Conference",FALSE,"NCAA Division I without football",3,NA,"Baseball; Basketball; Golf; Lacrosse; Rowing; Soccer; Track and Field and Cross Country (combined); Volleyball"
198756,"NCAA","D2","Central Intercollegiate Athletic Association",TRUE,"NCAA Division II with football",4,NA,"Basketball; Bowling; Cross Country; Football; Golf; Softball; Tennis; Track and Field (Indoor); Track and Field (Outdoor); Volleyball"
198808,"NCAA","D2","Conference Carolinas",FALSE,"NCAA Division II without football",5,NA,"Basketball; Lacrosse; Other Sports; Soccer; Softball; Swimming; Tennis; Track and Field and Cross Country (combined); Volleyball"
198835,"NCAA","D2","South Atlantic Conference",TRUE,"NCAA Division II with football",4,NA,"Baseball; Basketball; Football; Golf; Lacrosse; Other Sports; Soccer; Softball; Swimming; Tennis; Track and Field and Cross Country (combined); Volleyball"
198862,"NCAA","D2","Central Intercollegiate Athletic Association",TRUE,"NCAA Division II with football",4,NA,"Basketball; Bowling; Football; Golf; Softball; Tennis; Track and Field and Cross Country (combined); Volleyball"
198899,"NCAA","D2","South Atlantic Conference",TRUE,"NCAA Division II with football",4,NA,"Baseball; Basketball; Football; Golf; Lacrosse; Other Sports; Soccer; Softball; Swimming; Tennis; Track and Field and Cross Country (combined); Volleyball; Weight Lifting"
198969,"NCAA","D3","USA South Athletic Conference",TRUE,"NCAA Division III with football",6,NA,"Baseball; Basketball; Cross Country; Football; Golf; Lacrosse; Soccer; Softball; Tennis; Track and Field (Indoor); Track and Field (Outdoor); Volleyball"
199032,"NAIA","NAIA","Appalachian Athletic Conference",FALSE,"NAIA Division I",9,NA,"Baseball; Basketball; Golf; Lacrosse; Soccer; Softball; Tennis; Track and Field and Cross Country (combined); Volleyball; Wrestling"
199069,"NCAA","D2","Conference Carolinas",FALSE,"NCAA Division II without football",5,NA,"Baseball; Basketball; Field Hockey; Golf; Lacrosse; Soccer; Softball; Tennis; Track and Field and Cross Country (combined); Volleyball; Wrestling"
199102,"NCAA","D1","Coastal Athletic Association",TRUE,"NCAA Division I-FCS",2,NA,"Baseball; Basketball; Bowling; Football; Golf; Softball; Tennis; Track and Field and Cross Country (combined); Volleyball"
199111,"NCAA","D1","Big South Conference",FALSE,"NCAA Division I without football",3,NA,"Baseball; Basketball; Golf; Soccer; Swimming and Diving (combined); Tennis; Track and Field and Cross Country (combined); Volleyball"
199120,"NCAA","D1","Atlantic Coast Conference",TRUE,"NCAA Division I-FBS",1,NA,"Baseball; Basketball; Fencing; Field Hockey; Football; Golf; Gymnastics; Lacrosse; Rowing; Soccer; Softball; Swimming and Diving (combined); Tennis; Track and Field and Cross Country (combined); Volleyball; Wrestling"
199139,"NCAA","D1","American Conference",TRUE,"NCAA Division I-FBS",1,NA,"Baseball; Basketball; Football; Golf; Lacrosse; Soccer; Softball; Tennis; Track and Field and Cross Country (combined); Volleyball"
199148,"NCAA","D1","Southern Conference",FALSE,"NCAA Division I without football",3,NA,"Baseball; Basketball; Golf; Soccer; Softball; Tennis; Track and Field and Cross Country (combined); Volleyball"
199157,"NCAA","D1","Mid-Eastern Athletic Conference",TRUE,"NCAA Division I-FCS",2,NA,"Basketball; Cross Country; Football; Golf; Softball; Tennis; Track and Field (Indoor); Track and Field (Outdoor); Volleyball"
199193,"NCAA","D1","Atlantic Coast Conference",TRUE,"NCAA Division I-FBS",1,NA,"Baseball; Basketball; Football; Golf; Gymnastics; Soccer; Softball; Swimming and Diving (combined); Tennis; Track and Field and Cross Country (combined); Volleyball; Wrestling"
199209,"NCAA","D3","USA South Athletic Conference",TRUE,"NCAA Division III with football",6,NA,"Baseball; Basketball; Football; Golf; Lacrosse; Soccer; Softball; Tennis; Track and Field and Cross Country (combined); Volleyball"
199218,"NCAA","D1","Coastal Athletic Association",FALSE,"NCAA Division I without football",3,NA,"Baseball; Basketball; Beach Volleyball; Golf; Soccer; Softball; Swimming and Diving (combined); Tennis; Track and Field and Cross Country (combined); Volleyball"
199272,"NCAA","D3","USA South Athletic Conference",FALSE,"NCAA Division III without football",7,NA,"Baseball; Basketball; Cross Country; Golf; Lacrosse; Soccer; Softball; Swimming; Tennis; Volleyball"
199281,"NCAA","D2","Conference Carolinas",TRUE,"NCAA Division II with football",4,NA,"Baseball; Basketball; Football; Golf; Soccer; Softball; Swimming; Track and Field and Cross Country (combined); Volleyball; Wrestling"
199306,"NCAA","D3","USA South Athletic Conference",FALSE,"NCAA Division III without football",7,NA,"Baseball; Basketball; Golf; Lacrosse; Soccer; Softball; Tennis; Track and Field and Cross Country (combined); Volleyball"
199412,"NCAA","D1","Atlantic Sun Conference",FALSE,"NCAA Division I without football",3,NA,"Baseball; Basketball; Field Hockey; Golf; Lacrosse; Other Sports; Soccer; Softball; Swimming; Tennis; Track and Field and Cross Country (combined); Volleyball"
199458,"USCAA","Other",NA,FALSE,"USCAA",20,NA,"Baseball; Basketball; Golf; Soccer; Volleyball"
199643,"NCAA","D2","Central Intercollegiate Athletic Association",TRUE,"NCAA Division II with football",4,NA,"Basketball; Bowling; Cross Country; Football; Soccer; Softball; Tennis; Track and Field (Outdoor); Volleyball"
199847,"NCAA","D1","Atlantic Coast Conference",TRUE,"NCAA Division I-FBS",1,NA,"Baseball; Basketball; Field Hockey; Football; Golf; Soccer; Tennis; Track and Field and Cross Country (combined); Volleyball"
199865,"NCAA","D3","Coast to Coast Athletic Conference",FALSE,"NCAA Division III without football",7,NA,"Basketball; Cross Country; Lacrosse; Other Sports; Soccer; Swimming; Volleyball"
199962,"NCAA","D2","South Atlantic Conference",TRUE,"NCAA Division II with football",4,NA,"Baseball; Basketball; Beach Volleyball; Field Hockey; Football; Golf; Gymnastics; Lacrosse; Other Sports; Soccer; Softball; Swimming; Tennis; Track and Field and Cross Country (combined); Volleyball"
199971,"Other","Other",NA,FALSE,"Other",8,"NCCAA","Basketball; Soccer"
199999,"NCAA","D2","Central Intercollegiate Athletic Association",TRUE,"NCAA Division II with football",4,NA,"Basketball; Cross Country; Football; Golf; Softball; Tennis; Track and Field (Indoor); Track and Field (Outdoor); Volleyball"
200004,"NCAA","D1","Southern Conference",TRUE,"NCAA Division I-FCS",2,NA,"Baseball; Basketball; Football; Golf; Soccer; Softball; Tennis; Track and Field and Cross Country (combined); Volleyball"
200022,"NJCAA","Other","Frontier Conference",FALSE,"NJCAA Division I",12,NA,"Baseball; Basketball; Other Sports; Rodeo; Softball; Track and Field and Cross Country (combined); Volleyball; Wrestling"
200059,"NAIA","NAIA","Frontier Conference",TRUE,"NAIA Division I",9,NA,"Baseball; Basketball; Cross Country; Football; Golf; Other Sports; Softball; Track and Field (Indoor); Track and Field (Outdoor); Volleyball; Wrestling"
200086,"Other","Other",NA,FALSE,"Other",8,"Tribal College University","Basketball; Cross Country; Golf"
200156,"NCAA","D2",NA,TRUE,"NCAA Division II with football",4,NA,"Baseball; Basketball; Football; Golf; Soccer; Softball; Swimming and Diving (combined); Track and Field and Cross Country (combined); Volleyball; Wrestling"
200217,"NCAA","D2","Northern Sun Intercollegiate Conference",TRUE,"NCAA Division II with football",4,NA,"Baseball; Basketball; Football; Golf; Soccer; Softball; Swimming; Tennis; Track and Field and Cross Country (combined); Volleyball; Wrestling"
200226,"NAIA","NAIA","Frontier Conference",TRUE,"NAIA Division II",10,NA,"Baseball; Basketball; Football; Golf; Softball; Volleyball"
200253,"NCAA","D2","Northern Sun Intercollegiate Conference",TRUE,"NCAA Division II with football",4,NA,"Baseball; Basketball; Football; Golf; Soccer; Softball; Track and Field and Cross Country (combined); Volleyball; Wrestling"
200280,"NCAA","D1","Summit League",TRUE,"NCAA Division I-FCS",2,NA,"Basketball; Football; Golf; Ice Hockey; Soccer; Softball; Tennis; Track and Field and Cross Country (combined); Volleyball"
200332,"NCAA","D1","Summit League",TRUE,"NCAA Division I-FCS",2,NA,"Baseball; Basketball; Football; Golf; Soccer; Softball; Track and Field and Cross Country (combined); Volleyball; Wrestling"
200484,"NCCAA","Other",NA,FALSE,"NCCAA Division II",16,NA,"Basketball; Cross Country; Soccer; Volleyball"
200527,"Other","Other",NA,FALSE,"Independent",18,NA,"Basketball; Golf"
200554,"NJCAA","Other",NA,FALSE,"NJCAA Division II",13,NA,"Basketball"
200572,"NAIA","NAIA","Frontier Conference",TRUE,"NAIA Division II",10,NA,"Baseball; Basketball; Football; Golf; Softball; Track and Field and Cross Country (combined); Volleyball"
200800,"NCAA","D1","Mid-American Conference",TRUE,"NCAA Division I-FBS",1,NA,"Baseball; Basketball; Football; Golf; Lacrosse; Rifle; Soccer; Softball; Swimming and Diving (combined); Track and Field and Cross Country (combined); Volleyball"
201104,"NCAA","D2","Great Midwest Athletic Conference",TRUE,"NCAA Division II with football",4,NA,"Baseball; Basketball; Football; Golf; Lacrosse; Other Sports; Soccer; Softball; Swimming and Diving (combined); Tennis; Track and Field and Cross Country (combined); Volleyball; Wrestling"
201195,"NCAA","D3","Ohio Athletic Conference",TRUE,"NCAA Division III with football",6,NA,"Baseball; Basketball; Bowling; Football; Golf; Lacrosse; Other Sports; Soccer; Softball; Swimming and Diving (combined); Tennis; Track and Field and Cross Country (combined); Volleyball; Wrestling"
201371,"NCAA","D3","Heartland Collegiate Athletic Conference",TRUE,"NCAA Division III with football",6,NA,"Baseball; Basketball; Football; Golf; Soccer; Softball; Swimming and Diving (combined); Track and Field and Cross Country (combined); Volleyball"
201441,"NCAA","D1","Mid-American Conference",TRUE,"NCAA Division I-FBS",1,NA,"Baseball; Basketball; Cross Country; Football; Golf; Gymnastics; Ice Hockey; Soccer; Softball; Swimming and Diving (combined); Tennis; Track and Field and Cross Country (combined); Volleyball"
201469,"NJCAA","Other",NA,FALSE,"NJCAA Division II",13,NA,"Baseball; Basketball"
201548,"NCAA","D3","Ohio Athletic Conference",TRUE,"NCAA Division III with football",6,NA,"Baseball; Basketball; Bowling; Football; Golf; Lacrosse; Soccer; Softball; Tennis; Track and Field and Cross Country (combined); Volleyball"
201645,"NCAA","D3","University Athletic Association",TRUE,"NCAA Division III with football",6,NA,"Baseball; Basketball; Cross Country; Football; Soccer; Softball; Swimming and Diving (combined); Tennis; Track and Field (Indoor); Track and Field (Outdoor); Volleyball; Wrestling"
201654,"NCAA","D2","Great Midwest Athletic Conference",FALSE,"NCAA Division II without football",5,NA,"Baseball; Basketball; Cross Country; Golf; Soccer; Softball; Tennis; Track and Field (Indoor); Track and Field (Outdoor); Volleyball"
201690,"NCAA","D2","Southern Intercollegiate Athletic Conference",TRUE,"NCAA Division II with football",4,NA,"Basketball; Football; Golf; Track and Field and Cross Country (combined); Volleyball"
201885,"NCAA","D1","Big 12 Conference",TRUE,"NCAA Division I-FBS",1,NA,"Baseball; Basketball; Football; Golf; Lacrosse; Soccer; Swimming and Diving (combined); Tennis; Track and Field and Cross Country (combined); Volleyball"
201946,"USCAA","Other",NA,FALSE,"USCAA",20,NA,"Baseball; Basketball; Soccer; Volleyball"
201964,"NCCAA","Other",NA,FALSE,"NCCAA Division I",15,NA,"Baseball; Basketball; Golf; Other Sports; Soccer; Softball; Track and Field and Cross Country (combined); Volleyball"
201973,"NJCAA","Other",NA,FALSE,"NJCAA Division II",13,NA,"Baseball; Basketball; Volleyball"
202134,"NCAA","D1","Horizon League",FALSE,"NCAA Division I without football",3,NA,"Basketball; Fencing; Golf; Lacrosse; Soccer; Softball; Swimming and Diving (combined); Tennis; Track and Field and Cross Country (combined); Volleyball; Wrestling"
202480,"NCAA","D1","Atlantic 10 Conference",TRUE,"NCAA Division I-FCS",2,NA,"Baseball; Basketball; Cross Country; Football; Golf; Rowing; Soccer; Softball; Tennis; Track and Field and Cross Country (combined); Volleyball"
202514,"NAIA","NAIA","Wolverine–Hoosier Athletic Conference",TRUE,"NAIA Division II",10,NA,"Baseball; Basketball; Cross Country; Football; Golf; Soccer; Softball; Track and Field (Indoor); Track and Field (Outdoor); Volleyball; Wrestling"
202523,"NCAA","D3","North Coast Athletic Conference",TRUE,"NCAA Division III with football",6,NA,"Baseball; Basketball; Fencing; Field Hockey; Football; Golf; Lacrosse; Soccer; Softball; Squash; Swimming and Diving (combined); Tennis; Track and Field and Cross Country (combined); Volleyball"
202648,"NJCAA","Other",NA,FALSE,"NJCAA Division II",13,NA,"Baseball; Basketball; Softball; Volleyball"
202763,"NCAA","D2","Great Midwest Athletic Conference",TRUE,"NCAA Division II with football",4,NA,"Baseball; Basketball; Football; Golf; Lacrosse; Soccer; Softball; Swimming and Diving (combined); Tennis; Track and Field and Cross Country (combined); Volleyball; Wrestling"
203085,"NCAA","D3","Ohio Athletic Conference",TRUE,"NCAA Division III with football",6,NA,"Baseball; Basketball; Football; Golf; Lacrosse; Other Sports; Soccer; Softball; Swimming; Track and Field and Cross Country (combined); Volleyball; Wrestling"
203128,"NCAA","D3","Presidents' Athletic Conference",TRUE,"NCAA Division III with football",6,NA,"Baseball; Basketball; Football; Golf; Lacrosse; Other Sports; Soccer; Softball; Swimming and Diving (combined); Track and Field and Cross Country (combined); Volleyball; Wrestling"
203368,"NCAA","D3","North Coast Athletic Conference",TRUE,"NCAA Division III with football",6,NA,"Baseball; Basketball; Football; Golf; Lacrosse; Soccer; Softball; Swimming; Swimming and Diving (combined); Tennis; Track and Field and Cross Country (combined); Volleyball; Wrestling"
203483,"USCAA","Other",NA,FALSE,"USCAA",20,NA,"Baseball; Basketball; Bowling; Golf; Softball; Volleyball"
203517,"NCAA","D1","Mid-American Conference",TRUE,"NCAA Division I-FBS",1,NA,"Baseball; Basketball; Field Hockey; Football; Golf; Gymnastics; Lacrosse; Soccer; Softball; Track and Field and Cross Country (combined); Volleyball; Wrestling"
203535,"NCAA","D3","North Coast Athletic Conference",TRUE,"NCAA Division III with football",6,NA,"Baseball; Basketball; Cross Country; Field Hockey; Football; Golf; Lacrosse; Soccer; Softball; Swimming and Diving (combined); Tennis; Track and Field (Indoor); Track and Field (Outdoor); Volleyball"
203580,"NCAA","D2","Great Midwest Athletic Conference",TRUE,"NCAA Division II with football",4,NA,"Baseball; Basketball; Football; Lacrosse; Soccer; Softball; Track and Field and Cross Country (combined); Volleyball; Wrestling"
203748,"NJCAA","Other",NA,FALSE,"NJCAA Division III",14,NA,"Baseball; Basketball; Cross Country; Softball; Volleyball"
203757,"NAIA","NAIA","Wolverine–Hoosier Athletic Conference",FALSE,"NAIA Division II",10,NA,"Baseball; Basketball; Bowling; Cross Country; Golf; Other Sports; Soccer; Softball; Tennis; Volleyball; Wrestling"
203775,"NCAA","D2","Great Midwest Athletic Conference",FALSE,"NCAA Division II without football",5,NA,"Baseball; Basketball; Golf; Lacrosse; Other Sports; Soccer; Softball; Swimming and Diving (combined); Track and Field and Cross Country (combined); Volleyball"
203845,"NCAA","D3","Ohio Athletic Conference",TRUE,"NCAA Division III with football",6,NA,"Baseball; Basketball; Football; Golf; Lacrosse; Rowing; Soccer; Softball; Track and Field and Cross Country (combined); Volleyball"
204024,"NCAA","D1","Mid-American Conference",TRUE,"NCAA Division I-FBS",1,NA,"Baseball; Basketball; Field Hockey; Football; Golf; Ice Hockey; Other Sports; Soccer; Softball; Swimming and Diving (combined); Tennis; Track and Field and Cross Country (combined); Volleyball"
204185,"NCAA","D3","Ohio Athletic Conference",TRUE,"NCAA Division III with football",6,NA,"Baseball; Basketball; Football; Golf; Lacrosse; Soccer; Softball; Swimming; Tennis; Track and Field and Cross Country (combined); Volleyball; Wrestling"
204194,"NAIA","NAIA","Crossroads League",FALSE,"NAIA Division I",9,NA,"Baseball; Basketball; Bowling; Golf; Lacrosse; Other Sports; Soccer; Softball; Tennis; Track and Field and Cross Country (combined); Volleyball"
204200,"NCAA","D3","Heartland Collegiate Athletic Conference",TRUE,"NCAA Division III with football",6,NA,"Baseball; Basketball; Football; Golf; Lacrosse; Other Sports; Soccer; Softball; Track and Field and Cross Country (combined); Volleyball; Wrestling"
204264,"NCAA","D3","Ohio Athletic Conference",TRUE,"NCAA Division III with football",6,NA,"Archery; Baseball; Basketball; Bowling; Cross Country; Football; Golf; Lacrosse; Other Sports; Soccer; Softball; Track and Field (Indoor); Track and Field (Outdoor); Volleyball; Wrestling"
204486,"NAIA","NAIA",NA,FALSE,"NAIA Division II",10,NA,"Baseball; Basketball; Bowling; Golf; Soccer; Softball; Tennis; Volleyball"
204501,"NCAA","D3","North Coast Athletic Conference",TRUE,"NCAA Division III with football",6,NA,"Baseball; Basketball; Cross Country; Field Hockey; Football; Lacrosse; Soccer; Softball; Swimming and Diving (combined); Tennis; Track and Field (Indoor); Track and Field (Outdoor); Volleyball"
204617,"NCAA","D2","Great Midwest Athletic Conference",TRUE,"NCAA Division II with football",4,NA,"Baseball; Basketball; Football; Golf; Soccer; Softball; Track and Field and Cross Country (combined); Volleyball"
204635,"NCAA","D3","Ohio Athletic Conference",TRUE,"NCAA Division III with football",6,NA,"Baseball; Basketball; Bowling; Cross Country; Football; Golf; Lacrosse; Soccer; Softball; Swimming and Diving (combined); Tennis; Track and Field (Indoor); Track and Field (Outdoor); Volleyball; Wrestling"
204796,"NCAA","D1","Big Ten Conference",TRUE,"NCAA Division I-FBS",1,NA,"Baseball; Basketball; Diving; Fencing; Field Hockey; Football; Golf; Gymnastics; Ice Hockey; Lacrosse; Other Sports; Rifle; Rowing; Soccer; Softball; Swimming; Synchronized Swimming; Tennis; Track and Field and Cross Country (combined); Volleyball; Wrestling"
204857,"NCAA","D1","Mid-American Conference",TRUE,"NCAA Division I-FBS",1,NA,"Baseball; Basketball; Cross Country; Field Hockey; Football; Golf; Soccer; Softball; Swimming and Diving (combined); Track and Field and Cross Country (combined); Volleyball; Wrestling"
204909,"NCAA","D3","North Coast Athletic Conference",TRUE,"NCAA Division III with football",6,NA,"Baseball; Basketball; Field Hockey; Football; Golf; Lacrosse; Soccer; Softball; Swimming and Diving (combined); Tennis; Track and Field and Cross Country (combined); Volleyball; Wrestling"
204936,"NCAA","D3","Ohio Athletic Conference",TRUE,"NCAA Division III with football",6,NA,"Baseball; Basketball; Football; Golf; Lacrosse; Soccer; Softball; Tennis; Track and Field and Cross Country (combined); Volleyball; Wrestling"
205203,"NAIA","NAIA","River States Conference",FALSE,"NAIA Division I",9,NA,"Archery; Baseball; Basketball; Bowling; Cross Country; Golf; Other Sports; Soccer; Softball; Track and Field (Indoor); Track and Field (Outdoor); Volleyball; Wrestling"
205443,"NAIA","NAIA","River States Conference",FALSE,"NAIA Division I",9,NA,"Baseball; Basketball; Bowling; Cross Country; Golf; Other Sports; Soccer; Softball; Swimming; Tennis; Track and Field (Indoor); Track and Field (Outdoor); Volleyball"
205957,"NCAA","D3","Presidents' Athletic Conference",FALSE,"NCAA Division III without football",7,NA,"Baseball; Basketball; Cross Country; Golf; Lacrosse; Soccer; Softball; Swimming; Tennis; Track and Field (Indoor); Track and Field (Outdoor); Volleyball"
206048,"NCAA","D2","Great Midwest Athletic Conference",TRUE,"NCAA Division II with football",4,NA,"Baseball; Basketball; Football; Golf; Lacrosse; Other Sports; Soccer; Softball; Tennis; Track and Field and Cross Country (combined); Volleyball; Wrestling"
206084,"NCAA","D1","Mid-American Conference",TRUE,"NCAA Division I-FBS",1,NA,"Baseball; Basketball; Cross Country; Football; Golf; Soccer; Softball; Swimming and Diving (combined); Tennis; Track and Field and Cross Country (combined); Volleyball"
206349,"NCAA","D2","Great Midwest Athletic Conference",FALSE,"NCAA Division II without football",5,NA,"Basketball; Bowling; Golf; Lacrosse; Other Sports; Soccer; Softball; Tennis; Track and Field and Cross Country (combined); Volleyball"
206437,"NCAA","D2","Great Midwest Athletic Conference",TRUE,"NCAA Division II with football",4,NA,"Baseball; Basketball; Bowling; Football; Golf; Lacrosse; Other Sports; Soccer; Softball; Tennis; Track and Field and Cross Country (combined); Volleyball"
206491,"NAIA","NAIA","HBCU Athletic Conference",FALSE,"NAIA Division I",9,NA,"Baseball; Basketball; Cross Country; Gymnastics; Volleyball"
206507,"NCAA","D3","Ohio Athletic Conference",TRUE,"NCAA Division III with football",6,NA,"Baseball; Basketball; Cross Country; Football; Lacrosse; Soccer; Softball; Swimming; Track and Field (Indoor); Track and Field (Outdoor); Volleyball; Wrestling"
206525,"NCAA","D3","North Coast Athletic Conference",TRUE,"NCAA Division III with football",6,NA,"Baseball; Basketball; Bowling; Field Hockey; Football; Golf; Lacrosse; Soccer; Softball; Swimming and Diving (combined); Tennis; Track and Field and Cross Country (combined); Volleyball"
206589,"NCAA","D3","North Coast Athletic Conference",TRUE,"NCAA Division III with football",6,NA,"Baseball; Basketball; Field Hockey; Football; Golf; Lacrosse; Soccer; Softball; Swimming and Diving (combined); Tennis; Track and Field and Cross Country (combined); Volleyball"
206604,"NCAA","D1","Horizon League",FALSE,"NCAA Division I without football",3,NA,"Baseball; Basketball; Bowling; Golf; Soccer; Track and Field and Cross Country (combined); Volleyball"
206613,"USCAA","Other",NA,FALSE,"USCAA",20,NA,"Baseball; Cross Country"
206622,"NCAA","D1","Big East Conference",FALSE,"NCAA Division I without football",3,NA,"Baseball; Basketball; Golf; Lacrosse; Soccer; Swimming; Tennis; Track and Field and Cross Country (combined); Volleyball"
206695,"NCAA","D1","Horizon League",TRUE,"NCAA Division I-FCS",2,NA,"Baseball; Basketball; Bowling; Football; Golf; Lacrosse; Soccer; Softball; Swimming and Diving (combined); Tennis; Track and Field and Cross Country (combined); Volleyball"
206835,"NAIA","NAIA","Kansas Collegiate Athletic Conference",FALSE,"NAIA Division II",10,NA,"Baseball; Basketball; Beach Volleyball; Golf; Other Sports; Soccer; Softball; Tennis; Track and Field and Cross Country (combined); Volleyball; Wrestling"
206862,"NCAA","D2","Great American Conference",TRUE,"NCAA Division II with football",4,NA,"Baseball; Basketball; Bowling; Cross Country; Equestrian; Football; Golf; Other Sports; Soccer; Softball; Track and Field (Indoor); Track and Field (Outdoor); Volleyball"
206914,"NCAA","D2","Lone Star Conference",FALSE,"NCAA Division II without football",5,NA,"Baseball; Basketball; Golf; Softball; Tennis; Track and Field and Cross Country (combined); Volleyball"
206941,"NCAA","D2","Mid-America Intercollegiate Athletics Association",TRUE,"NCAA Division II with football",4,NA,"Baseball; Basketball; Football; Golf; Rowing; Soccer; Softball; Tennis; Track and Field and Cross Country (combined); Volleyball; Wrestling"
207041,"NCAA","D2","Great American Conference",TRUE,"NCAA Division II with football",4,NA,"Baseball; Basketball; Football; Soccer; Softball; Track and Field and Cross Country (combined); Volleyball"
207157,"NCCAA","Other",NA,FALSE,"NCCAA Division II",16,NA,"Baseball; Basketball; Soccer; Volleyball"
207209,"NAIA","NAIA","Sooner Athletic Conference",TRUE,"NAIA Division I",9,NA,"Basketball; Football; Other Sports; Softball; Track and Field (Indoor); Track and Field (Outdoor); Volleyball"
207236,"NJCAA","Other",NA,FALSE,"NJCAA Division I",12,NA,"Baseball; Basketball; Cross Country; Golf; Rodeo; Soccer; Softball"
207263,"NCAA","D2","Mid-America Intercollegiate Athletics Association",TRUE,"NCAA Division II with football",4,NA,"Baseball; Basketball; Football; Golf; Soccer; Softball; Tennis"
207306,"NCAA","D2","Great American Conference",TRUE,"NCAA Division II with football",4,NA,"Baseball; Basketball; Cross Country; Football; Golf; Rodeo; Soccer; Softball; Track and Field (Indoor); Track and Field (Outdoor); Volleyball"
207324,"NCAA","D2","Lone Star Conference",FALSE,"NCAA Division II without football",5,NA,"Baseball; Basketball; Bowling; Golf; Soccer; Softball; Swimming; Track and Field and Cross Country (combined); Volleyball"
207351,"NAIA","NAIA","Sooner Athletic Conference",TRUE,"NAIA Division I",9,NA,"Baseball; Basketball; Cross Country; Equestrian; Football; Golf; Other Sports; Rodeo; Soccer; Softball; Track and Field (Indoor); Track and Field (Outdoor); Volleyball"
207388,"NCAA","D1","Big 12 Conference",TRUE,"NCAA Division I-FBS",1,NA,"Baseball; Basketball; Equestrian; Football; Golf; Soccer; Softball; Tennis; Track and Field and Cross Country (combined); Wrestling"
207403,"NCAA","D2","Great American Conference",TRUE,"NCAA Division II with football",4,NA,"Baseball; Basketball; Football; Golf; Other Sports; Soccer; Softball; Track and Field and Cross Country (combined); Volleyball"
207458,"NAIA","NAIA","Sooner Athletic Conference",FALSE,"NAIA Division I",9,NA,"Baseball; Basketball; Golf; Other Sports; Rowing; Soccer; Softball; Track and Field and Cross Country (combined); Volleyball; Wrestling"
207500,"NCAA","D1","Southeastern Conference",TRUE,"NCAA Division I-FBS",1,NA,"Baseball; Basketball; Football; Golf; Gymnastics; Rowing; Soccer; Softball; Tennis; Track and Field and Cross Country (combined); Volleyball; Wrestling"
207582,"NCAA","D1","Summit League",FALSE,"NCAA Division I without football",3,NA,"Baseball; Basketball; Golf; Soccer; Tennis; Track and Field and Cross Country (combined); Volleyball"
207661,"NCAA","D2","Mid-America Intercollegiate Athletics Association",FALSE,"NCAA Division II without football",5,NA,"Baseball; Basketball; Golf; Soccer; Softball; Track and Field and Cross Country (combined)"
207670,"NJCAA","Other",NA,FALSE,"NJCAA Division I",12,NA,"Baseball; Soccer; Softball; Volleyball"
207722,"NAIA","NAIA","Sooner Athletic Conference",FALSE,"NAIA Division I",9,NA,"Baseball; Basketball; Golf; Soccer; Softball; Track and Field and Cross Country (combined); Volleyball"
207847,"NCAA","D2","Great American Conference",TRUE,"NCAA Division II with football",4,NA,"Baseball; Basketball; Football; Golf; Rodeo; Softball; Tennis; Track and Field and Cross Country (combined); Volleyball"
207856,"NAIA","NAIA","Sooner Athletic Conference",FALSE,"NAIA Division I",9,NA,"Baseball; Basketball; Golf; Soccer; Softball; Track and Field (Outdoor); Volleyball"
207865,"NCAA","D2","Great American Conference",TRUE,"NCAA Division II with football",4,NA,"Baseball; Basketball; Football; Golf; Rodeo; Soccer; Softball; Track and Field and Cross Country (combined); Volleyball"
207971,"NCAA","D1","American Conference",TRUE,"NCAA Division I-FBS",1,NA,"Basketball; Cross Country; Football; Golf; Rowing; Soccer; Softball; Tennis; Track and Field (Indoor); Track and Field (Outdoor); Volleyball"
208390,"NWAC","Other",NA,FALSE,"NWAC",19,NA,"Baseball; Basketball; Soccer; Softball; Track and Field and Cross Country (combined); Volleyball"
208646,"NAIA","NAIA","Cascade Collegiate Conference",TRUE,"NAIA Division I",9,NA,"Baseball; Basketball; Football; Lacrosse; Soccer; Softball; Track and Field and Cross Country (combined); Volleyball; Wrestling"
208822,"NCAA","D3","Northwest Conference",TRUE,"NCAA Division III with football",6,NA,"Baseball; Basketball; Football; Golf; Lacrosse; Other Sports; Soccer; Softball; Swimming; Tennis; Track and Field and Cross Country (combined); Volleyball"
209038,"NWAC","Other",NA,FALSE,"NWAC",19,NA,"Baseball; Basketball; Cross Country; Soccer; Track and Field (Outdoor); Volleyball"
209056,"NCAA","D3","Northwest Conference",TRUE,"NCAA Division III with football",6,NA,"Baseball; Basketball; Cross Country; Football; Golf; Lacrosse; Rowing; Soccer; Softball; Swimming; Tennis; Track and Field (Outdoor); Volleyball"
209065,"NCAA","D3","Northwest Conference",TRUE,"NCAA Division III with football",6,NA,"Baseball; Basketball; Cross Country; Football; Golf; Lacrosse; Soccer; Softball; Swimming; Tennis; Track and Field (Indoor); Track and Field (Outdoor); Volleyball; Wrestling"
209250,"NWAC","Other",NA,FALSE,"NWAC",19,NA,"Baseball; Basketball; Cross Country; Softball; Track and Field (Outdoor); Volleyball"
209409,"NAIA","NAIA","Cascade Collegiate Conference",FALSE,"NAIA Division II",10,NA,"Baseball; Basketball; Beach Volleyball; Cross Country; Golf; Other Sports; Soccer; Softball; Track and Field (Indoor); Track and Field (Outdoor); Volleyball"
209506,"NAIA","NAIA",NA,FALSE,"NAIA Division II",10,NA,"Baseball; Basketball; Cross Country; Golf; Soccer; Softball; Track and Field (Outdoor); Volleyball"
209542,"NCAA","D1","Pac-12 Conference",TRUE,"NCAA Division I-FBS",1,NA,"Baseball; Basketball; Football; Golf; Gymnastics; Rowing; Soccer; Softball; Track and Field and Cross Country (combined); Volleyball; Wrestling"
209551,"NCAA","D1","Big Ten Conference",TRUE,"NCAA Division I-FBS",1,NA,"Baseball; Basketball; Beach Volleyball; Football; Golf; Gymnastics; Lacrosse; Soccer; Softball; Tennis; Track and Field and Cross Country (combined); Volleyball"
209612,"NCAA","D3","Northwest Conference",TRUE,"NCAA Division III with football",6,NA,"Baseball; Basketball; Cross Country; Football; Golf; Lacrosse; Rowing; Soccer; Softball; Swimming; Tennis; Track and Field (Indoor); Track and Field (Outdoor); Volleyball; Wrestling"
209807,"NCAA","D1","Big Sky Conference",TRUE,"NCAA Division I-FCS",2,NA,"Basketball; Cross Country; Football; Golf; Soccer; Softball; Tennis; Track and Field (Indoor); Track and Field (Outdoor); Volleyball"
209825,"NCAA","D1","West Coast Conference",FALSE,"NCAA Division I without football",3,NA,"Baseball; Basketball; Beach Volleyball; Rowing; Soccer; Tennis; Track and Field and Cross Country (combined); Volleyball"
210146,"NAIA","NAIA","Cascade Collegiate Conference",TRUE,"NAIA Division II",10,NA,"Basketball; Beach Volleyball; Cross Country; Football; Golf; Soccer; Softball; Track and Field (Indoor); Track and Field (Outdoor); Volleyball; Wrestling"
210304,"NAIA","NAIA","Cascade Collegiate Conference",FALSE,"NAIA Division I",9,NA,"Baseball; Basketball; Soccer; Softball; Volleyball"
210331,"NAIA","NAIA","Cascade Collegiate Conference",FALSE,"NAIA Division II",10,NA,"Baseball; Basketball; Beach Volleyball; Golf; Soccer; Softball; Track and Field and Cross Country (combined); Volleyball; Wrestling"
210401,"NCAA","D3","Northwest Conference",TRUE,"NCAA Division III with football",6,NA,"Baseball; Basketball; Cross Country; Football; Golf; Lacrosse; Other Sports; Soccer; Softball; Swimming; Tennis; Track and Field (Indoor); Track and Field (Outdoor); Volleyball"
210429,"NCAA","D2","Great Northwest Athletic Conference",TRUE,"NCAA Division II with football",4,NA,"Baseball; Basketball; Cross Country; Football; Soccer; Softball; Track and Field (Indoor); Track and Field (Outdoor); Volleyball"
210571,"NCAA","D3","MAC Commonwealth",TRUE,"NCAA Division III with football",6,NA,"Baseball; Basketball; Cross Country; Field Hockey; Football; Golf; Lacrosse; Other Sports; Soccer; Softball; Tennis; Track and Field (Indoor); Track and Field (Outdoor); Volleyball"
210669,"NCAA","D3","Presidents' Athletic Conference",TRUE,"NCAA Division III with football",6,NA,"Baseball; Basketball; Field Hockey; Football; Golf; Lacrosse; Soccer; Softball; Swimming; Tennis; Track and Field and Cross Country (combined); Volleyball"
210739,"NCAA","D3","MAC Freedom",FALSE,"NCAA Division III without football",7,NA,"Baseball; Basketball; Cross Country; Field Hockey; Golf; Lacrosse; Soccer; Softball; Tennis; Track and Field (Outdoor); Volleyball"
210775,"NCAA","D3","MAC Commonwealth",TRUE,"NCAA Division III with football",6,NA,"Baseball; Basketball; Bowling; Equestrian; Field Hockey; Football; Golf; Ice Hockey; Lacrosse; Soccer; Softball; Tennis; Track and Field and Cross Country (combined); Volleyball; Wrestling"
211088,"NCAA","D3","MAC Freedom",FALSE,"NCAA Division III without football",7,NA,"Baseball; Basketball; Field Hockey; Golf; Ice Hockey; Lacrosse; Other Sports; Soccer; Softball; Swimming; Tennis; Track and Field and Cross Country (combined); Volleyball"
211291,"NCAA","D1","Patriot League",TRUE,"NCAA Division I-FCS",2,NA,"Baseball; Basketball; Field Hockey; Football; Golf; Lacrosse; Rowing; Soccer; Softball; Swimming and Diving (combined); Tennis; Track and Field and Cross Country (combined); Volleyball; Water Polo; Wrestling"
211431,"NCAA","D3","Allegheny Mountain Collegiate Conference",FALSE,"NCAA Division III without football",7,NA,"Basketball; Cross Country; Golf; Other Sports; Soccer; Softball; Tennis; Track and Field (Outdoor); Volleyball"
211440,"NCAA","D3","University Athletic Association",TRUE,"NCAA Division III with football",6,NA,"Basketball; Football; Golf; Soccer; Softball; Swimming and Diving (combined); Tennis; Track and Field and Cross Country (combined); Volleyball"
211468,"NCAA","D3","United East Conference",FALSE,"NCAA Division III without football",7,NA,"Basketball; Cross Country; Field Hockey; Lacrosse; Soccer; Softball; Swimming; Tennis; Track and Field (Outdoor); Volleyball; Wrestling"
211556,"NCAA","D3","Presidents' Athletic Conference",FALSE,"NCAA Division III without football",7,NA,"Baseball; Basketball; Cross Country; Ice Hockey; Lacrosse; Soccer; Softball; Squash; Swimming; Swimming and Diving (combined); Track and Field (Indoor); Track and Field (Outdoor); Volleyball"
211583,"NCAA","D2","Central Atlantic Collegiate Conference",TRUE,"NCAA Division II without football",5,NA,"Baseball; Basketball; Bowling; Football; Golf; Lacrosse; Soccer; Softball; Tennis; Track and Field and Cross Country (combined); Volleyball"
211608,"Other","Other",NA,FALSE,"Independent",18,NA,"Basketball; Track and Field and Cross Country (combined); Volleyball"
211981,"NCAA","D3","MAC Freedom",TRUE,"NCAA Division III with football",6,NA,"Baseball; Basketball; Cross Country; Equestrian; Field Hockey; Football; Golf; Lacrosse; Other Sports; Soccer; Softball; Track and Field (Indoor); Track and Field (Outdoor); Volleyball; Wrestling"
212009,"NCAA","D3","Centennial Conference",TRUE,"NCAA Division III with football",6,NA,"Baseball; Basketball; Cross Country; Field Hockey; Football; Golf; Lacrosse; Soccer; Softball; Squash; Swimming; Tennis; Track and Field (Indoor); Track and Field (Outdoor); Volleyball"
212054,"NCAA","D1","Coastal Athletic Association",FALSE,"NCAA Division I without football",3,NA,"Basketball; Field Hockey; Golf; Lacrosse; Rowing; Soccer; Softball; Squash; Swimming; Swimming and Diving (combined); Tennis; Wrestling"
212106,"NCAA","D1","Atlantic 10 Conference",TRUE,"NCAA Division I-FCS",2,NA,"Basketball; Bowling; Football; Golf; Lacrosse; Other Sports; Rowing; Soccer; Swimming and Diving (combined); Tennis; Track and Field and Cross Country (combined); Volleyball"
212115,"NCAA","D2",NA,TRUE,"NCAA Division II with football",4,NA,"Baseball; Basketball; Field Hockey; Football; Golf; Lacrosse; Other Sports; Soccer; Softball; Swimming; Tennis; Track and Field and Cross Country (combined); Volleyball; Wrestling"
212133,"NCAA","D3","MAC Commonwealth",TRUE,"NCAA Division III with football",6,NA,"Baseball; Basketball; Field Hockey; Football; Golf; Lacrosse; Soccer; Softball; Tennis; Track and Field and Cross Country (combined); Volleyball"
212197,"NCAA","D3","Landmark Conference",FALSE,"NCAA Division III without football",7,NA,"Baseball; Basketball; Field Hockey; Golf; Lacrosse; Soccer; Softball; Swimming; Tennis; Track and Field and Cross Country (combined); Volleyball; Wrestling"
212577,"NCAA","D3","Centennial Conference",TRUE,"NCAA Division III with football",6,NA,"Baseball; Basketball; Cross Country; Field Hockey; Football; Golf; Lacrosse; Rowing; Soccer; Softball; Squash; Swimming; Tennis; Track and Field (Indoor); Track and Field (Outdoor); Volleyball; Wrestling"
212601,"NCAA","D2","Pennsylvania State Athletic Conference",TRUE,"NCAA Division II with football",4,NA,"Baseball; Basketball; Cross Country; Football; Golf; Gymnastics; Lacrosse; Other Sports; Soccer; Softball; Swimming; Volleyball; Water Polo; Wrestling"
212656,"NCAA","D3","Presidents' Athletic Conference",TRUE,"NCAA Division III with football",6,NA,"Baseball; Basketball; Football; Golf; Lacrosse; Soccer; Softball; Tennis; Track and Field and Cross Country (combined); Volleyball"
212674,"NCAA","D3","Centennial Conference",TRUE,"NCAA Division III with football",6,NA,"Baseball; Basketball; Field Hockey; Football; Golf; Lacrosse; Soccer; Softball; Swimming; Tennis; Track and Field and Cross Country (combined); Volleyball; Wrestling"
212832,"NCAA","D3","Atlantic East Conference",FALSE,"NCAA Division III without football",7,NA,"Baseball; Basketball; Field Hockey; Lacrosse; Soccer; Softball; Track and Field and Cross Country (combined); Volleyball"
212911,"NCAA","D3","Centennial Conference",FALSE,"NCAA Division III without football",7,NA,"Baseball; Basketball; Fencing; Field Hockey; Lacrosse; Soccer; Softball; Squash; Tennis; Track and Field and Cross Country (combined); Volleyball"
212984,"NCAA","D2","Central Atlantic Collegiate Conference",FALSE,"NCAA Division II without football",5,NA,"Baseball; Basketball; Bowling; Cross Country; Lacrosse; Soccer; Softball; Track and Field (Indoor); Track and Field (Outdoor); Volleyball"
213011,"NCAA","D3","Atlantic East Conference",FALSE,"NCAA Division III without football",7,NA,"Baseball; Basketball; Cross Country; Field Hockey; Lacrosse; Soccer; Softball; Swimming; Tennis; Track and Field (Indoor); Track and Field (Outdoor); Volleyball"
213020,"NCAA","D2","Pennsylvania State Athletic Conference",TRUE,"NCAA Division II with football",4,NA,"Baseball; Basketball; Field Hockey; Football; Golf; Lacrosse; Soccer; Softball; Swimming and Diving (combined); Tennis; Track and Field and Cross Country (combined); Volleyball"
213251,"NCAA","D3","Landmark Conference",TRUE,"NCAA Division III with football",6,NA,"Baseball; Basketball; Cross Country; Field Hockey; Football; Golf; Lacrosse; Soccer; Softball; Swimming; Tennis; Track and Field (Indoor); Track and Field (Outdoor); Volleyball"
213303,"NCAA","D3","United East Conference",TRUE,"NCAA Division III with football",6,NA,"Baseball; Basketball; Field Hockey; Football; Soccer; Softball; Track and Field and Cross Country (combined); Volleyball; Wrestling"
213321,"NCAA","D3","MAC Freedom",TRUE,"NCAA Division III with football",6,NA,"Baseball; Basketball; Field Hockey; Football; Golf; Ice Hockey; Lacrosse; Soccer; Softball; Swimming; Tennis; Track and Field and Cross Country (combined); Volleyball; Wrestling"
213349,"NCAA","D2",NA,TRUE,"NCAA Division II with football",4,NA,"Baseball; Basketball; Bowling; Field Hockey; Football; Golf; Lacrosse; Other Sports; Soccer; Softball; Swimming; Tennis; Track and Field and Cross Country (combined); Volleyball; Wrestling"
213358,"NCAA","D3","Allegheny Mountain Collegiate Conference",FALSE,"NCAA Division III without football",7,NA,"Baseball; Basketball; Bowling; Cross Country; Golf; Lacrosse; Soccer; Softball; Tennis; Volleyball"
213367,"NCAA","D1","Atlantic 10 Conference",FALSE,"NCAA Division I without football",3,NA,"Basketball; Field Hockey; Golf; Lacrosse; Other Sports; Rowing; Soccer; Swimming and Diving (combined); Track and Field and Cross Country (combined); Water Polo"
213376,"NJCAA","Other",NA,TRUE,"NJCAA Division II",13,NA,"Baseball; Basketball; Football; Other Sports; Soccer; Softball; Volleyball; Wrestling"
213385,"NCAA","D1","Patriot League",TRUE,"NCAA Division I-FCS",2,NA,"Baseball; Basketball; Fencing; Field Hockey; Football; Golf; Lacrosse; Soccer; Softball; Swimming and Diving (combined); Tennis; Track and Field and Cross Country (combined); Volleyball"
213400,"NCAA","D3","United East Conference",FALSE,"NCAA Division III without football",7,NA,"Baseball; Basketball; Cross Country; Field Hockey; Golf; Soccer; Softball; Tennis; Track and Field (Indoor); Track and Field (Outdoor); Volleyball"
213507,"NCAA","D3","MAC Freedom",TRUE,"NCAA Division III with football",6,NA,"Baseball; Basketball; Cross Country; Field Hockey; Football; Golf; Ice Hockey; Lacrosse; Soccer; Softball; Swimming; Tennis; Track and Field (Indoor); Track and Field (Outdoor); Volleyball"
213543,"NCAA","D1","Patriot League",TRUE,"NCAA Division I-FCS",2,NA,"Baseball; Basketball; Field Hockey; Football; Golf; Lacrosse; Rowing; Soccer; Softball; Swimming and Diving (combined); Tennis; Track and Field and Cross Country (combined); Volleyball; Wrestling"
213598,"NCAA","D2",NA,TRUE,"NCAA Division II with football",4,NA,"Baseball; Basketball; Football; Soccer; Softball; Track and Field and Cross Country (combined); Volleyball"
213668,"NCAA","D3","Landmark Conference",TRUE,"NCAA Division III with football",6,NA,"Baseball; Basketball; Cross Country; Field Hockey; Football; Golf; Lacrosse; Soccer; Softball; Swimming; Tennis; Volleyball; Wrestling"
213774,"USCAA","Other",NA,FALSE,"USCAA",20,NA,"Baseball; Basketball; Soccer; Track and Field (Outdoor); Volleyball"
213826,"NCAA","D3","Atlantic East Conference",FALSE,"NCAA Division III without football",7,NA,"Baseball; Basketball; Field Hockey; Golf; Lacrosse; Other Sports; Soccer; Softball; Swimming; Swimming and Diving (combined); Tennis; Track and Field and Cross Country (combined); Volleyball"
213987,"NCAA","D1",NA,TRUE,"NCAA Division I-FCS",2,NA,"Baseball; Basketball; Bowling; Cross Country; Field Hockey; Football; Golf; Ice Hockey; Lacrosse; Other Sports; Rowing; Soccer; Softball; Tennis; Volleyball; Water Polo; Wrestling"
213996,"NCAA","D3","MAC Commonwealth",FALSE,"NCAA Division III without football",7,NA,"Baseball; Basketball; Field Hockey; Lacrosse; Soccer; Softball; Swimming; Tennis; Track and Field and Cross Country (combined); Volleyball; Wrestling"
214041,"NCAA","D2",NA,TRUE,"NCAA Division II with football",4,NA,"Baseball; Basketball; Field Hockey; Football; Golf; Lacrosse; Soccer; Softball; Swimming; Tennis; Track and Field and Cross Country (combined); Volleyball; Wrestling"
214069,"NCAA","D3","MAC Freedom",TRUE,"NCAA Division III with football",6,NA,"Baseball; Basketball; Field Hockey; Football; Golf; Ice Hockey; Lacrosse; Other Sports; Soccer; Softball; Swimming; Tennis; Track and Field and Cross Country (combined); Volleyball; Wrestling"
214157,"NCAA","D3","Landmark Conference",TRUE,"NCAA Division III with football",6,NA,"Baseball; Basketball; Field Hockey; Football; Golf; Lacrosse; Soccer; Softball; Swimming; Tennis; Track and Field and Cross Country (combined); Volleyball"
214166,"NCAA","D3","Allegheny Mountain Collegiate Conference",FALSE,"NCAA Division III without football",7,NA,"Baseball; Basketball; Cross Country; Golf; Lacrosse; Rifle; Soccer; Softball; Tennis; Volleyball"
214175,"NCAA","D3","Centennial Conference",TRUE,"NCAA Division III with football",6,NA,"Baseball; Basketball; Field Hockey; Football; Golf; Lacrosse; Soccer; Softball; Tennis; Track and Field and Cross Country (combined); Volleyball; Wrestling"
214272,"NCAA","D3","Atlantic East Conference",FALSE,"NCAA Division III without football",7,NA,"Baseball; Basketball; Cross Country; Field Hockey; Ice Hockey; Lacrosse; Soccer; Softball; Tennis; Track and Field (Outdoor); Volleyball"
214591,"NCAA","D3",NA,FALSE,"NCAA Division III with football",6,NA,"Baseball; Basketball; Bowling; Cross Country; Golf; Soccer; Softball; Swimming and Diving (combined); Tennis; Track and Field (Indoor); Track and Field (Outdoor); Volleyball; Water Polo; Wrestling"
214625,"USCAA","Other",NA,FALSE,"USCAA",20,NA,"Baseball; Basketball; Soccer; Softball; Volleyball"
214634,"USCAA","Other",NA,FALSE,"USCAA",20,NA,"Baseball; Basketball; Cross Country; Golf; Volleyball"
214643,"USCAA","Other",NA,FALSE,"USCAA",20,NA,"Baseball; Basketball; Golf; Soccer"
214652,"USCAA","Other",NA,FALSE,"USCAA",20,NA,"Baseball; Basketball; Cross Country; Golf; Soccer; Softball; Track and Field (Outdoor); Volleyball"
214670,"USCAA","Other",NA,FALSE,"USCAA",20,NA,"Basketball; Golf; Soccer; Volleyball"
214689,"NCAA","D3",NA,FALSE,"NCAA Division III without football",7,NA,"Baseball; Basketball; Golf; Soccer; Softball; Swimming; Tennis; Volleyball; Wrestling"
214698,"USCAA","Other",NA,FALSE,"USCAA",20,NA,"Baseball; Basketball; Soccer; Softball; Volleyball"
214704,"NCAA","D3",NA,FALSE,"NCAA Division III without football",7,NA,"Baseball; Basketball; Cross Country; Golf; Soccer; Softball; Tennis; Volleyball"
214713,"NCAA","D3",NA,FALSE,"NCAA Division III without football",7,NA,"Baseball; Basketball; Cross Country; Field Hockey; Golf; Soccer; Softball; Tennis; Track and Field (Indoor); Track and Field (Outdoor); Volleyball"
214731,"NCAA","D3",NA,FALSE,"NCAA Division III without football",7,NA,"Baseball; Basketball; Cross Country; Golf; Soccer; Softball; Tennis; Volleyball"
214740,"USCAA","Other",NA,FALSE,"USCAA",20,NA,"Baseball; Basketball; Cross Country; Golf; Softball; Volleyball"
214759,"USCAA","Other",NA,FALSE,"USCAA",20,NA,"Baseball; Basketball; Golf; Softball; Track and Field (Outdoor); Volleyball"
214768,"USCAA","Other",NA,FALSE,"USCAA",20,NA,"Baseball; Basketball; Golf; Soccer; Softball; Volleyball"
214777,"NCAA","D1","Big Ten Conference",TRUE,"NCAA Division I-FBS",1,NA,"Baseball; Basketball; Fencing; Field Hockey; Football; Golf; Gymnastics; Ice Hockey; Lacrosse; Soccer; Softball; Swimming and Diving (combined); Tennis; Track and Field and Cross Country (combined); Volleyball; Wrestling"
214786,"USCAA","Other",NA,FALSE,"USCAA",20,NA,"Baseball; Basketball; Soccer; Softball; Volleyball"
214795,"USCAA","Other",NA,FALSE,"USCAA",20,NA,"Baseball; Basketball; Golf; Soccer; Softball; Volleyball"
214801,"NCAA","D3",NA,FALSE,"NCAA Division III without football",7,NA,"Baseball; Basketball; Cross Country; Golf; Soccer; Softball; Tennis; Track and Field (Outdoor); Volleyball"
214810,"USCAA","Other",NA,FALSE,"USCAA",20,NA,"Baseball; Basketball; Cross Country; Golf; Soccer; Softball; Track and Field (Outdoor); Volleyball"
214829,"USCAA","Other",NA,FALSE,"USCAA",20,NA,"Baseball; Basketball; Cross Country; Golf; Soccer; Volleyball"
215062,"NCAA","D1","Ivy League",TRUE,"NCAA Division I-FCS",2,NA,"Baseball; Basketball; Fencing; Field Hockey; Football; Golf; Gymnastics; Lacrosse; Other Sports; Rowing; Soccer; Softball; Squash; Swimming and Diving (combined); Tennis; Track and Field and Cross Country (combined); Volleyball; Wrestling"
215114,"NCAA","D3",NA,FALSE,"NCAA Division III without football",7,NA,"Baseball; Basketball; Cross Country; Lacrosse; Soccer; Softball; Tennis; Volleyball"
215266,"NCAA","D3","Allegheny Mountain Collegiate Conference",FALSE,"NCAA Division III without football",7,NA,"Baseball; Basketball; Bowling; Golf; Lacrosse; Soccer; Softball; Swimming; Volleyball; Wrestling"
215275,"NCAA","D3","Allegheny Mountain Collegiate Conference",FALSE,"NCAA Division III without football",7,NA,"Baseball; Basketball; Bowling; Cross Country; Golf; Soccer; Softball; Tennis; Volleyball"
215284,"NCAA","D2","Pennsylvania State Athletic Conference",FALSE,"NCAA Division II without football",5,NA,"Baseball; Basketball; Golf; Soccer; Softball; Track and Field and Cross Country (combined); Volleyball; Wrestling"
215293,"NCAA","D1","Atlantic Coast Conference",TRUE,"NCAA Division I-FBS",1,NA,"Baseball; Basketball; Football; Gymnastics; Lacrosse; Soccer; Softball; Swimming; Track and Field and Cross Country (combined); Volleyball; Wrestling"
215442,"NCAA","D2",NA,FALSE,"NCAA Division II without football",5,NA,"Baseball; Basketball; Golf; Soccer; Softball; Track and Field and Cross Country (combined); Volleyball"
215655,"NCAA","D1","Horizon League",TRUE,"NCAA Division I-FCS",2,NA,"Basketball; Cross Country; Football; Golf; Ice Hockey; Lacrosse; Rowing; Soccer; Softball; Track and Field and Cross Country (combined); Volleyball"
215691,"NCAA","D3","United East Conference",FALSE,"NCAA Division III without football",7,NA,"Baseball; Basketball; Golf; Lacrosse; Soccer; Softball; Track and Field (Outdoor); Volleyball"
215743,"NCAA","D1","NEC",TRUE,"NCAA Division I-FCS",2,NA,"Basketball; Cross Country; Field Hockey; Football; Golf; Lacrosse; Soccer; Softball; Swimming; Tennis; Track and Field (Indoor); Track and Field (Outdoor); Volleyball; Water Polo"
215770,"NCAA","D1",NA,FALSE,"NCAA Division I without football",3,NA,"Baseball; Basketball; Field Hockey; Golf; Lacrosse; Rowing; Soccer; Softball; Tennis; Track and Field and Cross Country (combined)"
215798,"NCAA","D3","Presidents' Athletic Conference",TRUE,"NCAA Division III with football",6,NA,"Baseball; Basketball; Bowling; Cross Country; Football; Golf; Lacrosse; Soccer; Softball; Swimming; Tennis; Track and Field (Indoor); Track and Field (Outdoor); Volleyball; Wrestling"
215929,"NCAA","D3","Landmark Conference",FALSE,"NCAA Division III without football",7,NA,"Baseball; Basketball; Cross Country; Field Hockey; Golf; Lacrosse; Soccer; Softball; Swimming and Diving (combined); Tennis; Track and Field (Indoor); Track and Field (Outdoor); Volleyball; Wrestling"
215947,"NCAA","D2","Pennsylvania State Athletic Conference",TRUE,"NCAA Division II with football",4,NA,"Baseball; Basketball; Equestrian; Football; Golf; Lacrosse; Soccer; Softball; Tennis; Track and Field and Cross Country (combined); Volleyball; Wrestling"
216010,"NCAA","D2",NA,TRUE,"NCAA Division II with football",4,NA,"Baseball; Basketball; Field Hockey; Football; Lacrosse; Soccer; Softball; Swimming; Tennis; Track and Field and Cross Country (combined); Volleyball; Wrestling"
216038,"NCAA","D2",NA,TRUE,"NCAA Division II with football",4,NA,"Baseball; Basketball; Field Hockey; Football; Lacrosse; Soccer; Softball; Tennis; Track and Field and Cross Country (combined); Volleyball"
216278,"NCAA","D3","Landmark Conference",TRUE,"NCAA Division III with football",6,NA,"Baseball; Basketball; Field Hockey; Football; Golf; Lacrosse; Soccer; Softball; Swimming and Diving (combined); Tennis; Track and Field and Cross Country (combined); Volleyball"
216287,"NCAA","D3","Centennial Conference",FALSE,"NCAA Division III without football",7,NA,"Badminton; Baseball; Basketball; Field Hockey; Golf; Lacrosse; Soccer; Softball; Swimming; Tennis; Track and Field and Cross Country (combined); Volleyball"
216339,"NCAA","D1","American Conference",TRUE,"NCAA Division I-FBS",1,NA,"Basketball; Cross Country; Fencing; Field Hockey; Football; Golf; Gymnastics; Lacrosse; Rowing; Soccer; Tennis; Track and Field and Cross Country (combined); Volleyball"
216357,"NCAA","D3","Presidents' Athletic Conference",TRUE,"NCAA Division III with football",6,NA,"Baseball; Basketball; Football; Golf; Lacrosse; Other Sports; Soccer; Softball; Tennis; Track and Field and Cross Country (combined); Volleyball; Wrestling"
216366,"NCAA","D2","Central Atlantic Collegiate Conference",FALSE,"NCAA Division II without football",5,NA,"Baseball; Basketball; Cross Country; Golf; Lacrosse; Rowing; Soccer; Softball; Tennis; Track and Field (Outdoor); Volleyball"
216524,"NCAA","D3","Centennial Conference",TRUE,"NCAA Division III with football",6,NA,"Baseball; Basketball; Field Hockey; Football; Golf; Gymnastics; Lacrosse; Soccer; Softball; Swimming; Tennis; Track and Field and Cross Country (combined); Volleyball; Wrestling"
216542,"NCAA","D3","United East Conference",FALSE,"NCAA Division III without football",7,NA,"Baseball; Basketball; Cross Country; Soccer; Softball; Track and Field (Outdoor); Volleyball"
216597,"NCAA","D1","Big East Conference",TRUE,"NCAA Division I-FCS",2,NA,"Baseball; Basketball; Field Hockey; Football; Golf; Lacrosse; Rowing; Soccer; Softball; Swimming and Diving (combined); Tennis; Track and Field and Cross Country (combined); Volleyball; Water Polo"
216667,"NCAA","D3","Presidents' Athletic Conference",TRUE,"NCAA Division III with football",6,NA,"Baseball; Basketball; Field Hockey; Football; Golf; Lacrosse; Soccer; Softball; Swimming and Diving (combined); Tennis; Track and Field and Cross Country (combined); Volleyball; Water Polo; Wrestling"
216694,"NCCAA","Other","Presidents' Athletic Conference",TRUE,"NCCAA Division II",16,NA,"Baseball; Basketball; Cross Country; Football; Golf; Soccer; Softball; Tennis; Track and Field (Indoor); Track and Field (Outdoor); Volleyball; Wrestling"
216764,"NCAA","D2",NA,TRUE,"NCAA Division II with football",4,NA,"Baseball; Basketball; Field Hockey; Football; Golf; Gymnastics; Lacrosse; Other Sports; Soccer; Softball; Swimming and Diving (combined); Tennis; Track and Field and Cross Country (combined); Volleyball"
216807,"NCAA","D3",NA,TRUE,"NCAA Division III with football",6,NA,"Baseball; Basketball; Cross Country; Football; Golf; Lacrosse; Soccer; Softball; Swimming; Tennis; Track and Field (Indoor); Track and Field (Outdoor); Volleyball"
216852,"NCAA","D3","MAC Commonwealth",TRUE,"NCAA Division III with football",6,NA,"Baseball; Basketball; Cross Country; Field Hockey; Football; Lacrosse; Soccer; Softball; Swimming; Track and Field (Indoor); Track and Field (Outdoor); Volleyball"
216931,"NCAA","D3","Landmark Conference",TRUE,"NCAA Division III with football",6,NA,"Baseball; Basketball; Cross Country; Field Hockey; Football; Golf; Ice Hockey; Lacrosse; Soccer; Softball; Swimming; Tennis; Volleyball; Wrestling"
217013,"NCAA","D3","United East Conference",FALSE,"NCAA Division III without football",7,NA,"Baseball; Basketball; Equestrian; Field Hockey; Golf; Lacrosse; Other Sports; Soccer; Softball; Volleyball"
217059,"NCAA","D3","MAC Commonwealth",FALSE,"NCAA Division III without football",7,NA,"Baseball; Basketball; Cross Country; Field Hockey; Golf; Lacrosse; Soccer; Softball; Swimming; Tennis; Track and Field (Indoor); Track and Field (Outdoor); Volleyball; Wrestling"
217156,"NCAA","D1","Ivy League",TRUE,"NCAA Division I-FCS",2,NA,"Baseball; Basketball; Cross Country; Equestrian; Fencing; Field Hockey; Football; Gymnastics; Ice Hockey; Lacrosse; Other Sports; Rowing; Sailing; Soccer; Softball; Swimming and Diving (combined); Tennis; Track and Field (Indoor); Track and Field (Outdoor); Volleyball; Water Polo; Wrestling"
217165,"NCAA","D1","America East Conference",TRUE,"NCAA Division I-FCS",2,NA,"Baseball; Basketball; Bowling; Field Hockey; Football; Golf; Lacrosse; Rowing; Soccer; Softball; Swimming and Diving (combined); Tennis; Track and Field and Cross Country (combined); Volleyball"
217235,"NCAA","D3",NA,FALSE,"NCAA Division III without football",7,NA,"Baseball; Basketball; Cross Country; Equestrian; Field Hockey; Ice Hockey; Lacrosse; Other Sports; Soccer; Softball; Track and Field (Indoor); Track and Field (Outdoor); Volleyball; Wrestling"
217402,"NCAA","D1","Big East Conference",FALSE,"NCAA Division I without football",3,NA,"Basketball; Field Hockey; Ice Hockey; Lacrosse; Soccer; Softball; Swimming; Tennis; Track and Field and Cross Country (combined); Volleyball"
217420,"NCAA","D3","Little East Conference",FALSE,"NCAA Division III without football",7,NA,"Baseball; Basketball; Cross Country; Golf; Gymnastics; Lacrosse; Soccer; Softball; Swimming; Tennis; Track and Field (Indoor); Track and Field (Outdoor); Volleyball; Wrestling"
217484,"NCAA","D1","Atlantic 10 Conference",TRUE,"NCAA Division I-FCS",2,NA,"Baseball; Basketball; Football; Golf; Lacrosse; Rowing; Soccer; Softball; Swimming and Diving (combined); Tennis; Track and Field and Cross Country (combined); Volleyball"
217518,"NCAA","D3","Conference of New England",FALSE,"NCAA Division III without football",7,NA,"Baseball; Basketball; Cross Country; Equestrian; Field Hockey; Golf; Lacrosse; Sailing; Soccer; Softball; Swimming; Tennis; Track and Field (Outdoor); Volleyball; Wrestling"
217536,"NCAA","D3","New England Women's and Men's Athletic Conference",TRUE,"NCAA Division III with football",6,NA,"Baseball; Basketball; Cross Country; Equestrian; Field Hockey; Football; Ice Hockey; Lacrosse; Sailing; Soccer; Softball; Tennis; Track and Field (Outdoor); Volleyball"
217624,"NCAA","D2","Southern Intercollegiate Athletic Conference",TRUE,"NCAA Division II with football",4,NA,"Basketball; Football; Soccer; Softball; Track and Field and Cross Country (combined); Volleyball; Wrestling"
217633,"NCAA","D3",NA,TRUE,"NCAA Division III with football",6,NA,"Baseball; Basketball; Football; Golf; Lacrosse; Soccer; Softball; Tennis; Track and Field and Cross Country (combined); Volleyball"
217688,"NCAA","D1","Big South Conference",TRUE,"NCAA Division I-FCS",2,NA,"Baseball; Basketball; Football; Golf; Soccer; Softball; Tennis; Track and Field and Cross Country (combined); Volleyball"
217721,"NCAA","D2","Southern Intercollegiate Athletic Conference",TRUE,"NCAA Division II with football",4,NA,"Baseball; Basketball; Cross Country; Football; Softball; Tennis; Track and Field (Indoor); Track and Field (Outdoor); Volleyball"
217749,"NCCAA","Other",NA,FALSE,"NCCAA Division II",16,NA,"Baseball; Basketball; Golf; Soccer; Track and Field and Cross Country (combined); Volleyball"
217776,"NCAA","D2","Conference Carolinas",FALSE,"NCAA Division II without football",5,NA,"Baseball; Basketball; Lacrosse; Soccer; Softball; Track and Field and Cross Country (combined); Volleyball"
217819,"NCAA","D1","Coastal Athletic Association",FALSE,"NCAA Division I without football",3,NA,"Baseball; Basketball; Beach Volleyball; Cross Country; Equestrian; Golf; Sailing; Soccer; Softball; Tennis; Track and Field (Indoor); Track and Field (Outdoor); Volleyball"
217864,"NCAA","D1","Southern Conference",TRUE,"NCAA Division I-FCS",2,NA,"Baseball; Basketball; Football; Golf; Rifle; Soccer; Tennis; Track and Field and Cross Country (combined); Volleyball; Wrestling"
217873,"NCAA","D2","Central Intercollegiate Athletic Association",FALSE,"NCAA Division II without football",5,NA,"Baseball; Basketball; Cross Country; Softball; Track and Field (Indoor); Track and Field (Outdoor); Volleyball"
217882,"NCAA","D1","Atlantic Coast Conference",TRUE,"NCAA Division I-FBS",1,NA,"Baseball; Basketball; Football; Golf; Gymnastics; Lacrosse; Rowing; Soccer; Softball; Tennis; Track and Field and Cross Country (combined); Volleyball"
217891,"NCCAA","Other",NA,FALSE,"NCCAA Division I",15,"MBB NCCAA   WBB  NCCAA","Basketball; Other Sports; Volleyball"
217907,"NCAA","D2","South Atlantic Conference",FALSE,"NCAA Division II without football",5,NA,"Baseball; Basketball; Cross Country; Field Hockey; Golf; Lacrosse; Soccer; Softball; Tennis; Track and Field (Indoor); Track and Field (Outdoor); Volleyball; Wrestling"
217925,"NAIA","NAIA","Appalachian Athletic Conference",FALSE,"NAIA Division I",9,NA,"Baseball; Basketball; Golf; Other Sports; Soccer; Softball; Track and Field and Cross Country (combined); Volleyball"
217934,"NAIA","NAIA",NA,FALSE,"NAIA Division I",9,NA,"Basketball; Cross Country; Golf; Soccer; Softball; Swimming; Tennis; Track and Field (Indoor); Track and Field (Outdoor); Volleyball"
217961,"NCAA","D2","Conference Carolinas",FALSE,"NCAA Division II without football",5,NA,"Basketball; Cross Country; Equestrian; Field Hockey; Golf; Gymnastics; Lacrosse; Soccer; Softball; Swimming; Tennis; Track and Field (Indoor); Track and Field (Outdoor); Volleyball"
217998,"NCAA","D2","Conference Carolinas",TRUE,"NCAA Division II with football",4,NA,"Baseball; Basketball; Beach Volleyball; Cross Country; Football; Golf; Other Sports; Rodeo; Soccer; Softball; Tennis; Track and Field (Indoor); Track and Field (Outdoor); Volleyball"
218061,"NCAA","D2","Conference Carolinas",FALSE,"NCAA Division II without football",5,NA,"Baseball; Basketball; Golf; Other Sports; Soccer; Softball; Tennis; Track and Field and Cross Country (combined); Volleyball"
218070,"NCAA","D1","Southern Conference",TRUE,"NCAA Division I-FCS",2,NA,"Basketball; Football; Golf; Lacrosse; Soccer; Softball; Tennis; Track and Field and Cross Country (combined); Volleyball"
218229,"NCAA","D2","Peach Belt Conference",FALSE,"NCAA Division II without football",5,NA,"Baseball; Basketball; Field Hockey; Golf; Lacrosse; Other Sports; Soccer; Softball; Tennis; Track and Field and Cross Country (combined); Volleyball; Wrestling"
218399,"NAIA","NAIA","Continental Athletic Conference",FALSE,"NAIA Division I",9,NA,"Baseball; Basketball; Volleyball"
218414,"NCAA","D2","South Atlantic Conference",TRUE,"NCAA Division II with football",4,NA,"Baseball; Basketball; Field Hockey; Football; Golf; Lacrosse; Other Sports; Soccer; Softball; Tennis; Track and Field and Cross Country (combined); Volleyball; Wrestling"
218441,"NCAA","D2","Conference Carolinas",TRUE,"NCAA Division II with football",4,NA,"Baseball; Basketball; Cross Country; Football; Golf; Lacrosse; Soccer; Softball; Tennis; Track and Field (Indoor); Track and Field (Outdoor); Volleyball"
218539,"Other","Other","Big South Conference",TRUE,"Other",8,"NCAA Division I-FCS with exception of Football","Baseball; Basketball; Cross Country; Football; Golf; Gymnastics; Lacrosse; Other Sports; Soccer; Softball; Tennis; Volleyball; Wrestling"
218645,"NCAA","D2","Peach Belt Conference",FALSE,"NCAA Division II without football",5,NA,"Baseball; Basketball; Cross Country; Golf; Soccer; Softball; Volleyball"
218654,"NCAA","D2","Peach Belt Conference",FALSE,"NCAA Division II without football",5,NA,"Baseball; Basketball; Cross Country; Golf; Soccer; Softball; Track and Field (Indoor); Track and Field (Outdoor)"
218663,"NCAA","D1","Southeastern Conference",TRUE,"NCAA Division I-FBS",1,NA,"Baseball; Basketball; Beach Volleyball; Equestrian; Football; Golf; Soccer; Softball; Swimming and Diving (combined); Tennis; Track and Field and Cross Country (combined); Volleyball"
218724,"NCAA","D1","Sun Belt Conference",TRUE,"NCAA Division I-FBS",1,NA,"Baseball; Basketball; Beach Volleyball; Football; Golf; Lacrosse; Soccer; Softball; Tennis; Track and Field and Cross Country (combined); Volleyball"
218733,"NCAA","D1","Mid-Eastern Athletic Conference",TRUE,"NCAA Division I-FCS",2,NA,"Basketball; Football; Soccer; Softball; Tennis; Track and Field and Cross Country (combined); Volleyball"
218742,"NCAA","D1","Big South Conference",FALSE,"NCAA Division I without football",3,NA,"Baseball; Basketball; Golf; Soccer; Softball; Track and Field and Cross Country (combined); Volleyball"
218821,"NAIA","NAIA","Appalachian Athletic Conference",FALSE,"NAIA Division I",9,NA,"Baseball; Basketball; Cross Country; Golf; Soccer; Softball; Volleyball"
218919,"NAIA","NAIA","HBCU Athletic Conference",FALSE,"NAIA Division I",9,NA,"Baseball; Basketball; Softball; Track and Field and Cross Country (combined)"
218964,"NCAA","D1","Big South Conference",FALSE,"NCAA Division I without football",3,NA,"Baseball; Basketball; Golf; Lacrosse; Soccer; Softball; Track and Field and Cross Country (combined); Volleyball"
218973,"NCAA","D1","Southern Conference",TRUE,"NCAA Division I-FCS",2,NA,"Baseball; Basketball; Football; Golf; Lacrosse; Rifle; Soccer; Softball; Tennis; Track and Field and Cross Country (combined); Volleyball"
219000,"NCAA","D2","Northern Sun Intercollegiate Conference",TRUE,"NCAA Division II with football",4,NA,"Baseball; Basketball; Football; Golf; Ice Hockey; Other Sports; Soccer; Softball; Swimming and Diving (combined); Tennis; Track and Field and Cross Country (combined); Volleyball; Wrestling"
219046,"NCAA","D2","Rocky Mountain Athletic Conference",TRUE,"NCAA Division II with football",4,NA,"Basketball; Football; Golf; Other Sports; Rodeo; Soccer; Softball; Track and Field and Cross Country (combined); Volleyball"
219082,"NAIA","NAIA","Frontier Conference",TRUE,"NAIA Division I",9,"There is only one division in the NAIA","Baseball; Basketball; Cross Country; Football; Other Sports; Softball; Track and Field (Indoor); Track and Field (Outdoor); Volleyball"
219091,"NAIA","NAIA","Great Plains Athletic Conference",TRUE,"NAIA Division I",9,NA,"Baseball; Basketball; Football; Golf; Soccer; Softball; Track and Field and Cross Country (combined); Volleyball; Wrestling"
219198,"NAIA","NAIA","Great Plains Athletic Conference",TRUE,"NAIA Division II",10,NA,"Archery; Baseball; Basketball; Football; Golf; Other Sports; Soccer; Softball; Tennis; Track and Field and Cross Country (combined); Volleyball"
219259,"NCAA","D2","Northern Sun Intercollegiate Conference",TRUE,"NCAA Division II with football",4,NA,"Baseball; Basketball; Football; Soccer; Softball; Swimming and Diving (combined); Track and Field and Cross Country (combined); Volleyball; Wrestling"
219347,"NCAA","D2","Rocky Mountain Athletic Conference",TRUE,"NCAA Division II with football",4,NA,"Basketball; Football; Golf; Soccer; Track and Field and Cross Country (combined); Volleyball"
219356,"NCAA","D1","Summit League",TRUE,"NCAA Division I-FCS",2,NA,"Baseball; Basketball; Equestrian; Football; Golf; Soccer; Softball; Swimming and Diving (combined); Track and Field and Cross Country (combined); Volleyball; Wrestling"
219383,"NCAA","D2","Northern Sun Intercollegiate Conference",TRUE,"NCAA Division II with football",4,NA,"Baseball; Basketball; Football; Golf; Soccer; Softball; Swimming; Tennis; Track and Field and Cross Country (combined); Volleyball; Wrestling"
219408,"Other","Other",NA,FALSE,"Independent",18,NA,"Basketball; Volleyball"
219471,"NCAA","D1","Summit League",TRUE,"NCAA Division I-FCS",2,NA,"Basketball; Football; Golf; Other Sports; Soccer; Softball; Swimming and Diving (combined); Tennis; Track and Field and Cross Country (combined); Volleyball"
219602,"NCAA","D1","Atlantic Sun Conference",TRUE,"NCAA Division I-FCS",2,NA,"Baseball; Basketball; Beach Volleyball; Cross Country; Football; Golf; Soccer; Softball; Tennis; Track and Field and Cross Country (combined); Volleyball"
219709,"NCAA","D1","Missouri Valley Conference",FALSE,"NCAA Division I without football",3,NA,"Baseball; Basketball; Golf; Soccer; Softball; Tennis; Track and Field and Cross Country (combined); Volleyball"
219718,"NAIA","NAIA",NA,TRUE,"NAIA Division I",9,NA,"Baseball; Basketball; Cross Country; Football; Golf; Soccer; Softball; Tennis; Track and Field (Outdoor); Volleyball"
219790,"NAIA","NAIA",NA,FALSE,"NAIA Division II",10,NA,"Baseball; Basketball; Cross Country; Golf; Soccer; Softball; Volleyball"
219806,"NCAA","D2","South Atlantic Conference",TRUE,"NCAA Division II with football",4,NA,"Baseball; Basketball; Beach Volleyball; Cross Country; Football; Golf; Soccer; Softball; Swimming; Tennis; Track and Field (Outdoor); Volleyball"
219833,"NCAA","D2","Gulf South Conference",FALSE,"NCAA Division II without football",5,NA,"Baseball; Basketball; Golf; Soccer; Softball; Tennis; Track and Field and Cross Country (combined); Volleyball"
219949,"NAIA","NAIA","Mid-South Conference",TRUE,"NAIA Division I",9,NA,"Baseball; Basketball; Bowling; Cross Country; Football; Golf; Soccer; Softball; Tennis; Track and Field (Outdoor); Volleyball; Wrestling"
219976,"NCAA","D1","Atlantic Sun Conference",FALSE,"NCAA Division I without football",3,NA,"Baseball; Basketball; Golf; Soccer; Softball; Tennis; Track and Field and Cross Country (combined); Volleyball"
220075,"NCAA","D1","Southern Conference",TRUE,"NCAA Division I-FCS",2,NA,"Baseball; Basketball; Cross Country; Football; Golf; Other Sports; Soccer; Softball; Tennis; Track and Field (Indoor); Track and Field (Outdoor); Volleyball"
220181,"NAIA","NAIA","HBCU Athletic Conference",FALSE,"NAIA Division I",9,NA,"Basketball; Cross Country; Golf; Gymnastics; Track and Field (Outdoor); Volleyball"
220206,"NCCAA","Other",NA,FALSE,"NCCAA Division II",16,NA,"Basketball; Cross Country; Volleyball"
220215,"NAIA","NAIA","Mid-South Conference",FALSE,"NAIA Division I",9,NA,"Baseball; Basketball; Golf; Soccer; Softball; Tennis; Track and Field and Cross Country (combined); Volleyball"
220473,"NAIA","NAIA","Appalachian Athletic Conference",FALSE,"NAIA Division II",10,NA,"Baseball; Basketball; Golf; Soccer; Softball; Tennis; Volleyball"
220516,"NCAA","D2","Conference Carolinas",FALSE,"NCAA Division II without football",5,NA,"Baseball; Basketball; Golf; Other Sports; Soccer; Softball; Swimming; Tennis; Track and Field and Cross Country (combined); Volleyball; Wrestling"
220598,"NCAA","D2","Southern Intercollegiate Athletic Conference",TRUE,"NCAA Division II with football",4,NA,"Baseball; Basketball; Cross Country; Football; Softball; Track and Field (Outdoor); Volleyball"
220604,"NCAA","D2","Southern Intercollegiate Athletic Conference",FALSE,"NCAA Division II without football",5,NA,"Baseball; Basketball; Cross Country; Golf; Softball; Tennis; Track and Field (Indoor); Track and Field (Outdoor); Volleyball"
220613,"NCAA","D2","Gulf South Conference",FALSE,"NCAA Division II without football",5,NA,"Baseball; Basketball; Golf; Lacrosse; Soccer; Softball; Tennis; Track and Field and Cross Country (combined); Volleyball"
220631,"NCAA","D2","South Atlantic Conference",FALSE,"NCAA Division II without football",5,NA,"Baseball; Basketball; Field Hockey; Golf; Lacrosse; Soccer; Softball; Tennis; Track and Field and Cross Country (combined); Volleyball; Wrestling"
220701,"NAIA","NAIA",NA,FALSE,"NAIA Division I",9,NA,"Baseball; Basketball; Cross Country; Golf; Other Sports; Soccer; Softball; Swimming; Tennis; Track and Field (Outdoor); Volleyball"
220710,"NCAA","D3","Collegiate Conference of the South",TRUE,"NCAA Division III with football",6,NA,"Baseball; Basketball; Cross Country; Football; Golf; Soccer; Softball; Tennis; Track and Field (Outdoor); Volleyball"
220862,"NCAA","D1","American Conference",TRUE,"NCAA Division I-FBS",1,NA,"Baseball; Basketball; Football; Golf; Rifle; Soccer; Softball; Tennis; Track and Field and Cross Country (combined); Volleyball"
220978,"NCAA","D1","Conference USA",TRUE,"NCAA Division I-FBS",1,NA,"Baseball; Basketball; Football; Golf; Soccer; Softball; Tennis; Track and Field and Cross Country (combined); Volleyball"
221351,"NCAA","D3","Southern Athletic Association",TRUE,"NCAA Division III with football",6,NA,"Baseball; Basketball; Field Hockey; Football; Golf; Lacrosse; Soccer; Softball; Swimming and Diving (combined); Tennis; Track and Field and Cross Country (combined); Volleyball"
221519,"NCAA","D3","Southern Athletic Association",TRUE,"NCAA Division III with football",6,NA,"Baseball; Basketball; Cross Country; Equestrian; Field Hockey; Football; Golf; Lacrosse; Soccer; Softball; Swimming and Diving (combined); Tennis; Track and Field (Indoor); Track and Field (Outdoor); Volleyball"
221731,"NAIA","NAIA","Appalachian Athletic Conference",FALSE,"NAIA Division I",9,NA,"Baseball; Basketball; Bowling; Golf; Lacrosse; Soccer; Softball; Tennis; Track and Field and Cross Country (combined); Volleyball"
221740,"NCAA","D1","Southern Conference",TRUE,"NCAA Division I-FCS",2,NA,"Basketball; Beach Volleyball; Cross Country; Football; Golf; Soccer; Softball; Tennis; Track and Field and Cross Country (combined); Volleyball; Wrestling"
221759,"NCAA","D1","Southeastern Conference",TRUE,"NCAA Division I-FBS",1,NA,"Baseball; Basketball; Football; Golf; Rowing; Soccer; Softball; Swimming and Diving (combined); Tennis; Track and Field and Cross Country (combined); Volleyball"
221768,"NCAA","D1","Ohio Valley Conference",TRUE,"NCAA Division I-FCS",2,NA,"Baseball; Basketball; Beach Volleyball; Equestrian; Football; Golf; Other Sports; Rifle; Rodeo; Soccer; Softball; Track and Field and Cross Country (combined); Volleyball"
221838,"NCAA","D1","Ohio Valley Conference",TRUE,"NCAA Division I-FCS",2,NA,"Basketball; Football; Golf; Softball; Tennis; Track and Field and Cross Country (combined); Volleyball"
221847,"NCAA","D1","Ohio Valley Conference",TRUE,"NCAA Division I-FCS",2,NA,"Baseball; Basketball; Beach Volleyball; Cross Country; Football; Golf; Soccer; Softball; Tennis; Track and Field and Cross Country (combined); Volleyball"
221892,"NCAA","D2","Gulf South Conference",FALSE,"NCAA Division II without football",5,NA,"Baseball; Basketball; Cross Country; Golf; Other Sports; Soccer; Softball; Track and Field (Indoor); Track and Field (Outdoor); Volleyball"
221953,"NCAA","D2","South Atlantic Conference",TRUE,"NCAA Division II with football",4,NA,"Baseball; Basketball; Beach Volleyball; Cross Country; Football; Golf; Lacrosse; Soccer; Softball; Tennis; Track and Field (Indoor); Track and Field (Outdoor); Volleyball"
221971,"NCAA","D2","Gulf South Conference",FALSE,"NCAA Division II without football",5,NA,"Baseball; Basketball; Cross Country; Golf; Soccer; Softball; Volleyball"
221999,"NCAA","D1","Southeastern Conference",TRUE,"NCAA Division I-FBS",1,NA,"Baseball; Basketball; Bowling; Cross Country; Football; Golf; Lacrosse; Soccer; Swimming; Tennis; Track and Field and Cross Country (combined)"
222178,"NCAA","D1","Western Athletic Conference",TRUE,"NCAA Division I-FCS",2,NA,"Baseball; Basketball; Football; Golf; Soccer; Softball; Tennis; Track and Field and Cross Country (combined); Volleyball"
222567,"NJCAA","Other",NA,FALSE,"NJCAA Division I",12,NA,"Baseball; Softball"
222831,"NCAA","D2","Lone Star Conference",TRUE,"NCAA Division II with football",4,NA,"Baseball; Basketball; Football; Golf; Soccer; Softball; Tennis; Track and Field and Cross Country (combined); Volleyball"
222877,"NCCAA","Other",NA,FALSE,"NCCAA Division II",16,NA,"Baseball; Basketball; Soccer; Softball; Volleyball"
222983,"NCAA","D3","Southern Collegiate Athletic Conference",TRUE,"NCAA Division III with football",6,NA,"Baseball; Basketball; Football; Other Sports; Soccer; Softball; Swimming; Tennis; Volleyball; Water Polo"
223232,"NCAA","D1","Big 12 Conference",TRUE,"NCAA Division I-FBS",1,NA,"Baseball; Basketball; Equestrian; Football; Golf; Gymnastics; Soccer; Softball; Tennis; Track and Field and Cross Country (combined); Volleyball"
224004,"NCAA","D3","Southern Collegiate Athletic Conference",FALSE,"NCAA Division III without football",7,NA,"Baseball; Basketball; Golf; Soccer; Softball; Tennis; Track and Field and Cross Country (combined); Volleyball"
224147,"NCAA","D1","Southland Conference",FALSE,"NCAA Division I without football",3,NA,"Baseball; Basketball; Beach Volleyball; Golf; Soccer; Softball; Tennis; Track and Field and Cross Country (combined); Volleyball"
224226,"NCAA","D2","Lone Star Conference",FALSE,"NCAA Division II without football",5,NA,"Baseball; Basketball; Golf; Other Sports; Soccer; Tennis; Track and Field and Cross Country (combined); Volleyball"
224244,"Other","Other",NA,FALSE,"Other",8,"NCCAA Division I & NCCAA Division II","Baseball; Basketball; Cross Country; Golf; Soccer; Softball; Volleyball"
224323,"NCAA","D3","Southern Collegiate Athletic Conference",FALSE,"NCAA Division III without football",7,NA,"Baseball; Basketball; Cross Country; Golf; Soccer; Softball; Tennis; Track and Field (Outdoor); Volleyball"
224527,"NCAA","D3","American Southwest Conference",TRUE,"NCAA Division III with football",6,NA,"Baseball; Basketball; Beach Volleyball; Football; Golf; Gymnastics; Soccer; Softball; Tennis; Track and Field and Cross Country (combined); Volleyball"
224545,"NAIA","NAIA","Red River Athletic Conference",FALSE,"NAIA Division I",9,NA,"Baseball; Basketball; Beach Volleyball; Cross Country; Other Sports; Soccer; Softball; Tennis; Volleyball"
224554,"NCAA","D1","Southland Conference",TRUE,"NCAA Division I-FCS",2,NA,"Basketball; Football; Golf; Soccer; Softball; Track and Field and Cross Country (combined); Volleyball"
224615,"NJCAA","Other",NA,FALSE,"NJCAA Division III",14,NA,"Baseball; Basketball; Other Sports; Soccer; Volleyball"
224961,"NJCAA","Other",NA,FALSE,"NJCAA Division I",12,NA,"Baseball; Softball"
225070,"NJCAA","Other",NA,FALSE,"NJCAA Division I",12,NA,"Baseball; Basketball; Softball"
225247,"NCAA","D3","American Southwest Conference",TRUE,"NCAA Division III with football",6,NA,"Baseball; Basketball; Cross Country; Football; Golf; Soccer; Softball; Tennis; Track and Field (Indoor); Track and Field (Outdoor); Volleyball"
225308,"NJCAA","Other",NA,TRUE,"NJCAA Division I",12,NA,"Basketball; Football; Other Sports; Rodeo; Soccer; Softball; Volleyball"
225399,"NCAA","D1","Southland Conference",TRUE,"NCAA Division I-FCS",2,NA,"Baseball; Basketball; Beach Volleyball; Football; Golf; Soccer; Softball; Track and Field and Cross Country (combined); Volleyball"
225502,"NAIA","NAIA",NA,FALSE,"NAIA Division I",9,NA,"Baseball; Golf; Soccer; Softball"
225511,"NCAA","D1","Big 12 Conference",TRUE,"NCAA Division I-FBS",1,NA,"Baseball; Basketball; Football; Golf; Soccer; Softball; Swimming and Diving (combined); Tennis; Track and Field and Cross Country (combined); Volleyball"
225548,"NCAA","D3","American Southwest Conference",TRUE,"NCAA Division III with football",6,NA,"Baseball; Basketball; Football; Golf; Soccer; Softball; Tennis; Volleyball"
225575,"NAIA","NAIA","HBCU Athletic Conference",FALSE,"NAIA Division I",9,NA,"Baseball; Basketball; Soccer; Softball; Track and Field (Outdoor); Volleyball"
225627,"NCAA","D1","Southland Conference",TRUE,"NCAA Division I-FCS",2,NA,"Baseball; Basketball; Fencing; Football; Golf; Soccer; Softball; Swimming and Diving (combined); Synchronized Swimming; Tennis; Track and Field and Cross Country (combined); Volleyball"
225885,"NAIA","NAIA","Red River Athletic Conference",FALSE,"NAIA Division I",9,NA,"Baseball; Basketball; Golf; Soccer; Softball; Track and Field and Cross Country (combined); Volleyball; Wrestling"
226091,"NCAA","D1","Southland Conference",TRUE,"NCAA Division I-FCS",2,NA,"Baseball; Basketball; Football; Golf; Soccer; Softball; Tennis; Track and Field and Cross Country (combined); Volleyball"
226152,"NCAA","D2","Lone Star Conference",FALSE,"NCAA Division II without football",5,NA,"Baseball; Basketball; Cross Country; Golf; Soccer; Softball; Volleyball"
226231,"NCAA","D3","Southern Collegiate Athletic Conference",FALSE,"NCAA Division III without football",7,NA,"Baseball; Basketball; Cross Country; Golf; Soccer; Softball; Tennis; Track and Field (Indoor); Track and Field (Outdoor); Volleyball"
226383,"NCAA","D2","Lone Star Conference",FALSE,"NCAA Division II without football",5,NA,"Baseball; Basketball; Golf; Other Sports; Soccer; Softball; Tennis; Track and Field and Cross Country (combined); Volleyball"
226471,"NCAA","D3","American Southwest Conference",TRUE,"NCAA Division III with football",6,NA,"Baseball; Basketball; Beach Volleyball; Cross Country; Football; Golf; Other Sports; Soccer; Softball; Tennis; Volleyball"
226587,"NCAA","D3","Southern Collegiate Athletic Conference",TRUE,"NCAA Division III with football",6,NA,"Baseball; Basketball; Football; Golf; Soccer; Softball; Swimming; Tennis; Track and Field and Cross Country (combined); Volleyball"
226806,"NJCAA","Other",NA,FALSE,"NJCAA Division I",12,NA,"Baseball; Basketball; Golf; Softball; Volleyball"
226833,"NCAA","D2","Lone Star Conference",TRUE,"NCAA Division II with football",4,NA,"Basketball; Football; Golf; Soccer; Softball; Tennis; Track and Field and Cross Country (combined); Volleyball"
227146,"NJCAA","Other",NA,TRUE,"NJCAA Division I",12,NA,"Baseball; Basketball; Football; Other Sports; Soccer; Softball; Volleyball"
227216,"NCAA","D1","American Conference",TRUE,"NCAA Division I-FBS",1,NA,"Basketball; Football; Golf; Soccer; Softball; Swimming and Diving (combined); Tennis; Track and Field and Cross Country (combined); Volleyball"
227304,"NJCAA","Other",NA,FALSE,"NJCAA Division I",12,NA,"Baseball; Basketball; Cross Country; Golf; Rodeo; Softball; Track and Field (Indoor); Track and Field (Outdoor); Volleyball"
227331,"NAIA","NAIA","Red River Athletic Conference",FALSE,"NAIA Division I",9,NA,"Baseball; Basketball; Cross Country; Golf; Other Sports; Soccer; Softball; Tennis; Track and Field (Indoor); Track and Field (Outdoor); Volleyball"
227368,"NCAA","D1","Southland Conference",FALSE,"NCAA Division I without football",3,NA,"Baseball; Basketball; Golf; Soccer; Swimming and Diving (combined); Tennis; Track and Field and Cross Country (combined); Volleyball"
227429,"NAIA","NAIA","HBCU Athletic Conference",FALSE,"NAIA Division I",9,NA,"Basketball; Soccer; Track and Field (Outdoor); Volleyball"
227526,"NCAA","D1","Southwestern Athletic Conference",TRUE,"NCAA Division I-FCS",2,NA,"Baseball; Basketball; Bowling; Cross Country; Football; Golf; Soccer; Softball; Tennis; Track and Field (Indoor); Track and Field (Outdoor); Volleyball"
227757,"NCAA","D1",NA,TRUE,"NCAA Division I-FBS",1,NA,"Baseball; Basketball; Football; Golf; Soccer; Swimming and Diving (combined); Tennis; Track and Field and Cross Country (combined); Volleyball"
227845,"NCAA","D2","Lone Star Conference",FALSE,"NCAA Division II without football",5,NA,"Baseball; Basketball; Other Sports; Soccer; Softball; Track and Field and Cross Country (combined); Volleyball"
227863,"NCAA","D3",NA,FALSE,"NCAA Division III without football",7,NA,"Baseball; Basketball; Cross Country; Golf; Soccer; Softball; Swimming; Tennis; Track and Field (Indoor); Track and Field (Outdoor); Volleyball"
227881,"NCAA","D1","Conference USA",TRUE,"NCAA Division I-FBS",1,NA,"Baseball; Basketball; Beach Volleyball; Bowling; Football; Golf; Soccer; Softball; Tennis; Track and Field and Cross Country (combined); Volleyball"
227979,"NJCAA","Other",NA,FALSE,"NJCAA Division I",12,NA,"Baseball; Softball"
228042,"NCAA","D3","Southern Collegiate Athletic Conference",FALSE,"NCAA Division III without football",7,NA,"Baseball; Basketball; Golf; Rifle; Soccer; Softball; Tennis; Track and Field and Cross Country (combined); Volleyball; Wrestling"
228149,"NCAA","D2","Lone Star Conference",FALSE,"NCAA Division II without football",5,NA,"Baseball; Basketball; Golf; Other Sports; Soccer; Softball; Tennis; Volleyball"
228246,"NCAA","D1","Atlantic Coast Conference",TRUE,"NCAA Division I-FBS",1,NA,"Basketball; Equestrian; Football; Golf; Rowing; Soccer; Swimming and Diving (combined); Tennis; Track and Field and Cross Country (combined); Volleyball"
228325,"NAIA","NAIA","Sooner Athletic Conference",TRUE,"NAIA Division I",9,NA,"Baseball; Basketball; Football; Soccer; Softball; Track and Field and Cross Country (combined); Volleyball"
228343,"NCAA","D3","Southern Athletic Association",TRUE,"NCAA Division III with football",6,NA,"Baseball; Basketball; Cross Country; Football; Golf; Lacrosse; Soccer; Softball; Swimming; Tennis; Track and Field (Outdoor); Volleyball"
228431,"NCAA","D1","Southland Conference",TRUE,"NCAA Division I-FCS",2,NA,"Baseball; Basketball; Beach Volleyball; Bowling; Football; Golf; Other Sports; Soccer; Softball; Tennis; Track and Field and Cross Country (combined); Volleyball"
228459,"NCAA","D1","Sun Belt Conference",TRUE,"NCAA Division I-FBS",1,NA,"Baseball; Basketball; Football; Golf; Soccer; Softball; Tennis; Track and Field and Cross Country (combined); Volleyball"
228468,"NCCAA","Other",NA,FALSE,"NCCAA Division II",16,NA,"Basketball; Soccer; Volleyball"
228486,"NJCAA","Other",NA,FALSE,"NJCAA Division I",12,NA,"Basketball; Track and Field (Outdoor); Volleyball"
228501,"NCAA","D2",NA,TRUE,"NCAA Division II with football",4,NA,"Baseball; Basketball; Cross Country; Football; Soccer; Softball; Tennis; Volleyball"
228529,"NCAA","D1","Western Athletic Conference",TRUE,"NCAA Division I-FCS",2,NA,"Baseball; Basketball; Beach Volleyball; Football; Golf; Soccer; Softball; Tennis; Track and Field and Cross Country (combined); Volleyball"
228705,"NCAA","D2","Lone Star Conference",TRUE,"NCAA Division II with football",4,NA,"Baseball; Basketball; Beach Volleyball; Football; Golf; Other Sports; Softball; Tennis; Track and Field and Cross Country (combined); Volleyball"
228723,"NCAA","D1",NA,TRUE,"NCAA Division I-FBS",1,NA,"Baseball; Basketball; Equestrian; Football; Golf; Soccer; Softball; Swimming and Diving (combined); Tennis; Track and Field and Cross Country (combined); Volleyball"
228769,"NCAA","D1","Western Athletic Conference",FALSE,"NCAA Division I without football",3,NA,"Baseball; Basketball; Golf; Softball; Tennis; Track and Field and Cross Country (combined); Volleyball"
228778,"NCAA","D1","Southeastern Conference",TRUE,"NCAA Division I-FBS",1,NA,"Baseball; Basketball; Beach Volleyball; Football; Golf; Rowing; Soccer; Softball; Swimming and Diving (combined); Tennis; Track and Field and Cross Country (combined); Volleyball"
228787,"NCAA","D2",NA,FALSE,"NCAA Division II without football",5,NA,"Baseball; Basketball; Cross Country; Golf; Soccer; Softball; Tennis; Track and Field (Indoor); Track and Field (Outdoor); Volleyball"
228796,"NCAA","D1","Conference USA",TRUE,"NCAA Division I-FBS",1,NA,"Basketball; Beach Volleyball; Football; Golf; Rifle; Soccer; Softball; Tennis; Track and Field and Cross Country (combined); Volleyball"
228802,"NCAA","D2","Lone Star Conference",FALSE,"NCAA Division II without football",5,NA,"Baseball; Basketball; Cross Country; Golf; Soccer; Softball; Tennis; Track and Field (Indoor); Track and Field (Outdoor); Volleyball"
228875,"NCAA","D1","Big 12 Conference",TRUE,"NCAA Division I-FBS",1,NA,"Baseball; Basketball; Beach Volleyball; Equestrian; Football; Golf; Other Sports; Rifle; Soccer; Swimming and Diving (combined); Tennis; Track and Field and Cross Country (combined); Volleyball"
228884,"NAIA","NAIA","Red River Athletic Conference",TRUE,"NAIA Division I",9,NA,"Baseball; Basketball; Football; Soccer; Softball; Track and Field (Outdoor); Volleyball"
228981,"NCAA","D3","Southern Collegiate Athletic Conference",TRUE,"NCAA Division III with football",6,NA,"Baseball; Basketball; Cross Country; Football; Golf; Other Sports; Soccer; Softball; Tennis; Track and Field (Outdoor); Volleyball"
229018,"NCAA","D2","Lone Star Conference",TRUE,"NCAA Division II with football",4,NA,"Baseball; Basketball; Cross Country; Football; Golf; Soccer; Softball; Swimming and Diving (combined); Tennis; Volleyball"
229027,"NCAA","D1","American Conference",TRUE,"NCAA Division I-FBS",1,NA,"Baseball; Basketball; Football; Golf; Soccer; Softball; Tennis; Track and Field and Cross Country (combined); Volleyball"
229063,"NCAA","D1","Southwestern Athletic Conference",TRUE,"NCAA Division I-FCS",2,NA,"Baseball; Basketball; Bowling; Football; Golf; Soccer; Softball; Track and Field and Cross Country (combined); Volleyball"
229115,"NCAA","D1","Big 12 Conference",TRUE,"NCAA Division I-FBS",1,NA,"Baseball; Basketball; Football; Golf; Soccer; Softball; Tennis; Track and Field and Cross Country (combined); Volleyball"
229160,"NAIA","NAIA","Sooner Athletic Conference",TRUE,"NAIA Division I",9,NA,"Baseball; Basketball; Beach Volleyball; Football; Golf; Soccer; Softball; Tennis; Track and Field and Cross Country (combined); Volleyball; Wrestling"
229179,"NCAA","D2","Lone Star Conference",FALSE,"NCAA Division II without football",5,NA,"Basketball; Gymnastics; Other Sports; Soccer; Softball; Synchronized Swimming; Volleyball; Wrestling"
229267,"NCAA","D3","Southern Athletic Association",TRUE,"NCAA Division III with football",6,NA,"Baseball; Basketball; Cross Country; Football; Golf; Soccer; Softball; Swimming and Diving (combined); Tennis; Track and Field (Indoor); Track and Field (Outdoor); Volleyball"
229355,"NJCAA","Other",NA,TRUE,"NJCAA Division I",12,NA,"Baseball; Basketball; Football; Golf; Soccer; Softball; Tennis; Volleyball"
229780,"NAIA","NAIA","Sooner Athletic Conference",TRUE,"NAIA Division I",9,NA,"Baseball; Basketball; Beach Volleyball; Football; Golf; Other Sports; Soccer; Softball; Track and Field and Cross Country (combined); Volleyball; Wrestling"
229799,"NJCAA","Other",NA,FALSE,"NJCAA Division I",12,NA,"Baseball; Basketball; Golf; Rodeo; Softball; Tennis; Volleyball"
229814,"NCAA","D2","Lone Star Conference",TRUE,"NCAA Division II with football",4,NA,"Baseball; Basketball; Football; Golf; Soccer; Softball; Track and Field and Cross Country (combined); Volleyball"
229887,"NAIA","NAIA","HBCU Athletic Conference",FALSE,"NAIA Division I",9,NA,"Baseball; Basketball; Soccer; Track and Field and Cross Country (combined); Volleyball"
230038,"NCAA","D1","Big 12 Conference",TRUE,"NCAA Division I-FBS",1,NA,"Baseball; Basketball; Football; Golf; Gymnastics; Soccer; Softball; Swimming and Diving (combined); Tennis; Track and Field and Cross Country (combined); Volleyball"
230171,"NCAA","D1","Western Athletic Conference",TRUE,"NCAA Division I-FCS",2,NA,"Baseball; Basketball; Cross Country; Football; Golf; Soccer; Softball; Swimming; Tennis; Track and Field and Cross Country (combined); Volleyball"
230597,"NJCAA","Other",NA,TRUE,"NJCAA Division I",12,NA,"Basketball; Football; Other Sports; Rodeo; Soccer; Softball; Track and Field and Cross Country (combined); Volleyball; Wrestling"
230603,"NCAA","D1","Western Athletic Conference",TRUE,"NCAA Division I-FCS",2,NA,"Basketball; Football; Golf; Gymnastics; Soccer; Softball; Track and Field and Cross Country (combined); Volleyball"
230728,"NCAA","D1","Mountain West Conference",TRUE,"NCAA Division I-FBS",1,NA,"Basketball; Football; Golf; Gymnastics; Soccer; Softball; Tennis; Track and Field and Cross Country (combined); Volleyball"
230737,"NCAA","D1","Western Athletic Conference",FALSE,"NCAA Division I without football",3,NA,"Baseball; Basketball; Golf; Soccer; Softball; Track and Field and Cross Country (combined); Volleyball; Wrestling"
230764,"NCAA","D1","Big 12 Conference",TRUE,"NCAA Division I-FBS",1,NA,"Baseball; Basketball; Beach Volleyball; Football; Golf; Gymnastics; Lacrosse; Skiing; Soccer; Softball; Swimming and Diving (combined); Tennis; Track and Field and Cross Country (combined); Volleyball"
230782,"NCAA","D1","Big Sky Conference",TRUE,"NCAA Division I-FCS",2,NA,"Basketball; Football; Golf; Other Sports; Soccer; Softball; Tennis; Track and Field and Cross Country (combined); Volleyball"
230807,"NCAA","D2","Rocky Mountain Athletic Conference",FALSE,"NCAA Division II without football",5,NA,"Basketball; Golf; Lacrosse; Skiing; Soccer; Track and Field and Cross Country (combined); Volleyball"
230959,"NCAA","D3","New England Small College Athletic Conference",TRUE,"NCAA Division III with football",6,NA,"Baseball; Basketball; Cross Country; Field Hockey; Football; Golf; Ice Hockey; Lacrosse; Skiing; Soccer; Softball; Squash; Swimming and Diving (combined); Tennis; Track and Field (Indoor); Track and Field (Outdoor); Volleyball"
230995,"NCAA","D3","Great Northeast Athletic Conference",TRUE,"NCAA Division III with football",6,NA,"Baseball; Basketball; Cross Country; Football; Golf; Ice Hockey; Lacrosse; Other Sports; Rifle; Soccer; Softball; Swimming and Diving (combined); Tennis; Volleyball; Wrestling"
231059,"NCAA","D2","Northeast-10 Conference",FALSE,"NCAA Division II without football",5,NA,"Baseball; Basketball; Cross Country; Field Hockey; Ice Hockey; Lacrosse; Skiing; Soccer; Softball; Swimming; Tennis; Volleyball"
231165,"Other","Other",NA,TRUE,"Other",8,"4 schools, 3  NCAAlll, one with football, 1 USCAA","Baseball; Basketball; Cross Country; Field Hockey; Football; Golf; Ice Hockey; Lacrosse; Other Sports; Skiing; Soccer; Softball; Tennis; Track and Field (Indoor); Track and Field (Outdoor); Volleyball; Wrestling"
231174,"NCAA","D1",NA,FALSE,"NCAA Division I without football",3,NA,"Basketball; Field Hockey; Ice Hockey; Lacrosse; Skiing; Soccer; Swimming and Diving (combined); Track and Field and Cross Country (combined)"
231420,"NCAA","D3","Old Dominion Athletic Conference",TRUE,"NCAA Division III with football",6,NA,"Baseball; Basketball; Football; Golf; Lacrosse; Soccer; Softball; Tennis; Track and Field and Cross Country (combined); Volleyball; Wrestling"
231554,"NAIA","NAIA","Appalachian Athletic Conference",TRUE,"NAIA Division I",9,NA,"Baseball; Basketball; Football; Golf; Other Sports; Soccer; Softball; Track and Field (Indoor); Track and Field (Outdoor); Volleyball"
231581,"NCAA","D3","Old Dominion Athletic Conference",TRUE,"NCAA Division III with football",6,NA,"Baseball; Basketball; Field Hockey; Football; Golf; Lacrosse; Soccer; Softball; Swimming; Tennis; Track and Field and Cross Country (combined); Volleyball"
231624,"NCAA","D1",NA,TRUE,"NCAA Division I-FCS",2,NA,"Baseball; Basketball; Field Hockey; Football; Golf; Gymnastics; Lacrosse; Soccer; Swimming; Tennis; Track and Field and Cross Country (combined); Volleyball"
231651,"NCCAA","Other","Coast to Coast Athletic Conference",FALSE,"NCCAA Division I",15,NA,"Basketball; Cross Country; Soccer; Track and Field (Indoor); Track and Field (Outdoor); Volleyball"
231712,"NCAA","D3","Coast to Coast Athletic Conference",TRUE,"NCAA Division III with football",6,NA,"Baseball; Basketball; Cross Country; Field Hockey; Football; Golf; Lacrosse; Sailing; Soccer; Softball; Tennis; Track and Field (Indoor); Track and Field (Outdoor); Volleyball"
231785,"NJCAA","Other",NA,FALSE,"NJCAA Division II",13,NA,"Baseball; Basketball; Softball; Track and Field (Indoor); Track and Field (Outdoor); Volleyball"
232025,"NCAA","D2","South Atlantic Conference",TRUE,"NCAA Division II with football",4,NA,"Baseball; Basketball; Equestrian; Football; Golf; Lacrosse; Other Sports; Soccer; Softball; Swimming; Tennis; Track and Field (Outdoor); Volleyball; Wrestling"
232043,"NCAA","D3","Old Dominion Athletic Conference",FALSE,"NCAA Division III without football",7,NA,"Baseball; Basketball; Cross Country; Field Hockey; Lacrosse; Other Sports; Soccer; Softball; Track and Field (Indoor); Track and Field (Outdoor); Volleyball"
232089,"NCAA","D3",NA,TRUE,"NCAA Division III with football",6,NA,"Baseball; Basketball; Equestrian; Football; Golf; Lacrosse; Soccer; Softball; Tennis; Track and Field and Cross Country (combined); Volleyball; Wrestling"
232186,"NCAA","D1","Atlantic 10 Conference",FALSE,"NCAA Division I without football",3,NA,"Baseball; Basketball; Golf; Lacrosse; Rowing; Soccer; Softball; Swimming and Diving (combined); Tennis; Track and Field and Cross Country (combined); Volleyball; Wrestling"
232265,"NCAA","D1","Coastal Athletic Association",TRUE,"NCAA Division I-FCS",2,NA,"Basketball; Cross Country; Football; Lacrosse; Other Sports; Sailing; Soccer; Softball; Tennis; Track and Field (Indoor); Track and Field (Outdoor); Volleyball"
232423,"NCAA","D1","Sun Belt Conference",TRUE,"NCAA Division I-FCS",2,NA,"Baseball; Basketball; Field Hockey; Football; Golf; Lacrosse; Soccer; Softball; Swimming and Diving (combined); Tennis; Track and Field and Cross Country (combined); Volleyball"
232557,"NCAA","D1","Conference USA",TRUE,"NCAA Division I-FBS",1,NA,"Baseball; Basketball; Field Hockey; Football; Golf; Lacrosse; Soccer; Softball; Swimming and Diving (combined); Tennis; Track and Field and Cross Country (combined); Volleyball"
232566,"NCAA","D1","Big South Conference",FALSE,"NCAA Division I without football",3,NA,"Baseball; Basketball; Field Hockey; Golf; Lacrosse; Soccer; Softball; Tennis; Track and Field and Cross Country (combined)"
232609,"NCAA","D3","Old Dominion Athletic Conference",FALSE,"NCAA Division III without football",7,NA,"Baseball; Basketball; Beach Volleyball; Equestrian; Field Hockey; Golf; Lacrosse; Soccer; Softball; Swimming; Tennis; Track and Field and Cross Country (combined); Volleyball"
232672,"NCAA","D3","USA South Athletic Conference",FALSE,"NCAA Division III without football",7,NA,"Baseball; Basketball; Cross Country; Soccer; Softball; Tennis; Track and Field (Indoor); Track and Field (Outdoor); Volleyball"
232681,"NCAA","D3","Coast to Coast Athletic Conference",FALSE,"NCAA Division III without football",7,NA,"Baseball; Basketball; Equestrian; Field Hockey; Lacrosse; Soccer; Softball; Swimming and Diving (combined); Tennis; Track and Field and Cross Country (combined); Volleyball"
232706,"NCAA","D3","Atlantic East Conference",FALSE,"NCAA Division III without football",7,NA,"Baseball; Basketball; Cross Country; Golf; Lacrosse; Other Sports; Soccer; Softball; Swimming; Tennis; Track and Field (Outdoor); Volleyball; Wrestling"
232937,"NCAA","D1","Mid-Eastern Athletic Conference",TRUE,"NCAA Division I-FCS",2,NA,"Baseball; Basketball; Bowling; Football; Softball; Tennis; Track and Field and Cross Country (combined); Volleyball"
232982,"NCAA","D1","Sun Belt Conference",TRUE,"NCAA Division I-FBS",1,NA,"Baseball; Basketball; Field Hockey; Football; Golf; Lacrosse; Rowing; Sailing; Soccer; Swimming; Tennis; Volleyball"
233277,"NCAA","D1","Big South Conference",FALSE,"NCAA Division I without football",3,NA,"Baseball; Basketball; Cross Country; Golf; Lacrosse; Soccer; Softball; Tennis; Track and Field and Cross Country (combined); Volleyball"
233295,"NCAA","D3","Old Dominion Athletic Conference",TRUE,"NCAA Division III with football",6,NA,"Baseball; Basketball; Field Hockey; Football; Golf; Lacrosse; Soccer; Softball; Swimming; Tennis; Volleyball"
233301,"NCAA","D3","Old Dominion Athletic Conference",FALSE,"NCAA Division III without football",7,NA,"Basketball; Lacrosse; Other Sports; Soccer; Softball; Swimming; Tennis; Track and Field and Cross Country (combined); Volleyball; Wrestling"
233374,"NCAA","D1","Atlantic 10 Conference",TRUE,"NCAA Division I-FCS",2,NA,"Baseball; Basketball; Cross Country; Field Hockey; Football; Golf; Lacrosse; Soccer; Swimming and Diving (combined); Tennis; Track and Field and Cross Country (combined)"
233426,"NCAA","D3","Old Dominion Athletic Conference",FALSE,"NCAA Division III without football",7,NA,"Baseball; Basketball; Cross Country; Field Hockey; Golf; Lacrosse; Soccer; Softball; Swimming; Tennis; Track and Field (Indoor); Track and Field (Outdoor); Volleyball; Wrestling"
233541,"NCAA","D3","Old Dominion Athletic Conference",TRUE,"NCAA Division III with football",6,NA,"Baseball; Basketball; Field Hockey; Football; Golf; Lacrosse; Soccer; Softball; Tennis; Track and Field and Cross Country (combined); Volleyball; Wrestling"
233611,"NCAA","D3","USA South Athletic Conference",TRUE,"NCAA Division III with football",6,NA,"Baseball; Basketball; Beach Volleyball; Field Hockey; Football; Golf; Lacrosse; Other Sports; Soccer; Softball; Swimming; Tennis; Track and Field and Cross Country (combined); Volleyball; Wrestling"
233897,"NCAA","D2","South Atlantic Conference",TRUE,"NCAA Division II with football",4,NA,"Baseball; Basketball; Cross Country; Football; Golf; Lacrosse; Softball; Tennis; Track and Field (Indoor); Track and Field (Outdoor); Volleyball"
233921,"NCAA","D1","Atlantic Coast Conference",TRUE,"NCAA Division I-FBS",1,NA,"Baseball; Basketball; Football; Golf; Lacrosse; Soccer; Softball; Swimming and Diving (combined); Tennis; Track and Field and Cross Country (combined); Volleyball; Wrestling"
234030,"NCAA","D1","Atlantic 10 Conference",FALSE,"NCAA Division I without football",3,NA,"Baseball; Basketball; Field Hockey; Golf; Lacrosse; Soccer; Tennis; Track and Field and Cross Country (combined); Volleyball"
234076,"NCAA","D1","Atlantic Coast Conference",TRUE,"NCAA Division I-FBS",1,NA,"Baseball; Basketball; Field Hockey; Football; Golf; Lacrosse; Rowing; Soccer; Softball; Squash; Swimming and Diving (combined); Tennis; Track and Field and Cross Country (combined); Volleyball; Wrestling"
234085,"NCAA","D1","Southern Conference",TRUE,"NCAA Division I-FCS",2,NA,"Baseball; Basketball; Football; Lacrosse; Rifle; Soccer; Swimming and Diving (combined); Track and Field and Cross Country (combined); Water Polo; Wrestling"
234137,"NCCAA","Other",NA,TRUE,"NCCAA Division I",15,NA,"Basketball; Football; Track and Field (Outdoor)"
234155,"NCAA","D2","Central Intercollegiate Athletic Association",TRUE,"NCAA Division II with football",4,NA,"Baseball; Basketball; Bowling; Football; Golf; Lacrosse; Soccer; Softball; Tennis; Track and Field and Cross Country (combined); Volleyball"
234164,"NCAA","D2","Central Intercollegiate Athletic Association",TRUE,"NCAA Division II with football",4,NA,"Basketball; Bowling; Cross Country; Football; Golf; Softball; Tennis; Track and Field (Indoor); Track and Field (Outdoor); Volleyball"
234173,"NCAA","D3","Old Dominion Athletic Conference",FALSE,"NCAA Division III without football",7,NA,"Baseball; Basketball; Field Hockey; Golf; Lacrosse; Soccer; Softball; Swimming; Tennis; Track and Field and Cross Country (combined); Volleyball"
234207,"NCAA","D3","Old Dominion Athletic Conference",TRUE,"NCAA Division III with football",6,NA,"Baseball; Basketball; Cross Country; Equestrian; Field Hockey; Football; Golf; Lacrosse; Soccer; Swimming; Tennis; Track and Field (Indoor); Track and Field (Outdoor); Volleyball; Wrestling"
234669,"NWAC","Other",NA,FALSE,"NWAC",19,NA,"Baseball; Basketball; Golf; Soccer; Softball; Tennis; Volleyball"
234711,"NWAC","Other",NA,FALSE,"NWAC",19,NA,"Baseball; Basketball; Softball; Volleyball; Wrestling"
234827,"NCAA","D2","Great Northwest Athletic Conference",TRUE,"NCAA Division II with football",4,NA,"Baseball; Basketball; Football; Other Sports; Soccer; Softball; Track and Field and Cross Country (combined); Volleyball"
234845,"NWAC","Other",NA,FALSE,"NWAC",19,NA,"Baseball; Basketball; Golf; Soccer; Softball; Volleyball"
234933,"NWAC","Other",NA,FALSE,"NWAC",19,NA,"Baseball; Basketball; Cross Country; Soccer; Softball; Track and Field (Outdoor); Volleyball"
234979,"NWAC","Other",NA,FALSE,"NWAC",19,NA,"Baseball; Basketball; Golf; Soccer; Softball; Volleyball"
235097,"NCAA","D1","Big Sky Conference",TRUE,"NCAA Division I-FCS",2,NA,"Basketball; Football; Golf; Soccer; Tennis; Track and Field and Cross Country (combined); Volleyball"
235103,"NWAC","Other",NA,FALSE,"NWAC",19,NA,"Baseball; Basketball; Cross Country; Soccer; Softball; Volleyball"
235149,"NWAC","Other",NA,FALSE,"NWAC",19,NA,"Baseball; Basketball; Cross Country; Soccer; Softball; Track and Field (Outdoor); Volleyball"
235167,"NAIA","NAIA","Cascade Collegiate Conference",FALSE,"NAIA Division I",9,NA,"Basketball; Soccer; Track and Field and Cross Country (combined); Volleyball; Wrestling"
235237,"NWAC","Other",NA,FALSE,"NWAC",19,NA,"Baseball; Basketball; Cross Country; Soccer; Softball; Volleyball"
235316,"NCAA","D1","West Coast Conference",FALSE,"NCAA Division I without football",3,NA,"Baseball; Basketball; Golf; Rowing; Soccer; Tennis; Track and Field and Cross Country (combined); Volleyball"
235334,"NWAC","Other",NA,FALSE,"NWAC",19,NA,"Baseball; Basketball; Softball"
235343,"NWAC","Other",NA,FALSE,"NWAC",19,NA,"Basketball; Cross Country; Track and Field (Outdoor); Volleyball"
235431,"NWAC","Other",NA,FALSE,"NWAC",19,NA,"Basketball; Golf; Soccer; Softball; Tennis; Volleyball"
235750,"NWAC","Other",NA,FALSE,"NWAC",19,NA,"Baseball; Basketball; Soccer; Softball; Volleyball"
236133,"NAIA","NAIA","Cascade Collegiate Conference",FALSE,"NAIA Division II",10,NA,"Basketball; Beach Volleyball; Cross Country; Soccer; Track and Field (Outdoor); Volleyball"
236188,"NWAC","Other",NA,FALSE,"NWAC",19,NA,"Baseball; Basketball; Cross Country; Golf; Softball; Track and Field (Outdoor); Volleyball"
236230,"NCAA","D3","Northwest Conference",TRUE,"NCAA Division III with football",6,NA,"Baseball; Basketball; Cross Country; Football; Golf; Lacrosse; Rowing; Soccer; Softball; Swimming; Track and Field (Outdoor); Volleyball"
236258,"NWAC","Other",NA,FALSE,"NWAC",19,NA,"Basketball; Soccer"
236328,"NCAA","D3","Northwest Conference",TRUE,"NCAA Division III with football",6,NA,"Baseball; Basketball; Football; Golf; Lacrosse; Rowing; Soccer; Softball; Swimming; Tennis; Track and Field and Cross Country (combined); Volleyball"
236452,"NCAA","D2","Great Northwest Athletic Conference",FALSE,"NCAA Division II without football",5,NA,"Baseball; Basketball; Golf; Soccer; Softball; Track and Field and Cross Country (combined); Volleyball"
236577,"NCAA","D2","Great Northwest Athletic Conference",FALSE,"NCAA Division II without football",5,NA,"Basketball; Golf; Rowing; Soccer; Track and Field and Cross Country (combined); Volleyball"
236595,"NCAA","D1","West Coast Conference",FALSE,"NCAA Division I without football",3,NA,"Baseball; Basketball; Golf; Rowing; Soccer; Softball; Swimming; Tennis; Track and Field and Cross Country (combined); Volleyball"
236610,"NWAC","Other",NA,FALSE,"NWAC",19,NA,"Baseball; Basketball; Soccer; Softball; Volleyball"
236638,"NWAC","Other",NA,FALSE,"NWAC",19,NA,"Baseball; Basketball; Golf; Soccer; Softball; Volleyball"
236656,"NWAC","Other",NA,FALSE,"NWAC",19,NA,"Basketball; Golf; Soccer; Volleyball"
236708,"NWAC","Other",NA,FALSE,"NWAC",19,NA,"Baseball; Basketball; Cross Country; Golf; Soccer; Softball; Tennis; Track and Field (Outdoor); Volleyball"
236753,"NWAC","Other",NA,FALSE,"NWAC",19,NA,"Baseball; Basketball; Soccer; Volleyball"
236887,"NWAC","Other",NA,FALSE,"NWAC",19,NA,"Baseball; Basketball; Rodeo; Soccer; Softball; Volleyball"
236896,"NAIA","NAIA","Cascade Collegiate Conference",FALSE,"NAIA Division II",10,NA,"Basketball; Cross Country; Golf; Soccer; Volleyball"
236939,"NCAA","D1","Pac-12 Conference",TRUE,"NCAA Division I-FBS",1,NA,"Baseball; Basketball; Football; Golf; Rowing; Soccer; Swimming; Tennis; Track and Field and Cross Country (combined); Volleyball"
236948,"NCAA","D1","Big Ten Conference",TRUE,"NCAA Division I-FBS",1,NA,"Baseball; Basketball; Beach Volleyball; Football; Golf; Gymnastics; Rowing; Soccer; Softball; Tennis; Track and Field and Cross Country (combined); Volleyball"
236975,"NWAC","Other",NA,FALSE,"NWAC",19,NA,"Baseball; Basketball; Soccer; Softball; Volleyball"
237011,"NCAA","D2","Great Northwest Athletic Conference",FALSE,"NCAA Division II without football",5,NA,"Basketball; Golf; Rowing; Soccer; Softball; Track and Field and Cross Country (combined); Volleyball"
237039,"NWAC","Other",NA,FALSE,"NWAC",19,NA,"Basketball; Soccer; Volleyball"
237057,"NCAA","D3","Northwest Conference",FALSE,"NCAA Division III without football",7,NA,"Baseball; Basketball; Golf; Lacrosse; Soccer; Swimming; Tennis; Track and Field and Cross Country (combined); Volleyball"
237066,"NCAA","D3","Northwest Conference",TRUE,"NCAA Division III with football",6,NA,"Baseball; Basketball; Cross Country; Football; Golf; Lacrosse; Soccer; Softball; Swimming; Tennis; Track and Field (Indoor); Track and Field (Outdoor); Volleyball"
237109,"Other","Other",NA,FALSE,"Other",8,"NWAC","Baseball; Basketball; Soccer; Softball; Volleyball"
237136,"NCCAA","Other",NA,FALSE,"NCCAA Division II",16,NA,"Basketball; Soccer; Volleyball"
237181,"NCAA","D3",NA,TRUE,"NCAA Division III with football",6,NA,"Baseball; Basketball; Cross Country; Football; Golf; Lacrosse; Soccer; Softball; Swimming; Swimming and Diving (combined); Track and Field (Indoor); Track and Field (Outdoor); Volleyball; Wrestling"
237215,"NCAA","D2","Central Intercollegiate Athletic Association",TRUE,"NCAA Division II with football",4,"CIAA","Baseball; Basketball; Cross Country; Football; Golf; Other Sports; Soccer; Softball; Tennis; Track and Field (Indoor); Track and Field (Outdoor); Volleyball; Wrestling"
237312,"NCAA","D2","Mountain East Conference",TRUE,"NCAA Division II with football",4,NA,"Baseball; Basketball; Football; Golf; Lacrosse; Soccer; Softball; Tennis; Track and Field and Cross Country (combined); Volleyball"
237330,"NCAA","D2","Mountain East Conference",TRUE,"NCAA Division II with football",4,NA,"Baseball; Basketball; Football; Golf; Soccer; Softball; Track and Field and Cross Country (combined); Volleyball"
237358,"NCAA","D2","Mountain East Conference",FALSE,"NCAA Division II without football",5,NA,"Baseball; Basketball; Golf; Lacrosse; Soccer; Softball; Swimming; Tennis; Track and Field and Cross Country (combined); Volleyball; Wrestling"
237367,"NCAA","D2","Mountain East Conference",TRUE,"NCAA Division II with football",4,NA,"Baseball; Basketball; Cross Country; Football; Golf; Gymnastics; Soccer; Softball; Swimming; Tennis; Volleyball; Wrestling"
237385,"NCAA","D2","Mountain East Conference",TRUE,"NCAA Division II with football",4,NA,"Baseball; Basketball; Football; Golf; Other Sports; Soccer; Softball; Track and Field and Cross Country (combined); Volleyball; Wrestling"
237525,"NCAA","D1","Sun Belt Conference",TRUE,"NCAA Division I-FBS",1,NA,"Baseball; Basketball; Football; Golf; Soccer; Softball; Swimming and Diving (combined); Tennis; Track and Field and Cross Country (combined); Volleyball"
237701,"NJCAA","Other",NA,FALSE,"NJCAA Division II",13,NA,"Baseball; Basketball; Cross Country; Other Sports; Soccer; Softball; Volleyball"
237792,"NCAA","D2","Pennsylvania State Athletic Conference",TRUE,"NCAA Division II with football",4,NA,"Baseball; Basketball; Cross Country; Football; Golf; Lacrosse; Other Sports; Soccer; Softball; Tennis; Volleyball"
237899,"NCAA","D2","Mountain East Conference",TRUE,"NCAA Division II with football",4,NA,"Baseball; Basketball; Football; Golf; Other Sports; Soccer; Softball; Tennis; Track and Field and Cross Country (combined); Volleyball"
237932,"NCAA","D2","Mountain East Conference",TRUE,"NCAA Division II with football",4,NA,"Baseball; Basketball; Football; Golf; Gymnastics; Soccer; Softball; Tennis; Track and Field and Cross Country (combined); Volleyball; Wrestling"
237950,"NAIA","NAIA",NA,FALSE,"NAIA Division I",9,NA,"Baseball; Basketball; Cross Country; Golf; Soccer; Softball; Swimming; Track and Field (Indoor); Track and Field (Outdoor); Volleyball; Wrestling"
237969,"NCAA","D2","Mountain East Conference",TRUE,"NCAA Division II with football",4,NA,"Baseball; Basketball; Football; Golf; Lacrosse; Other Sports; Soccer; Softball; Swimming; Tennis; Track and Field and Cross Country (combined); Volleyball"
238032,"NCAA","D1","Big 12 Conference",TRUE,"NCAA Division I-FBS",1,NA,"Baseball; Basketball; Football; Golf; Gymnastics; Rifle; Rowing; Soccer; Swimming and Diving (combined); Tennis; Track and Field and Cross Country (combined); Volleyball; Wrestling"
238078,"NCAA","D2","Mountain East Conference",TRUE,"NCAA Division II with football",4,NA,"Baseball; Basketball; Football; Golf; Lacrosse; Soccer; Softball; Swimming; Track and Field and Cross Country (combined); Volleyball; Wrestling"
238193,"NCAA","D3","Northern Athletics Collegiate Conference",FALSE,"NCAA Division III without football",7,NA,"Basketball; Cross Country; Golf; Softball; Tennis; Volleyball"
238263,"NJCAA","Other",NA,FALSE,"NJCAA Division II",13,NA,"Baseball; Basketball; Golf; Other Sports; Soccer; Softball; Volleyball"
238333,"NCAA","D3","Midwest Conference",TRUE,"NCAA Division III with football",6,NA,"Baseball; Basketball; Football; Lacrosse; Soccer; Softball; Swimming; Track and Field and Cross Country (combined); Volleyball"
238458,"NCAA","D3","College Conference of Illinois and Wisconsin",TRUE,"NCAA Division III with football",6,NA,"Baseball; Basketball; Bowling; Football; Golf; Lacrosse; Soccer; Softball; Swimming; Tennis; Track and Field and Cross Country (combined); Volleyball"
238476,"NCAA","D3","College Conference of Illinois and Wisconsin",TRUE,"NCAA Division III with football",6,NA,"Baseball; Basketball; Bowling; Football; Golf; Lacrosse; Other Sports; Soccer; Softball; Swimming and Diving (combined); Tennis; Track and Field and Cross Country (combined); Volleyball; Water Polo; Wrestling"
238616,"NCAA","D3","Northern Athletics Collegiate Conference",TRUE,"NCAA Division III with football",6,NA,"Baseball; Basketball; Cross Country; Field Hockey; Football; Golf; Ice Hockey; Lacrosse; Other Sports; Soccer; Softball; Tennis; Track and Field (Indoor); Track and Field (Outdoor); Volleyball; Wrestling"
238661,"NCAA","D3",NA,FALSE,"NCAA Division III without football",7,NA,"Baseball; Basketball; Cross Country; Golf; Lacrosse; Other Sports; Soccer; Softball; Tennis; Track and Field (Indoor); Track and Field (Outdoor); Volleyball"
238980,"NCAA","D3","Northern Athletics Collegiate Conference",TRUE,"NCAA Division III with football",6,NA,"Baseball; Basketball; Bowling; Football; Golf; Other Sports; Soccer; Softball; Tennis; Track and Field and Cross Country (combined); Volleyball; Wrestling"
239017,"NCAA","D3","Midwest Conference",TRUE,"NCAA Division III with football",6,NA,"Baseball; Basketball; Fencing; Football; Ice Hockey; Lacrosse; Soccer; Softball; Swimming and Diving (combined); Tennis; Track and Field and Cross Country (combined); Volleyball"
239071,"NCAA","D3","Independent",FALSE,"NCAA Division III without football",7,NA,"Baseball; Basketball; Cross Country; Soccer; Softball; Volleyball"
239080,"NCAA","D3",NA,FALSE,"NCAA Division III without football",7,NA,"Baseball; Basketball; Bowling; Field Hockey; Golf; Ice Hockey; Lacrosse; Soccer; Softball; Tennis; Track and Field and Cross Country (combined); Volleyball"
239105,"NCAA","D1","Big East Conference",FALSE,"NCAA Division I without football",3,NA,"Basketball; Golf; Lacrosse; Soccer; Tennis; Track and Field and Cross Country (combined); Volleyball"
239318,"NCAA","D3","Northern Athletics Collegiate Conference",FALSE,"NCAA Division III without football",7,NA,"Baseball; Basketball; Golf; Ice Hockey; Lacrosse; Rowing; Soccer; Softball; Swimming and Diving (combined); Tennis; Track and Field and Cross Country (combined); Volleyball; Wrestling"
239628,"NCAA","D3","Midwest Conference",TRUE,"NCAA Division III with football",6,NA,"Baseball; Basketball; Cross Country; Football; Soccer; Softball; Swimming; Swimming and Diving (combined); Tennis; Track and Field (Indoor); Track and Field (Outdoor); Volleyball"
239716,"NCAA","D3","Northern Athletics Collegiate Conference",TRUE,"NCAA Division III with football",6,NA,"Baseball; Basketball; Football; Golf; Ice Hockey; Soccer; Softball; Swimming and Diving (combined); Tennis; Track and Field and Cross Country (combined); Volleyball"
240107,"NAIA","NAIA","Chicagoland Collegiate Athletic Conference",FALSE,"NAIA Division II",10,NA,"Baseball; Basketball; Bowling; Cross Country; Golf; Other Sports; Soccer; Softball; Track and Field (Indoor); Track and Field (Outdoor); Volleyball"
240189,"NCAA","D3","Wisconsin Intercollegiate Athletic Conference",TRUE,"NCAA Division III with football",6,NA,"Baseball; Basketball; Bowling; Cross Country; Football; Golf; Gymnastics; Soccer; Softball; Swimming and Diving (combined); Tennis; Track and Field (Indoor); Track and Field (Outdoor); Volleyball; Wrestling"
240268,"NCAA","D3","Wisconsin Intercollegiate Athletic Conference",TRUE,"NCAA Division III with football",6,NA,"Baseball; Basketball; Cross Country; Football; Golf; Gymnastics; Ice Hockey; Lacrosse; Soccer; Softball; Swimming and Diving (combined); Tennis; Track and Field (Indoor); Track and Field (Outdoor); Volleyball; Wrestling"
240277,"NCAA","D1","Horizon League",FALSE,"NCAA Division I without football",3,NA,"Basketball; Cross Country; Golf; Skiing; Soccer; Softball; Swimming and Diving (combined); Volleyball"
240329,"NCAA","D3","Wisconsin Intercollegiate Athletic Conference",TRUE,"NCAA Division III with football",6,NA,"Baseball; Basketball; Cross Country; Football; Golf; Gymnastics; Lacrosse; Soccer; Softball; Swimming and Diving (combined); Tennis; Track and Field (Indoor); Track and Field (Outdoor); Volleyball; Wrestling"
240338,"NCAA","D3","Northern Athletics Collegiate Conference",TRUE,"NCAA Division III with football",6,NA,"Baseball; Basketball; Cross Country; Football; Golf; Soccer; Softball; Tennis; Track and Field (Indoor); Track and Field (Outdoor); Volleyball"
240365,"NCAA","D3","Wisconsin Intercollegiate Athletic Conference",TRUE,"NCAA Division III with football",6,NA,"Baseball; Basketball; Football; Golf; Gymnastics; Soccer; Softball; Swimming and Diving (combined); Tennis; Track and Field and Cross Country (combined); Volleyball; Wrestling"
240374,"NCAA","D2","Great Lakes Intercollegiate Athletic Conference",FALSE,"NCAA Division II without football",5,NA,"Baseball; Basketball; Golf; Soccer; Softball; Track and Field and Cross Country (combined); Volleyball; Wrestling"
240417,"NCCAA","Other","Wisconsin Intercollegiate Athletic Conference",TRUE,"NCCAA Division II",16,NA,"Baseball; Basketball; Cross Country; Football; Golf; Gymnastics; Ice Hockey; Lacrosse; Soccer; Softball; Tennis; Track and Field (Indoor); Track and Field (Outdoor); Volleyball"
240426,"NCAA","D3","Upper Midwest Athletic Conference",FALSE,"NCAA Division III without football",7,NA,"Baseball; Basketball; Cross Country; Golf; Ice Hockey; Soccer; Softball; Tennis; Track and Field (Indoor); Track and Field (Outdoor); Volleyball"
240444,"NCAA","D1","Big Ten Conference",TRUE,"NCAA Division I-FBS",1,NA,"Basketball; Football; Golf; Ice Hockey; Rowing; Soccer; Softball; Swimming and Diving (combined); Tennis; Track and Field and Cross Country (combined); Volleyball; Wrestling"
240453,"NCAA","D1","Horizon League",FALSE,"NCAA Division I without football",3,NA,"Baseball; Basketball; Soccer; Swimming and Diving (combined); Tennis; Track and Field and Cross Country (combined); Volleyball"
240462,"NCAA","D3","Wisconsin Intercollegiate Athletic Conference",TRUE,"NCAA Division III with football",6,NA,"Baseball; Basketball; Football; Golf; Soccer; Softball; Track and Field and Cross Country (combined); Volleyball; Wrestling"
240471,"NCAA","D3","Wisconsin Intercollegiate Athletic Conference",TRUE,"NCAA Division III with football",6,NA,"Baseball; Basketball; Football; Golf; Ice Hockey; Lacrosse; Other Sports; Soccer; Softball; Tennis; Track and Field and Cross Country (combined); Volleyball"
240480,"NCAA","D3","Wisconsin Intercollegiate Athletic Conference",TRUE,"NCAA Division III with football",6,NA,"Baseball; Basketball; Cross Country; Football; Golf; Ice Hockey; Lacrosse; Soccer; Softball; Swimming and Diving (combined); Tennis; Track and Field (Indoor); Track and Field (Outdoor); Volleyball; Wrestling"
240514,"NJCAA","Other",NA,FALSE,"NJCAA Division I",12,NA,"Basketball; Cross Country; Golf; Other Sports; Rodeo; Soccer; Volleyball"
240620,"NJCAA","Other",NA,FALSE,"NJCAA Division I",12,NA,"Basketball; Other Sports; Rodeo; Soccer; Volleyball"
240657,"NJCAA","Other",NA,FALSE,"NJCAA Division I",12,NA,"Basketball; Other Sports; Rodeo; Soccer; Volleyball; Wrestling"
240693,"NJCAA","Other",NA,FALSE,"NJCAA Division I",12,NA,"Basketball; Soccer; Volleyball; Wrestling"
240727,"NCAA","D1","Mountain West Conference",TRUE,"NCAA Division I-FBS",1,NA,"Basketball; Football; Golf; Soccer; Swimming and Diving (combined); Tennis; Track and Field and Cross Country (combined); Volleyball; Wrestling"
241225,"Other","Other",NA,FALSE,"Other",8,"LAI","Basketball; Beach Volleyball; Swimming; Track and Field (Outdoor); Volleyball"
241377,"Other","Other",NA,FALSE,"Other",8,"Liga Atletica Interuniversitaria (LAI)","Baseball; Basketball; Beach Volleyball; Other Sports; Track and Field and Cross Country (combined); Volleyball; Wrestling"
241410,"Other","Other",NA,FALSE,"Other",8,"Liga Atletica Interuniversitaria (LAI)","Baseball; Basketball; Beach Volleyball; Other Sports; Soccer; Softball; Swimming; Table Tennis; Tennis; Track and Field and Cross Country (combined); Volleyball; Weight Lifting"
241739,"Other","Other",NA,FALSE,"Other",8,"Liga Atletica Interuniversitaria","Baseball; Basketball; Beach Volleyball; Cross Country; Other Sports; Soccer; Softball; Swimming; Table Tennis; Tennis; Track and Field (Outdoor); Volleyball; Weight Lifting; Wrestling"
242617,"Other","Other",NA,FALSE,"Other",8,"LAI","Baseball; Basketball; Other Sports; Soccer; Softball; Swimming; Table Tennis; Tennis; Track and Field and Cross Country (combined); Volleyball; Weight Lifting; Wrestling"
243106,"Other","Other",NA,FALSE,"Other",8,"Interuniversity Athletic League","Baseball; Basketball; Beach Volleyball; Other Sports; Swimming; Tennis; Track and Field and Cross Country (combined); Volleyball; Weight Lifting"
243115,"Other","Other",NA,FALSE,"Other",8,"Liga Atletica Interuniversitaria","Baseball; Basketball; Beach Volleyball; Cross Country; Other Sports; Soccer; Table Tennis; Track and Field (Outdoor); Volleyball; Weight Lifting; Wrestling"
243133,"NCAA","D2","Independent",FALSE,"NCAA Division II without football",5,NA,"Baseball; Basketball; Cross Country; Soccer; Tennis; Track and Field (Outdoor); Volleyball"
243142,"Other","Other",NA,FALSE,"Other",8,"Liga Atletica Interuniversitaria (LAI)","Basketball; Beach Volleyball; Soccer; Track and Field (Indoor); Volleyball; Weight Lifting"
243151,"Other","Other",NA,FALSE,"Other",8,"Intercollegiate Athletics League","Baseball; Basketball; Beach Volleyball; Other Sports; Soccer; Table Tennis; Track and Field and Cross Country (combined); Volleyball; Weight Lifting"
243179,"Other","Other",NA,FALSE,"Other",8,"Athletic Intercollegiate League of Puerto Rico","Baseball; Basketball; Beach Volleyball; Cross Country; Other Sports; Softball; Track and Field (Outdoor); Volleyball; Weight Lifting; Wrestling"
243188,"Other","Other",NA,FALSE,"Other",8,"Liga Atletica Interuniversitaria","Basketball; Beach Volleyball; Cross Country; Table Tennis; Track and Field (Outdoor); Volleyball; Weight Lifting"
243197,"NCAA","D2","Independent",FALSE,"NCAA Division II without football",5,NA,"Baseball; Basketball; Beach Volleyball; Cross Country; Soccer; Softball; Swimming; Table Tennis; Tennis; Track and Field (Outdoor); Volleyball; Weight Lifting; Wrestling"
243212,"Other","Other",NA,FALSE,"Other",8,"Liga Atletica Interuniversitaria","Baseball; Basketball; Beach Volleyball; Cross Country; Other Sports; Soccer; Track and Field (Outdoor); Volleyball; Weight Lifting"
243221,"NCAA","D2","Independent",FALSE,"NCAA Division II without football",5,NA,"Baseball; Basketball; Other Sports; Soccer; Softball; Swimming; Table Tennis; Tennis; Track and Field (Outdoor); Volleyball; Weight Lifting; Wrestling"
243443,"Other","Other",NA,FALSE,"Other",8,"LAI ( LIGA ATLETICA INTERUNIVERSITARIA)","Basketball; Beach Volleyball; Other Sports; Soccer; Swimming; Tennis; Track and Field (Outdoor); Volleyball"
243577,"Other","Other",NA,FALSE,"Other",8,"Inter-university Athletic League","Basketball; Beach Volleyball; Other Sports; Table Tennis; Track and Field (Outdoor); Volleyball; Weight Lifting"
243665,"NAIA","NAIA","HBCU Athletic Conference",FALSE,"NAIA Division II",10,NA,"Basketball; Cross Country; Track and Field (Outdoor)"
243744,"NCAA","D1","Atlantic Coast Conference",TRUE,"NCAA Division I-FBS",1,NA,"Baseball; Basketball; Beach Volleyball; Cross Country; Fencing; Field Hockey; Football; Golf; Gymnastics; Lacrosse; Other Sports; Rowing; Sailing; Soccer; Softball; Squash; Swimming and Diving (combined); Synchronized Swimming; Tennis; Track and Field (Indoor); Track and Field (Outdoor); Volleyball; Water Polo; Wrestling"
243780,"NCAA","D1","Big Ten Conference",TRUE,"NCAA Division I-FBS",1,NA,"Baseball; Basketball; Football; Golf; Soccer; Softball; Swimming; Tennis; Track and Field and Cross Country (combined); Volleyball; Wrestling"
245953,"NAIA","NAIA","Sooner Athletic Conference",FALSE,"NAIA Division I",9,NA,"Baseball; Basketball; Cross Country; Soccer; Softball; Volleyball"
247834,"NJCAA","Other",NA,FALSE,"NJCAA Division I",12,NA,"Basketball; Golf; Tennis; Volleyball"
262129,"NAIA","NAIA","Sun Conference",FALSE,"NAIA Division I",9,NA,"Baseball; Basketball; Beach Volleyball; Golf; Lacrosse; Soccer; Softball; Volleyball"
364016,"Other","Other",NA,FALSE,"Other",8,"NJCAA Division I & II, Division is Sport Specific","Baseball; Cross Country; Golf; Soccer; Softball; Tennis; Track and Field (Outdoor)"
366252,"NCAA","D3","United East Conference",FALSE,"NCAA Division III without football",7,NA,"Archery; Baseball; Basketball; Cross Country; Golf; Lacrosse; Soccer; Softball; Tennis; Volleyball; Wrestling"
366711,"NCAA","D2","California Collegiate Athletic Association",FALSE,"NCAA Division II without football",5,NA,"Baseball; Basketball; Golf; Soccer; Softball; Track and Field and Cross Country (combined); Volleyball"
380377,"Other","Other",NA,FALSE,"Independent",18,NA,"Basketball"
384254,"USCAA","Other",NA,FALSE,"USCAA",20,NA,"Basketball; Cross Country; Golf; Track and Field (Indoor)"
388520,"NCAA","D2",NA,FALSE,"NCAA Division II without football",5,NA,"Basketball"
399911,"NAIA","NAIA","Great Southwest Athletic Conference",FALSE,"NAIA Division II",10,NA,"Cross Country; Golf; Soccer; Swimming; Track and Field (Indoor); Track and Field (Outdoor); Volleyball"
409698,"NCAA","D2","California Collegiate Athletic Association",FALSE,"NCAA Division II without football",5,NA,"Baseball; Basketball; Golf; Soccer; Softball; Track and Field and Cross Country (combined); Volleyball; Water Polo"
433660,"NCAA","D1","Atlantic Sun Conference",FALSE,"NCAA Division I without football",3,NA,"Baseball; Basketball; Beach Volleyball; Cross Country; Golf; Soccer; Softball; Swimming and Diving (combined); Tennis; Volleyball"
436827,"NJCAA","Other",NA,FALSE,"NJCAA Division III",14,NA,"Baseball; Basketball"
445188,"NAIA","NAIA",NA,FALSE,"NAIA Division II",10,NA,"Basketball; Cross Country; Soccer; Track and Field (Outdoor); Volleyball; Water Polo"
445708,"NCAA","D3","Coast to Coast Athletic Conference",FALSE,"NCAA Division III without football",7,NA,"Basketball; Cross Country; Golf; Soccer; Softball; Tennis; Track and Field (Outdoor); Volleyball"
446048,"NAIA","NAIA","Sun Conference",TRUE,"NAIA Division II",10,NA,"Baseball; Basketball; Beach Volleyball; Football; Golf; Lacrosse; Other Sports; Soccer; Softball; Swimming; Tennis; Track and Field and Cross Country (combined); Volleyball"
446233,"NCCAA","Other",NA,FALSE,"NCCAA Division I",15,NA,"Baseball; Basketball; Soccer; Softball"
446640,"Other","Other",NA,FALSE,"Other",8,"NACE","Other Sports"
447689,"NAIA","NAIA","Continental Athletic Conference",FALSE,"NAIA Division I",9,NA,"Baseball; Soccer; Softball; Tennis"
451750,"NJCAA","Other",NA,FALSE,"NJCAA Division II",13,NA,"Baseball; Basketball; Bowling; Cross Country; Golf; Other Sports; Soccer; Softball; Track and Field (Indoor); Track and Field (Outdoor); Volleyball; Wrestling"
457402,"NCCAA","Other",NA,TRUE,"NCCAA Division I",15,"please select sanctioning  body","Baseball; Basketball; Football; Softball; Track and Field (Outdoor)"
459949,"NAIA","NAIA","Red River Athletic Conference",FALSE,"NAIA Division I",9,NA,"Basketball; Golf; Soccer; Softball"
461759,"NCCAA","Other",NA,FALSE,"NCCAA Division II",16,NA,"Basketball"
461795,"NAIA","NAIA","Red River Athletic Conference",TRUE,"NAIA Division II",10,NA,"Basketball; Cross Country; Football; Soccer; Track and Field (Outdoor)"
464226,"NAIA","NAIA",NA,TRUE,"NAIA Division I",9,NA,"Baseball; Basketball; Beach Volleyball; Bowling; Cross Country; Football; Golf; Other Sports; Soccer; Softball; Swimming; Tennis; Track and Field (Indoor); Track and Field (Outdoor); Volleyball; Water Polo; Weight Lifting"
482149,"NCAA","D2","Peach Belt Conference",FALSE,"NCAA Division II without football",5,NA,"Baseball; Basketball; Golf; Softball; Tennis; Track and Field and Cross Country (combined); Volleyball"
482158,"NAIA","NAIA",NA,FALSE,"NAIA Division I",9,NA,"Baseball; Basketball; Cross Country; Soccer; Softball; Tennis; Volleyball"
482680,"NCAA","D2","Peach Belt Conference",FALSE,"NCAA Division II without football",5,NA,"Baseball; Basketball; Golf; Rifle; Soccer; Softball; Tennis; Track and Field and Cross Country (combined)"
482699,"NJCAA","Other",NA,FALSE,"NJCAA Division I",12,NA,"Baseball; Basketball; Soccer; Softball"
484905,"NAIA","NAIA","Red River Athletic Conference",FALSE,"NAIA Division I",9,NA,"Basketball; Track and Field and Cross Country (combined)"
485111,"NJCAA","Other",NA,TRUE,"NJCAA Division I",12,NA,"Cross Country; Football; Golf; Rifle; Soccer; Softball"
486840,"NCAA","D1","Conference USA",TRUE,"NCAA Division I-FCS",2,NA,"Baseball; Basketball; Football; Golf; Lacrosse; Soccer; Softball; Tennis; Track and Field and Cross Country (combined); Volleyball"
486901,"NAIA","NAIA","Appalachian Athletic Conference",FALSE,"NAIA Division II",10,NA,"Baseball; Basketball; Bowling; Golf; Other Sports; Soccer; Softball; Swimming; Tennis; Track and Field and Cross Country (combined); Volleyball"
487524,"NCAA","D3","North Atlantic Conference",TRUE,"NCAA Division III with football",6,NA,"Baseball; Basketball; Cross Country; Field Hockey; Football; Golf; Lacrosse; Soccer; Softball; Swimming and Diving (combined); Tennis; Track and Field (Indoor); Track and Field (Outdoor); Volleyball"
489937,"NAIA","NAIA","Continental Athletic Conference",FALSE,"NAIA Division I",9,NA,"Baseball; Basketball; Soccer; Softball; Volleyball"
490805,"NCAA","D2","Great Lakes Intercollegiate Athletic Conference",FALSE,"NCAA Division II without football",5,NA,"Baseball; Basketball; Cross Country; Golf; Soccer; Softball; Tennis; Track and Field (Indoor); Track and Field (Outdoor); Volleyball"
492069,"NCCAA","Other",NA,FALSE,"NCCAA Division II",16,NA,"Baseball; Basketball; Soccer; Track and Field and Cross Country (combined); Volleyball"
497833,"NJCAA","Other",NA,FALSE,"NJCAA Division II",13,NA,"Baseball; Basketball; Bowling; Golf; Soccer; Softball; Track and Field and Cross Country (combined); Volleyball; Wrestling"
498562,"NCAA","D2",NA,TRUE,"NCAA Division II with football",4,NA,"Baseball; Basketball; Field Hockey; Football; Golf; Lacrosse; Other Sports; Soccer; Softball; Swimming; Tennis; Track and Field and Cross Country (combined); Volleyball; Wrestling"
498571,"NCAA","D2",NA,TRUE,"NCAA Division II with football",4,NA,"Baseball; Basketball; Football; Golf; Lacrosse; Soccer; Softball; Swimming and Diving (combined); Tennis; Track and Field and Cross Country (combined); Volleyball; Wrestling"
498623,"NCCAA","Other",NA,FALSE,"NCCAA Division I",15,NA,"Basketball; Soccer; Volleyball"
