"table_name","variable","code","label"
"HD2024","STABBR","AL","Alabama"
"HD2024","STABBR","AK","Alaska"
"HD2024","STABBR","AZ","Arizona"
"HD2024","STABBR","AR","Arkansas"
"HD2024","STABBR","CA","California"
"HD2024","STABBR","CO","Colorado"
"HD2024","STABBR","CT","Connecticut"
"HD2024","STABBR","DE","Delaware"
"HD2024","STABBR","DC","District of Columbia"
"HD2024","STABBR","FL","Florida"
"HD2024","STABBR","GA","Georgia"
"HD2024","STABBR","HI","Hawaii"
"HD2024","STABBR","ID","Idaho"
"HD2024","STABBR","IL","Illinois"
"HD2024","STABBR","IN","Indiana"
"HD2024","STABBR","IA","Iowa"
"HD2024","STABBR","KS","Kansas"
"HD2024","STABBR","KY","Kentucky"
"HD2024","STABBR","LA","Louisiana"
"HD2024","STABBR","ME","Maine"
"HD2024","STABBR","MD","Maryland"
"HD2024","STABBR","MA","Massachusetts"
"HD2024","STABBR","MI","Michigan"
"HD2024","STABBR","MN","Minnesota"
"HD2024","STABBR","MS","Mississippi"
"HD2024","STABBR","MO","Missouri"
"HD2024","STABBR","MT","Montana"
"HD2024","STABBR","NE","Nebraska"
"HD2024","STABBR","NV","Nevada"
"HD2024","STABBR","NH","New Hampshire"
"HD2024","STABBR","NJ","New Jersey"
"HD2024","STABBR","NM","New Mexico"
"HD2024","STABBR","NY","New York"
"HD2024","STABBR","NC","North Carolina"
"HD2024","STABBR","ND","North Dakota"
"HD2024","STABBR","OH","Ohio"
"HD2024","STABBR","OK","Oklahoma"
"HD2024","STABBR","OR","Oregon"
"HD2024","STABBR","PA","Pennsylvania"
"HD2024","STABBR","RI","Rhode Island"
"HD2024","STABBR","SC","South Carolina"
"HD2024","STABBR","SD","South Dakota"
"HD2024","STABBR","TN","Tennessee"
"HD2024","STABBR","TX","Texas"
"HD2024","STABBR","UT","Utah"
"HD2024","STABBR","VT","Vermont"
"HD2024","STABBR","VA","Virginia"
"HD2024","STABBR","WA","Washington"
"HD2024","STABBR","WV","West Virginia"
"HD2024","STABBR","WI","Wisconsin"
"HD2024","STABBR","WY","Wyoming"
"HD2024","STABBR","AS","American Samoa"
"HD2024","STABBR","FM","Federated States of Micronesia"
"HD2024","STABBR","GU","Guam"
"HD2024","STABBR","MH","Marshall Islands"
"HD2024","STABBR","MP","Northern Marianas"
"HD2024","STABBR","PW","Palau"
"HD2024","STABBR","PR","Puerto Rico"
"HD2024","STABBR","VI","Virgin Islands"
"HD2024","FIPS","1","Alabama"
"HD2024","FIPS","2","Alaska"
"HD2024","FIPS","4","Arizona"
"HD2024","FIPS","5","Arkansas"
"HD2024","FIPS","6","California"
"HD2024","FIPS","8","Colorado"
"HD2024","FIPS","9","Connecticut"
"HD2024","FIPS","10","Delaware"
"HD2024","FIPS","11","District of Columbia"
"HD2024","FIPS","12","Florida"
"HD2024","FIPS","13","Georgia"
"HD2024","FIPS","15","Hawaii"
"HD2024","FIPS","16","Idaho"
"HD2024","FIPS","17","Illinois"
"HD2024","FIPS","18","Indiana"
"HD2024","FIPS","19","Iowa"
"HD2024","FIPS","20","Kansas"
"HD2024","FIPS","21","Kentucky"
"HD2024","FIPS","22","Louisiana"
"HD2024","FIPS","23","Maine"
"HD2024","FIPS","24","Maryland"
"HD2024","FIPS","25","Massachusetts"
"HD2024","FIPS","26","Michigan"
"HD2024","FIPS","27","Minnesota"
"HD2024","FIPS","28","Mississippi"
"HD2024","FIPS","29","Missouri"
"HD2024","FIPS","30","Montana"
"HD2024","FIPS","31","Nebraska"
"HD2024","FIPS","32","Nevada"
"HD2024","FIPS","33","New Hampshire"
"HD2024","FIPS","34","New Jersey"
"HD2024","FIPS","35","New Mexico"
"HD2024","FIPS","36","New York"
"HD2024","FIPS","37","North Carolina"
"HD2024","FIPS","38","North Dakota"
"HD2024","FIPS","39","Ohio"
"HD2024","FIPS","40","Oklahoma"
"HD2024","FIPS","41","Oregon"
"HD2024","FIPS","42","Pennsylvania"
"HD2024","FIPS","44","Rhode Island"
"HD2024","FIPS","45","South Carolina"
"HD2024","FIPS","46","South Dakota"
"HD2024","FIPS","47","Tennessee"
"HD2024","FIPS","48","Texas"
"HD2024","FIPS","49","Utah"
"HD2024","FIPS","50","Vermont"
"HD2024","FIPS","51","Virginia"
"HD2024","FIPS","53","Washington"
"HD2024","FIPS","54","West Virginia"
"HD2024","FIPS","55","Wisconsin"
"HD2024","FIPS","56","Wyoming"
"HD2024","FIPS","60","American Samoa"
"HD2024","FIPS","64","Federated States of Micronesia"
"HD2024","FIPS","66","Guam"
"HD2024","FIPS","68","Marshall Islands"
"HD2024","FIPS","69","Northern Marianas"
"HD2024","FIPS","70","Palau"
"HD2024","FIPS","72","Puerto Rico"
"HD2024","FIPS","78","Virgin Islands"
"HD2024","OBEREG","0","U.S. Service schools"
"HD2024","OBEREG","1","New England (CT, ME, MA, NH, RI, VT)"
"HD2024","OBEREG","2","Mid East (DE, DC, MD, NJ, NY, PA)"
"HD2024","OBEREG","3","Great Lakes (IL, IN, MI, OH, WI)"
"HD2024","OBEREG","4","Plains (IA, KS, MN, MO, NE, ND, SD)"
"HD2024","OBEREG","5","Southeast (AL, AR, FL, GA, KY, LA, MS, NC, SC, TN, VA, WV)"
"HD2024","OBEREG","6","Southwest (AZ, NM, OK, TX)"
"HD2024","OBEREG","7","Rocky Mountains (CO, ID, MT, UT, WY)"
"HD2024","OBEREG","8","Far West (AK, CA, HI, NV, OR, WA)"
"HD2024","OBEREG","9","Other U.S. jurisdictions (AS, FM, GU, MH, MP, PR, PW, VI)"
"HD2024","OPEFLAG","1","Participates in Title IV federal financial aid programs"
"HD2024","OPEFLAG","2","Branch campus of a main campus that participates in Title IV"
"HD2024","OPEFLAG","3","Deferment only - limited participation"
"HD2024","OPEFLAG","4","New participants (became eligible during winter collection)"
"HD2024","OPEFLAG","8","New participants (became eligible during spring collection)"
"HD2024","OPEFLAG","5","Not currently participating in Title IV, has an OPE ID number"
"HD2024","OPEFLAG","6","Not currently participating in Title IV, does not have OPE ID number"
"HD2024","OPEFLAG","7","Stopped participating during the survey year"
"HD2024","SECTOR","0","Administrative Unit"
"HD2024","SECTOR","1","Public, 4-year or above"
"HD2024","SECTOR","2","Private not-for-profit, 4-year or above"
"HD2024","SECTOR","3","Private for-profit, 4-year or above"
"HD2024","SECTOR","4","Public, 2-year"
"HD2024","SECTOR","5","Private not-for-profit, 2-year"
"HD2024","SECTOR","6","Private for-profit, 2-year"
"HD2024","SECTOR","7","Public, less-than 2-year"
"HD2024","SECTOR","8","Private not-for-profit, less-than 2-year"
"HD2024","SECTOR","9","Private for-profit, less-than 2-year"
"HD2024","SECTOR","99","Sector unknown (not active)"
"HD2024","ICLEVEL","1","Four or more years"
"HD2024","ICLEVEL","2","At least 2 but less than 4 years"
"HD2024","ICLEVEL","3","Less than 2 years (below associate)"
"HD2024","ICLEVEL","-3","{Not available}"
"HD2024","CONTROL","1","Public"
"HD2024","CONTROL","2","Private not-for-profit"
"HD2024","CONTROL","3","Private for-profit"
"HD2024","CONTROL","-3","{Not available}"
"HD2024","HLOFFER","1","Award of less than one academic year"
"HD2024","HLOFFER","2","At least 1, but less than 2 academic yrs"
"HD2024","HLOFFER","3","Associate's degree"
"HD2024","HLOFFER","4","At least 2, but less than 4 academic yrs"
"HD2024","HLOFFER","5","Bachelor's degree"
"HD2024","HLOFFER","6","Postbaccalaureate certificate"
"HD2024","HLOFFER","7","Master's degree"
"HD2024","HLOFFER","8","Post-master's certificate"
"HD2024","HLOFFER","9","Doctor's degree"
"HD2024","HLOFFER","-2","Not applicable, first-professional only"
"HD2024","HLOFFER","-3","{Not available}"
"HD2024","UGOFFER","1","Undergraduate degree or certificate offering"
"HD2024","UGOFFER","2","No undergraduate offering"
"HD2024","UGOFFER","-3","{Not available}"
"HD2024","GROFFER","1","Graduate degree or certificate offering"
"HD2024","GROFFER","2","No graduate offering"
"HD2024","GROFFER","-3","{Not available}"
"HD2024","HDEGOFR1","11","Doctor's degree - research/scholarship and professional practice"
"HD2024","HDEGOFR1","12","Doctor's degree - research/scholarship"
"HD2024","HDEGOFR1","13","Doctor's degree -  professional practice"
"HD2024","HDEGOFR1","14","Doctor's degree - other"
"HD2024","HDEGOFR1","20","Master's degree"
"HD2024","HDEGOFR1","30","Bachelor's degree"
"HD2024","HDEGOFR1","40","Associate's degree"
"HD2024","HDEGOFR1","0","Non-degree granting"
"HD2024","HDEGOFR1","-3","{Not available}"
"HD2024","DEGGRANT","1","Degree-granting"
"HD2024","DEGGRANT","2","Nondegree-granting, primarily postsecondary"
"HD2024","DEGGRANT","-3","{Not available}"
"HD2024","HBCU","1","Yes"
"HD2024","HBCU","2","No"
"HD2024","HOSPITAL","1","Yes"
"HD2024","HOSPITAL","2","No"
"HD2024","HOSPITAL","-1","Not reported"
"HD2024","HOSPITAL","-2","Not applicable"
"HD2024","MEDICAL","1","Yes"
"HD2024","MEDICAL","2","No"
"HD2024","MEDICAL","-1","Not reported"
"HD2024","MEDICAL","-2","Not applicable"
"HD2024","TRIBAL","1","Yes"
"HD2024","TRIBAL","2","No"
"HD2024","LOCALE","11","City: Large"
"HD2024","LOCALE","12","City: Midsize"
"HD2024","LOCALE","13","City: Small"
"HD2024","LOCALE","21","Suburb: Large"
"HD2024","LOCALE","22","Suburb: Midsize"
"HD2024","LOCALE","23","Suburb: Small"
"HD2024","LOCALE","31","Town: Fringe"
"HD2024","LOCALE","32","Town: Distant"
"HD2024","LOCALE","33","Town: Remote"
"HD2024","LOCALE","41","Rural: Fringe"
"HD2024","LOCALE","42","Rural: Distant"
"HD2024","LOCALE","43","Rural: Remote"
"HD2024","LOCALE","-3","{Not available}"
"HD2024","OPENPUBL","1","Institution is open to the public"
"HD2024","OPENPUBL","0","Institution is not open to the public"
"HD2024","ACT","A","Active - institution active "
"HD2024","ACT","N","New (active) - added during the current year"
"HD2024","ACT","R","Restore (active) - restored to the current universe"
"HD2024","ACT","M","Closed in current year (active has data)"
"HD2024","ACT","C","Combined with other institution"
"HD2024","ACT","D","Delete out of business"
"HD2024","ACT","I","Inactive due to hurricane related problems"
"HD2024","ACT","O","Out-of-scope of IPEDS - not postsecondary"
"HD2024","ACT","P","Potential new/add institution"
"HD2024","ACT","Q","Potential restore institution"
"HD2024","ACT","W","Potential add not within scope of IPEDS"
"HD2024","ACT","X","Potential restore not within scope of IPEDS"
"HD2024","ACT","G","Perfect child campus - data reported with main campus, but is listed on college navigator"
"HD2024","DEATHYR","2023","2023"
"HD2024","DEATHYR","2024","2024"
"HD2024","DEATHYR","2025","2025"
"HD2024","DEATHYR","-2","Not applicable"
"HD2024","CYACTIVE","1","Yes"
"HD2024","CYACTIVE","2","No, potential add or restore"
"HD2024","CYACTIVE","3","No, closed, combined, or out-of-scope"
"HD2024","POSTSEC","1","Primarily postsecondary institution"
"HD2024","POSTSEC","2","Not primarily postsecondary"
"HD2024","POSTSEC","3","Not postsecondary"
"HD2024","PSEFLAG","1","Active postsecondary institution"
"HD2024","PSEFLAG","2","Not primarily postsecondary or open to public"
"HD2024","PSEFLAG","3","Not active"
"HD2024","PSET4FLG","1","Title IV postsecondary institution"
"HD2024","PSET4FLG","2","Non-Title IV postsecondary institution
"
"HD2024","PSET4FLG","3","Title IV NOT primarily postsecondary institution
"
"HD2024","PSET4FLG","4","Non-Title IV NOT primarily postsecondary institution
"
"HD2024","PSET4FLG","5","Title IV postsecondary institution that is NOT open to the public"
"HD2024","PSET4FLG","6","Non-Title IV postsecondary institution that is NOT open to the public
"
"HD2024","PSET4FLG","9","Institution is not active in current universe
"
"FLAGS2024","STAT_IC","1","Respondent"
"FLAGS2024","STAT_IC","2","Partial respondent, imputed"
"FLAGS2024","STAT_IC","3","Partial respondent, not imputed"
"FLAGS2024","STAT_IC","4","Nonrespondent, imputed"
"FLAGS2024","STAT_IC","5","Nonrespondent, not imputed"
"FLAGS2024","STAT_IC","-2","Not applicable"
"FLAGS2024","STAT_IC","-9","Not active"
"FLAGS2024","LOCK_IC","0","No data"
"FLAGS2024","LOCK_IC","1","Has data not edited"
"FLAGS2024","LOCK_IC","3","Edited, some errors/warnings remain"
"FLAGS2024","LOCK_IC","8","Complete, final lock applied"
"FLAGS2024","LOCK_IC","-2","Not applicable"
"HD2024","C00CARNEGIE","-2","Not classified, not in classification universe"
"HD2024","C00CARNEGIE","15","Doctoral/Research Universities—Extensive"
"HD2024","C00CARNEGIE","16","Doctoral/Research Universities—Intensive"
"HD2024","C00CARNEGIE","21","Master's Colleges and Universities I"
"HD2024","C00CARNEGIE","22","Master's Colleges and Universities II"
"HD2024","C00CARNEGIE","31","Baccalaureate Colleges—Liberal Arts"
"HD2024","C00CARNEGIE","32","Baccalaureate Colleges—General"
"HD2024","C00CARNEGIE","33","Baccalaureate/Associate's Colleges"
"HD2024","C00CARNEGIE","40","Associate's Colleges"
"HD2024","C00CARNEGIE","51","Specialized Institutions—Theological seminaries and other specialized faith-related institutions"
"HD2024","C00CARNEGIE","52","Specialized Institutions—Medical schools and medical centers"
"HD2024","C00CARNEGIE","53","Specialized Institutions—Other separate health profession schools"
"HD2024","C00CARNEGIE","54","Specialized Institutions—Schools of engineering and technology"
"HD2024","C00CARNEGIE","55","Specialized Institutions—Schools of business and management"
"HD2024","C00CARNEGIE","56","Specialized Institutions—Schools of art, music, and design"
"HD2024","C00CARNEGIE","57","Specialized Institutions—Schools of law"
"HD2024","C00CARNEGIE","58","Specialized Institutions—Teachers colleges"
"HD2024","C00CARNEGIE","59","Specialized Institutions—Other specialized institutions"
"HD2024","C00CARNEGIE","60","Tribal colleges and universities"
"HD2024","CARNEGIEIC","-2","Not classified"
"HD2024","CARNEGIEIC","1","Mixed Associate Large"
"HD2024","CARNEGIEIC","2","Mixed Associate Medium"
"HD2024","CARNEGIEIC","3","Mixed Associate Small"
"HD2024","CARNEGIEIC","4","Mixed Associate/Baccalaureate"
"HD2024","CARNEGIEIC","5","Mixed Baccalaureate"
"HD2024","CARNEGIEIC","6","Mixed Undergraduate/Graduate-Doctorate Large"
"HD2024","CARNEGIEIC","7","Mixed Undergraduate/Graduate-Doctorate Medium"
"HD2024","CARNEGIEIC","8","Mixed Undergraduate/Graduate-Doctorate Small"
"HD2024","CARNEGIEIC","9","Mixed Undergraduate/Graduate-Master's Large/Medium"
"HD2024","CARNEGIEIC","10","Mixed Undergraduate/Graduate-Master's Small"
"HD2024","CARNEGIEIC","11","Professions-focused Associate Large/Medium"
"HD2024","CARNEGIEIC","12","Professions-focused Associate Small"
"HD2024","CARNEGIEIC","13","Professions-focused Associate/Baccalaureate"
"HD2024","CARNEGIEIC","14","Professions-focused Baccalaureate Medium"
"HD2024","CARNEGIEIC","15","Professions-focused Baccalaureate Small"
"HD2024","CARNEGIEIC","16","Professions-focused Undergraduate/Graduate-Doctorate Large"
"HD2024","CARNEGIEIC","17","Professions-focused Undergraduate/Graduate-Doctorate Medium"
"HD2024","CARNEGIEIC","18","Professions-focused Undergraduate/Graduate-Doctorate Small"
"HD2024","CARNEGIEIC","19","Professions-focused Undergraduate/Graduate-Master's Large/Medium"
"HD2024","CARNEGIEIC","20","Professions-focused Undergraduate/Graduate-Master's Small"
"HD2024","CARNEGIEIC","21","Special Focus: Applied and Career Studies"
"HD2024","CARNEGIEIC","22","Special Focus: Arts and Sciences"
"HD2024","CARNEGIEIC","23","Special Focus: Arts, Music, and Design"
"HD2024","CARNEGIEIC","24","Special Focus: Business"
"HD2024","CARNEGIEIC","25","Special Focus: Graduate Studies"
"HD2024","CARNEGIEIC","26","Special Focus: Law"
"HD2024","CARNEGIEIC","27","Special Focus: Medical Schools and Centers"
"HD2024","CARNEGIEIC","28","Special Focus: Nursing"
"HD2024","CARNEGIEIC","29","Special Focus: Other Health Professions"
"HD2024","CARNEGIEIC","30","Special Focus: Technology, Engineering, and Sciences"
"HD2024","CARNEGIEIC","31","Special Focus: Theological Studies"
"HD2024","CARNEGIESAEC","-2","Not Classified in SAEC"
"HD2024","CARNEGIESAEC","1","Lower Access, Lower Earnings"
"HD2024","CARNEGIESAEC","2","Higher Access, Lower Earnings"
"HD2024","CARNEGIESAEC","3","Lower Access, Medium Earnings"
"HD2024","CARNEGIESAEC","4","Higher Access, Medium Earnings"
"HD2024","CARNEGIESAEC","5","Lower Access, Higher Earnings"
"HD2024","CARNEGIESAEC","6","Opportunity Colleges and Universities – Higher Access, Higher Earnings"
"HD2024","CARNEGIESIZE","-2","Not classified"
"HD2024","CARNEGIESIZE","1","Very Small"
"HD2024","CARNEGIESIZE","2","Small"
"HD2024","CARNEGIESIZE","3","Medium"
"HD2024","CARNEGIESIZE","4","Large"
"HD2024","CARNEGIESIZE","5","Very Large"
"HD2024","CARNEGIEALF","-2","Not classified"
"HD2024","CARNEGIEALF","1","Associate"
"HD2024","CARNEGIEALF","2","Associate/Baccalaureate"
"HD2024","CARNEGIEALF","3","Baccalaureate"
"HD2024","CARNEGIEALF","4","Undergraduate/Graduate-Master's"
"HD2024","CARNEGIEALF","5","Undergraduate/Graduate-Doctorate"
"HD2024","CARNEGIEALF","6","Graduate-focused"
"HD2024","CARNEGIEAPM","-2","Not classified"
"HD2024","CARNEGIEAPM","1","Mixed"
"HD2024","CARNEGIEAPM","2","Professions-focused"
"HD2024","CARNEGIEAPM","3","Special Focus: Applied and Career Studies"
"HD2024","CARNEGIEAPM","4","Special Focus: Arts and Sciences"
"HD2024","CARNEGIEAPM","5","Special Focus: Arts, Music, and Design"
"HD2024","CARNEGIEAPM","6","Special Focus: Business"
"HD2024","CARNEGIEAPM","7","Special Focus: Law"
"HD2024","CARNEGIEAPM","8","Special Focus: Medical Schools and Centers"
"HD2024","CARNEGIEAPM","9","Special Focus: Nursing"
"HD2024","CARNEGIEAPM","10","Special Focus: Other Health Professions"
"HD2024","CARNEGIEAPM","11","Special Focus: Technology, Engineering, and Sciences"
"HD2024","CARNEGIEAPM","12","Special Focus: Theological Studies"
"HD2024","CARNEGIEGPM","-2","Not classified"
"HD2024","CARNEGIEGPM","1","Mixed"
"HD2024","CARNEGIEGPM","2","Professions-focused"
"HD2024","CARNEGIEGPM","3","Special Focus: Applied and Career Studies"
"HD2024","CARNEGIEGPM","4","Special Focus: Arts and Sciences"
"HD2024","CARNEGIEGPM","5","Special Focus: Arts, Music, and Design"
"HD2024","CARNEGIEGPM","6","Special Focus: Business"
"HD2024","CARNEGIEGPM","7","Special Focus: Law"
"HD2024","CARNEGIEGPM","8","Special Focus: Medical Schools and Centers"
"HD2024","CARNEGIEGPM","9","Special Focus: Nursing"
"HD2024","CARNEGIEGPM","10","Special Focus: Other Health Professions"
"HD2024","CARNEGIEGPM","11","Special Focus: Technology, Engineering, and Sciences"
"HD2024","CARNEGIEGPM","12","Special Focus: Theological Studies"
"HD2024","CARNEGIERSCH","-2","No research designation"
"HD2024","CARNEGIERSCH","1","Research 1: Very High Spending and Doctorate Production"
"HD2024","CARNEGIERSCH","2","Research 2: High Spending and Doctorate Production"
"HD2024","CARNEGIERSCH","3","Research Colleges and Universities"
"IC2024","PEO1ISTR","1","Yes"
"IC2024","PEO1ISTR","0","Implied no"
"IC2024","PEO1ISTR","-1","Not reported"
"IC2024","PEO2ISTR","1","Yes"
"IC2024","PEO2ISTR","0","Implied no"
"IC2024","PEO2ISTR","-1","Not reported"
"IC2024","PEO3ISTR","1","Yes"
"IC2024","PEO3ISTR","0","Implied no"
"IC2024","PEO3ISTR","-1","Not reported"
"IC2024","PEO3ISTR","-2","Not applicable"
"IC2024","PEO4ISTR","1","Yes"
"IC2024","PEO4ISTR","0","Implied no"
"IC2024","PEO4ISTR","-1","Not reported"
"IC2024","PEO5ISTR","1","Yes"
"IC2024","PEO5ISTR","0","Implied no"
"IC2024","PEO5ISTR","-1","Not reported"
"IC2024","PEO6ISTR","1","Yes"
"IC2024","PEO6ISTR","0","Implied no"
"IC2024","PEO6ISTR","-1","Not reported"
"IC2024","PEO7ISTR","1","Yes"
"IC2024","PEO7ISTR","0","Implied No"
"IC2024","PEO7ISTR","-1","Not reported"
"IC2024","PEO7ISTR","-2","Not applicable"
"IC2024","CNTLAFFI","1","Public"
"IC2024","CNTLAFFI","2","Private for-profit"
"IC2024","CNTLAFFI","3","Private not-for-profit (no religious affiliation)"
"IC2024","CNTLAFFI","4","Private not-for-profit (religious affiliation)"
"IC2024","CNTLAFFI","-1","Not reported"
"IC2024","PUBPRIME","1","Federal"
"IC2024","PUBPRIME","2","State"
"IC2024","PUBPRIME","3","Territorial"
"IC2024","PUBPRIME","4","School district"
"IC2024","PUBPRIME","5","County"
"IC2024","PUBPRIME","6","Township"
"IC2024","PUBPRIME","7","City"
"IC2024","PUBPRIME","8","Special district"
"IC2024","PUBPRIME","9","Other"
"IC2024","PUBPRIME","-1","Not reported"
"IC2024","PUBPRIME","-2","Not applicable"
"IC2024","PUBSECON","1","Federal"
"IC2024","PUBSECON","2","State"
"IC2024","PUBSECON","3","Territorial"
"IC2024","PUBSECON","4","School district"
"IC2024","PUBSECON","5","County"
"IC2024","PUBSECON","6","Township"
"IC2024","PUBSECON","7","City"
"IC2024","PUBSECON","8","Special district"
"IC2024","PUBSECON","9","Other"
"IC2024","PUBSECON","0","Implied no"
"IC2024","PUBSECON","-1","Not reported"
"IC2024","PUBSECON","-2","Not applicable"
"IC2024","RELAFFIL","51","African Methodist Episcopal"
"IC2024","RELAFFIL","24","African Methodist Episcopal Zion Church"
"IC2024","RELAFFIL","52","American Baptist"
"IC2024","RELAFFIL","22","American Evangelical Lutheran Church"
"IC2024","RELAFFIL","53","American Lutheran"
"IC2024","RELAFFIL","27","Assemblies of God Church"
"IC2024","RELAFFIL","54","Baptist"
"IC2024","RELAFFIL","28","Brethren Church"
"IC2024","RELAFFIL","109","Buddhist/Buddhism"
"IC2024","RELAFFIL","34","Christ and Missionary Alliance Church"
"IC2024","RELAFFIL","61","Christian Church (Disciples of Christ)"
"IC2024","RELAFFIL","48","Christian Churches and Churches of Christ"
"IC2024","RELAFFIL","55","Christian Methodist Episcopal"
"IC2024","RELAFFIL","35","Christian Reformed Church"
"IC2024","RELAFFIL","58","Church of Brethren"
"IC2024","RELAFFIL","57","Church of God"
"IC2024","RELAFFIL","59","Church of the Nazarene"
"IC2024","RELAFFIL","74","Churches of Christ"
"IC2024","RELAFFIL","60","Cumberland Presbyterian"
"IC2024","RELAFFIL","101","Ecumenical Christian"
"IC2024","RELAFFIL","50","Episcopal Church, Reformed"
"IC2024","RELAFFIL","102","Evangelical Christian"
"IC2024","RELAFFIL","36","Evangelical Congregational Church"
"IC2024","RELAFFIL","37","Evangelical Covenant Church of America"
"IC2024","RELAFFIL","38","Evangelical Free Church of America"
"IC2024","RELAFFIL","39","Evangelical Lutheran Church"
"IC2024","RELAFFIL","64","Free Methodist"
"IC2024","RELAFFIL","41","Free Will Baptist Church"
"IC2024","RELAFFIL","65","Friends"
"IC2024","RELAFFIL","105","General Baptist"
"IC2024","RELAFFIL","91","Greek Orthodox"
"IC2024","RELAFFIL","42","Interdenominational"
"IC2024","RELAFFIL","40","International United Pentecostal Church"
"IC2024","RELAFFIL","80","Jewish"
"IC2024","RELAFFIL","68","Lutheran Church - Missouri Synod"
"IC2024","RELAFFIL","67","Lutheran Church in America"
"IC2024","RELAFFIL","43","Mennonite Brethren Church"
"IC2024","RELAFFIL","69","Mennonite Church"
"IC2024","RELAFFIL","87","Missionary Church Inc"
"IC2024","RELAFFIL","44","Moravian Church"
"IC2024","RELAFFIL","78","Multiple Protestant Denomination"
"IC2024","RELAFFIL","106","Muslim"
"IC2024","RELAFFIL","108","Non-Denominational"
"IC2024","RELAFFIL","45","North American Baptist"
"IC2024","RELAFFIL","100","Original Free Will Baptist"
"IC2024","RELAFFIL","110","Orthodox Christian"
"IC2024","RELAFFIL","79","Other Protestant"
"IC2024","RELAFFIL","47","Pentecostal Holiness Church"
"IC2024","RELAFFIL","107","Plymouth Brethren"
"IC2024","RELAFFIL","103","Presbyterian"
"IC2024","RELAFFIL","66","Presbyterian Church (USA)"
"IC2024","RELAFFIL","73","Protestant Episcopal"
"IC2024","RELAFFIL","77","Protestant, not specified"
"IC2024","RELAFFIL","49","Reformed Church in America"
"IC2024","RELAFFIL","81","Reformed Presbyterian Church"
"IC2024","RELAFFIL","30","Roman Catholic"
"IC2024","RELAFFIL","92","Russian Orthodox"
"IC2024","RELAFFIL","95","Seventh Day Adventist"
"IC2024","RELAFFIL","75","Southern Baptist"
"IC2024","RELAFFIL","94","The Church of Jesus Christ of Latter-day Saints"
"IC2024","RELAFFIL","97","The Presbyterian Church in America"
"IC2024","RELAFFIL","88","Undenominational"
"IC2024","RELAFFIL","93","Unitarian Universalist"
"IC2024","RELAFFIL","84","United Brethren Church"
"IC2024","RELAFFIL","76","United Church of Christ"
"IC2024","RELAFFIL","71","United Methodist"
"IC2024","RELAFFIL","104","Virginia Baptist General Association"
"IC2024","RELAFFIL","89","Wesleyan"
"IC2024","RELAFFIL","33","Wisconsin Evangelical Lutheran Synod"
"IC2024","RELAFFIL","99","Other (none of the above)"
"IC2024","RELAFFIL","-1","Not reported"
"IC2024","RELAFFIL","-2","Not applicable"
"IC2024","LEVEL1","1","Yes"
"IC2024","LEVEL1","0","Implied no"
"IC2024","LEVEL1","-1","Not reported"
"IC2024","LEVEL1A","1","Yes"
"IC2024","LEVEL1A","0","Implied no"
"IC2024","LEVEL1A","-1","Not reported"
"IC2024","LEVEL1B","1","Yes"
"IC2024","LEVEL1B","0","implied no"
"IC2024","LEVEL1B","-1","Not reported"
"IC2024","LEVEL2","1","Yes"
"IC2024","LEVEL2","0","Implied no"
"IC2024","LEVEL2","-1","Not applicable"
"IC2024","LEVEL3","1","Yes"
"IC2024","LEVEL3","0","Implied no"
"IC2024","LEVEL3","-1","Not reported"
"IC2024","LEVEL4","1","Yes"
"IC2024","LEVEL4","0","Implied no"
"IC2024","LEVEL4","-1","Not reported"
"IC2024","LEVEL5","1","Yes"
"IC2024","LEVEL5","0","Implied no"
"IC2024","LEVEL5","-1","Not reported"
"IC2024","LEVEL5","-2","Not applicable"
"IC2024","LEVEL6","1","Yes"
"IC2024","LEVEL6","0","Implied no"
"IC2024","LEVEL6","-1","Not reported"
"IC2024","LEVEL6","-2","Not applicable"
"IC2024","LEVEL7","1","Yes"
"IC2024","LEVEL7","0","Implied no"
"IC2024","LEVEL7","-1","Not reported"
"IC2024","LEVEL7","-2","Not applicable"
"IC2024","LEVEL8","1","Yes"
"IC2024","LEVEL8","0","Implied no"
"IC2024","LEVEL8","-1","Not reported"
"IC2024","LEVEL8","-2","Not applicable"
"IC2024","LEVEL17","1","Yes"
"IC2024","LEVEL17","0","Implied no"
"IC2024","LEVEL17","-1","Not reported"
"IC2024","LEVEL17","-2","Not applicable"
"IC2024","LEVEL18","1","Yes"
"IC2024","LEVEL18","0","Implied no"
"IC2024","LEVEL18","-1","Not reported"
"IC2024","LEVEL18","-2","Not applicable"
"IC2024","LEVEL19","1","Yes"
"IC2024","LEVEL19","0","Implied no"
"IC2024","LEVEL19","-1","Not reported"
"IC2024","LEVEL19","-2","Not applicable"
"IC2024","LEVEL12","1","Yes"
"IC2024","LEVEL12","0","Implied no"
"IC2024","LEVEL12","-1","Not reported"
"IC2024","OPENADMP","1","Yes"
"IC2024","OPENADMP","2","No"
"IC2024","OPENADMP","-1","Not reported"
"IC2024","OPENADMP","-2","Not applicable"
"FLAGS2024","STAT_ADM","1","Respondent"
"FLAGS2024","STAT_ADM","2","Partial respondent, imputed"
"FLAGS2024","STAT_ADM","3","Partial respondent, not imputed"
"FLAGS2024","STAT_ADM","4","Nonrespondent, imputed"
"FLAGS2024","STAT_ADM","5","Nonrespondent, not imputed"
"FLAGS2024","STAT_ADM","-2","Not applicable"
"FLAGS2024","STAT_ADM","-9","Not active"
"FLAGS2024","LOCK_ADM","8","Complete, final lock applied"
"FLAGS2024","LOCK_ADM","0","No data submitted"
"FLAGS2024","LOCK_ADM","1","Has data, not edited"
"FLAGS2024","LOCK_ADM","3","Edited, some errors/warnings remain"
"FLAGS2024","LOCK_ADM","-2","Not applicable"
"FLAGS2024","IMP_ADM","1","Carry forward (CF)"
"FLAGS2024","IMP_ADM","2","Nearest neighbor (NN)"
"FLAGS2024","IMP_ADM","3","Group median (GM)"
"FLAGS2024","IMP_ADM","-2","Not applicable"
"IC2024","CREDITS2","1","Yes"
"IC2024","CREDITS2","0","Implied no"
"IC2024","CREDITS2","-1","Not reported"
"IC2024","CREDITS2","-2","Not applicable"
"IC2024","CREDITS3","1","Yes"
"IC2024","CREDITS3","0","Implied no"
"IC2024","CREDITS3","-1","Not reported"
"IC2024","CREDITS3","-2","Not applicable"
"IC2024","CREDITS4","1","Yes"
"IC2024","CREDITS4","0","Implied no"
"IC2024","CREDITS4","-1","Not reported"
"IC2024","CREDITS4","-2","Not applicable"
"IC2024","SLO5","1","Yes"
"IC2024","SLO5","0","Implied no"
"IC2024","SLO5","-1","Not reported"
"IC2024","SLO5","-2","Not applicable"
"IC2024","SLO51","1","Yes"
"IC2024","SLO51","0","Implied no"
"IC2024","SLO51","-1","Not reported"
"IC2024","SLO51","-2","Not applicable"
"IC2024","SLO52","1","Yes"
"IC2024","SLO52","0","Implied no"
"IC2024","SLO52","-1","Not reported"
"IC2024","SLO52","-2","Not applicable"
"IC2024","SLO521","1","Yes"
"IC2024","SLO521","0","Implied No"
"IC2024","SLO521","-1","Not reported"
"IC2024","SLO521","-2","Not applicable"
"IC2024","SLO53","1","Yes"
"IC2024","SLO53","0","Implied no"
"IC2024","SLO53","-1","Not reported"
"IC2024","SLO53","-2","Not applicable"
"IC2024","SLO6","1","Yes"
"IC2024","SLO6","0","Implied no"
"IC2024","SLO6","-1","Not reported"
"IC2024","SLO6","-2","Not applicable"
"IC2024","SLO7","1","Yes"
"IC2024","SLO7","0","Implied no"
"IC2024","SLO7","-1","Not reported"
"IC2024","SLO7","-2","Not applicable"
"IC2024","SLOA","1","Yes"
"IC2024","SLOA","0","Implied No"
"IC2024","SLOA","-1","Not reported"
"IC2024","SLOA","-2","Not applicable"
"IC2024","SLO8","1","Yes"
"IC2024","SLO8","0","Implied no"
"IC2024","SLO8","-1","Not reported"
"IC2024","SLO8","-2","Not applicable"
"IC2024","SLO81","1","Yes"
"IC2024","SLO81","0","Implied no"
"IC2024","SLO81","-1","Not reported"
"IC2024","SLO81","-2","Not applicable"
"IC2024","SLO82","1","Yes"
"IC2024","SLO82","0","Implied no"
"IC2024","SLO82","-1","Not reported"
"IC2024","SLO82","-2","Not applicable"
"IC2024","SLO83","1","Yes"
"IC2024","SLO83","0","Implied no"
"IC2024","SLO83","-1","Not reported"
"IC2024","SLO83","-2","Not applicable"
"IC2024","SLOB","1","Yes"
"IC2024","SLOB","0","Implied No"
"IC2024","SLOB","-1","Not reported"
"IC2024","SLOB","-2","Not applicable"
"IC2024","SLO9","1","Yes"
"IC2024","SLO9","0","Implied no"
"IC2024","SLO9","-1","Not reported"
"IC2024","SLO9","-2","Not applicable"
"IC2024","YRSCOLL","1","One"
"IC2024","YRSCOLL","2","Two"
"IC2024","YRSCOLL","3","Three"
"IC2024","YRSCOLL","4","Four"
"IC2024","YRSCOLL","5","Five"
"IC2024","YRSCOLL","6","Six"
"IC2024","YRSCOLL","7","Seven"
"IC2024","YRSCOLL","8","Eight"
"IC2024","YRSCOLL","-1","Not reported"
"IC2024","YRSCOLL","-2","Not applicable"
"IC2024","STUSRV2","1","Yes"
"IC2024","STUSRV2","0","Implied no"
"IC2024","STUSRV2","-1","Not reported"
"IC2024","STUSRV2","-2","Not applicable"
"IC2024","STUSRV3","1","Yes"
"IC2024","STUSRV3","0","Implied no"
"IC2024","STUSRV3","-1","Not reported"
"IC2024","STUSRV3","-2","Not applicable"
"IC2024","STUSRV4","1","Yes"
"IC2024","STUSRV4","0","Implied no"
"IC2024","STUSRV4","-1","Not reported"
"IC2024","STUSRV4","-2","Not applicable"
"IC2024","STUSRV8","1","Yes"
"IC2024","STUSRV8","0","Implied no"
"IC2024","STUSRV8","-1","Not reported"
"IC2024","STUSRV8","-2","Not applicable"
"IC2024","STUSRV9","1","Yes"
"IC2024","STUSRV9","0","Implied no"
"IC2024","STUSRV9","-1","Not reported"
"IC2024","STUSRV9","-2","Not applicable"
"IC2024","ATHASSOC","1","Yes"
"IC2024","ATHASSOC","2","No"
"IC2024","ATHASSOC","-1","Not reported"
"IC2024","ATHASSOC","-2","Not applicable"
"IC2024","ASSOC1","1","Yes"
"IC2024","ASSOC1","0","Implied no"
"IC2024","ASSOC1","-1","Not reported"
"IC2024","ASSOC1","-2","Not applicable"
"IC2024","ASSOC2","1","Yes"
"IC2024","ASSOC2","0","Implied no"
"IC2024","ASSOC2","-1","Not reported"
"IC2024","ASSOC2","-2","Not applicable"
"IC2024","ASSOC3","1","Yes"
"IC2024","ASSOC3","0","Implied no"
"IC2024","ASSOC3","-1","Not reported"
"IC2024","ASSOC3","-2","Not applicable"
"IC2024","ASSOC4","1","Yes"
"IC2024","ASSOC4","0","Implied no"
"IC2024","ASSOC4","-1","Not reported"
"IC2024","ASSOC4","-2","Not applicable"
"IC2024","ASSOC5","1","Yes"
"IC2024","ASSOC5","0","Implied no"
"IC2024","ASSOC5","-1","Not reported"
"IC2024","ASSOC5","-2","Not applicable"
"IC2024","ASSOC6","1","Yes"
"IC2024","ASSOC6","0","Implied no"
"IC2024","ASSOC6","-1","Not reported"
"IC2024","ASSOC6","-2","Not applicable"
"IC2024","SPORT1","1","Yes"
"IC2024","SPORT1","2","No"
"IC2024","SPORT1","-1","Not reported"
"IC2024","SPORT1","-2","Not applicable"
"IC2024","CONFNO1","214","Allegheny Mountain Collegiate Conference"
"IC2024","CONFNO1","101","America East"
"IC2024","CONFNO1","372","American Athletic Conference"
"IC2024","CONFNO1","376","American Collegiate Athletic Association"
"IC2024","CONFNO1","306","American Mideast Conference"
"IC2024","CONFNO1","319","American Midwest Conference"
"IC2024","CONFNO1","176","American Rivers Conference"
"IC2024","CONFNO1","204","American Southwest Conference"
"IC2024","CONFNO1","316","Appalachian Athletic Conference"
"IC2024","CONFNO1","369","Association of Independent Institutions"
"IC2024","CONFNO1","103","Atlantic 10 Conference"
"IC2024","CONFNO1","102","Atlantic Coast Conference"
"IC2024","CONFNO1","375","Atlantic East Conference"
"IC2024","CONFNO1","135","Atlantic Sun Conference"
"IC2024","CONFNO1","206","Atlantic Women's Colleges Conference"
"IC2024","CONFNO1","104","Big East Conference"
"IC2024","CONFNO1","105","Big Sky Conference"
"IC2024","CONFNO1","106","Big South Conference"
"IC2024","CONFNO1","107","Big Ten Conference"
"IC2024","CONFNO1","108","Big Twelve Conference"
"IC2024","CONFNO1","109","Big West Conference"
"IC2024","CONFNO1","138","California Collegiate Athletic Association"
"IC2024","CONFNO1","301","California Pacific Conference"
"IC2024","CONFNO1","164","Capital Athletic Conference"
"IC2024","CONFNO1","328","Cascade Collegiate Conference"
"IC2024","CONFNO1","165","Centennial Conference"
"IC2024","CONFNO1","323","Central Atlantic Collegiate Conference"
"IC2024","CONFNO1","140","Central Intercollegiate Athletic Association"
"IC2024","CONFNO1","355","Central States Football League"
"IC2024","CONFNO1","304","Chicagoland Collegiate Athletic Conference"
"IC2024","CONFNO1","166","City University of New York Athletic Conference"
"IC2024","CONFNO1","167","College Conference of Illinois and Wisconsin"
"IC2024","CONFNO1","378","Collegiate Conference of the South"
"IC2024","CONFNO1","110","Colonial Athletic Association"
"IC2024","CONFNO1","364","Colonial States Athletic Conference"
"IC2024","CONFNO1","207","Commonwealth Conference"
"IC2024","CONFNO1","139","Conference Carolinas"
"IC2024","CONFNO1","168","Conference of New England"
"IC2024","CONFNO1","111","Conference USA"
"IC2024","CONFNO1","377","Continental Athletic Conference"
"IC2024","CONFNO1","305","Crossroads League"
"IC2024","CONFNO1","351","Dakota Athletic Conference"
"IC2024","CONFNO1","112","Division I Independents"
"IC2024","CONFNO1","113","Division I-A Independents"
"IC2024","CONFNO1","114","Division I-AA Independents"
"IC2024","CONFNO1","141","Division II Independents"
"IC2024","CONFNO1","170","Division III Independents"
"IC2024","CONFNO1","151","East Coast Conference"
"IC2024","CONFNO1","115","Eastern College Athletic Conference"
"IC2024","CONFNO1","366","Eastern Collegiate Football Conference"
"IC2024","CONFNO1","332","Eastern Intercollegiate Athletic Conference"
"IC2024","CONFNO1","172","Empire Eight"
"IC2024","CONFNO1","208","Freedom Conference"
"IC2024","CONFNO1","173","Freedom Football Conference"
"IC2024","CONFNO1","352","Frontier Conference"
"IC2024","CONFNO1","116","Gateway Football Conference"
"IC2024","CONFNO1","302","Golden State Athletic Conference"
"IC2024","CONFNO1","367","Great American Conference"
"IC2024","CONFNO1","144","Great Lakes Intercollegiate Athletic Conference"
"IC2024","CONFNO1","145","Great Lakes Valley Conference"
"IC2024","CONFNO1","371","Great Midwest Athletic Conference"
"IC2024","CONFNO1","174","Great Northeast Athletic Conference"
"IC2024","CONFNO1","213","Great Northwest Athletic Conference"
"IC2024","CONFNO1","311","Great Plains Athletic Conference"
"IC2024","CONFNO1","360","Great South Athletic Conference"
"IC2024","CONFNO1","362","Great West Conference"
"IC2024","CONFNO1","146","Gulf South Conference"
"IC2024","CONFNO1","337","HBCU Athletic Conference"
"IC2024","CONFNO1","320","Heart of America Athletic Conference"
"IC2024","CONFNO1","175","Heartland Collegiate Athletic Conference"
"IC2024","CONFNO1","209","Heartland Conference"
"IC2024","CONFNO1","122","Horizon League"
"IC2024","CONFNO1","210","Illini-Badger Intercollegiate Football Conference"
"IC2024","CONFNO1","303","Independent Far West Region"
"IC2024","CONFNO1","308","Independent Great Lakes Region"
"IC2024","CONFNO1","318","Independent Mid-South Region"
"IC2024","CONFNO1","322","Independent Midwest Region"
"IC2024","CONFNO1","327","Independent Northeast Region"
"IC2024","CONFNO1","331","Independent Pacific Northwest Region"
"IC2024","CONFNO1","335","Independent Southeast Region"
"IC2024","CONFNO1","341","Independent Southwest Region"
"IC2024","CONFNO1","117","Ivy Group"
"IC2024","CONFNO1","309","Kansas Collegiate Athletic Conference"
"IC2024","CONFNO1","314","Kentucky Intercollegiate Athletic Conference"
"IC2024","CONFNO1","211","Knickerbocker Baseball Conference"
"IC2024","CONFNO1","177","Lake Michigan Conference"
"IC2024","CONFNO1","361","Landmark Conference"
"IC2024","CONFNO1","178","Little East Conference"
"IC2024","CONFNO1","147","Lone Star Conference"
"IC2024","CONFNO1","179","Massachusetts State College Athletic Association"
"IC2024","CONFNO1","118","Metro Atlantic Athletic Conference"
"IC2024","CONFNO1","180","Michigan Intercollegiate Athletic Association"
"IC2024","CONFNO1","148","Mid-America Intercollegiate Athletic Association"
"IC2024","CONFNO1","119","Mid-American Conference"
"IC2024","CONFNO1","121","Mid-Eastern Athletic Conference"
"IC2024","CONFNO1","315","Mid-South Conference"
"IC2024","CONFNO1","356","Mid-States Football Association"
"IC2024","CONFNO1","181","Middle Atlantic States Athletic Corporation"
"IC2024","CONFNO1","310","Midlands Collegiate Athletic Conference"
"IC2024","CONFNO1","321","Midwest Classic Conference"
"IC2024","CONFNO1","182","Midwest Conference"
"IC2024","CONFNO1","183","Minnesota Intercollegiate Athletic Conference"
"IC2024","CONFNO1","123","Missouri Valley Conference"
"IC2024","CONFNO1","370","Mountain East Conference"
"IC2024","CONFNO1","124","Mountain Pacific Sports Federation"
"IC2024","CONFNO1","203","Mountain West Conference"
"IC2024","CONFNO1","363","New England Collegiate Conference"
"IC2024","CONFNO1","184","New England Football Conference"
"IC2024","CONFNO1","185","New England Small College Athletic Conference"
"IC2024","CONFNO1","186","New England Women's & Men's Athletic Conference"
"IC2024","CONFNO1","187","New Jersey Athletic Conference"
"IC2024","CONFNO1","188","New York State Women's Collegiate Athletic Association"
"IC2024","CONFNO1","215","North Atlantic Conference"
"IC2024","CONFNO1","152","North Central Intercollegiate Athletic Conference"
"IC2024","CONFNO1","189","North Coast Athletic Conference"
"IC2024","CONFNO1","373","North Star Athletic Association"
"IC2024","CONFNO1","153","Northeast 10 Conference"
"IC2024","CONFNO1","125","Northeast Conference"
"IC2024","CONFNO1","359","Northern Athletics Collegiate Conference"
"IC2024","CONFNO1","190","Northern Illinois-Iowa Conference"
"IC2024","CONFNO1","155","Northern Sun Intercollegiate Conference"
"IC2024","CONFNO1","205","Northwest Conference"
"IC2024","CONFNO1","191","Ohio Athletic Conference"
"IC2024","CONFNO1","126","Ohio Valley Conference"
"IC2024","CONFNO1","192","Old Dominion Athletic Conference"
"IC2024","CONFNO1","156","Pacific West Conference"
"IC2024","CONFNO1","127","Pacific-12 Conference"
"IC2024","CONFNO1","128","Patriot League"
"IC2024","CONFNO1","157","Peach Belt Conference"
"IC2024","CONFNO1","193","Pennsylvania Athletic Conference"
"IC2024","CONFNO1","158","Pennsylvania State Athletic Conference"
"IC2024","CONFNO1","212","Pilgrim League"
"IC2024","CONFNO1","129","Pioneer Football League"
"IC2024","CONFNO1","194","Presidents' Athletic Conference"
"IC2024","CONFNO1","353","Red River Athletic Conference"
"IC2024","CONFNO1","374","River States"
"IC2024","CONFNO1","159","Rocky Mountain Athletic Conference"
"IC2024","CONFNO1","196","Skyline Conference"
"IC2024","CONFNO1","340","Sooner Athletic Conference"
"IC2024","CONFNO1","160","South Atlantic Conference"
"IC2024","CONFNO1","130","Southeastern Conference"
"IC2024","CONFNO1","368","Southern Athletic Association"
"IC2024","CONFNO1","197","Southern California Intercollegiate Athletic Conference"
"IC2024","CONFNO1","198","Southern Collegiate Athletic Conference"
"IC2024","CONFNO1","131","Southern Conference"
"IC2024","CONFNO1","161","Southern Intercollegiate Athletic Conference"
"IC2024","CONFNO1","334","Southern States Athletic Conference"
"IC2024","CONFNO1","132","Southland Conference"
"IC2024","CONFNO1","133","Southwestern Athletic Conference"
"IC2024","CONFNO1","195","St. Louis Intercollegiate Athletic Conference"
"IC2024","CONFNO1","199","State University of New York Athletic Conference"
"IC2024","CONFNO1","134","Sun Belt Conference"
"IC2024","CONFNO1","357","Sunrise Conference"
"IC2024","CONFNO1","162","Sunshine State Conference"
"IC2024","CONFNO1","120","The Summit League"
"IC2024","CONFNO1","333","The Sun Conference"
"IC2024","CONFNO1","317","TranSouth Athletic Conference"
"IC2024","CONFNO1","379","United Athletic Conference"
"IC2024","CONFNO1","365","United East Conference"
"IC2024","CONFNO1","200","University Athletic Association"
"IC2024","CONFNO1","354","Upper Midwest Athletic Conference"
"IC2024","CONFNO1","201","Upstate Collegiate Athletic Association"
"IC2024","CONFNO1","171","USA South Athletic Conference"
"IC2024","CONFNO1","136","West Coast Conference"
"IC2024","CONFNO1","163","West Virginia Intercollegiate Athletic Conference"
"IC2024","CONFNO1","137","Western Athletic Conference"
"IC2024","CONFNO1","202","Wisconsin Intercollegiate Athletic Conference"
"IC2024","CONFNO1","307","Wolverine-Hoosier Athletic Conference"
"IC2024","CONFNO1","342","Other"
"IC2024","CONFNO1","-1","Not reported"
"IC2024","CONFNO1","-2","Not applicable"
"IC2024","SPORT2","1","Yes"
"IC2024","SPORT2","2","No"
"IC2024","SPORT2","-1","Not reported"
"IC2024","SPORT2","-2","Not applicable"
"IC2024","CONFNO2","214","Allegheny Mountain Collegiate Conference"
"IC2024","CONFNO2","101","America East"
"IC2024","CONFNO2","372","American Athletic Conference"
"IC2024","CONFNO2","376","American Collegiate Athletic Association"
"IC2024","CONFNO2","306","American Mideast Conference"
"IC2024","CONFNO2","319","American Midwest Conference"
"IC2024","CONFNO2","176","American Rivers Conference"
"IC2024","CONFNO2","204","American Southwest Conference"
"IC2024","CONFNO2","316","Appalachian Athletic Conference"
"IC2024","CONFNO2","369","Association of Independent Institutions"
"IC2024","CONFNO2","103","Atlantic 10 Conference"
"IC2024","CONFNO2","102","Atlantic Coast Conference"
"IC2024","CONFNO2","375","Atlantic East Conference"
"IC2024","CONFNO2","135","Atlantic Sun Conference"
"IC2024","CONFNO2","206","Atlantic Women's Colleges Conference"
"IC2024","CONFNO2","104","Big East Conference"
"IC2024","CONFNO2","105","Big Sky Conference"
"IC2024","CONFNO2","106","Big South Conference"
"IC2024","CONFNO2","107","Big Ten Conference"
"IC2024","CONFNO2","108","Big Twelve Conference"
"IC2024","CONFNO2","109","Big West Conference"
"IC2024","CONFNO2","138","California Collegiate Athletic Association"
"IC2024","CONFNO2","301","California Pacific Conference"
"IC2024","CONFNO2","164","Capital Athletic Conference"
"IC2024","CONFNO2","328","Cascade Collegiate Conference"
"IC2024","CONFNO2","165","Centennial Conference"
"IC2024","CONFNO2","323","Central Atlantic Collegiate Conference"
"IC2024","CONFNO2","140","Central Intercollegiate Athletic Association"
"IC2024","CONFNO2","355","Central States Football League"
"IC2024","CONFNO2","304","Chicagoland Collegiate Athletic Conference"
"IC2024","CONFNO2","166","City University of New York Athletic Conference"
"IC2024","CONFNO2","167","College Conference of Illinois and Wisconsin"
"IC2024","CONFNO2","378","Collegiate Conference of the South"
"IC2024","CONFNO2","110","Colonial Athletic Association"
"IC2024","CONFNO2","364","Colonial States Athletic Conference"
"IC2024","CONFNO2","207","Commonwealth Conference"
"IC2024","CONFNO2","139","Conference Carolinas"
"IC2024","CONFNO2","168","Conference of New England"
"IC2024","CONFNO2","111","Conference USA"
"IC2024","CONFNO2","377","Continental Athletic Conference"
"IC2024","CONFNO2","305","Crossroads League"
"IC2024","CONFNO2","351","Dakota Athletic Conference"
"IC2024","CONFNO2","112","Division I Independents"
"IC2024","CONFNO2","113","Division I-A Independents"
"IC2024","CONFNO2","114","Division I-AA Independents"
"IC2024","CONFNO2","141","Division II Independents"
"IC2024","CONFNO2","170","Division III Independents"
"IC2024","CONFNO2","151","East Coast Conference"
"IC2024","CONFNO2","115","Eastern College Athletic Conference"
"IC2024","CONFNO2","332","Eastern Intercollegiate Athletic Conference"
"IC2024","CONFNO2","172","Empire Eight"
"IC2024","CONFNO2","208","Freedom Conference"
"IC2024","CONFNO2","173","Freedom Football Conference"
"IC2024","CONFNO2","352","Frontier Conference"
"IC2024","CONFNO2","116","Gateway Football Conference"
"IC2024","CONFNO2","302","Golden State Athletic Conference"
"IC2024","CONFNO2","367","Great American Conference"
"IC2024","CONFNO2","144","Great Lakes Intercollegiate Athletic Conference"
"IC2024","CONFNO2","145","Great Lakes Valley Conference"
"IC2024","CONFNO2","371","Great Midwest Athletic Conference"
"IC2024","CONFNO2","174","Great Northeast Athletic Conference"
"IC2024","CONFNO2","213","Great Northwest Athletic Conference"
"IC2024","CONFNO2","311","Great Plains Athletic Conference"
"IC2024","CONFNO2","360","Great South Athletic Conference"
"IC2024","CONFNO2","362","Great West Conference"
"IC2024","CONFNO2","146","Gulf South Conference"
"IC2024","CONFNO2","337","HBCU Athletic Conference"
"IC2024","CONFNO2","320","Heart of America Athletic Conference"
"IC2024","CONFNO2","175","Heartland Collegiate Athletic Conference"
"IC2024","CONFNO2","209","Heartland Conference"
"IC2024","CONFNO2","122","Horizon League"
"IC2024","CONFNO2","210","Illini-Badger Intercollegiate Football Conference"
"IC2024","CONFNO2","303","Independent Far West Region"
"IC2024","CONFNO2","308","Independent Great Lakes Region"
"IC2024","CONFNO2","318","Independent Mid-South Region"
"IC2024","CONFNO2","322","Independent Midwest Region"
"IC2024","CONFNO2","327","Independent Northeast Region"
"IC2024","CONFNO2","331","Independent Pacific Northwest Region"
"IC2024","CONFNO2","335","Independent Southeast Region"
"IC2024","CONFNO2","341","Independent Southwest Region"
"IC2024","CONFNO2","117","Ivy Group"
"IC2024","CONFNO2","309","Kansas Collegiate Athletic Conference"
"IC2024","CONFNO2","314","Kentucky Intercollegiate Athletic Conference"
"IC2024","CONFNO2","211","Knickerbocker Baseball Conference"
"IC2024","CONFNO2","177","Lake Michigan Conference"
"IC2024","CONFNO2","361","Landmark Conference"
"IC2024","CONFNO2","178","Little East Conference"
"IC2024","CONFNO2","147","Lone Star Conference"
"IC2024","CONFNO2","179","Massachusetts State College Athletic Association"
"IC2024","CONFNO2","118","Metro Atlantic Athletic Conference"
"IC2024","CONFNO2","180","Michigan Intercollegiate Athletic Association"
"IC2024","CONFNO2","148","Mid-America Intercollegiate Athletic Association"
"IC2024","CONFNO2","119","Mid-American Conference"
"IC2024","CONFNO2","121","Mid-Eastern Athletic Conference"
"IC2024","CONFNO2","315","Mid-South Conference"
"IC2024","CONFNO2","356","Mid-States Football Association"
"IC2024","CONFNO2","181","Middle Atlantic States Athletic Corporation"
"IC2024","CONFNO2","310","Midlands Collegiate Athletic Conference"
"IC2024","CONFNO2","321","Midwest Classic Conference"
"IC2024","CONFNO2","182","Midwest Conference"
"IC2024","CONFNO2","183","Minnesota Intercollegiate Athletic Conference"
"IC2024","CONFNO2","123","Missouri Valley Conference"
"IC2024","CONFNO2","370","Mountain East Conference"
"IC2024","CONFNO2","124","Mountain Pacific Sports Federation"
"IC2024","CONFNO2","203","Mountain West Conference"
"IC2024","CONFNO2","363","New England Collegiate Conference"
"IC2024","CONFNO2","184","New England Football Conference"
"IC2024","CONFNO2","185","New England Small College Athletic Conference"
"IC2024","CONFNO2","186","New England Women's & Men's Athletic Conference"
"IC2024","CONFNO2","187","New Jersey Athletic Conference"
"IC2024","CONFNO2","188","New York State Women's Collegiate Athletic Association"
"IC2024","CONFNO2","215","North Atlantic Conference"
"IC2024","CONFNO2","152","North Central Intercollegiate Athletic Conference"
"IC2024","CONFNO2","189","North Coast Athletic Conference"
"IC2024","CONFNO2","373","North Star Athletic Association"
"IC2024","CONFNO2","153","Northeast 10 Conference"
"IC2024","CONFNO2","125","Northeast Conference"
"IC2024","CONFNO2","359","Northern Athletics Collegiate Conference"
"IC2024","CONFNO2","190","Northern Illinois-Iowa Conference"
"IC2024","CONFNO2","155","Northern Sun Intercollegiate Conference"
"IC2024","CONFNO2","205","Northwest Conference"
"IC2024","CONFNO2","191","Ohio Athletic Conference"
"IC2024","CONFNO2","126","Ohio Valley Conference"
"IC2024","CONFNO2","192","Old Dominion Athletic Conference"
"IC2024","CONFNO2","156","Pacific West Conference"
"IC2024","CONFNO2","127","Pacific-12 Conference"
"IC2024","CONFNO2","128","Patriot League"
"IC2024","CONFNO2","157","Peach Belt Conference"
"IC2024","CONFNO2","193","Pennsylvania Athletic Conference"
"IC2024","CONFNO2","158","Pennsylvania State Athletic Conference"
"IC2024","CONFNO2","212","Pilgrim League"
"IC2024","CONFNO2","129","Pioneer Football League"
"IC2024","CONFNO2","194","Presidents' Athletic Conference"
"IC2024","CONFNO2","353","Red River Athletic Conference"
"IC2024","CONFNO2","374","River States"
"IC2024","CONFNO2","159","Rocky Mountain Athletic Conference"
"IC2024","CONFNO2","196","Skyline Conference"
"IC2024","CONFNO2","340","Sooner Athletic Conference"
"IC2024","CONFNO2","160","South Atlantic Conference"
"IC2024","CONFNO2","130","Southeastern Conference"
"IC2024","CONFNO2","368","Southern Athletic Association"
"IC2024","CONFNO2","197","Southern California Intercollegiate Athletic Conference"
"IC2024","CONFNO2","198","Southern Collegiate Athletic Conference"
"IC2024","CONFNO2","131","Southern Conference"
"IC2024","CONFNO2","161","Southern Intercollegiate Athletic Conference"
"IC2024","CONFNO2","334","Southern States Athletic Conference"
"IC2024","CONFNO2","132","Southland Conference"
"IC2024","CONFNO2","133","Southwestern Athletic Conference"
"IC2024","CONFNO2","195","St. Louis Intercollegiate Athletic Conference"
"IC2024","CONFNO2","199","State University of New York Athletic Conference"
"IC2024","CONFNO2","134","Sun Belt Conference"
"IC2024","CONFNO2","357","Sunrise Conference"
"IC2024","CONFNO2","162","Sunshine State Conference"
"IC2024","CONFNO2","120","The Summit League"
"IC2024","CONFNO2","333","The Sun Conference"
"IC2024","CONFNO2","317","TranSouth Athletic Conference"
"IC2024","CONFNO2","365","United East Conference"
"IC2024","CONFNO2","200","University Athletic Association"
"IC2024","CONFNO2","354","Upper Midwest Athletic Conference"
"IC2024","CONFNO2","201","Upstate Collegiate Athletic Association"
"IC2024","CONFNO2","171","USA South Athletic Conference"
"IC2024","CONFNO2","136","West Coast Conference"
"IC2024","CONFNO2","163","West Virginia Intercollegiate Athletic Conference"
"IC2024","CONFNO2","137","Western Athletic Conference"
"IC2024","CONFNO2","202","Wisconsin Intercollegiate Ath Conference"
"IC2024","CONFNO2","307","Wolverine-Hoosier Athletic Conference"
"IC2024","CONFNO2","342","Other"
"IC2024","CONFNO2","-1","Not reported"
"IC2024","CONFNO2","-2","Not applicable"
"IC2024","SPORT3","1","Yes"
"IC2024","SPORT3","2","No"
"IC2024","SPORT3","-1","Not reported"
"IC2024","SPORT3","-2","Not applicable"
"IC2024","CONFNO3","214","Allegheny Mountain Collegiate Conference"
"IC2024","CONFNO3","101","America East"
"IC2024","CONFNO3","372","American Athletic Conference"
"IC2024","CONFNO3","376","American Collegiate Athletic Association"
"IC2024","CONFNO3","306","American Mideast Conference"
"IC2024","CONFNO3","319","American Midwest Conference"
"IC2024","CONFNO3","176","American Rivers Conference"
"IC2024","CONFNO3","204","American Southwest Conference"
"IC2024","CONFNO3","316","Appalachian Athletic Conference"
"IC2024","CONFNO3","369","Association of Independent Institutions"
"IC2024","CONFNO3","103","Atlantic 10 Conference"
"IC2024","CONFNO3","102","Atlantic Coast Conference"
"IC2024","CONFNO3","375","Atlantic East Conference"
"IC2024","CONFNO3","135","Atlantic Sun Conference"
"IC2024","CONFNO3","206","Atlantic Women's Colleges Conference"
"IC2024","CONFNO3","104","Big East Conference"
"IC2024","CONFNO3","105","Big Sky Conference"
"IC2024","CONFNO3","106","Big South Conference"
"IC2024","CONFNO3","107","Big Ten Conference"
"IC2024","CONFNO3","108","Big Twelve Conference"
"IC2024","CONFNO3","109","Big West Conference"
"IC2024","CONFNO3","138","California Collegiate Athletic Association"
"IC2024","CONFNO3","301","California Pacific Conference"
"IC2024","CONFNO3","164","Capital Athletic Conference"
"IC2024","CONFNO3","328","Cascade Collegiate Conference"
"IC2024","CONFNO3","165","Centennial Conference"
"IC2024","CONFNO3","323","Central Atlantic Collegiate Conference"
"IC2024","CONFNO3","140","Central Intercollegiate Athletic Association"
"IC2024","CONFNO3","355","Central States Football League"
"IC2024","CONFNO3","304","Chicagoland Collegiate Athletic Conference"
"IC2024","CONFNO3","166","City University of New York Athletic Conference"
"IC2024","CONFNO3","167","College Conference of Illinois and Wisconsin"
"IC2024","CONFNO3","378","Collegiate Conference of the South"
"IC2024","CONFNO3","110","Colonial Athletic Association"
"IC2024","CONFNO3","364","Colonial States Athletic Conference"
"IC2024","CONFNO3","207","Commonwealth Conference"
"IC2024","CONFNO3","139","Conference Carolinas"
"IC2024","CONFNO3","168","Conference of New England"
"IC2024","CONFNO3","111","Conference USA"
"IC2024","CONFNO3","377","Continental Athletic Conference"
"IC2024","CONFNO3","305","Crossroads League"
"IC2024","CONFNO3","351","Dakota Athletic Conference"
"IC2024","CONFNO3","112","Division I Independents"
"IC2024","CONFNO3","113","Division I-A Independents"
"IC2024","CONFNO3","114","Division I-AA Independents"
"IC2024","CONFNO3","141","Division II Independents"
"IC2024","CONFNO3","170","Division III Independents"
"IC2024","CONFNO3","151","East Coast Conference"
"IC2024","CONFNO3","115","Eastern College Athletic Conference"
"IC2024","CONFNO3","332","Eastern Intercollegiate Athletic Conference"
"IC2024","CONFNO3","172","Empire Eight"
"IC2024","CONFNO3","208","Freedom Conference"
"IC2024","CONFNO3","173","Freedom Football Conference"
"IC2024","CONFNO3","352","Frontier Conference"
"IC2024","CONFNO3","116","Gateway Football Conference"
"IC2024","CONFNO3","302","Golden State Athletic Conference"
"IC2024","CONFNO3","367","Great American Conference"
"IC2024","CONFNO3","144","Great Lakes Intercollegiate Athletic Conference"
"IC2024","CONFNO3","145","Great Lakes Valley Conference"
"IC2024","CONFNO3","371","Great Midwest Athletic Conference"
"IC2024","CONFNO3","174","Great Northeast Athletic Conference"
"IC2024","CONFNO3","213","Great Northwest Athletic Conference"
"IC2024","CONFNO3","311","Great Plains Athletic Conference"
"IC2024","CONFNO3","360","Great South Athletic Conference"
"IC2024","CONFNO3","362","Great West Conference"
"IC2024","CONFNO3","146","Gulf South Conference"
"IC2024","CONFNO3","337","HBCU Athletic Conference"
"IC2024","CONFNO3","320","Heart of America Athletic Conference"
"IC2024","CONFNO3","175","Heartland Collegiate Athletic Conference"
"IC2024","CONFNO3","209","Heartland Conference"
"IC2024","CONFNO3","122","Horizon League"
"IC2024","CONFNO3","210","Illini-Badger Intercollegiate Football Conference"
"IC2024","CONFNO3","303","Independent Far West Region"
"IC2024","CONFNO3","308","Independent Great Lakes Region"
"IC2024","CONFNO3","318","Independent Mid-South Region"
"IC2024","CONFNO3","322","Independent Midwest Region"
"IC2024","CONFNO3","327","Independent Northeast Region"
"IC2024","CONFNO3","331","Independent Pacific Northwest Region"
"IC2024","CONFNO3","335","Independent Southeast Region"
"IC2024","CONFNO3","341","Independent Southwest Region"
"IC2024","CONFNO3","117","Ivy Group"
"IC2024","CONFNO3","309","Kansas Collegiate Athletic Conference"
"IC2024","CONFNO3","314","Kentucky Intercollegiate Athletic Conference"
"IC2024","CONFNO3","211","Knickerbocker Baseball Conference"
"IC2024","CONFNO3","177","Lake Michigan Conference"
"IC2024","CONFNO3","361","Landmark Conference"
"IC2024","CONFNO3","178","Little East Conference"
"IC2024","CONFNO3","147","Lone Star Conference"
"IC2024","CONFNO3","179","Massachusetts State College Athletic Association"
"IC2024","CONFNO3","118","Metro Atlantic Athletic Conference"
"IC2024","CONFNO3","180","Michigan Intercollegiate Athletic Association"
"IC2024","CONFNO3","148","Mid-America Intercollegiate Athletic Association"
"IC2024","CONFNO3","119","Mid-American Conference"
"IC2024","CONFNO3","121","Mid-Eastern Athletic Conference"
"IC2024","CONFNO3","315","Mid-South Conference"
"IC2024","CONFNO3","356","Mid-States Football Association"
"IC2024","CONFNO3","181","Middle Atlantic States Athletic Corporation"
"IC2024","CONFNO3","310","Midlands Collegiate Athletic Conference"
"IC2024","CONFNO3","321","Midwest Classic Conference"
"IC2024","CONFNO3","182","Midwest Conference"
"IC2024","CONFNO3","183","Minnesota Intercollegiate Athletic Conference"
"IC2024","CONFNO3","123","Missouri Valley Conference"
"IC2024","CONFNO3","370","Mountain East Conference"
"IC2024","CONFNO3","124","Mountain Pacific Sports Federation"
"IC2024","CONFNO3","203","Mountain West Conference"
"IC2024","CONFNO3","363","New England Collegiate Conference"
"IC2024","CONFNO3","184","New England Football Conference"
"IC2024","CONFNO3","185","New England Small College Athletic Conference"
"IC2024","CONFNO3","186","New England Women's & Men's Athletic Conference"
"IC2024","CONFNO3","187","New Jersey Athletic Conference"
"IC2024","CONFNO3","188","New York State Women's Collegiate Athletic Association"
"IC2024","CONFNO3","215","North Atlantic Conference"
"IC2024","CONFNO3","152","North Central Intercollegiate Athletic Conference"
"IC2024","CONFNO3","189","North Coast Athletic Conference"
"IC2024","CONFNO3","373","North Star Athletic Association"
"IC2024","CONFNO3","153","Northeast 10 Conference"
"IC2024","CONFNO3","125","Northeast Conference"
"IC2024","CONFNO3","359","Northern Athletics Collegiate Conference"
"IC2024","CONFNO3","190","Northern Illinois-Iowa Conference"
"IC2024","CONFNO3","155","Northern Sun Intercollegiate Conference"
"IC2024","CONFNO3","205","Northwest Conference"
"IC2024","CONFNO3","191","Ohio Athletic Conference"
"IC2024","CONFNO3","126","Ohio Valley Conference"
"IC2024","CONFNO3","192","Old Dominion Athletic Conference"
"IC2024","CONFNO3","156","Pacific West Conference"
"IC2024","CONFNO3","127","Pacific-12 Conference"
"IC2024","CONFNO3","128","Patriot League"
"IC2024","CONFNO3","157","Peach Belt Conference"
"IC2024","CONFNO3","193","Pennsylvania Athletic Conference"
"IC2024","CONFNO3","158","Pennsylvania State Athletic Conference"
"IC2024","CONFNO3","212","Pilgrim League"
"IC2024","CONFNO3","129","Pioneer Football League"
"IC2024","CONFNO3","194","Presidents' Athletic Conference"
"IC2024","CONFNO3","353","Red River Athletic Conference"
"IC2024","CONFNO3","374","River States"
"IC2024","CONFNO3","159","Rocky Mountain Athletic Conference"
"IC2024","CONFNO3","196","Skyline Conference"
"IC2024","CONFNO3","340","Sooner Athletic Conference"
"IC2024","CONFNO3","160","South Atlantic Conference"
"IC2024","CONFNO3","130","Southeastern Conference"
"IC2024","CONFNO3","368","Southern Athletic Association"
"IC2024","CONFNO3","197","Southern California Intercollegiate Athletic Conference"
"IC2024","CONFNO3","198","Southern Collegiate Athletic Conference"
"IC2024","CONFNO3","131","Southern Conference"
"IC2024","CONFNO3","161","Southern Intercollegiate Athletic Conference"
"IC2024","CONFNO3","334","Southern States Athletic Conference"
"IC2024","CONFNO3","132","Southland Conference"
"IC2024","CONFNO3","133","Southwestern Athletic Conference"
"IC2024","CONFNO3","195","St. Louis Intercollegiate Athletic Conference"
"IC2024","CONFNO3","199","State University of New York Athletic Conference"
"IC2024","CONFNO3","134","Sun Belt Conference"
"IC2024","CONFNO3","357","Sunrise Conference"
"IC2024","CONFNO3","162","Sunshine State Conference"
"IC2024","CONFNO3","120","The Summit League"
"IC2024","CONFNO3","333","The Sun Conference"
"IC2024","CONFNO3","317","TranSouth Athletic Conference"
"IC2024","CONFNO3","365","United East Conference"
"IC2024","CONFNO3","200","University Athletic Association"
"IC2024","CONFNO3","354","Upper Midwest Athletic Conference"
"IC2024","CONFNO3","201","Upstate Collegiate Athletic Association"
"IC2024","CONFNO3","171","USA South Athletic Conference"
"IC2024","CONFNO3","136","West Coast Conference"
"IC2024","CONFNO3","163","West Virginia Intercollegiate Athletic Conference"
"IC2024","CONFNO3","137","Western Athletic Conference"
"IC2024","CONFNO3","202","Wisconsin Intercollegiate Athletic Conference"
"IC2024","CONFNO3","307","Wolverine-Hoosier Athletic Conference"
"IC2024","CONFNO3","342","Other"
"IC2024","CONFNO3","-1","Not reported"
"IC2024","CONFNO3","-2","Not applicable"
"IC2024","SPORT4","1","Yes"
"IC2024","SPORT4","2","No"
"IC2024","SPORT4","-1","Not reported"
"IC2024","SPORT4","-2","Not applicable"
"IC2024","CONFNO4","214","Allegheny Mountain Collegiate Conference"
"IC2024","CONFNO4","101","America East"
"IC2024","CONFNO4","372","American Athletic Conference"
"IC2024","CONFNO4","376","American Collegiate Athletic Association"
"IC2024","CONFNO4","306","American Mideast Conference"
"IC2024","CONFNO4","319","American Midwest Conference"
"IC2024","CONFNO4","176","American Rivers Conference"
"IC2024","CONFNO4","204","American Southwest Conference"
"IC2024","CONFNO4","316","Appalachian Athletic Conference"
"IC2024","CONFNO4","369","Association of Independent Institutions"
"IC2024","CONFNO4","103","Atlantic 10 Conference"
"IC2024","CONFNO4","102","Atlantic Coast Conference"
"IC2024","CONFNO4","375","Atlantic East Conference"
"IC2024","CONFNO4","135","Atlantic Sun Conference"
"IC2024","CONFNO4","206","Atlantic Women's Colleges Conference"
"IC2024","CONFNO4","104","Big East Conference"
"IC2024","CONFNO4","105","Big Sky Conference"
"IC2024","CONFNO4","106","Big South Conference"
"IC2024","CONFNO4","107","Big Ten Conference"
"IC2024","CONFNO4","108","Big Twelve Conference"
"IC2024","CONFNO4","109","Big West Conference"
"IC2024","CONFNO4","138","California Collegiate Athletic Association"
"IC2024","CONFNO4","301","California Pacific Conference"
"IC2024","CONFNO4","164","Capital Athletic Conference"
"IC2024","CONFNO4","328","Cascade Collegiate Conference"
"IC2024","CONFNO4","165","Centennial Conference"
"IC2024","CONFNO4","323","Central Atlantic Collegiate Conference"
"IC2024","CONFNO4","140","Central Intercollegiate Athletic Association"
"IC2024","CONFNO4","355","Central States Football League"
"IC2024","CONFNO4","304","Chicagoland Collegiate Athletic Conference"
"IC2024","CONFNO4","166","City University of New York Athletic Conference"
"IC2024","CONFNO4","167","College Conference of Illinois and Wisconsin"
"IC2024","CONFNO4","378","Collegiate Conference of the South"
"IC2024","CONFNO4","110","Colonial Athletic Association"
"IC2024","CONFNO4","364","Colonial States Athletic Conference"
"IC2024","CONFNO4","207","Commonwealth Conference"
"IC2024","CONFNO4","139","Conference Carolinas"
"IC2024","CONFNO4","168","Conference of New England"
"IC2024","CONFNO4","111","Conference USA"
"IC2024","CONFNO4","377","Continental Athletic Conference"
"IC2024","CONFNO4","305","Crossroads League"
"IC2024","CONFNO4","351","Dakota Athletic Conference"
"IC2024","CONFNO4","112","Division I Independents"
"IC2024","CONFNO4","113","Division I-A Independents"
"IC2024","CONFNO4","114","Division I-AA Independents"
"IC2024","CONFNO4","141","Division II Independents"
"IC2024","CONFNO4","170","Division III Independents"
"IC2024","CONFNO4","151","East Coast Conference"
"IC2024","CONFNO4","115","Eastern College Athletic Conference"
"IC2024","CONFNO4","332","Eastern Intercollegiate Athletic Conference"
"IC2024","CONFNO4","172","Empire Eight"
"IC2024","CONFNO4","208","Freedom Conference"
"IC2024","CONFNO4","173","Freedom Football Conference"
"IC2024","CONFNO4","352","Frontier Conference"
"IC2024","CONFNO4","116","Gateway Football Conference"
"IC2024","CONFNO4","302","Golden State Athletic Conference"
"IC2024","CONFNO4","367","Great American Conference"
"IC2024","CONFNO4","144","Great Lakes Intercollegiate Athletic Conference"
"IC2024","CONFNO4","145","Great Lakes Valley Conference"
"IC2024","CONFNO4","371","Great Midwest Athletic Conference"
"IC2024","CONFNO4","174","Great Northeast Athletic Conference"
"IC2024","CONFNO4","213","Great Northwest Athletic Conference"
"IC2024","CONFNO4","311","Great Plains Athletic Conference"
"IC2024","CONFNO4","360","Great South Athletic Conference"
"IC2024","CONFNO4","362","Great West Conference"
"IC2024","CONFNO4","146","Gulf South Conference"
"IC2024","CONFNO4","337","HBCU Athletic Conference"
"IC2024","CONFNO4","320","Heart of America Athletic Conference"
"IC2024","CONFNO4","175","Heartland Collegiate Athletic Conference"
"IC2024","CONFNO4","209","Heartland Conference"
"IC2024","CONFNO4","122","Horizon League"
"IC2024","CONFNO4","210","Illini-Badger Intercollegiate Football Conference"
"IC2024","CONFNO4","303","Independent Far West Region"
"IC2024","CONFNO4","308","Independent Great Lakes Region"
"IC2024","CONFNO4","318","Independent Mid-South Region"
"IC2024","CONFNO4","322","Independent Midwest Region"
"IC2024","CONFNO4","327","Independent Northeast Region"
"IC2024","CONFNO4","331","Independent Pacific Northwest Region"
"IC2024","CONFNO4","335","Independent Southeast Region"
"IC2024","CONFNO4","341","Independent Southwest Region"
"IC2024","CONFNO4","117","Ivy Group"
"IC2024","CONFNO4","309","Kansas Collegiate Athletic Conference"
"IC2024","CONFNO4","314","Kentucky Intercollegiate Athletic Conference"
"IC2024","CONFNO4","211","Knickerbocker Baseball Conference"
"IC2024","CONFNO4","177","Lake Michigan Conference"
"IC2024","CONFNO4","361","Landmark Conference"
"IC2024","CONFNO4","178","Little East Conference"
"IC2024","CONFNO4","147","Lone Star Conference"
"IC2024","CONFNO4","179","Massachusetts State College Athletic Association"
"IC2024","CONFNO4","118","Metro Atlantic Athletic Conference"
"IC2024","CONFNO4","180","Michigan Intercollegiate Athletic Association"
"IC2024","CONFNO4","148","Mid-America Intercollegiate Athletic Association"
"IC2024","CONFNO4","119","Mid-American Conference"
"IC2024","CONFNO4","121","Mid-Eastern Athletic Conference"
"IC2024","CONFNO4","315","Mid-South Conference"
"IC2024","CONFNO4","356","Mid-States Football Association"
"IC2024","CONFNO4","181","Middle Atlantic States Athletic Corporation"
"IC2024","CONFNO4","310","Midlands Collegiate Athletic Conference"
"IC2024","CONFNO4","321","Midwest Classic Conference"
"IC2024","CONFNO4","182","Midwest Conference"
"IC2024","CONFNO4","183","Minnesota Intercollegiate Athletic Conference"
"IC2024","CONFNO4","123","Missouri Valley Conference"
"IC2024","CONFNO4","370","Mountain East Conference"
"IC2024","CONFNO4","124","Mountain Pacific Sports Federation"
"IC2024","CONFNO4","203","Mountain West Conference"
"IC2024","CONFNO4","363","New England Collegiate Conference"
"IC2024","CONFNO4","184","New England Football Conference"
"IC2024","CONFNO4","185","New England Small College Athletic Conference"
"IC2024","CONFNO4","186","New England Women's & Men's Athletic Conference"
"IC2024","CONFNO4","187","New Jersey Athletic Conference"
"IC2024","CONFNO4","188","New York State Women's Collegiate Athletic Association"
"IC2024","CONFNO4","215","North Atlantic Conference"
"IC2024","CONFNO4","152","North Central Intercollegiate Athletic Conference"
"IC2024","CONFNO4","189","North Coast Athletic Conference"
"IC2024","CONFNO4","373","North Star Athletic Association"
"IC2024","CONFNO4","153","Northeast 10 Conference"
"IC2024","CONFNO4","125","Northeast Conference"
"IC2024","CONFNO4","359","Northern Athletics Conference"
"IC2024","CONFNO4","190","Northern Illinois-Iowa Conference"
"IC2024","CONFNO4","155","Northern Sun Intercollegiate Conference"
"IC2024","CONFNO4","205","Northwest Conference"
"IC2024","CONFNO4","191","Ohio Athletic Conference"
"IC2024","CONFNO4","126","Ohio Valley Conference"
"IC2024","CONFNO4","192","Old Dominion Athletic Conference"
"IC2024","CONFNO4","156","Pacific West Conference"
"IC2024","CONFNO4","127","Pacific-12 Conference"
"IC2024","CONFNO4","128","Patriot League"
"IC2024","CONFNO4","157","Peach Belt Conference"
"IC2024","CONFNO4","193","Pennsylvania Athletic Conference"
"IC2024","CONFNO4","158","Pennsylvania State Athletic Conference"
"IC2024","CONFNO4","212","Pilgrim League"
"IC2024","CONFNO4","129","Pioneer Football League"
"IC2024","CONFNO4","194","Presidents' Athletic Conference"
"IC2024","CONFNO4","353","Red River Athletic Conference"
"IC2024","CONFNO4","374","River States"
"IC2024","CONFNO4","159","Rocky Mountain Athletic Conference"
"IC2024","CONFNO4","196","Skyline Conference"
"IC2024","CONFNO4","340","Sooner Athletic Conference"
"IC2024","CONFNO4","160","South Atlantic Conference"
"IC2024","CONFNO4","130","Southeastern Conference"
"IC2024","CONFNO4","368","Southern Athletic Association"
"IC2024","CONFNO4","197","Southern California Intercollegiate Athletic Conference"
"IC2024","CONFNO4","198","Southern Collegiate Athletic Conference"
"IC2024","CONFNO4","131","Southern Conference"
"IC2024","CONFNO4","161","Southern Intercollegiate Athletic Conference"
"IC2024","CONFNO4","334","Southern States Athletic Conference"
"IC2024","CONFNO4","132","Southland Conference"
"IC2024","CONFNO4","133","Southwestern Athletic Conference"
"IC2024","CONFNO4","195","St. Louis Intercollegiate Athletic Conference"
"IC2024","CONFNO4","199","State University of New York Athletic Conference"
"IC2024","CONFNO4","134","Sun Belt Conference"
"IC2024","CONFNO4","357","Sunrise Conference"
"IC2024","CONFNO4","162","Sunshine State Conference"
"IC2024","CONFNO4","120","The Summit League"
"IC2024","CONFNO4","333","The Sun Conference"
"IC2024","CONFNO4","317","TranSouth Athletic Conference"
"IC2024","CONFNO4","365","United East Conference"
"IC2024","CONFNO4","200","University Athletic Association"
"IC2024","CONFNO4","354","Upper Midwest Athletic Conference"
"IC2024","CONFNO4","201","Upstate Collegiate Athletic Association"
"IC2024","CONFNO4","171","USA South Athletic Conference"
"IC2024","CONFNO4","136","West Coast Conference"
"IC2024","CONFNO4","163","West Virginia Intercollegiate Athletic Conference"
"IC2024","CONFNO4","137","Western Athletic Conference"
"IC2024","CONFNO4","202","Wisconsin Intercollegiate Athletic Conference"
"IC2024","CONFNO4","307","Wolverine-Hoosier Athletic Conference"
"IC2024","CONFNO4","342","Other"
"IC2024","CONFNO4","-1","Not reported"
"IC2024","CONFNO4","-2","Not applicable"
"IC2024","CALSYS","1","Semester"
"IC2024","CALSYS","2","Quarter"
"IC2024","CALSYS","3","Trimester"
"IC2024","CALSYS","4","Four-one-four plan"
"IC2024","CALSYS","5","Other academic year"
"IC2024","CALSYS","6","Differs by program"
"IC2024","CALSYS","7","Continuous"
"IC2024","CALSYS","-2","Not applicable"
"IC2024","FT_UG","1","Yes"
"IC2024","FT_UG","2","No"
"IC2024","FT_UG","-2","Not applicable"
"IC2024","FT_FTUG","1","Yes"
"IC2024","FT_FTUG","2","No"
"IC2024","FT_FTUG","-2","Not applicable"
"IC2024","PT_UG","1","Yes"
"IC2024","PT_UG","2","No"
"IC2024","PT_UG","-2","Not applicable"
"IC2024","PT_FTUG","1","Yes"
"IC2024","PT_FTUG","2","No"
"IC2024","PT_FTUG","-2","Not applicable"
"FLAGS2024","IMP_IC","1","Carry forward (CF)"
"FLAGS2024","IMP_IC","2","Nearest Neighbor (NN)"
"FLAGS2024","IMP_IC","-2","Not applicable"
"HD2024","RPTMTH","1","Student charges for full academic year and fall GR/SFA/retention rate cohort"
"HD2024","RPTMTH","3","Student charges for full academic year and full-year GR/SFA/retention rate cohort"
"HD2024","RPTMTH","2","Student charges by program and full-year GR/SFA/retention rate cohort"
"HD2024","RPTMTH","-1","Not reported"
"HD2024","RPTMTH","-2","Not applicable"
"HD2024","INSTCAT","1","Degree-granting, graduate with no undergraduate degrees"
"HD2024","INSTCAT","2","Degree-granting, primarily baccalaureate or above"
"HD2024","INSTCAT","3","Degree-granting, not primarily baccalaureate or above"
"HD2024","INSTCAT","4","Degree-granting, associate's and certificates 
"
"HD2024","INSTCAT","5","Nondegree-granting, above the baccalaureate"
"HD2024","INSTCAT","6","Nondegree-granting, sub-baccalaureate"
"HD2024","INSTCAT","-1","Not reported"
"HD2024","INSTCAT","-2","Not applicable"
"HD2024","LANDGRNT","1","Land Grant Institution"
"HD2024","LANDGRNT","2","Not a Land Grant Institution"
"HD2024","DFRCGID","89","Doctoral Universities: Highest Research Activity, Public/1 of 3"
"HD2024","DFRCGID","90","Doctoral Universities: Highest Research Activity, Public/2 of 3"
"HD2024","DFRCGID","91","Doctoral Universities: Highest Research Activity, Public/3 of 3"
"HD2024","DFRCGID","92","Doctoral Universities: Highest Research Activity, Private not-for-profit"
"HD2024","DFRCGID","93","Doctoral Universities: Higher Research Activity, Public/1 of 3"
"HD2024","DFRCGID","94","Doctoral Universities: Higher Research Activity, Public/2 of 3"
"HD2024","DFRCGID","95","Doctoral Universities: Higher Research Activity, Public/3 of 3"
"HD2024","DFRCGID","96","Doctoral Universities: Higher Research Activity, Private not-for-profit"
"HD2024","DFRCGID","97","Doctoral/Professional Universities, Public"
"HD2024","DFRCGID","98","Doctoral/Professional Universities, Private not-for-profit/1 of 4"
"HD2024","DFRCGID","99","Doctoral/Professional Universities, Private not-for-profit/2 of 4"
"HD2024","DFRCGID","100","Doctoral/Professional Universities, Private not-for-profit/3 of 4"
"HD2024","DFRCGID","101","Doctoral/Professional Universities, Private not-for-profit/4 of 4"
"HD2024","DFRCGID","102","Doctoral/Professional Universities, Private for-profit"
"HD2024","DFRCGID","103","Masters Colleges and Universities (larger programs), Public/1 of 5"
"HD2024","DFRCGID","104","Masters Colleges and Universities (larger programs), Public/2 of 5"
"HD2024","DFRCGID","105","Masters Colleges and Universities (larger programs), Public/3 of 5"
"HD2024","DFRCGID","106","Masters Colleges and Universities (larger programs), Public/4 of 5"
"HD2024","DFRCGID","107","Masters Colleges and Universities (larger programs), Public/5 of 5"
"HD2024","DFRCGID","108","Masters Colleges and Universities (larger programs), Private not-for-profit/1 of 5"
"HD2024","DFRCGID","109","Masters Colleges and Universities (larger programs), Private not-for-profit/2 of 5"
"HD2024","DFRCGID","110","Masters Colleges and Universities (larger programs), Private not-for-profit/3 of 5"
"HD2024","DFRCGID","111","Masters Colleges and Universities (larger programs), Private not-for-profit/4 of 5"
"HD2024","DFRCGID","112","Masters Colleges and Universities (larger programs), Private not-for-profit/5 of 5"
"HD2024","DFRCGID","113","Masters Colleges and Universities (larger programs), Private for-profit"
"HD2024","DFRCGID","114","Masters Colleges and Universities (medium programs), Public/1 of 2"
"HD2024","DFRCGID","115","Masters Colleges and Universities (medium programs), Public/2 of 2"
"HD2024","DFRCGID","116","Masters Colleges and Universities (medium programs), Private not-for-profit/1 of 4"
"HD2024","DFRCGID","117","Masters Colleges and Universities (medium programs), Private not-for-profit/2 of 4"
"HD2024","DFRCGID","118","Masters Colleges and Universities (medium programs), Private not-for-profit/3 of 4"
"HD2024","DFRCGID","119","Masters Colleges and Universities (medium programs), Private not-for-profit/4 of 4"
"HD2024","DFRCGID","120","Masters Colleges and Universities (medium programs), Private for-profit"
"HD2024","DFRCGID","121","Masters Colleges and Universities (smaller programs), Public"
"HD2024","DFRCGID","122","Masters Colleges and Universities (smaller programs), Private not-for-profit/1 of 3"
"HD2024","DFRCGID","123","Masters Colleges and Universities (smaller programs), Private not-for-profit/2 of 3"
"HD2024","DFRCGID","124","Masters Colleges and Universities (smaller programs), Private not-for-profit/3 of 3"
"HD2024","DFRCGID","125","Masters Colleges and Universities (smaller programs),  Private for-profit"
"HD2024","DFRCGID","202","Degree-granting four-year, private not-for-profit with no Carnegie classification highest degree - Master's"
"HD2024","DFRCGID","126","Baccalaureate Colleges--Arts & Sciences, Public"
"HD2024","DFRCGID","127","Baccalaureate Colleges--Arts & Sciences, Private not-for-profit/1 of 6"
"HD2024","DFRCGID","128","Baccalaureate Colleges--Arts & Sciences, Private not-for-profit/2 of 6"
"HD2024","DFRCGID","129","Baccalaureate Colleges--Arts & Sciences, Private not-for-profit/3 of 6"
"HD2024","DFRCGID","130","Baccalaureate Colleges--Arts & Sciences, Private not-for-profit/4 of 6"
"HD2024","DFRCGID","131","Baccalaureate Colleges--Arts & Sciences, Private not-for-profit/5 of 6"
"HD2024","DFRCGID","132","Baccalaureate Colleges--Arts & Sciences, Private not-for-profit/6 of 6"
"HD2024","DFRCGID","133","Baccalaureate Colleges--Arts & Sciences, Public/1 of 2"
"HD2024","DFRCGID","134","Baccalaureate Colleges--Arts & Sciences, Public/2 of 2"
"HD2024","DFRCGID","57","Public, degree-granting four-year highest level- bachelors"
"HD2024","DFRCGID","135","Baccalaureate Colleges--Diverse Fields, Private not-for-profit/1 of 6"
"HD2024","DFRCGID","136","Baccalaureate Colleges--Diverse Fields, Private not-for-profit/2 of 6"
"HD2024","DFRCGID","137","Baccalaureate Colleges--Diverse Fields, Private not-for-profit/3 of 6"
"HD2024","DFRCGID","138","Baccalaureate Colleges--Diverse Fields, Private not-for-profit/4 of 6"
"HD2024","DFRCGID","139","Baccalaureate Colleges--Diverse Fields, Private not-for-profit/5 of 6"
"HD2024","DFRCGID","140","Baccalaureate Colleges--Diverse Fields, Private not-for-profit/6 of 6"
"HD2024","DFRCGID","141","Baccalaureate/Associates Colleges, private not-for-profit"
"HD2024","DFRCGID","142","Faith-Related Institutions, highest level- bachelors, undergraduate degrees/certificates offered/1 of 2"
"HD2024","DFRCGID","143","Faith-Related Institutions, highest level- bachelors, undergraduate degrees/certificates offered/2 of 2"
"HD2024","DFRCGID","144","Faith-Related Institutions, highest level- postbacc, undergraduate degrees/certificates offered"
"HD2024","DFRCGID","145","Faith-Related Institutions highest level- postbacc, undergraduate degrees/certificates not offered"
"HD2024","DFRCGID","146","Faith-Related Institutions, highest level- Phd, undergraduate degrees/certificates offered"
"HD2024","DFRCGID","147","Faith-Related Institutions, highest level- Phd, undergraduate degrees/certificates not offered/1 of 2"
"HD2024","DFRCGID","148","Faith-Related Institutions, highest level- Phd, undergraduate degrees/certificates not offered/2 of 2"
"HD2024","DFRCGID","150","Medical schools and medical centers, Public"
"HD2024","DFRCGID","151","Medical schools and medical centers, Private not-for-profit"
"HD2024","DFRCGID","152","Other health professions schools, Private not-for-profit/1 of 3"
"HD2024","DFRCGID","153","Other health professions schools, Private not-for-profit/2 of 3"
"HD2024","DFRCGID","154","Other health professions schools, Private not-for-profit/3 of 3"
"HD2024","DFRCGID","157","Other health professions schools, Private for-profit/1 of 2"
"HD2024","DFRCGID","158","Other health professions schools, Private for-profit/2 of 2"
"HD2024","DFRCGID","160","Schools of research, Public"
"HD2024","DFRCGID","161","Schools of research, Private not-for-profit"
"HD2024","DFRCGID","162","Schools of engineering and other tech related fields"
"HD2024","DFRCGID","163","Schools of business and management, Private not-for-profit"
"HD2024","DFRCGID","164","Schools of business and management, Private for-profit"
"HD2024","DFRCGID","166","Schools of art, music, and design, Private for-profit"
"HD2024","DFRCGID","168","Schools of art, music, and design, public, private not-for-profit"
"HD2024","DFRCGID","169","Schools of law"
"HD2024","DFRCGID","171","Other special-focus four year institutions"
"HD2024","DFRCGID","199","Baccalaureate Colleges--Diverse Fields, Private for-profit"
"HD2024","DFRCGID","200","Degree-granting four-year, public or private for-profit with no Carnegie classification highest degree - Bachelor's"
"HD2024","DFRCGID","201","Degree-granting four-year, private not-for-profit with no Carnegie classification highest degree - Bachelor's"
"HD2024","DFRCGID","149","Degree-granting four-year primarily associate's, Faith-Related Institutions"
"HD2024","DFRCGID","155","Degree-granting four-year primarily associate's, Health professions schools, private for-profit/1 of 2"
"HD2024","DFRCGID","156","Degree-granting four-year primarily associate's, Health professions schools, private for-profit/2 of 2"
"HD2024","DFRCGID","159","Degree-granting four-year primarily associate's, Health professions schools, public or private not-for-profit"
"HD2024","DFRCGID","165","Degree-granting four-year primarily associate's, Schools of art, music, and design, private for-profit"
"HD2024","DFRCGID","167","Degree-granting four-year primarily associate's, Schools of art, music, and design, public or private not-for-profit"
"HD2024","DFRCGID","170","Degree-granting four-year primarily associate's, Other special-focus institutions"
"HD2024","DFRCGID","186","Degree-granting four-year, primarily associate's, Associate's Dominant, Public/1 of 4"
"HD2024","DFRCGID","187","Degree-granting four-year, primarily associate's, Associate's Dominant, Public/2 of 4"
"HD2024","DFRCGID","188","Degree-granting four-year, primarily associate's, Associate's Dominant, Public/3 of 4"
"HD2024","DFRCGID","189","Degree-granting four-year, primarily associate's, Associate's Dominant, Public/4 of 4"
"HD2024","DFRCGID","190","Degree-granting four-year, primarily associate's, Associate's Dominant, Private not-for-profit"
"HD2024","DFRCGID","191","Degree-granting four-year, primarily associate's, Associate's Dominant, Private for-profit"
"HD2024","DFRCGID","192","Degree-granting four-year, primarily associate's,  Mixed Baccalaureate/Associate's, Public/1 of 2"
"HD2024","DFRCGID","193","Degree-granting four-year, primarily associate's,  Mixed Baccalaureate/Associate's, Public/2 of 2"
"HD2024","DFRCGID","194","Degree-granting four-year, primarily associate's,  Mixed Baccalaureate/Associate's, Private not-for-profit"
"HD2024","DFRCGID","195","Degree-granting four-year, primarily associate's,  Mixed Baccalaureate/Associate's, Private for-profit"
"HD2024","DFRCGID","196","Degree-granting four year, primarilty associate's, with no Carnegie classifcation, private not-for-profit"
"HD2024","DFRCGID","197","Degree-granting four year, primarilty associate's, with no Carnegie classifcation, private for-profit"
"HD2024","DFRCGID","58","Associate's Colleges: High Transfer-High Traditional, Public/1 of 3"
"HD2024","DFRCGID","59","Associate's Colleges: High Transfer-High Traditional, Public/2 of 3"
"HD2024","DFRCGID","60","Associate's Colleges: High Transfer-High Traditional, Public/3 of 3"
"HD2024","DFRCGID","61","Associate's Colleges: High Transfer-Mixed Traditional/Nontraditional, Public/1 of 3"
"HD2024","DFRCGID","62","Associate's Colleges: High Transfer-Mixed Traditional/Nontraditional, Public/2 of 3"
"HD2024","DFRCGID","63","Associate's Colleges: High Transfer-Mixed Traditional/Nontraditional, Public/3 of 3"
"HD2024","DFRCGID","64","Associate's Colleges: High Transfer-High Nontraditional, Public/1 of 3"
"HD2024","DFRCGID","65","Associate's Colleges: High Transfer-High Nontraditional, Public/2 of 3"
"HD2024","DFRCGID","66","Associate's Colleges: High Transfer-High Nontraditional, Public/3 of 3"
"HD2024","DFRCGID","67","Associate's Colleges: Mixed Transfer/Career & Technical-High Traditional, Public/1 of 3"
"HD2024","DFRCGID","68","Associate's Colleges: Mixed Transfer/Career & Technical-High Traditional, Public/2 of 3"
"HD2024","DFRCGID","69","Associate's Colleges: Mixed Transfer/Career & Technical-High Traditional, Public/3 of 3"
"HD2024","DFRCGID","70","Associate's Colleges: Mixed Transfer/Career & Technical-Mixed Traditional/Nontraditional, Public/1 of 3"
"HD2024","DFRCGID","71","Associate's Colleges: Mixed Transfer/Career & Technical-Mixed Traditional/Nontraditional, Public/2 of 3"
"HD2024","DFRCGID","72","Associate's Colleges: Mixed Transfer/Career & Technical-Mixed Traditional/Nontraditional, Public/3 of 3"
"HD2024","DFRCGID","73","Associate's Colleges: Mixed Transfer/Career & Technical-High Nontraditional, Public/1 of 3"
"HD2024","DFRCGID","74","Associate's Colleges: Mixed Transfer/Career & Technical-High Nontraditional, Public/2 of 3"
"HD2024","DFRCGID","75","Associate's Colleges: Mixed Transfer/Career & Technical-High Nontraditional, Public/3 of 3"
"HD2024","DFRCGID","76","Associate's Colleges: High Career & Technical-High Traditional, Public/1 of 2"
"HD2024","DFRCGID","77","Associate's Colleges: High Career & Technical-High Traditional, Public/2 of 2"
"HD2024","DFRCGID","78","Associate's Colleges: High Career & Technical-High Traditional, Private for-profit"
"HD2024","DFRCGID","79","Associate's Colleges: High Career & Technical-Mixed Traditional/Nontraditional, Public/1 of 3"
"HD2024","DFRCGID","80","Associate's Colleges: High Career & Technical-Mixed Traditional/Nontraditional, Public/2 of 3"
"HD2024","DFRCGID","81","Associate's Colleges: High Career & Technical-Mixed Traditional/Nontraditional, Public/3 of 3"
"HD2024","DFRCGID","82","Associate's Colleges: High Career & Technical-Mixed Traditional/Nontraditional, Private for-profit"
"HD2024","DFRCGID","83","Associate's Colleges: High Career & Technical-High Nontraditional, Public/1 of 2"
"HD2024","DFRCGID","84","Associate's Colleges: High Career & Technical-High Nontraditional, Public/2 of 2"
"HD2024","DFRCGID","85","Associate's Colleges: High Career & Technical-High Nontraditional, Private for-profit"
"HD2024","DFRCGID","86","Associate colleges: High/Mixed Transfer, Private not-for-profit"
"HD2024","DFRCGID","87","Associate colleges: High/Mixed Transfer, Private for-profit"
"HD2024","DFRCGID","88","Associate colleges: High Career & Technical, Private not-for-profit"
"HD2024","DFRCGID","173","Special Focus Two Year or Other Associate's College, Public"
"HD2024","DFRCGID","174","Special Focus Two Year: Health, Private not-for-profit"
"HD2024","DFRCGID","175","Special Focus Two Year: Health, Private for-profit/1 of 5"
"HD2024","DFRCGID","176","Special Focus Two Year: Health, Private for-profit/2 of 5"
"HD2024","DFRCGID","177","Special Focus Two Year: Health, Private for-profit/3 of 5"
"HD2024","DFRCGID","178","Special Focus Two Year: Health, Private for-profit/4 of 5"
"HD2024","DFRCGID","179","Special Focus Two Year: Health, Private for-profit/5 of 5"
"HD2024","DFRCGID","180","Special Focus Two Year: Technical, Private not-for-profit"
"HD2024","DFRCGID","181","Special Focus Two Year: Technical, Private for-profit"
"HD2024","DFRCGID","182","Special Focus Two Year: Art & Design, Private not-for-profit"
"HD2024","DFRCGID","183","Special Focus Two Year: Art & Design, Private for-profit"
"HD2024","DFRCGID","218","Other Associate's Colleges, Private not-for-profit"
"HD2024","DFRCGID","184","Special Focus Two Year: Other, Private not-for-profit"
"HD2024","DFRCGID","219","Other Associate's Colleges, Private for-profit/1 of 3"
"HD2024","DFRCGID","220","Other Associate's Colleges, Private for-profit/2 of 3"
"HD2024","DFRCGID","221","Other Associate's Colleges, Private for-profit/3 of 3"
"HD2024","DFRCGID","185","Special Focus Two Year: Other, Private for-profit"
"HD2024","DFRCGID","172","Tribal Colleges"
"HD2024","DFRCGID","208","U.S. Military Academies"
"HD2024","DFRCGID","1","Nondegree-granting, public, academic year reporter"
"HD2024","DFRCGID","2","Nondegree-granting, public, largest program - cosm"
"HD2024","DFRCGID","3","Nondegree-granting, public, largest program - health/1 of 6"
"HD2024","DFRCGID","4","Nondegree-granting, public, largest program - health/2 of 6"
"HD2024","DFRCGID","5","Nondegree-granting, public, largest program - health/3 of 6"
"HD2024","DFRCGID","6","Nondegree-granting, public, largest program - health/4 of 6"
"HD2024","DFRCGID","7","Nondegree-granting, public, largest program - health/5 of 6"
"HD2024","DFRCGID","8","Nondegree-granting, public, largest program - health/6 of 6"
"HD2024","DFRCGID","209","Nondegree-granting, public, largest program - engineering and engineering technologies"
"HD2024","DFRCGID","210","Nondegree-granting, public  largest program - manufacturing, construction, repair, and transportation/1 of 2"
"HD2024","DFRCGID","211","Nondegree-granting, public  largest program - manufacturing, construction, repair, and transportation/2 of 2"
"HD2024","DFRCGID","9","Nondegree-granting, public, largest program - other"
"HD2024","DFRCGID","10","Nondegree-granting, private not-for-profit, academic year reporter"
"HD2024","DFRCGID","11","Nondegree-granting, private not-for-profit, largest program - cosmetology"
"HD2024","DFRCGID","12","Nondegree-granting, private not-for-profit, largest program - health"
"HD2024","DFRCGID","212","Nondegree-granting, private not-for-profit, largest program - manufacturing, construction, repair, and transportation"
"HD2024","DFRCGID","13","Nondegree-granting, private not-for-profit, largest program - other"
"HD2024","DFRCGID","14","Nondegree-granting, for-profit, academic year reporter"
"HD2024","DFRCGID","15","Nondegree-granting, private for-profit,  largest program - cosmetology/1 of 34"
"HD2024","DFRCGID","16","Nondegree-granting, private for-profit,  largest program - cosmetology/2 of 34"
"HD2024","DFRCGID","17","Nondegree-granting, private for-profit,  largest program - cosmetology/3 of 34"
"HD2024","DFRCGID","18","Nondegree-granting, private for-profit,  largest program - cosmetology/4 of 34"
"HD2024","DFRCGID","19","Nondegree-granting, private for-profit,  largest program - cosmetology/5 of 34"
"HD2024","DFRCGID","20","Nondegree-granting, private for-profit,  largest program - cosmetology/6 of 34"
"HD2024","DFRCGID","21","Nondegree-granting, private for-profit,  largest program - cosmetology/7 of 34"
"HD2024","DFRCGID","22","Nondegree-granting, private for-profit,  largest program - cosmetology/8 of 34"
"HD2024","DFRCGID","23","Nondegree-granting, private for-profit,  largest program - cosmetology/9 of 34"
"HD2024","DFRCGID","24","Nondegree-granting, private for-profit,  largest program - cosmetology/10 of 34"
"HD2024","DFRCGID","25","Nondegree-granting, private for-profit,  largest program - cosmetology/11 of 34"
"HD2024","DFRCGID","26","Nondegree-granting, private for-profit,  largest program - cosmetology/12 of 34"
"HD2024","DFRCGID","27","Nondegree-granting, private for-profit,  largest program - cosmetology/13 of 34"
"HD2024","DFRCGID","28","Nondegree-granting, private for-profit,  largest program - cosmetology/14 of 34"
"HD2024","DFRCGID","29","Nondegree-granting, private for-profit,  largest program - cosmetology/15 of 34"
"HD2024","DFRCGID","30","Nondegree-granting, private for-profit,  largest program - cosmetology/16 of 34"
"HD2024","DFRCGID","31","Nondegree-granting, private for-profit,  largest program - cosmetology/17 of 34"
"HD2024","DFRCGID","32","Nondegree-granting, private for-profit,  largest program - cosmetology/18 of 34"
"HD2024","DFRCGID","33","Nondegree-granting, private for-profit,  largest program - cosmetology/19 of 34"
"HD2024","DFRCGID","34","Nondegree-granting, private for-profit,  largest program - cosmetology/20 of 34"
"HD2024","DFRCGID","35","Nondegree-granting, private for-profit,  largest program - cosmetology/21 of 34"
"HD2024","DFRCGID","36","Nondegree-granting, private for-profit,  largest program - cosmetology/22 of 34"
"HD2024","DFRCGID","37","Nondegree-granting, private for-profit,  largest program - cosmetology/23 of 34"
"HD2024","DFRCGID","38","Nondegree-granting, private for-profit,  largest program - cosmetology/24 of 34"
"HD2024","DFRCGID","39","Nondegree-granting, private for-profit,  largest program - cosmetology/25 of 34"
"HD2024","DFRCGID","40","Nondegree-granting, private for-profit,  largest program - cosmetology/26 of 34"
"HD2024","DFRCGID","41","Nondegree-granting, private for-profit,  largest program - cosmetology/27 of 34"
"HD2024","DFRCGID","42","Nondegree-granting, private for-profit,  largest program - cosmetology/28 of 34"
"HD2024","DFRCGID","43","Nondegree-granting, private for-profit,  largest program - cosmetology/29 of 34"
"HD2024","DFRCGID","44","Nondegree-granting, private for-profit,  largest program - cosmetology/30 of 34"
"HD2024","DFRCGID","45","Nondegree-granting, private for-profit,  largest program - cosmetology/31 of 34"
"HD2024","DFRCGID","46","Nondegree-granting, private for-profit,  largest program - cosmetology/32 of 34"
"HD2024","DFRCGID","47","Nondegree-granting, private for-profit,  largest program - cosmetology/33 of 34"
"HD2024","DFRCGID","48","Nondegree-granting, private for-profit,  largest program - cosmetology/34 of 34"
"HD2024","DFRCGID","49","Nondegree-granting, private for-profit,  largest program - health/1 of 7"
"HD2024","DFRCGID","50","Nondegree-granting, private for-profit,  largest program - health/2 of 7"
"HD2024","DFRCGID","51","Nondegree-granting, private for-profit,  largest program - health/3 of 7"
"HD2024","DFRCGID","52","Nondegree-granting, private for-profit,  largest program - health/4 of 7"
"HD2024","DFRCGID","53","Nondegree-granting, private for-profit,  largest program - health/5 of 7"
"HD2024","DFRCGID","54","Nondegree-granting, private for-profit,  largest program - health/6 of 7"
"HD2024","DFRCGID","55","Nondegree-granting, private for-profit,  largest program - health/7 of 7"
"HD2024","DFRCGID","56","Nondegree-granting, private for-profit, largest program - other"
"HD2024","DFRCGID","213","Nondegree-granting, private for-profit, largest program - communications and communication technologies"
"HD2024","DFRCGID","214","Nondegree-granting, private for-profit, largest program - engineering and engineering technologies"
"HD2024","DFRCGID","215","Nondegree-granting, private for-profit, largest program - manufacturing, construction, repair, and transportation/1 of 3"
"HD2024","DFRCGID","216","Nondegree-granting, private for-profit, largest program - manufacturing, construction, repair, and transportation/2 of 3"
"HD2024","DFRCGID","217","Nondegree-granting, private for-profit, largest program - manufacturing, construction, repair, and transportation/3 of 3"
"HD2024","DFRCGID","222","Degree-granting less-than four-year, public in Puerto Rico"
"HD2024","DFRCGID","223","Degree-granting four-year, public in Puerto Rico"
"HD2024","DFRCGID","224","Degree-granting, private not-for-profit in Puerto Rico"
"HD2024","DFRCGID","226","Degree-granting, private for-profit in Puerto Rico"
"HD2024","DFRCGID","227","Nondegree-granting private for-profit or not-for-profit in Puerto Rico"
"HD2024","DFRCGID","198","Jurisdictions other than Puerto Rico or Other Associate's Colleges"
"HD2024","DFRCGID","203","Non-Title IV, degree-granting/1 of 2"
"HD2024","DFRCGID","204","Non-Title IV, degree-granting/2 of 2"
"HD2024","DFRCGID","205","Non-Title IV, nondegree-granting, the largest program-cosmetology"
"HD2024","DFRCGID","206","Non-Title IV, nondegree-granting, the largest program-health"
"HD2024","DFRCGID","207","Non-Title IV, nondegree-granting, the largest program-other"
"HD2024","DFRCGID","-1","Not reported"
"HD2024","DFRCGID","-2","Not applicable"
"IC2024","FTGDNIDP","1","Yes"
"IC2024","FTGDNIDP","2","No"
"IC2024","FTGDNIDP","-2","Not applicable"
"IC2024","FTGDNIDP","-1","Not reported"
"IC2024","PTGDNIDP","1","Yes"
"IC2024","PTGDNIDP","2","No"
"IC2024","PTGDNIDP","-2","Not applicable"
"IC2024","PTGDNIDP","-1","Not reported"
"IC2024","DOCPP","1","Yes"
"IC2024","DOCPP","2","No"
"IC2024","DOCPP","-2","Not applicable"
"IC2024","DOCPP","-1","Not reported"
"IC2024","DOCPPSP","1","Yes"
"IC2024","DOCPPSP","2","No"
"IC2024","DOCPPSP","-2","Not applicable"
"IC2024","DOCPPSP","-1","Not reported"
"IC2024","DISTCRS","1","Yes"
"IC2024","DISTCRS","0","Implied no"
"IC2024","DISTCRS","-1","Not reported"
"IC2024","DISTCRS","-2","Not applicable"
"IC2024","DISTNCED","1","Yes"
"IC2024","DISTNCED","2","No"
"IC2024","DISTNCED","-1","Not reported"
"IC2024","DISTNCED","-2","Not applicable"
"IC2024","DSTNCED1","1","Yes"
"IC2024","DSTNCED1","0","Implied no"
"IC2024","DSTNCED1","-1","Not reported"
"IC2024","DSTNCED1","-2","Not applicable"
"IC2024","DSTNCED2","1","Yes"
"IC2024","DSTNCED2","0","Implied no"
"IC2024","DSTNCED2","-1","Not reported"
"IC2024","DSTNCED2","-2","Not applicable"
"IC2024","DSTNCED3","1","Yes"
"IC2024","DSTNCED3","0","Implied no"
"IC2024","DSTNCED3","-1","Not reported"
"IC2024","DSTNCED3","-2","Not applicable"
"IC2024","DSTNUGC","1","Yes"
"IC2024","DSTNUGC","0","Implied no"
"IC2024","DSTNUGC","-1","Not reported"
"IC2024","DSTNUGC","-2","Not applicable"
"IC2024","DSTNUGP","1","Yes"
"IC2024","DSTNUGP","0","Implied no"
"IC2024","DSTNUGP","-1","Not reported"
"IC2024","DSTNUGP","-2","Not applicable"
"IC2024","DSTNUGN","1","Yes"
"IC2024","DSTNUGN","0","Implied no"
"IC2024","DSTNUGN","-1","Not reported"
"IC2024","DSTNUGN","-2","Not applicable"
"IC2024","DSTNGC","1","Yes"
"IC2024","DSTNGC","0","Implied no"
"IC2024","DSTNGC","-1","Not reported"
"IC2024","DSTNGC","-2","Not applicable"
"IC2024","DSTNGP","1","Yes"
"IC2024","DSTNGP","0","Implied no"
"IC2024","DSTNGP","-1","Not reported"
"IC2024","DSTNGP","-2","Not applicable"
"IC2024","DSTNGN","1","Yes"
"IC2024","DSTNGN","0","Implied no"
"IC2024","DSTNGN","-1","Not reported"
"IC2024","DSTNGN","-2","Not applicable"
"IC2024","DISTPGS","1","Yes"
"IC2024","DISTPGS","0","Implied no"
"IC2024","DISTPGS","-1","Not applicable"
"IC2024","DISTPGS","-2","Not reported"
"HD2024","C21BASIC","1","Associate's Colleges: High Transfer-High Traditional"
"HD2024","C21BASIC","2","Associate's Colleges: High Transfer-Mixed Traditional/Nontraditional"
"HD2024","C21BASIC","3","Associate's Colleges: High Transfer-High Nontraditional"
"HD2024","C21BASIC","4","Associate's Colleges: Mixed Transfer/Career & Technical-High Traditional"
"HD2024","C21BASIC","5","Associate's Colleges: Mixed Transfer/Career & Technical-Mixed Traditional/Nontraditional"
"HD2024","C21BASIC","6","Associate's Colleges: Mixed Transfer/Career & Technical-High Nontraditional"
"HD2024","C21BASIC","7","Associate's Colleges: High Career & Technical-High Traditional"
"HD2024","C21BASIC","8","Associate's Colleges: High Career & Technical-Mixed Traditional/Nontraditional"
"HD2024","C21BASIC","9","Associate's Colleges: High Career & Technical-High Nontraditional"
"HD2024","C21BASIC","10","Special Focus Two-Year: Health Professions"
"HD2024","C21BASIC","11","Special Focus Two-Year: Technical Professions"
"HD2024","C21BASIC","12","Special Focus Two-Year: Arts & Design"
"HD2024","C21BASIC","13","Special Focus Two-Year: Other Fields"
"HD2024","C21BASIC","14","Baccalaureate/Associate's Colleges: Associate's Dominant"
"HD2024","C21BASIC","15","Doctoral Universities: Very High Research Activity
"
"HD2024","C21BASIC","16","Doctoral Universities: High Research Activity
"
"HD2024","C21BASIC","17","Doctoral/Professional Universities
"
"HD2024","C21BASIC","18","Master's Colleges & Universities: Larger Programs"
"HD2024","C21BASIC","19","Master's Colleges & Universities: Medium Programs"
"HD2024","C21BASIC","20","Master's Colleges & Universities: Small Programs"
"HD2024","C21BASIC","21","Baccalaureate Colleges: Arts & Sciences Focus"
"HD2024","C21BASIC","22","Baccalaureate Colleges: Diverse Fields"
"HD2024","C21BASIC","23","Baccalaureate/Associate's Colleges: Mixed Baccalaureate/Associate's"
"HD2024","C21BASIC","24","Special Focus Four-Year: Faith-Related Institutions"
"HD2024","C21BASIC","25","Special Focus Four-Year: Medical Schools & Centers"
"HD2024","C21BASIC","26","Special Focus Four-Year: Other Health Professions Schools"
"HD2024","C21BASIC","27","Special Focus Four-Year: Research Institutions"
"HD2024","C21BASIC","28","Special Focus Four-Year: Engineering and Other Technology-Related Schools"
"HD2024","C21BASIC","29","Special Focus Four-Year: Business & Management Schools"
"HD2024","C21BASIC","30","Special Focus Four-Year: Arts, Music & Design Schools"
"HD2024","C21BASIC","31","Special Focus Four-Year: Law Schools"
"HD2024","C21BASIC","32","Special Focus Four-Year: Other Special Focus Institutions"
"HD2024","C21BASIC","33","Tribal Colleges"
"HD2024","C21BASIC","0","(Not classified)"
"HD2024","C21BASIC","-2","Not applicable, not in Carnegie universe (not accredited or nondegree-granting)"
"HD2024","DFRCUSCG","1","Yes, institution submitted a custom comparison group"
"HD2024","DFRCUSCG","2","No, institution did not submit a custom comparison group"
"HD2024","DFRCUSCG","-1","Not reported"
"HD2024","DFRCUSCG","-2","Not applicable"
"HD2024","F1SYSTYP","1","Institution is part of a multi-institution or multi-campus organization "
"HD2024","F1SYSTYP","2","Institution is NOT part of a multi-institution or multi-campus organization "
"HD2024","F1SYSTYP","-1","Not reported"
"HD2024","F1SYSTYP","-2","Not applicable"
"HD2024","F1SYSCOD","101030","AL - Alabama Community College System"
"HD2024","F1SYSCOD","101040","AL - Auburn University"
"HD2024","F1SYSCOD","101050","AL - The University of Alabama System"
"HD2024","F1SYSCOD","102010","AK - University of Alaska System of Higher Education"
"HD2024","F1SYSCOD","104010","AZ - Arizona Board of Regents"
"HD2024","F1SYSCOD","104020","AZ - Maricopa Community College District"
"HD2024","F1SYSCOD","105010","AR - Arkansas State University System"
"HD2024","F1SYSCOD","105020","AR - Southern Arkansas University System"
"HD2024","F1SYSCOD","105030","AR - University of Arkansas System"
"HD2024","F1SYSCOD","106010","CA - California Community College System"
"HD2024","F1SYSCOD","106020","CA - California State University"
"HD2024","F1SYSCOD","106040","CA - Downey Unified School District"
"HD2024","F1SYSCOD","106050","CA - Los Angeles Community College District"
"HD2024","F1SYSCOD","106060","CA - San Bernardino Community College District"
"HD2024","F1SYSCOD","106070","CA - San Mateo County Community College District"
"HD2024","F1SYSCOD","106080","CA - University of California"
"HD2024","F1SYSCOD","106090","CA - West Valley Mission Community College District"
"HD2024","F1SYSCOD","106100","CA - Yuba Community College District"
"HD2024","F1SYSCOD","108010","CO - Colorado Community College System"
"HD2024","F1SYSCOD","108020","CO - Colorado State University System"
"HD2024","F1SYSCOD","108030","CO - Delta County School District 50-J"
"HD2024","F1SYSCOD","108040","CO - University of Colorado"
"HD2024","F1SYSCOD","109010","CT - Connecticut State Colleges and Universities"
"HD2024","F1SYSCOD","109030","CT - Connecticut Technical High School System"
"HD2024","F1SYSCOD","110010","DE - Delaware Technical and Community Colleges"
"HD2024","F1SYSCOD","111010","DC - University of the District of Columbia"
"HD2024","F1SYSCOD","112010","FL - Broward County Public Schools"
"HD2024","F1SYSCOD","112020","FL - Collier County Public School District, Florida"
"HD2024","F1SYSCOD","112030","FL - Florida State Board of Education"
"HD2024","F1SYSCOD","112040","FL - Hillsborough Technical Colleges"
"HD2024","F1SYSCOD","112050","FL - Leon County School Board"
"HD2024","F1SYSCOD","112060","FL - Miami-Dade County Public Schools"
"HD2024","F1SYSCOD","112070","FL - Orange County Public Schools"
"HD2024","F1SYSCOD","112080","FL - Pasco County Schools"
"HD2024","F1SYSCOD","112090","FL - State University System of Florida"
"HD2024","F1SYSCOD","113010","GA - Technical College System of Georgia"
"HD2024","F1SYSCOD","113020","GA - University System of Georgia"
"HD2024","F1SYSCOD","115010","HI - University of Hawaii Board of Regents"
"HD2024","F1SYSCOD","116010","ID - Idaho State Board of Education"
"HD2024","F1SYSCOD","117010","IL - City Colleges of Chicago"
"HD2024","F1SYSCOD","117020","IL - Illinois Community College System"
"HD2024","F1SYSCOD","117030","IL - Southern Illinois University"
"HD2024","F1SYSCOD","117040","IL - University of Illinois Board of Trustees"
"HD2024","F1SYSCOD","118020","IN - Indiana University"
"HD2024","F1SYSCOD","118030","IN - Indiana University-Purdue University"
"HD2024","F1SYSCOD","118070","IN - Purdue University"
"HD2024","F1SYSCOD","118090","IN - The Trustees of Purdue University"
"HD2024","F1SYSCOD","119010","IA - Board of Regents, State of Iowa"
"HD2024","F1SYSCOD","119020","IA - Iowa Valley Community College District"
"HD2024","F1SYSCOD","120010","KS - Kansas State University System"
"HD2024","F1SYSCOD","121010","KY - Kentucky Community and Technical College System"
"HD2024","F1SYSCOD","122010","LA - Louisiana Community and Technical College System"
"HD2024","F1SYSCOD","122020","LA - Louisiana State University System"
"HD2024","F1SYSCOD","122030","LA - Southern University System"
"HD2024","F1SYSCOD","122040","LA - The University of Louisiana System"
"HD2024","F1SYSCOD","123010","ME - Maine Community College System"
"HD2024","F1SYSCOD","123020","ME - University of Maine System"
"HD2024","F1SYSCOD","124010","MD - University System of Maryland"
"HD2024","F1SYSCOD","125010","MA - Massachusetts Community Colleges"
"HD2024","F1SYSCOD","125020","MA - Southern Worcester County Regional Vocational School District"
"HD2024","F1SYSCOD","125030","MA - University of Massachusetts"
"HD2024","F1SYSCOD","126010","MI - University of Michigan"
"HD2024","F1SYSCOD","127010","MN - Minnesota State Colleges and Universities"
"HD2024","F1SYSCOD","127020","MN - University of Minnesota"
"HD2024","F1SYSCOD","128010","MS - Mississippi Institutions of Higher Learning"
"HD2024","F1SYSCOD","128020","MS - Mississippi State Board for Community and Junior Colleges"
"HD2024","F1SYSCOD","129030","MO - Harrisonville Cass R-IX School District"
"HD2024","F1SYSCOD","129050","MO - Marshall Public School System"
"HD2024","F1SYSCOD","129070","MO - Metropolitan Community Colleges"
"HD2024","F1SYSCOD","129080","MO - Missouri State University"
"HD2024","F1SYSCOD","129090","MO - Pike County R-3 School District"
"HD2024","F1SYSCOD","129120","MO - Rolla Public School District"
"HD2024","F1SYSCOD","129130","MO - Warrensburg School District"
"HD2024","F1SYSCOD","129140","MO - St Louis Community College District"
"HD2024","F1SYSCOD","129160","MO - University of Missouri System"
"HD2024","F1SYSCOD","129170","MO - Washington School District"
"HD2024","F1SYSCOD","130020","MT - Montana University System"
"HD2024","F1SYSCOD","131010","NE - Nebraska State College System"
"HD2024","F1SYSCOD","131020","NE - University of Nebraska"
"HD2024","F1SYSCOD","132010","NV - Nevada System of Higher Education"
"HD2024","F1SYSCOD","133010","NH - Community College System of New Hampshire"
"HD2024","F1SYSCOD","133020","NH - University System of New Hampshire"
"HD2024","F1SYSCOD","134010","NJ - Bergen County Technical Schools"
"HD2024","F1SYSCOD","134020","NJ - State of New Jersey"
"HD2024","F1SYSCOD","135010","NM - Eastern New Mexico University"
"HD2024","F1SYSCOD","135020","NM - New Mexico State University System"
"HD2024","F1SYSCOD","135030","NM - University of New Mexico"
"HD2024","F1SYSCOD","136010","NY - City University of New York"
"HD2024","F1SYSCOD","136020","NY - New York State Education Department"
"HD2024","F1SYSCOD","136040","NY - State University of New York System"
"HD2024","F1SYSCOD","137010","NC - Atrium Health"
"HD2024","F1SYSCOD","137020","NC - North Carolina Community College System"
"HD2024","F1SYSCOD","137030","NC - University of North Carolina"
"HD2024","F1SYSCOD","138010","ND - North Dakota University System"
"HD2024","F1SYSCOD","139020","OH - Cuyahoga Valley Career Center"
"HD2024","F1SYSCOD","139030","OH - Eastland-Fairfield Career and Technical Schools"
"HD2024","F1SYSCOD","139050","OH - Knox County Career County School Board"
"HD2024","F1SYSCOD","139060","OH - Ohio University"
"HD2024","F1SYSCOD","139065","OH - The Ohio State University-Main Campus"
"HD2024","F1SYSCOD","139090","OH - The University System of Ohio"
"HD2024","F1SYSCOD","139100","OH - Tri-Rivers JVSD"
"HD2024","F1SYSCOD","139110","OH - Vanguard-Sentinel Career Centers"
"HD2024","F1SYSCOD","139130","OH - Wayne County Joint Vocational School District"
"HD2024","F1SYSCOD","139140","OH - Willoughby-Eastlake City Schools"
"HD2024","F1SYSCOD","140020","OK - Oklahoma Department of Career and Technology Education"
"HD2024","F1SYSCOD","140030","OK - Oklahoma State System of Higher Education"
"HD2024","F1SYSCOD","140050","OK - Regional University System of Oklahoma"
"HD2024","F1SYSCOD","141010","OR - Community Colleges and Workforce Development"
"HD2024","F1SYSCOD","142020","PA - Joint Operating Committee for the ICTC"
"HD2024","F1SYSCOD","142030","PA - Joint Operating Committee of the Somerset County Technology"
"HD2024","F1SYSCOD","142050","PA - Pennsylvania State System of Higher Education"
"HD2024","F1SYSCOD","142060","PA - The Pennsylvania State University"
"HD2024","F1SYSCOD","142070","PA - University of Pittsburgh"
"HD2024","F1SYSCOD","144010","RI - Rhode Island Board of Education"
"HD2024","F1SYSCOD","145010","SC - South Carolina Commission of Higher Education"
"HD2024","F1SYSCOD","145020","SC - South Carolina Technical College System"
"HD2024","F1SYSCOD","145030","SC - University of South Carolina"
"HD2024","F1SYSCOD","146010","SD - South Dakota Board of Technical Education"
"HD2024","F1SYSCOD","146020","SD - South Dakota Board of Regents"
"HD2024","F1SYSCOD","147010","TN - TBR - The College System of Tennessee"
"HD2024","F1SYSCOD","147020","TN - The University of Tennessee System"
"HD2024","F1SYSCOD","148010","TX - Alamo Colleges"
"HD2024","F1SYSCOD","148013","TX - Dallas County Community College District"
"HD2024","F1SYSCOD","148020","TX - Texas A&M University System"
"HD2024","F1SYSCOD","148030","TX - Texas State Technical College System"
"HD2024","F1SYSCOD","148040","TX - Texas State University System"
"HD2024","F1SYSCOD","148050","TX - Texas Tech University System"
"HD2024","F1SYSCOD","148060","TX - The University of Texas System"
"HD2024","F1SYSCOD","148070","TX - University of Houston System"
"HD2024","F1SYSCOD","148080","TX - University of North Texas System"
"HD2024","F1SYSCOD","149020","UT - Utah System of Higher Education"
"HD2024","F1SYSCOD","150010","VT - Vermont State Colleges"
"HD2024","F1SYSCOD","151020","VA - Virginia Beach City Public Schools"
"HD2024","F1SYSCOD","151030","VA - Virginia Community College System"
"HD2024","F1SYSCOD","153010","WA - University of Washington"
"HD2024","F1SYSCOD","153020","WA - Washington State Board for Community and Technical Colleges"
"HD2024","F1SYSCOD","154010","WV - Cabell County School System"
"HD2024","F1SYSCOD","154020","WV - Mercer County Schools"
"HD2024","F1SYSCOD","154030","WV - Mineral County Schools"
"HD2024","F1SYSCOD","154040","WV - Monongalia County Board of Education"
"HD2024","F1SYSCOD","154050","WV - Raleigh County Board of Education"
"HD2024","F1SYSCOD","154060","WV - West Virginia Community and Technical College System"
"HD2024","F1SYSCOD","154070","WV - West Virginia Department of Education, Fayette County Schools"
"HD2024","F1SYSCOD","154080","WV - West Virginia Higher Education Policy Commission"
"HD2024","F1SYSCOD","155010","WI - University of Wisconsin System"
"HD2024","F1SYSCOD","155020","WI - Wisconsin Technical College System"
"HD2024","F1SYSCOD","172010","PR - Puerto Rico State Department of Education"
"HD2024","F1SYSCOD","172020","PR - University of Puerto Rico"
"HD2024","F1SYSCOD","200030","Albany Medical Center"
"HD2024","F1SYSCOD","200040","Alegent Health"
"HD2024","F1SYSCOD","200060","American Academy of Dramatic Arts"
"HD2024","F1SYSCOD","200070","American Indian OIC"
"HD2024","F1SYSCOD","200080","Antioch University"
"HD2024","F1SYSCOD","200100","Arnot Ogden Medical Center"
"HD2024","F1SYSCOD","200110","Association for Research and Enlightenment"
"HD2024","F1SYSCOD","200130","Averett University"
"HD2024","F1SYSCOD","200140","Baker College System"
"HD2024","F1SYSCOD","200150","Baptist Health"
"HD2024","F1SYSCOD","200160","Baptist Memorial Health Care Corporation"
"HD2024","F1SYSCOD","200170","Bard College"
"HD2024","F1SYSCOD","200180","Barnes-Jewish Hospital"
"HD2024","F1SYSCOD","200190","Bellin Health Systems"
"HD2024","F1SYSCOD","200200","Beth Israel Medical Center"
"HD2024","F1SYSCOD","200220","Bethel University"
"HD2024","F1SYSCOD","200230","Bon Secours Mercy Health"
"HD2024","F1SYSCOD","200235","Bryant & Stratton College"
"HD2024","F1SYSCOD","200260","Caney Creek Community Center Inc."
"HD2024","F1SYSCOD","200330","Center for Employment Training"
"HD2024","F1SYSCOD","200333","Center for Excellence in Higher Education"
"HD2024","F1SYSCOD","200340","Centra Health"
"HD2024","F1SYSCOD","200350","Central Methodist University"
"HD2024","F1SYSCOD","200380","Chapman University"
"HD2024","F1SYSCOD","200410","Allied Health Programs FL, LLC"
"HD2024","F1SYSCOD","200420","Cleveland Clinic"
"HD2024","F1SYSCOD","200430","Columbia International University"
"HD2024","F1SYSCOD","200440","Columbus College of Art and Design Board of Trustees"
"HD2024","F1SYSCOD","200445","Community HigherEd Institute"
"HD2024","F1SYSCOD","200448","Compass Rose Foundation"
"HD2024","F1SYSCOD","200450","Concordia University System"
"HD2024","F1SYSCOD","200475","Cornell University"
"HD2024","F1SYSCOD","200490","Cranbrook Educational Community"
"HD2024","F1SYSCOD","200500","Crouse Health Hospital Inc."
"HD2024","F1SYSCOD","200505","Cyrus The Great International Online University"
"HD2024","F1SYSCOD","200510","Dominican University"
"HD2024","F1SYSCOD","200530","EDP University of Puerto Rico Inc."
"HD2024","F1SYSCOD","200540","Ecclesia Inc."
"HD2024","F1SYSCOD","200554","Embry-Riddle Aeronautical University Inc."
"HD2024","F1SYSCOD","200570","General Health System"
"HD2024","F1SYSCOD","200580","Geneva General Hospital"
"HD2024","F1SYSCOD","200590","Goddard College Corporation"
"HD2024","F1SYSCOD","200600","Graceland University"
"HD2024","F1SYSCOD","200610","Graham Hospital"
"HD2024","F1SYSCOD","200620","Hallmark Health Systems Inc."
"HD2024","F1SYSCOD","200630","Hazelden Foundation Board of Governors"
"HD2024","F1SYSCOD","200640","Hebrew Union College"
"HD2024","F1SYSCOD","200655","Herzing University, LTD."
"HD2024","F1SYSCOD","200670","Holy Name Hospital"
"HD2024","F1SYSCOD","200680","Hood Theological Seminary Board of Trustees"
"HD2024","F1SYSCOD","200740","Iowa Health System"
"HD2024","F1SYSCOD","200750","JEVS Human Services"
"HD2024","F1SYSCOD","200760","JFK Health"
"HD2024","F1SYSCOD","200770","Jefferson Regional Medical System"
"HD2024","F1SYSCOD","200780","Johnson & Wales University"
"HD2024","F1SYSCOD","200783","Johnson University"
"HD2024","F1SYSCOD","200787","Kansas City University"
"HD2024","F1SYSCOD","200790","Kettering Health Network"
"HD2024","F1SYSCOD","200800","Knights of Columbus Family Life Bureau Inc."
"HD2024","F1SYSCOD","200810","Lewistown Hospital"
"HD2024","F1SYSCOD","200815","Linfield University"
"HD2024","F1SYSCOD","200820","Los Angeles Jewish Home"
"HD2024","F1SYSCOD","200860","Mayo Clinic"
"HD2024","F1SYSCOD","200880","Mercy"
"HD2024","F1SYSCOD","200890","Methodist Health System"
"HD2024","F1SYSCOD","200900","Methodist Medical Center of Illinois"
"HD2024","F1SYSCOD","200910","LECOM Health System"
"HD2024","F1SYSCOD","200913","Middlebury College"
"HD2024","F1SYSCOD","200930","National University System"
"HD2024","F1SYSCOD","200960","New England School of Law Corporation"
"HD2024","F1SYSCOD","200970","New York Botanical Garden"
"HD2024","F1SYSCOD","200990","Northwood University"
"HD2024","F1SYSCOD","201010","OSF Healthcare"
"HD2024","F1SYSCOD","201020","Ohio Valley General Hospital"
"HD2024","F1SYSCOD","201040","Palmer College Foundation"
"HD2024","F1SYSCOD","201050","Partners Health Care"
"HD2024","F1SYSCOD","201070","Pierce Mortuary Colleges Inc."
"HD2024","F1SYSCOD","201090","Polytechnic University"
"HD2024","F1SYSCOD","201100","Pontifical Catholic University of Puerto Rico Inc."
"HD2024","F1SYSCOD","201140","Providence Health and Services"
"HD2024","F1SYSCOD","201150","Reading Hospital and Medical Center"
"HD2024","F1SYSCOD","201160","Regis Corporation"
"HD2024","F1SYSCOD","201170","Remington College Inc."
"HD2024","F1SYSCOD","201210","Reynolds Memorial Hospital Board of Directors"
"HD2024","F1SYSCOD","201220","Riverside Health System"
"HD2024","F1SYSCOD","201250","Saint Vincent College Corporation"
"HD2024","F1SYSCOD","201260","Sanford Health"
"HD2024","F1SYSCOD","201290","Shadow Mountain Ministries"
"HD2024","F1SYSCOD","201320","Sistema Universitario Ana G. Mendez"
"HD2024","F1SYSCOD","201330","Sor Isolina Ferre Centers Inc."
"HD2024","F1SYSCOD","201350","Southeast Missouri Hospital"
"HD2024","F1SYSCOD","201390","Saint Joseph Hospital"
"HD2024","F1SYSCOD","201400","Saint Joseph's Hospital Health Center"
"HD2024","F1SYSCOD","201410","Saint Francis Medical Center"
"HD2024","F1SYSCOD","201420","Saint John's College"
"HD2024","F1SYSCOD","201430","Sutter Health"
"HD2024","F1SYSCOD","201440","TechMission"
"HD2024","F1SYSCOD","201460","The Chicago School of Professional Psychology"
"HD2024","F1SYSCOD","201470","The Claremont Colleges"
"HD2024","F1SYSCOD","201480","The RAND Corporation"
"HD2024","F1SYSCOD","201490","The Santa Barbara and Ventura Colleges of Law"
"HD2024","F1SYSCOD","201500","Touro University System"
"HD2024","F1SYSCOD","201510","Tri-City Baptist Ministries"
"HD2024","F1SYSCOD","201528","United Lutheran Seminary"
"HD2024","F1SYSCOD","201530","Universidad Interamericana de Puerto Rico"
"HD2024","F1SYSCOD","201540","Universidad Politecnica"
"HD2024","F1SYSCOD","201550","University of Pittsburgh Medical Center"
"HD2024","F1SYSCOD","201570","Whitworth University"
"HD2024","F1SYSCOD","201590","Word of Life Fellowship Inc."
"HD2024","F1SYSCOD","201620","ECMC Education Inc."
"HD2024","F1SYSCOD","300010","A Technological Advantage Inc."
"HD2024","F1SYSCOD","300012","Adtalem Global Education"
"HD2024","F1SYSCOD","300032","American National University"
"HD2024","F1SYSCOD","300070","STVT-AAI Education Inc."
"HD2024","F1SYSCOD","300100","Academy of Hair Design Inc."
"HD2024","F1SYSCOD","300120","Acupuncture Center Inc."
"HD2024","F1SYSCOD","300160","Allen School"
"HD2024","F1SYSCOD","300165","Alliant International University, Inc."
"HD2024","F1SYSCOD","300167","Allied Health Programs FL, LLC"
"HD2024","F1SYSCOD","300210","American Career College Inc."
"HD2024","F1SYSCOD","300260","American Educational College Inc."
"HD2024","F1SYSCOD","300280","American Higher Education Development Corporation"
"HD2024","F1SYSCOD","300290","American Institute"
"HD2024","F1SYSCOD","300320","American Public Education Inc."
"HD2024","F1SYSCOD","300350","Arthur's Beauty College Inc."
"HD2024","F1SYSCOD","300361","Aspen Group"
"HD2024","F1SYSCOD","300365","ATA Holding Corp"
"HD2024","F1SYSCOD","300380","Automeca Technical College Inc."
"HD2024","F1SYSCOD","300390","Automotive Training Center Inc."
"HD2024","F1SYSCOD","300400","Aveda Institute"
"HD2024","F1SYSCOD","300430","Babylon Beauty School of Smithtown Inc."
"HD2024","F1SYSCOD","300450","Bayshire Academy of Beauty Craft Inc."
"HD2024","F1SYSCOD","300470","Beauty Boutique Inc."
"HD2024","F1SYSCOD","300490","Beauty Careers Institute Inc."
"HD2024","F1SYSCOD","300500","Beauty First joint corporation"
"HD2024","F1SYSCOD","300510","Beauty World Corporation"
"HD2024","F1SYSCOD","300530","Berkeley College/Berkeley Education Services"
"HD2024","F1SYSCOD","300550","Bradford Schools Inc."
"HD2024","F1SYSCOD","300555","Branford Academy of Hair & Cosmetology"
"HD2024","F1SYSCOD","300570","ZOVIO"
"HD2024","F1SYSCOD","300580","Select Education Group"
"HD2024","F1SYSCOD","300620","Brookline College, LLC"
"HD2024","F1SYSCOD","300623","Brown Aveda"
"HD2024","F1SYSCOD","300630","Bryan Career College Inc."
"HD2024","F1SYSCOD","300650","Bryant & Stratton College"
"HD2024","F1SYSCOD","300670","Bullen and Wilson LLC"
"HD2024","F1SYSCOD","300690","Clido Inc."
"HD2024","F1SYSCOD","300700","CNT CORPORATION"
"HD2024","F1SYSCOD","300760","Campus Hollywood"
"HD2024","F1SYSCOD","300800","Capri Schools of Beauty Culture Inc."
"HD2024","F1SYSCOD","300810","Capri Training Centers Inc."
"HD2024","F1SYSCOD","300820","Career Care Institute Inc."
"HD2024","F1SYSCOD","300840","Perdoceo Education Corporation"
"HD2024","F1SYSCOD","300870","Career Management Systems"
"HD2024","F1SYSCOD","300910","Career Training Specialists LLC"
"HD2024","F1SYSCOD","300940","Center for Professional Studies Inc."
"HD2024","F1SYSCOD","300970","Central State Beauty Academy"
"HD2024","F1SYSCOD","301005","Coachella Valley Beauty College Inc"
"HD2024","F1SYSCOD","301015","Cogswell Capital"
"HD2024","F1SYSCOD","301040","College of Business and Technology Inc."
"HD2024","F1SYSCOD","301080","Columbia College Corporation"
"HD2024","F1SYSCOD","301090","Columbia College Inc."
"HD2024","F1SYSCOD","301100","Columbia Greene Beauty School Inc."
"HD2024","F1SYSCOD","301110","Columbia Southern Education Group Inc."
"HD2024","F1SYSCOD","301140","Community Health Systems"
"HD2024","F1SYSCOD","301160","Compu-Med Vocational Careers Corp"
"HD2024","F1SYSCOD","301180","Concorde Career Colleges Inc."
"HD2024","F1SYSCOD","301290","Cosmetology Careers Unlimited Inc."
"HD2024","F1SYSCOD","301300","Coyne American Institute Inc."
"HD2024","F1SYSCOD","301310","Crystal Lake Academy Inc."
"HD2024","F1SYSCOD","301330","D'Mart Institute Inc."
"HD2024","F1SYSCOD","301350","Dlorah Inc."
"HD2024","F1SYSCOD","301370","Darrobe Inc."
"HD2024","F1SYSCOD","301475","Diesel Driving Academy"
"HD2024","F1SYSCOD","301490","Toni & Guy Hairdressing Academy"
"HD2024","F1SYSCOD","301500","Diversified Education Company"
"HD2024","F1SYSCOD","301520","Dorsey School of Business Holdings Inc."
"HD2024","F1SYSCOD","301555","South University - Member LLC"
"HD2024","F1SYSCOD","301580","Duran Rubero Beauty Center Inc."
"HD2024","F1SYSCOD","301590","EA Education Inc."
"HD2024","F1SYSCOD","301600","Novateur Education"
"HD2024","F1SYSCOD","301620","EduK Group"
"HD2024","F1SYSCOD","301640","EEG Inc."
"HD2024","F1SYSCOD","301650","EFC Trade"
"HD2024","F1SYSCOD","301680","Edco Systems LP"
"HD2024","F1SYSCOD","301720","Education Affiliates Inc."
"HD2024","F1SYSCOD","301780","Education Futures Group LLC"
"HD2024","F1SYSCOD","301810","Education Management Inc."
"HD2024","F1SYSCOD","301825","Education Principle Foundation"
"HD2024","F1SYSCOD","301850","Educational Technical College"
"HD2024","F1SYSCOD","301865","El Paso Trade School INC DVA Western Technical College"
"HD2024","F1SYSCOD","301880","Elizabeth Grady Face First Inc."
"HD2024","F1SYSCOD","301890","Empire Education Corporation"
"HD2024","F1SYSCOD","301910","Employment Services Inc."
"HD2024","F1SYSCOD","301920","Empowerment Healthcare Schools"
"HD2024","F1SYSCOD","301950","Escuela de Peritos Electricistas de Isabela Inc."
"HD2024","F1SYSCOD","301975","European Message Therapy Schools"
"HD2024","F1SYSCOD","301990","Evergreen Cosmo Inc."
"HD2024","F1SYSCOD","301995","Excel Salon Products Incorporated"
"HD2024","F1SYSCOD","302010","Fiegen & Bisenius Inc."
"HD2024","F1SYSCOD","302060","Fox Institute of Business Inc."
"HD2024","F1SYSCOD","302090","GFH Inc."
"HD2024","F1SYSCOD","302140","Gem City College"
"HD2024","F1SYSCOD","302150","Gene Juarez Beauty Schools LLC"
"HD2024","F1SYSCOD","302155","Genesis Career Group"
"HD2024","F1SYSCOD","302240","Hays Academy of Hair Design"
"HD2024","F1SYSCOD","302245","HCA Healthcare"
"HD2024","F1SYSCOD","302340","House of Heavilin of Blue Springs Inc."
"HD2024","F1SYSCOD","302360","Houston Training Schools Inc."
"HD2024","F1SYSCOD","302365","Human Capital Incorporated"
"HD2024","F1SYSCOD","302370","Hunter Business School Inc."
"HD2024","F1SYSCOD","302380","Hussian College Inc."
"HD2024","F1SYSCOD","302460","Institute of Cosmetology LTD"
"HD2024","F1SYSCOD","302480","Interactive Learning Systems Inc."
"HD2024","F1SYSCOD","302530","International Education Corporation"
"HD2024","F1SYSCOD","302550","Iowa School of Beauty Inc."
"HD2024","F1SYSCOD","302564","J & J of Virginia, Inc"
"HD2024","F1SYSCOD","302570","J2D LLC"
"HD2024","F1SYSCOD","302600","John Jay Beauty College Inc."
"HD2024","F1SYSCOD","302620","Joseph's Colleges of Beauty and Barbering"
"HD2024","F1SYSCOD","302630","Kansas School of Barbering"
"HD2024","F1SYSCOD","302645","Kelly Education, Inc."
"HD2024","F1SYSCOD","302700","Kip Siu LLC"
"HD2024","F1SYSCOD","302730","LIBI Corporation"
"HD2024","F1SYSCOD","302740","LTT Enterprises Inc."
"HD2024","F1SYSCOD","302750","La James International College"
"HD2024","F1SYSCOD","302760","LaLaak Corporation"
"HD2024","F1SYSCOD","302780","Latress Beauty Academy Inc."
"HD2024","F1SYSCOD","302810","Laureate Education Inc."
"HD2024","F1SYSCOD","302820","Laurel Business Institute"
"HD2024","F1SYSCOD","302835","Legacy Education LLC"
"HD2024","F1SYSCOD","302840","Leighann holdings Inc."
"HD2024","F1SYSCOD","302850","Liberatoscioli Inc."
"HD2024","F1SYSCOD","302860","Ogle School Management"
"HD2024","F1SYSCOD","302880","Lincoln Barber College"
"HD2024","F1SYSCOD","302900","Lincoln Educational Services"
"HD2024","F1SYSCOD","302910","Loretta Paganini School of Cooking Inc."
"HD2024","F1SYSCOD","302930","M & S Media Inc."
"HD2024","F1SYSCOD","302980","Make-up Designory Inc."
"HD2024","F1SYSCOD","303010","Manuel and Theresa's School of Hair Design"
"HD2024","F1SYSCOD","303040","Marian Health Careers Center"
"HD2024","F1SYSCOD","303090","MediaTech Institute"
"HD2024","F1SYSCOD","303100","Medical Dynamics Inc."
"HD2024","F1SYSCOD","303180","Midwest Technical Institute Inc."
"HD2024","F1SYSCOD","303190","Mikhail Education Corporation"
"HD2024","F1SYSCOD","303200","Milan Institute"
"HD2024","F1SYSCOD","303250","Minnesota School of Cosmetology Inc."
"HD2024","F1SYSCOD","303260","Mississippi Institute of Aesthetics, Nails, & Cosmetology Inc."
"HD2024","F1SYSCOD","303270","Mitchell's Hair Styling Inc."
"HD2024","F1SYSCOD","303280","Montano Pabon and Associates"
"HD2024","F1SYSCOD","303290","Moored Associates LLC"
"HD2024","F1SYSCOD","303320","MyComputerCareer.com Inc."
"HD2024","F1SYSCOD","303340","National Aviation Academy"
"HD2024","F1SYSCOD","303380","National Education Seminars Inc."
"HD2024","F1SYSCOD","303390","National Tractor Trailer School Inc."
"HD2024","F1SYSCOD","303400","New England Tractor Trailer Training of Massachusetts Inc."
"HD2024","F1SYSCOD","303410","New York Film Academy"
"HD2024","F1SYSCOD","303460","North American Trade Schools Inc."
"HD2024","F1SYSCOD","303470","North Penn Business & Technical Institute Inc."
"HD2024","F1SYSCOD","303480","North-West College"
"HD2024","F1SYSCOD","303530","Ohio State School of Cosmetology Corporation"
"HD2024","F1SYSCOD","303540","Olympus Inc."
"HD2024","F1SYSCOD","303550","P & A Scholars Inc."
"HD2024","F1SYSCOD","303580","PJ's College of Cosmetology Inc."
"HD2024","F1SYSCOD","303590","Pacific College of Oriental Medicine"
"HD2024","F1SYSCOD","303610","Paul Mitchell Advanced Education"
"HD2024","F1SYSCOD","303620","Paul Mitchell The School"
"HD2024","F1SYSCOD","303635","Peloton College"
"HD2024","F1SYSCOD","303650","Pennco Institutes Inc."
"HD2024","F1SYSCOD","303660","Phagans Cosmetology Colleges"
"HD2024","F1SYSCOD","303680","Manufacturer’s Technical Institutes, Inc"
"HD2024","F1SYSCOD","303690","Pioneer Education LLC"
"HD2024","F1SYSCOD","303700","Pivot Point International Inc."
"HD2024","F1SYSCOD","303710","Platt College LLC."
"HD2024","F1SYSCOD","303740","Porter and Chester"
"HD2024","F1SYSCOD","303745","Poway Academy of Hair Design Inc."
"HD2024","F1SYSCOD","303790","Prince Careers Inc."
"HD2024","F1SYSCOD","303800","Prism Education Group"
"HD2024","F1SYSCOD","303810","Professional Skills Inc."
"HD2024","F1SYSCOD","303820","Professional's Choice Hair Design Academy"
"HD2024","F1SYSCOD","303830","Prospect Education"
"HD2024","F1SYSCOD","303840","Qe2 Systems Inc."
"HD2024","F1SYSCOD","303850","Quest Education Corporation"
"HD2024","F1SYSCOD","303860","R & M Beauty"
"HD2024","F1SYSCOD","303880","RTP Hispanic American College Inc."
"HD2024","F1SYSCOD","303890","RWH Inc."
"HD2024","F1SYSCOD","303900","Raphaels School of Beauty Culture Inc."
"HD2024","F1SYSCOD","303910","Rasmussen College LLC"
"HD2024","F1SYSCOD","303920","Reed Jackson Holdings Inc."
"HD2024","F1SYSCOD","303950","DVMD LLC"
"HD2024","F1SYSCOD","303970","Resource Productivity Management Inc."
"HD2024","F1SYSCOD","304000","Rob Roy Academy Inc."
"HD2024","F1SYSCOD","304010","Rockhurst University"
"HD2024","F1SYSCOD","304050","Ross Education, LLC"
"HD2024","F1SYSCOD","304070","Rosslyn Training Academy of Cosmetology Inc."
"HD2024","F1SYSCOD","304120","SAE Institute Group Inc."
"HD2024","F1SYSCOD","304130","Southern Technical Holdings, LLC"
"HD2024","F1SYSCOD","304150","SSS Education Inc."
"HD2024","F1SYSCOD","304180","San Joaquin Valley College Inc."
"HD2024","F1SYSCOD","304190","Sanbarcollbuscom Inc."
"HD2024","F1SYSCOD","304200","Sapientis Educational Group Inc."
"HD2024","F1SYSCOD","304215","SCI Acquisitions, Inc."
"HD2024","F1SYSCOD","304230","Silva and Lopez Associates Inc."
"HD2024","F1SYSCOD","304255","Spartan Education Group, LLC"
"HD2024","F1SYSCOD","304270","Steiner Education Group"
"HD2024","F1SYSCOD","304320","Sterling School of Beauty Culture Inc."
"HD2024","F1SYSCOD","304370","Strategic Education, Inc."
"HD2024","F1SYSCOD","304400","Studio Production Inc."
"HD2024","F1SYSCOD","304420","Sullivan University System"
"HD2024","F1SYSCOD","304450","TBES Inc."
"HD2024","F1SYSCOD","304480","Technical Education Services, Inc"
"HD2024","F1SYSCOD","304505","Texas Medical Careers Center"
"HD2024","F1SYSCOD","304515","The Esani Institute LLC."
"HD2024","F1SYSCOD","304520","The Fashion Institute of Design and Merchandising"
"HD2024","F1SYSCOD","304530","The Infilaw System"
"HD2024","F1SYSCOD","304550","The Salon Professional Academy"
"HD2024","F1SYSCOD","304580","The Taft University System Inc."
"HD2024","F1SYSCOD","304590","Tint School of Makeup & Cosmetology"
"HD2024","F1SYSCOD","304600","Total Looks Corporation"
"HD2024","F1SYSCOD","304650","Tri-State Educational Systems Inc."
"HD2024","F1SYSCOD","304660","Triangle Tech Inc."
"HD2024","F1SYSCOD","304670","Tricoci University of Beauty Culture LLC"
"HD2024","F1SYSCOD","304690","Triumph Higher Education Group"
"HD2024","F1SYSCOD","304700","Tulsa Welding School Inc."
"HD2024","F1SYSCOD","304730","UCAS Inc."
"HD2024","F1SYSCOD","304760","Unitech Training Academy Inc."
"HD2024","F1SYSCOD","304765","United Group Services."
"HD2024","F1SYSCOD","304770","United Investments of Illinois Inc."
"HD2024","F1SYSCOD","304780","Unitek Information Systems"
"HD2024","F1SYSCOD","304790","Universal College of Beauty Inc."
"HD2024","F1SYSCOD","304800","Universal Technical Institute Inc."
"HD2024","F1SYSCOD","304810","University of Northwestern Ohio"
"HD2024","F1SYSCOD","304820","University of Phoenix"
"HD2024","F1SYSCOD","304840","VCC Management LLC"
"HD2024","F1SYSCOD","304850","Valley Training Centers Inc."
"HD2024","F1SYSCOD","304880","Venus Schools Inc."
"HD2024","F1SYSCOD","304930","WellSpring Resources Inc."
"HD2024","F1SYSCOD","304950","West Coast University Inc."
"HD2024","F1SYSCOD","304970","West Virginia Junior College Inc."
"HD2024","F1SYSCOD","305020","Xenon International Academy"
"HD2024","F1SYSCOD","305040","York Technical Institute LLC"
"HD2024","F1SYSCOD","400010","Institute of Allied Medical Professions"
"HD2024","F1SYSCOD","-1","Not reported"
"HD2024","F1SYSCOD","-2","Not applicable"
"FLAGS2024","NTRLDSTR","1","Yes"
"FLAGS2024","NTRLDSTR","0","No"
"HD2024","CBSA","10100","Aberdeen, SD"
"HD2024","CBSA","10140","Aberdeen, WA"
"HD2024","CBSA","10180","Abilene, TX"
"HD2024","CBSA","10220","Ada, OK"
"HD2024","CBSA","10300","Adrian, MI"
"HD2024","CBSA","10380","Aguadilla, PR"
"HD2024","CBSA","10420","Akron, OH"
"HD2024","CBSA","10460","Alamogordo, NM"
"HD2024","CBSA","10480","Alamosa, CO"
"HD2024","CBSA","10500","Albany, GA"
"HD2024","CBSA","10540","Albany, OR"
"HD2024","CBSA","10580","Albany-Schenectady-Troy, NY"
"HD2024","CBSA","10620","Albemarle, NC"
"HD2024","CBSA","10700","Albertville, AL"
"HD2024","CBSA","10740","Albuquerque, NM"
"HD2024","CBSA","10760","Alexander City, AL"
"HD2024","CBSA","10780","Alexandria, LA"
"HD2024","CBSA","10820","Alexandria, MN"
"HD2024","CBSA","10900","Allentown-Bethlehem-Easton, PA-NJ"
"HD2024","CBSA","10940","Alma, MI"
"HD2024","CBSA","10980","Alpena, MI"
"HD2024","CBSA","11020","Altoona, PA"
"HD2024","CBSA","11060","Altus, OK"
"HD2024","CBSA","11100","Amarillo, TX"
"HD2024","CBSA","11140","Americus, GA"
"HD2024","CBSA","11180","Ames, IA"
"HD2024","CBSA","11200","Amherst Town-Northampton, MA"
"HD2024","CBSA","11220","Amsterdam, NY"
"HD2024","CBSA","11260","Anchorage, AK"
"HD2024","CBSA","11360","Anderson Creek, NC"
"HD2024","CBSA","11420","Angola, IN"
"HD2024","CBSA","11460","Ann Arbor, MI"
"HD2024","CBSA","11500","Anniston-Oxford, AL"
"HD2024","CBSA","11540","Appleton, WI"
"HD2024","CBSA","11620","Ardmore, OK"
"HD2024","CBSA","11640","Arecibo, PR"
"HD2024","CBSA","11660","Arkadelphia, AR"
"HD2024","CBSA","11680","Arkansas City-Winfield, KS"
"HD2024","CBSA","11700","Asheville, NC"
"HD2024","CBSA","11740","Ashland, OH"
"HD2024","CBSA","11820","Astoria, OR"
"HD2024","CBSA","11860","Atchison, KS"
"HD2024","CBSA","11900","Athens, OH"
"HD2024","CBSA","11940","Athens, TN"
"HD2024","CBSA","11980","Athens, TX"
"HD2024","CBSA","12020","Athens-Clarke County, GA"
"HD2024","CBSA","12060","Atlanta-Sandy Springs-Roswell, GA"
"HD2024","CBSA","12100","Atlantic City-Hammonton, NJ"
"HD2024","CBSA","12180","Auburn, NY"
"HD2024","CBSA","12220","Auburn-Opelika, AL"
"HD2024","CBSA","12260","Augusta-Richmond County, GA-SC"
"HD2024","CBSA","12300","Augusta-Waterville, ME"
"HD2024","CBSA","12380","Austin, MN"
"HD2024","CBSA","12420","Austin-Round Rock-San Marcos, TX"
"HD2024","CBSA","12540","Bakersfield-Delano, CA"
"HD2024","CBSA","12580","Baltimore-Columbia-Towson, MD"
"HD2024","CBSA","12620","Bangor, ME"
"HD2024","CBSA","12700","Barnstable Town, MA"
"HD2024","CBSA","12740","Barre, VT"
"HD2024","CBSA","12780","Bartlesville, OK"
"HD2024","CBSA","12860","Batavia, NY"
"HD2024","CBSA","12900","Batesville, AR"
"HD2024","CBSA","12940","Baton Rouge, LA"
"HD2024","CBSA","12980","Battle Creek, MI"
"HD2024","CBSA","13020","Bay City, MI"
"HD2024","CBSA","13140","Beaumont-Port Arthur, TX"
"HD2024","CBSA","13180","Beaver Dam, WI"
"HD2024","CBSA","13220","Beckley, WV"
"HD2024","CBSA","13300","Beeville, TX"
"HD2024","CBSA","13380","Bellingham, WA"
"HD2024","CBSA","13420","Bemidji, MN"
"HD2024","CBSA","13460","Bend, OR"
"HD2024","CBSA","13540","Bennington, VT"
"HD2024","CBSA","13660","Big Rapids, MI"
"HD2024","CBSA","13700","Big Spring, TX"
"HD2024","CBSA","13740","Billings, MT"
"HD2024","CBSA","13780","Binghamton, NY"
"HD2024","CBSA","13820","Birmingham, AL"
"HD2024","CBSA","13900","Bismarck, ND"
"HD2024","CBSA","13940","Blackfoot, ID"
"HD2024","CBSA","13980","Blacksburg-Christiansburg-Radford, VA"
"HD2024","CBSA","14010","Bloomington, IL"
"HD2024","CBSA","14020","Bloomington, IN"
"HD2024","CBSA","14100","Bloomsburg-Berwick, PA"
"HD2024","CBSA","14140","Bluefield, WV-VA"
"HD2024","CBSA","14180","Blytheville, AR"
"HD2024","CBSA","14260","Boise City, ID"
"HD2024","CBSA","14380","Boone, NC"
"HD2024","CBSA","14420","Borger, TX"
"HD2024","CBSA","14460","Boston-Cambridge-Newton, MA-NH"
"HD2024","CBSA","14500","Boulder, CO"
"HD2024","CBSA","14540","Bowling Green, KY"
"HD2024","CBSA","14580","Bozeman, MT"
"HD2024","CBSA","14620","Bradford, PA"
"HD2024","CBSA","14660","Brainerd, MN"
"HD2024","CBSA","14700","Branson, MO"
"HD2024","CBSA","14710","Brattleboro, VT"
"HD2024","CBSA","14740","Bremerton-Silverdale-Port Orchard, WA"
"HD2024","CBSA","14780","Brenham, TX"
"HD2024","CBSA","14820","Brevard, NC"
"HD2024","CBSA","14860","Bridgeport-Stamford-Danbury, CT"
"HD2024","CBSA","15100","Brookings, SD"
"HD2024","CBSA","15180","Brownsville-Harlingen, TX"
"HD2024","CBSA","15220","Brownwood, TX"
"HD2024","CBSA","15260","Brunswick-St. Simons, GA"
"HD2024","CBSA","15380","Buffalo-Cheektowaga, NY"
"HD2024","CBSA","15420","Burley, ID"
"HD2024","CBSA","15460","Burlington, IA-IL"
"HD2024","CBSA","15500","Burlington, NC"
"HD2024","CBSA","15540","Burlington-South Burlington, VT"
"HD2024","CBSA","15580","Butte-Silver Bow, MT"
"HD2024","CBSA","15620","Cadillac, MI"
"HD2024","CBSA","15780","Camden, AR"
"HD2024","CBSA","15820","Campbellsville, KY"
"HD2024","CBSA","15900","Canton, IL"
"HD2024","CBSA","15940","Canton-Massillon, OH"
"HD2024","CBSA","15980","Cape Coral-Fort Myers, FL"
"HD2024","CBSA","16020","Cape Girardeau, MO-IL"
"HD2024","CBSA","16060","Carbondale, IL"
"HD2024","CBSA","16100","Carlsbad-Artesia, NM"
"HD2024","CBSA","16180","Carson City, NV"
"HD2024","CBSA","16220","Casper, WY"
"HD2024","CBSA","16260","Cedar City, UT"
"HD2024","CBSA","16300","Cedar Rapids, IA"
"HD2024","CBSA","16380","Celina, OH"
"HD2024","CBSA","16500","Centralia, WA"
"HD2024","CBSA","16540","Chambersburg, PA"
"HD2024","CBSA","16580","Champaign-Urbana, IL"
"HD2024","CBSA","16620","Charleston, WV"
"HD2024","CBSA","16660","Charleston-Mattoon, IL"
"HD2024","CBSA","16700","Charleston-North Charleston, SC"
"HD2024","CBSA","16740","Charlotte-Concord-Gastonia, NC-SC"
"HD2024","CBSA","16820","Charlottesville, VA"
"HD2024","CBSA","16860","Chattanooga, TN-GA"
"HD2024","CBSA","16940","Cheyenne, WY"
"HD2024","CBSA","16980","Chicago-Naperville-Elgin, IL-IN"
"HD2024","CBSA","17020","Chico, CA"
"HD2024","CBSA","17060","Chillicothe, OH"
"HD2024","CBSA","17140","Cincinnati, OH-KY-IN"
"HD2024","CBSA","17220","Clarksburg, WV"
"HD2024","CBSA","17260","Clarksdale, MS"
"HD2024","CBSA","17300","Clarksville, TN-KY"
"HD2024","CBSA","17380","Cleveland, MS"
"HD2024","CBSA","17410","Cleveland, OH"
"HD2024","CBSA","17420","Cleveland, TN"
"HD2024","CBSA","17580","Clovis, NM"
"HD2024","CBSA","17650","Cody, WY"
"HD2024","CBSA","17660","Coeur d'Alene, ID"
"HD2024","CBSA","17780","College Station-Bryan, TX"
"HD2024","CBSA","17820","Colorado Springs, CO"
"HD2024","CBSA","17860","Columbia, MO"
"HD2024","CBSA","17900","Columbia, SC"
"HD2024","CBSA","17980","Columbus, GA-AL"
"HD2024","CBSA","18060","Columbus, MS"
"HD2024","CBSA","18140","Columbus, OH"
"HD2024","CBSA","18180","Concord, NH"
"HD2024","CBSA","18260","Cookeville, TN"
"HD2024","CBSA","18300","Coos Bay-North Bend, OR"
"HD2024","CBSA","18340","Corbin, KY"
"HD2024","CBSA","18420","Corinth, MS"
"HD2024","CBSA","18460","Cornelia, GA"
"HD2024","CBSA","18500","Corning, NY"
"HD2024","CBSA","18580","Corpus Christi, TX"
"HD2024","CBSA","18620","Corsicana, TX"
"HD2024","CBSA","18660","Cortland, NY"
"HD2024","CBSA","18700","Corvallis, OR"
"HD2024","CBSA","18820","Crawfordsville, IN"
"HD2024","CBSA","18880","Crestview-Fort Walton Beach-Destin, FL"
"HD2024","CBSA","18900","Crossville, TN"
"HD2024","CBSA","18980","Cullman, AL"
"HD2024","CBSA","19060","Cumberland, MD-WV"
"HD2024","CBSA","19100","Dallas-Fort Worth-Arlington, TX"
"HD2024","CBSA","19140","Dalton, GA"
"HD2024","CBSA","19180","Danville, IL"
"HD2024","CBSA","19220","Danville, KY"
"HD2024","CBSA","19260","Danville, VA"
"HD2024","CBSA","19300","Daphne-Fairhope-Foley, AL"
"HD2024","CBSA","19340","Davenport-Moline-Rock Island, IA-IL"
"HD2024","CBSA","19430","Dayton-Kettering-Beavercreek, OH"
"HD2024","CBSA","19500","Decatur, IL"
"HD2024","CBSA","19580","Defiance, OH"
"HD2024","CBSA","19660","Deltona-Daytona Beach-Ormond Beach, FL"
"HD2024","CBSA","19740","Denver-Aurora-Centennial, CO"
"HD2024","CBSA","19780","Des Moines-West Des Moines, IA"
"HD2024","CBSA","19820","Detroit-Warren-Dearborn, MI"
"HD2024","CBSA","19860","Dickinson, ND"
"HD2024","CBSA","19940","Dixon, IL"
"HD2024","CBSA","19980","Dodge City, KS"
"HD2024","CBSA","20020","Dothan, AL"
"HD2024","CBSA","20060","Douglas, GA"
"HD2024","CBSA","20100","Dover, DE"
"HD2024","CBSA","20180","DuBois, PA"
"HD2024","CBSA","20220","Dubuque, IA"
"HD2024","CBSA","20260","Duluth, MN-WI"
"HD2024","CBSA","20340","Duncan, OK"
"HD2024","CBSA","20420","Durango, CO"
"HD2024","CBSA","20460","Durant, OK"
"HD2024","CBSA","20500","Durham-Chapel Hill, NC"
"HD2024","CBSA","20540","Dyersburg, TN"
"HD2024","CBSA","20580","Eagle Pass, TX"
"HD2024","CBSA","20700","East Stroudsburg, PA"
"HD2024","CBSA","20740","Eau Claire, WI"
"HD2024","CBSA","20900","El Campo, TX"
"HD2024","CBSA","20940","El Centro, CA"
"HD2024","CBSA","20980","El Dorado, AR"
"HD2024","CBSA","21020","Elizabeth City, NC"
"HD2024","CBSA","21060","Elizabethtown, KY"
"HD2024","CBSA","21140","Elkhart-Goshen, IN"
"HD2024","CBSA","21180","Elkins, WV"
"HD2024","CBSA","21220","Elko, NV"
"HD2024","CBSA","21260","Ellensburg, WA"
"HD2024","CBSA","21300","Elmira, NY"
"HD2024","CBSA","21340","El Paso, TX"
"HD2024","CBSA","21380","Emporia, KS"
"HD2024","CBSA","21420","Enid, OK"
"HD2024","CBSA","21460","Enterprise, AL"
"HD2024","CBSA","21500","Erie, PA"
"HD2024","CBSA","21540","Escanaba, MI"
"HD2024","CBSA","21580","EspaÃ±ola, NM"
"HD2024","CBSA","21660","Eugene-Springfield, OR"
"HD2024","CBSA","21700","Eureka-Arcata, CA"
"HD2024","CBSA","21780","Evansville, IN"
"HD2024","CBSA","21820","Fairbanks-College, AK"
"HD2024","CBSA","21900","Fairmont, WV"
"HD2024","CBSA","22020","Fargo, ND-MN"
"HD2024","CBSA","22060","Faribault-Northfield, MN"
"HD2024","CBSA","22100","Farmington, MO"
"HD2024","CBSA","22140","Farmington, NM"
"HD2024","CBSA","22180","Fayetteville, NC"
"HD2024","CBSA","22190","Fayetteville, TN"
"HD2024","CBSA","22220","Fayetteville-Springdale-Rogers, AR"
"HD2024","CBSA","22260","Fergus Falls, MN"
"HD2024","CBSA","22300","Findlay, OH"
"HD2024","CBSA","22380","Flagstaff, AZ"
"HD2024","CBSA","22420","Flint, MI"
"HD2024","CBSA","22500","Florence, SC"
"HD2024","CBSA","22520","Florence-Muscle Shoals, AL"
"HD2024","CBSA","22540","Fond du Lac, WI"
"HD2024","CBSA","22580","Forest City, NC"
"HD2024","CBSA","22620","Forrest City, AR"
"HD2024","CBSA","22660","Fort Collins-Loveland, CO"
"HD2024","CBSA","22700","Fort Dodge, IA"
"HD2024","CBSA","22780","Fort Leonard Wood, MO"
"HD2024","CBSA","22820","Fort Morgan, CO"
"HD2024","CBSA","22900","Fort Smith, AR-OK"
"HD2024","CBSA","23060","Fort Wayne, IN"
"HD2024","CBSA","23180","Frankfort, KY"
"HD2024","CBSA","23300","Freeport, IL"
"HD2024","CBSA","23340","Fremont, NE"
"HD2024","CBSA","23380","Fremont, OH"
"HD2024","CBSA","23420","Fresno, CA"
"HD2024","CBSA","23460","Gadsden, AL"
"HD2024","CBSA","23500","Gaffney, SC"
"HD2024","CBSA","23540","Gainesville, FL"
"HD2024","CBSA","23580","Gainesville, GA"
"HD2024","CBSA","23620","Gainesville, TX"
"HD2024","CBSA","23660","Galesburg, IL"
"HD2024","CBSA","23680","Gallipolis, OH"
"HD2024","CBSA","23700","Gallup, NM"
"HD2024","CBSA","23780","Garden City, KS"
"HD2024","CBSA","23900","Gettysburg, PA"
"HD2024","CBSA","23980","Glasgow, KY"
"HD2024","CBSA","24020","Glens Falls, NY"
"HD2024","CBSA","24140","Goldsboro, NC"
"HD2024","CBSA","24220","Grand Forks, ND-MN"
"HD2024","CBSA","24260","Grand Island, NE"
"HD2024","CBSA","24300","Grand Junction, CO"
"HD2024","CBSA","24340","Grand Rapids-Wyoming-Kentwood, MI"
"HD2024","CBSA","24420","Grants Pass, OR"
"HD2024","CBSA","24460","Great Bend, KS"
"HD2024","CBSA","24500","Great Falls, MT"
"HD2024","CBSA","24540","Greeley, CO"
"HD2024","CBSA","24580","Green Bay, WI"
"HD2024","CBSA","24600","Greencastle, IN"
"HD2024","CBSA","24620","Greeneville, TN"
"HD2024","CBSA","24640","Greenfield, MA"
"HD2024","CBSA","24660","Greensboro-High Point, NC"
"HD2024","CBSA","24740","Greenville, MS"
"HD2024","CBSA","24780","Greenville, NC"
"HD2024","CBSA","24860","Greenville-Anderson-Greer, SC"
"HD2024","CBSA","24900","Greenwood, MS"
"HD2024","CBSA","24940","Greenwood, SC"
"HD2024","CBSA","24980","Grenada, MS"
"HD2024","CBSA","25020","Guayama, PR"
"HD2024","CBSA","25060","Gulfport-Biloxi, MS"
"HD2024","CBSA","25100","Guymon, OK"
"HD2024","CBSA","25180","Hagerstown-Martinsburg, MD-WV"
"HD2024","CBSA","25220","Hammond, LA"
"HD2024","CBSA","25260","Hanford-Corcoran, CA"
"HD2024","CBSA","25300","Hannibal, MO"
"HD2024","CBSA","25420","Harrisburg-Carlisle, PA"
"HD2024","CBSA","25460","Harrison, AR"
"HD2024","CBSA","25500","Harrisonburg, VA"
"HD2024","CBSA","25540","Hartford-West Hartford-East Hartford, CT"
"HD2024","CBSA","25580","Hastings, NE"
"HD2024","CBSA","25620","Hattiesburg, MS"
"HD2024","CBSA","25700","Hays, KS"
"HD2024","CBSA","25720","Heber, UT"
"HD2024","CBSA","25740","Helena, MT"
"HD2024","CBSA","25775","Henderson, KY"
"HD2024","CBSA","25780","Henderson, NC"
"HD2024","CBSA","25840","Hermiston-Pendleton, OR"
"HD2024","CBSA","25850","Hermitage, PA"
"HD2024","CBSA","25860","Hickory-Lenoir-Morganton, NC"
"HD2024","CBSA","25880","Hillsdale, MI"
"HD2024","CBSA","25900","Hilo-Kailua, HI"
"HD2024","CBSA","25940","Hilton Head Island-Bluffton-Port Royal, SC"
"HD2024","CBSA","26020","Hobbs, NM"
"HD2024","CBSA","26140","Homosassa Springs, FL"
"HD2024","CBSA","26300","Hot Springs, AR"
"HD2024","CBSA","26340","Houghton, MI"
"HD2024","CBSA","26380","Houma-Bayou Cane-Thibodaux, LA"
"HD2024","CBSA","26420","Houston-Pasadena-The Woodlands, TX"
"HD2024","CBSA","26460","Hudson, NY"
"HD2024","CBSA","26500","Huntingdon, PA"
"HD2024","CBSA","26540","Huntington, IN"
"HD2024","CBSA","26580","Huntington-Ashland, WV-KY-OH"
"HD2024","CBSA","26620","Huntsville, AL"
"HD2024","CBSA","26660","Huntsville, TX"
"HD2024","CBSA","26740","Hutchinson, KS"
"HD2024","CBSA","26820","Idaho Falls, ID"
"HD2024","CBSA","26860","Indiana, PA"
"HD2024","CBSA","26900","Indianapolis-Carmel-Greenwood, IN"
"HD2024","CBSA","26980","Iowa City, IA"
"HD2024","CBSA","27060","Ithaca, NY"
"HD2024","CBSA","27100","Jackson, MI"
"HD2024","CBSA","27140","Jackson, MS"
"HD2024","CBSA","27180","Jackson, TN"
"HD2024","CBSA","27260","Jacksonville, FL"
"HD2024","CBSA","27300","Jacksonville, IL"
"HD2024","CBSA","27340","Jacksonville, NC"
"HD2024","CBSA","27380","Jacksonville, TX"
"HD2024","CBSA","27420","Jamestown, ND"
"HD2024","CBSA","27460","Jamestown-Dunkirk, NY"
"HD2024","CBSA","27500","Janesville-Beloit, WI"
"HD2024","CBSA","27620","Jefferson City, MO"
"HD2024","CBSA","27740","Johnson City, TN"
"HD2024","CBSA","27780","Johnstown, PA"
"HD2024","CBSA","27860","Jonesboro, AR"
"HD2024","CBSA","27900","Joplin, MO-KS"
"HD2024","CBSA","27940","Juneau, AK"
"HD2024","CBSA","27980","Kahului-Wailuku, HI"
"HD2024","CBSA","28020","Kalamazoo-Portage, MI"
"HD2024","CBSA","28060","Kalispell, MT"
"HD2024","CBSA","28100","Kankakee, IL"
"HD2024","CBSA","28140","Kansas City, MO-KS"
"HD2024","CBSA","28180","Kapaa, HI"
"HD2024","CBSA","28260","Kearney, NE"
"HD2024","CBSA","28300","Keene, NH"
"HD2024","CBSA","28420","Kennewick-Richland, WA"
"HD2024","CBSA","28450","Kenosha, WI"
"HD2024","CBSA","28500","Kerrville, TX"
"HD2024","CBSA","28580","Key West-Key Largo, FL"
"HD2024","CBSA","28660","Killeen-Temple, TX"
"HD2024","CBSA","28700","Kingsport-Bristol, TN-VA"
"HD2024","CBSA","28740","Kingston, NY"
"HD2024","CBSA","28780","Kingsville, TX"
"HD2024","CBSA","28820","Kinston, NC"
"HD2024","CBSA","28860","Kirksville, MO"
"HD2024","CBSA","28880","Kiryas Joel-Poughkeepsie-Newburgh, NY"
"HD2024","CBSA","28900","Klamath Falls, OR"
"HD2024","CBSA","28940","Knoxville, TN"
"HD2024","CBSA","29020","Kokomo, IN"
"HD2024","CBSA","29060","Laconia, NH"
"HD2024","CBSA","29100","La Crosse-Onalaska, WI-MN"
"HD2024","CBSA","29180","Lafayette, LA"
"HD2024","CBSA","29200","Lafayette-West Lafayette, IN"
"HD2024","CBSA","29260","La Grande, OR"
"HD2024","CBSA","29300","LaGrange, GA-AL"
"HD2024","CBSA","29340","Lake Charles, LA"
"HD2024","CBSA","29380","Lake City, FL"
"HD2024","CBSA","29420","Lake Havasu City-Kingman, AZ"
"HD2024","CBSA","29460","Lakeland-Winter Haven, FL"
"HD2024","CBSA","29470","Lake of the Woods, VA"
"HD2024","CBSA","29540","Lancaster, PA"
"HD2024","CBSA","29620","Lansing-East Lansing, MI"
"HD2024","CBSA","29660","Laramie, WY"
"HD2024","CBSA","29700","Laredo, TX"
"HD2024","CBSA","29740","Las Cruces, NM"
"HD2024","CBSA","29780","Las Vegas, NM"
"HD2024","CBSA","29820","Las Vegas-Henderson-North Las Vegas, NV"
"HD2024","CBSA","29860","Laurel, MS"
"HD2024","CBSA","29900","Laurinburg, NC"
"HD2024","CBSA","29940","Lawrence, KS"
"HD2024","CBSA","29980","Lawrenceburg, TN"
"HD2024","CBSA","30020","Lawton, OK"
"HD2024","CBSA","30140","Lebanon, PA"
"HD2024","CBSA","30150","Lebanon-Claremont, NH-VT"
"HD2024","CBSA","30260","Lewisburg, PA"
"HD2024","CBSA","30300","Lewiston, ID-WA"
"HD2024","CBSA","30340","Lewiston-Auburn, ME"
"HD2024","CBSA","30380","Lewistown, PA"
"HD2024","CBSA","30460","Lexington-Fayette, KY"
"HD2024","CBSA","30500","Lexington Park, MD"
"HD2024","CBSA","30580","Liberal, KS"
"HD2024","CBSA","30620","Lima, OH"
"HD2024","CBSA","30660","Lincoln, IL"
"HD2024","CBSA","30700","Lincoln, NE"
"HD2024","CBSA","30780","Little Rock-North Little Rock-Conway, AR"
"HD2024","CBSA","30860","Logan, UT-ID"
"HD2024","CBSA","30980","Longview, TX"
"HD2024","CBSA","31020","Longview-Kelso, WA"
"HD2024","CBSA","31060","Los Alamos, NM"
"HD2024","CBSA","31080","Los Angeles-Long Beach-Anaheim, CA"
"HD2024","CBSA","31140","Louisville/Jefferson County, KY-IN"
"HD2024","CBSA","31180","Lubbock, TX"
"HD2024","CBSA","31220","Ludington, MI"
"HD2024","CBSA","31260","Lufkin, TX"
"HD2024","CBSA","31300","Lumberton, NC"
"HD2024","CBSA","31340","Lynchburg, VA"
"HD2024","CBSA","31380","Macomb, IL"
"HD2024","CBSA","31420","Macon-Bibb County, GA"
"HD2024","CBSA","31500","Madison, IN"
"HD2024","CBSA","31540","Madison, WI"
"HD2024","CBSA","31580","Madisonville, KY"
"HD2024","CBSA","31620","Magnolia, AR"
"HD2024","CBSA","31680","Malvern, AR"
"HD2024","CBSA","31700","Manchester-Nashua, NH"
"HD2024","CBSA","31740","Manhattan, KS"
"HD2024","CBSA","31820","Manitowoc, WI"
"HD2024","CBSA","31860","Mankato, MN"
"HD2024","CBSA","31900","Mansfield, OH"
"HD2024","CBSA","31930","Marietta, OH"
"HD2024","CBSA","31980","Marion, IN"
"HD2024","CBSA","32000","Marion, NC"
"HD2024","CBSA","32020","Marion, OH"
"HD2024","CBSA","32060","Marion-Herrin, IL"
"HD2024","CBSA","32100","Marquette, MI"
"HD2024","CBSA","32140","Marshall, MN"
"HD2024","CBSA","32180","Marshall, MO"
"HD2024","CBSA","32260","Marshalltown, IA"
"HD2024","CBSA","32280","Martin, TN"
"HD2024","CBSA","32300","Martinsville, VA"
"HD2024","CBSA","32340","Maryville, MO"
"HD2024","CBSA","32380","Mason City, IA"
"HD2024","CBSA","32390","Massena-Ogdensburg, NY"
"HD2024","CBSA","32420","MayagÃ¼ez, PR"
"HD2024","CBSA","32540","McAlester, OK"
"HD2024","CBSA","32580","McAllen-Edinburg-Mission, TX"
"HD2024","CBSA","32620","McComb, MS"
"HD2024","CBSA","32660","McMinnville, TN"
"HD2024","CBSA","32700","McPherson, KS"
"HD2024","CBSA","32740","Meadville, PA"
"HD2024","CBSA","32780","Medford, OR"
"HD2024","CBSA","32820","Memphis, TN-MS-AR"
"HD2024","CBSA","32860","Menomonie, WI"
"HD2024","CBSA","32900","Merced, CA"
"HD2024","CBSA","32940","Meridian, MS"
"HD2024","CBSA","33060","Miami, OK"
"HD2024","CBSA","33100","Miami-Fort Lauderdale-West Palm Beach, FL"
"HD2024","CBSA","33180","Middlesborough, KY"
"HD2024","CBSA","33220","Midland, MI"
"HD2024","CBSA","33260","Midland, TX"
"HD2024","CBSA","33300","Milledgeville, GA"
"HD2024","CBSA","33340","Milwaukee-Waukesha, WI"
"HD2024","CBSA","33380","Minden, LA"
"HD2024","CBSA","33460","Minneapolis-St. Paul-Bloomington, MN-WI"
"HD2024","CBSA","33500","Minot, ND"
"HD2024","CBSA","33540","Missoula, MT"
"HD2024","CBSA","33580","Mitchell, SD"
"HD2024","CBSA","33620","Moberly, MO"
"HD2024","CBSA","33660","Mobile, AL"
"HD2024","CBSA","33700","Modesto, CA"
"HD2024","CBSA","33740","Monroe, LA"
"HD2024","CBSA","33780","Monroe, MI"
"HD2024","CBSA","33860","Montgomery, AL"
"HD2024","CBSA","33910","Monticello, NY"
"HD2024","CBSA","33980","Morehead City, NC"
"HD2024","CBSA","34060","Morgantown, WV"
"HD2024","CBSA","34100","Morristown, TN"
"HD2024","CBSA","34140","Moscow, ID"
"HD2024","CBSA","34180","Moses Lake, WA"
"HD2024","CBSA","34260","Mountain Home, AR"
"HD2024","CBSA","34340","Mount Airy, NC"
"HD2024","CBSA","34380","Mount Pleasant, MI"
"HD2024","CBSA","34420","Mount Pleasant, TX"
"HD2024","CBSA","34500","Mount Vernon, IL"
"HD2024","CBSA","34540","Mount Vernon, OH"
"HD2024","CBSA","34580","Mount Vernon-Anacortes, WA"
"HD2024","CBSA","34620","Muncie, IN"
"HD2024","CBSA","34660","Murray, KY"
"HD2024","CBSA","34740","Muskegon-Norton Shores, MI"
"HD2024","CBSA","34780","Muskogee, OK"
"HD2024","CBSA","34820","Myrtle Beach-Conway-North Myrtle Beach, SC"
"HD2024","CBSA","34860","Nacogdoches, TX"
"HD2024","CBSA","34900","Napa, CA"
"HD2024","CBSA","34940","Naples-Marco Island, FL"
"HD2024","CBSA","34980","Nashville-Davidson--Murfreesboro--Franklin, TN"
"HD2024","CBSA","35060","Natchitoches, LA"
"HD2024","CBSA","35100","New Bern, NC"
"HD2024","CBSA","35140","Newberry, SC"
"HD2024","CBSA","35300","New Haven, CT"
"HD2024","CBSA","35340","New Iberia, LA"
"HD2024","CBSA","35380","New Orleans-Metairie, LA"
"HD2024","CBSA","35420","New Philadelphia-Dover, OH"
"HD2024","CBSA","35440","Newport, OR"
"HD2024","CBSA","35580","New Ulm, MN"
"HD2024","CBSA","35620","New York-Newark-Jersey City, NY-NJ"
"HD2024","CBSA","35660","Niles, MI"
"HD2024","CBSA","35740","Norfolk, NE"
"HD2024","CBSA","35820","North Platte, NE"
"HD2024","CBSA","35840","North Port-Bradenton-Sarasota, FL"
"HD2024","CBSA","35900","North Wilkesboro, NC"
"HD2024","CBSA","35940","Norwalk, OH"
"HD2024","CBSA","35980","Norwich-New London-Willimantic, CT"
"HD2024","CBSA","36100","Ocala, FL"
"HD2024","CBSA","36220","Odessa, TX"
"HD2024","CBSA","36260","Ogden, UT"
"HD2024","CBSA","36340","Oil City, PA"
"HD2024","CBSA","36420","Oklahoma City, OK"
"HD2024","CBSA","36460","Olean, NY"
"HD2024","CBSA","36500","Olympia-Lacey-Tumwater, WA"
"HD2024","CBSA","36540","Omaha, NE-IA"
"HD2024","CBSA","36580","Oneonta, NY"
"HD2024","CBSA","36620","Ontario, OR-ID"
"HD2024","CBSA","36660","Opelousas, LA"
"HD2024","CBSA","36700","Orangeburg, SC"
"HD2024","CBSA","36740","Orlando-Kissimmee-Sanford, FL"
"HD2024","CBSA","36780","Oshkosh-Neenah, WI"
"HD2024","CBSA","36820","Oskaloosa, IA"
"HD2024","CBSA","36837","Ottawa, IL"
"HD2024","CBSA","36840","Ottawa, KS"
"HD2024","CBSA","36900","Ottumwa, IA"
"HD2024","CBSA","36980","Owensboro, KY"
"HD2024","CBSA","37020","Owosso, MI"
"HD2024","CBSA","37060","Oxford, MS"
"HD2024","CBSA","37100","Oxnard-Thousand Oaks-Ventura, CA"
"HD2024","CBSA","37120","Ozark, AL"
"HD2024","CBSA","37140","Paducah, KY-IL"
"HD2024","CBSA","37260","Palatka, FL"
"HD2024","CBSA","37340","Palm Bay-Melbourne-Titusville, FL"
"HD2024","CBSA","37460","Panama City-Panama City Beach, FL"
"HD2024","CBSA","37500","Paragould, AR"
"HD2024","CBSA","37540","Paris, TN"
"HD2024","CBSA","37580","Paris, TX"
"HD2024","CBSA","37620","Parkersburg-Vienna, WV"
"HD2024","CBSA","37800","Pella, IA"
"HD2024","CBSA","37860","Pensacola-Ferry Pass-Brent, FL"
"HD2024","CBSA","37900","Peoria, IL"
"HD2024","CBSA","37950","Petoskey, MI"
"HD2024","CBSA","37980","Philadelphia-Camden-Wilmington, PA-NJ-DE-MD"
"HD2024","CBSA","38060","Phoenix-Mesa-Chandler, AZ"
"HD2024","CBSA","38100","Picayune, MS"
"HD2024","CBSA","38210","Pikeville, KY"
"HD2024","CBSA","38220","Pine Bluff, AR"
"HD2024","CBSA","38240","Pinehurst-Southern Pines, NC"
"HD2024","CBSA","38260","Pittsburg, KS"
"HD2024","CBSA","38300","Pittsburgh, PA"
"HD2024","CBSA","38340","Pittsfield, MA"
"HD2024","CBSA","38380","Plainview, TX"
"HD2024","CBSA","38420","Platteville, WI"
"HD2024","CBSA","38460","Plattsburgh, NY"
"HD2024","CBSA","38500","Plymouth, IN"
"HD2024","CBSA","38540","Pocatello, ID"
"HD2024","CBSA","38620","Ponca City, OK"
"HD2024","CBSA","38660","Ponce, PR"
"HD2024","CBSA","38740","Poplar Bluff, MO"
"HD2024","CBSA","38820","Port Angeles, WA"
"HD2024","CBSA","38860","Portland-South Portland, ME"
"HD2024","CBSA","38900","Portland-Vancouver-Hillsboro, OR-WA"
"HD2024","CBSA","38940","Port St. Lucie, FL"
"HD2024","CBSA","39020","Portsmouth, OH"
"HD2024","CBSA","39040","Port Townsend, WA"
"HD2024","CBSA","39060","Pottsville, PA"
"HD2024","CBSA","39150","Prescott Valley-Prescott, AZ"
"HD2024","CBSA","39300","Providence-Warwick, RI-MA"
"HD2024","CBSA","39340","Provo-Orem-Lehi, UT"
"HD2024","CBSA","39380","Pueblo, CO"
"HD2024","CBSA","39420","Pullman, WA"
"HD2024","CBSA","39460","Punta Gorda, FL"
"HD2024","CBSA","39480","Putnam, CT"
"HD2024","CBSA","39500","Quincy, IL-MO"
"HD2024","CBSA","39540","Racine-Mount Pleasant, WI"
"HD2024","CBSA","39580","Raleigh-Cary, NC"
"HD2024","CBSA","39660","Rapid City, SD"
"HD2024","CBSA","39740","Reading, PA"
"HD2024","CBSA","39820","Redding, CA"
"HD2024","CBSA","39900","Reno, NV"
"HD2024","CBSA","39940","Rexburg, ID"
"HD2024","CBSA","39960","Rice Lake, WI"
"HD2024","CBSA","39980","Richmond, IN"
"HD2024","CBSA","40060","Richmond, VA"
"HD2024","CBSA","40080","Richmond-Berea, KY"
"HD2024","CBSA","40090","Rifle, CO"
"HD2024","CBSA","40140","Riverside-San Bernardino-Ontario, CA"
"HD2024","CBSA","40180","Riverton, WY"
"HD2024","CBSA","40220","Roanoke, VA"
"HD2024","CBSA","40260","Roanoke Rapids, NC"
"HD2024","CBSA","40340","Rochester, MN"
"HD2024","CBSA","40380","Rochester, NY"
"HD2024","CBSA","40420","Rockford, IL"
"HD2024","CBSA","40460","Rockingham, NC"
"HD2024","CBSA","40540","Rock Springs, WY"
"HD2024","CBSA","40580","Rocky Mount, NC"
"HD2024","CBSA","40620","Rolla, MO"
"HD2024","CBSA","40660","Rome, GA"
"HD2024","CBSA","40700","Roseburg, OR"
"HD2024","CBSA","40740","Roswell, NM"
"HD2024","CBSA","40760","Ruidoso, NM"
"HD2024","CBSA","40780","Russellville, AR"
"HD2024","CBSA","40820","Ruston, LA"
"HD2024","CBSA","40860","Rutland, VT"
"HD2024","CBSA","40900","Sacramento-Roseville-Folsom, CA"
"HD2024","CBSA","40940","Safford, AZ"
"HD2024","CBSA","40980","Saginaw, MI"
"HD2024","CBSA","41060","St. Cloud, MN"
"HD2024","CBSA","41100","St. George, UT"
"HD2024","CBSA","41140","St. Joseph, MO-KS"
"HD2024","CBSA","41180","St. Louis, MO-IL"
"HD2024","CBSA","41400","Salem, OH"
"HD2024","CBSA","41420","Salem, OR"
"HD2024","CBSA","41460","Salina, KS"
"HD2024","CBSA","41500","Salinas, CA"
"HD2024","CBSA","41540","Salisbury, MD"
"HD2024","CBSA","41620","Salt Lake City-Murray, UT"
"HD2024","CBSA","41660","San Angelo, TX"
"HD2024","CBSA","41700","San Antonio-New Braunfels, TX"
"HD2024","CBSA","41740","San Diego-Chula Vista-Carlsbad, CA"
"HD2024","CBSA","41780","Sandusky, OH"
"HD2024","CBSA","41820","Sanford, NC"
"HD2024","CBSA","41860","San Francisco-Oakland-Fremont, CA"
"HD2024","CBSA","41940","San Jose-Sunnyvale-Santa Clara, CA"
"HD2024","CBSA","41980","San Juan-BayamÃ³n-Caguas, PR"
"HD2024","CBSA","42020","San Luis Obispo-Paso Robles, CA"
"HD2024","CBSA","42100","Santa Cruz-Watsonville, CA"
"HD2024","CBSA","42140","Santa Fe, NM"
"HD2024","CBSA","42200","Santa Maria-Santa Barbara, CA"
"HD2024","CBSA","42220","Santa Rosa-Petaluma, CA"
"HD2024","CBSA","42300","Sault Ste. Marie, MI"
"HD2024","CBSA","42340","Savannah, GA"
"HD2024","CBSA","42380","Sayre, PA"
"HD2024","CBSA","42420","Scottsbluff, NE"
"HD2024","CBSA","42460","Scottsboro, AL"
"HD2024","CBSA","42540","Scranton--Wilkes-Barre, PA"
"HD2024","CBSA","42580","Seaford, DE"
"HD2024","CBSA","42620","Searcy, AR"
"HD2024","CBSA","42660","Seattle-Tacoma-Bellevue, WA"
"HD2024","CBSA","42680","Sebastian-Vero Beach-West Vero Corridor, FL"
"HD2024","CBSA","42700","Sebring, FL"
"HD2024","CBSA","42740","Sedalia, MO"
"HD2024","CBSA","42780","Selinsgrove, PA"
"HD2024","CBSA","42820","Selma, AL"
"HD2024","CBSA","42900","Seneca Falls, NY"
"HD2024","CBSA","43020","Shawano, WI"
"HD2024","CBSA","43060","Shawnee, OK"
"HD2024","CBSA","43100","Sheboygan, WI"
"HD2024","CBSA","43140","Shelby-Kings Mountain, NC"
"HD2024","CBSA","43180","Shelbyville, TN"
"HD2024","CBSA","43260","Sheridan, WY"
"HD2024","CBSA","43300","Sherman-Denison, TX"
"HD2024","CBSA","43320","Show Low, AZ"
"HD2024","CBSA","43340","Shreveport-Bossier City, LA"
"HD2024","CBSA","43420","Sierra Vista-Douglas, AZ"
"HD2024","CBSA","43500","Silver City, NM"
"HD2024","CBSA","43580","Sioux City, IA-NE-SD"
"HD2024","CBSA","43620","Sioux Falls, SD-MN"
"HD2024","CBSA","43640","Slidell-Mandeville-Covington, LA"
"HD2024","CBSA","43660","Snyder, TX"
"HD2024","CBSA","43700","Somerset, KY"
"HD2024","CBSA","43740","Somerset, PA"
"HD2024","CBSA","43760","Sonora, CA"
"HD2024","CBSA","43780","South Bend-Mishawaka, IN-MI"
"HD2024","CBSA","43900","Spartanburg, SC"
"HD2024","CBSA","43940","Spearfish, SD"
"HD2024","CBSA","44020","Spirit Lake, IA"
"HD2024","CBSA","44060","Spokane-Spokane Valley, WA"
"HD2024","CBSA","44100","Springfield, IL"
"HD2024","CBSA","44140","Springfield, MA"
"HD2024","CBSA","44180","Springfield, MO"
"HD2024","CBSA","44220","Springfield, OH"
"HD2024","CBSA","44260","Starkville, MS"
"HD2024","CBSA","44300","State College, PA"
"HD2024","CBSA","44340","Statesboro, GA"
"HD2024","CBSA","44420","Staunton-Stuarts Draft, VA"
"HD2024","CBSA","44500","Stephenville, TX"
"HD2024","CBSA","44540","Sterling, CO"
"HD2024","CBSA","44580","Sterling, IL"
"HD2024","CBSA","44620","Stevens Point-Plover, WI"
"HD2024","CBSA","44660","Stillwater, OK"
"HD2024","CBSA","44700","Stockton-Lodi, CA"
"HD2024","CBSA","44740","Storm Lake, IA"
"HD2024","CBSA","44780","Sturgis, MI"
"HD2024","CBSA","44940","Sumter, SC"
"HD2024","CBSA","44980","Sunbury, PA"
"HD2024","CBSA","45000","Susanville, CA"
"HD2024","CBSA","45060","Syracuse, NY"
"HD2024","CBSA","45140","Tahlequah, OK"
"HD2024","CBSA","45180","Talladega-Sylacauga, AL"
"HD2024","CBSA","45220","Tallahassee, FL"
"HD2024","CBSA","45300","Tampa-St. Petersburg-Clearwater, FL"
"HD2024","CBSA","45340","Taos, NM"
"HD2024","CBSA","45460","Terre Haute, IN"
"HD2024","CBSA","45500","Texarkana, TX-AR"
"HD2024","CBSA","45520","The Dalles, OR"
"HD2024","CBSA","45620","Thomasville, GA"
"HD2024","CBSA","45660","Tiffin, OH"
"HD2024","CBSA","45700","Tifton, GA"
"HD2024","CBSA","45740","Toccoa, GA"
"HD2024","CBSA","45780","Toledo, OH"
"HD2024","CBSA","45820","Topeka, KS"
"HD2024","CBSA","45860","Torrington, CT"
"HD2024","CBSA","45900","Traverse City, MI"
"HD2024","CBSA","45940","Trenton-Princeton, NJ"
"HD2024","CBSA","45980","Troy, AL"
"HD2024","CBSA","46020","Truckee-Grass Valley, CA"
"HD2024","CBSA","46060","Tucson, AZ"
"HD2024","CBSA","46100","Tullahoma-Manchester, TN"
"HD2024","CBSA","46140","Tulsa, OK"
"HD2024","CBSA","46180","Tupelo, MS"
"HD2024","CBSA","46220","Tuscaloosa, AL"
"HD2024","CBSA","46300","Twin Falls, ID"
"HD2024","CBSA","46340","Tyler, TX"
"HD2024","CBSA","46380","Ukiah, CA"
"HD2024","CBSA","46520","Urban Honolulu, HI"
"HD2024","CBSA","46540","Utica-Rome, NY"
"HD2024","CBSA","46580","Utuado, PR"
"HD2024","CBSA","46620","Uvalde, TX"
"HD2024","CBSA","46660","Valdosta, GA"
"HD2024","CBSA","46700","Vallejo, CA"
"HD2024","CBSA","46780","Van Wert, OH"
"HD2024","CBSA","46820","Vermillion, SD"
"HD2024","CBSA","46860","Vernal, UT"
"HD2024","CBSA","46900","Vernon, TX"
"HD2024","CBSA","47020","Victoria, TX"
"HD2024","CBSA","47080","Vidalia, GA"
"HD2024","CBSA","47180","Vincennes, IN"
"HD2024","CBSA","47220","Vineland, NJ"
"HD2024","CBSA","47260","Virginia Beach-Chesapeake-Norfolk, VA-NC"
"HD2024","CBSA","47300","Visalia, CA"
"HD2024","CBSA","47340","Wabash, IN"
"HD2024","CBSA","47380","Waco, TX"
"HD2024","CBSA","47420","Wahpeton, ND-MN"
"HD2024","CBSA","47460","Walla Walla, WA"
"HD2024","CBSA","47580","Warner Robins, GA"
"HD2024","CBSA","47620","Warren, PA"
"HD2024","CBSA","47660","Warrensburg, MO"
"HD2024","CBSA","47700","Warsaw, IN"
"HD2024","CBSA","47820","Washington, NC"
"HD2024","CBSA","47900","Washington-Arlington-Alexandria, DC-VA-MD-WV"
"HD2024","CBSA","47930","Waterbury-Shelton, CT"
"HD2024","CBSA","47940","Waterloo-Cedar Falls, IA"
"HD2024","CBSA","47980","Watertown, SD"
"HD2024","CBSA","48020","Watertown-Fort Atkinson, WI"
"HD2024","CBSA","48060","Watertown-Fort Drum, NY"
"HD2024","CBSA","48140","Wausau, WI"
"HD2024","CBSA","48180","Waycross, GA"
"HD2024","CBSA","48200","Waynesville, NC"
"HD2024","CBSA","48220","Weatherford, OK"
"HD2024","CBSA","48260","Weirton-Steubenville, WV-OH"
"HD2024","CBSA","48300","Wenatchee-East Wenatchee, WA"
"HD2024","CBSA","48460","West Plains, MO"
"HD2024","CBSA","48540","Wheeling, WV-OH"
"HD2024","CBSA","48580","Whitewater-Elkhorn, WI"
"HD2024","CBSA","48620","Wichita, KS"
"HD2024","CBSA","48660","Wichita Falls, TX"
"HD2024","CBSA","48680","Wildwood-The Villages, FL"
"HD2024","CBSA","48700","Williamsport, PA"
"HD2024","CBSA","48780","Williston, ND"
"HD2024","CBSA","48820","Willmar, MN"
"HD2024","CBSA","48900","Wilmington, NC"
"HD2024","CBSA","48940","Wilmington, OH"
"HD2024","CBSA","48980","Wilson, NC"
"HD2024","CBSA","49010","Winchester, TN"
"HD2024","CBSA","49020","Winchester, VA-WV"
"HD2024","CBSA","49100","Winona, MN"
"HD2024","CBSA","49180","Winston-Salem, NC"
"HD2024","CBSA","49220","Wisconsin Rapids-Marshfield, WI"
"HD2024","CBSA","49260","Woodward, OK"
"HD2024","CBSA","49300","Wooster, OH"
"HD2024","CBSA","49340","Worcester, MA"
"HD2024","CBSA","49380","Worthington, MN"
"HD2024","CBSA","49420","Yakima, WA"
"HD2024","CBSA","49460","Yankton, SD"
"HD2024","CBSA","49620","York-Hanover, PA"
"HD2024","CBSA","49660","Youngstown-Warren, OH"
"HD2024","CBSA","49700","Yuba City, CA"
"HD2024","CBSA","49740","Yuma, AZ"
"HD2024","CBSA","49780","Zanesville, OH"
"HD2024","CBSA","-2","Not applicable"
"HD2024","CBSA","18020","Columbus, IN"
"HD2024","CBSATYPE","1","Metropolitan Statistical Area "
"HD2024","CBSATYPE","2","Micropolitan Statistical Area"
"HD2024","CBSATYPE","-2","Not applicable"
"HD2024","CBSATYPE","-3","Not available"
"HD2024","CSA","101","Abilene-Sweetwater, TX"
"HD2024","CSA","104","Albany-Schenectady, NY"
"HD2024","CSA","105","Albuquerque-Santa Fe-Los Alamos, NM"
"HD2024","CSA","106","Allentown-Bethlehem-East Stroudsburg, PA-NJ"
"HD2024","CSA","107","Altoona-Huntingdon, PA"
"HD2024","CSA","108","Amarillo-Borger, TX"
"HD2024","CSA","118","Appleton-Oshkosh-Neenah, WI"
"HD2024","CSA","120","Asheville-Waynesville-Brevard, NC"
"HD2024","CSA","122","Atlanta--Athens-Clarke County--Sandy Springs, GA-AL"
"HD2024","CSA","132","Baton Rouge-Hammond, LA"
"HD2024","CSA","142","Birmingham-Cullman-Talladega, AL"
"HD2024","CSA","144","Bloomington-Bedford, IN"
"HD2024","CSA","145","Bloomington-Pontiac, IL"
"HD2024","CSA","146","Bloomsburg-Berwick-Sunbury, PA"
"HD2024","CSA","147","Boise City-Mountain Home-Ontario, ID-OR"
"HD2024","CSA","148","Boston-Worcester-Providence, MA-RI-NH"
"HD2024","CSA","150","Bowling Green-Glasgow-Franklin, KY"
"HD2024","CSA","154","Brownsville-Harlingen-Raymondville, TX"
"HD2024","CSA","160","Buffalo-Cheektowaga-Olean, NY"
"HD2024","CSA","161","Burlington-Fort Madison, IA-IL"
"HD2024","CSA","162","Burlington-South Burlington-Barre, VT"
"HD2024","CSA","163","Cape Coral-Fort Myers-Naples, FL"
"HD2024","CSA","164","Cape Girardeau-Sikeston, MO-IL"
"HD2024","CSA","166","Carbondale-Marion-Herrin, IL"
"HD2024","CSA","168","Cedar Rapids-Iowa City, IA"
"HD2024","CSA","169","Champaign-Urbana-Danville, IL"
"HD2024","CSA","170","Charleston-Huntington-Ashland, WV-OH-KY"
"HD2024","CSA","172","Charlotte-Concord, NC-SC"
"HD2024","CSA","174","Chattanooga-Cleveland-Dalton, TN-GA-AL"
"HD2024","CSA","176","Chicago-Naperville, IL-IN-WI"
"HD2024","CSA","178","Cincinnati-Wilmington, OH-KY-IN"
"HD2024","CSA","184","Cleveland-Akron-Canton, OH"
"HD2024","CSA","190","Columbia-Jefferson City-Moberly, MO"
"HD2024","CSA","192","Columbia-Sumter-Orangeburg, SC"
"HD2024","CSA","194","Columbus-Auburn-Opelika, GA-AL"
"HD2024","CSA","198","Columbus-Marion-Zanesville, OH"
"HD2024","CSA","204","Corpus Christi-Kingsville-Alice, TX"
"HD2024","CSA","206","Dallas-Fort Worth, TX-OK"
"HD2024","CSA","209","Davenport-Moline, IA-IL"
"HD2024","CSA","212","Dayton-Springfield-Kettering, OH"
"HD2024","CSA","216","Denver-Aurora-Greeley, CO"
"HD2024","CSA","218","Des Moines-West Des Moines-Ames, IA"
"HD2024","CSA","220","Detroit-Warren-Ann Arbor, MI"
"HD2024","CSA","221","Dixon-Sterling, IL"
"HD2024","CSA","222","Dothan-Enterprise-Ozark, AL"
"HD2024","CSA","228","Duluth-Grand Rapids, MN-WI"
"HD2024","CSA","232","Eau Claire-Menomonie, WI"
"HD2024","CSA","233","Edwards-Rifle, CO"
"HD2024","CSA","236","Elmira-Corning, NY"
"HD2024","CSA","238","El Paso-Las Cruces, TX-NM"
"HD2024","CSA","240","Erie-Meadville, PA"
"HD2024","CSA","241","Evansville-Henderson, IN-KY"
"HD2024","CSA","242","Fairmont-Clarksburg, WV"
"HD2024","CSA","244","Fargo-Wahpeton, ND-MN"
"HD2024","CSA","246","Fayetteville-Lumberton-Pinehurst, NC"
"HD2024","CSA","248","Findlay-Tiffin, OH"
"HD2024","CSA","250","Florence-Muscle Shoals-Russellville, AL"
"HD2024","CSA","258","Fort Wayne-Huntington-Auburn, IN"
"HD2024","CSA","260","Fresno-Hanford-Corcoran, CA"
"HD2024","CSA","264","Gainesville-Lake City, FL"
"HD2024","CSA","266","Grand Rapids-Wyoming, MI"
"HD2024","CSA","267","Green Bay-Shawano, WI"
"HD2024","CSA","268","Greensboro--Winston-Salem--High Point, NC"
"HD2024","CSA","273","Greenville-Spartanburg-Anderson, SC"
"HD2024","CSA","274","Greenville-Washington, NC"
"HD2024","CSA","276","Harrisburg-York-Lebanon, PA"
"HD2024","CSA","277","Harrisonburg-Staunton-Stuarts Draft, VA"
"HD2024","CSA","279","Hattiesburg-Laurel, MS"
"HD2024","CSA","284","Hot Springs-Malvern, AR"
"HD2024","CSA","288","Houston-Pasadena, TX"
"HD2024","CSA","290","Huntsville-Decatur-Albertville, AL-TN"
"HD2024","CSA","292","Idaho Falls-Rexburg-Blackfoot, ID"
"HD2024","CSA","294","Indianapolis-Carmel-Muncie, IN"
"HD2024","CSA","296","Ithaca-Cortland, NY"
"HD2024","CSA","298","Jackson-Vicksburg-Brookhaven, MS"
"HD2024","CSA","300","Jacksonville-Kingsland-Palatka, FL-GA"
"HD2024","CSA","304","Johnson City-Kingsport-Bristol, TN-VA"
"HD2024","CSA","306","Johnstown-Somerset, PA"
"HD2024","CSA","308","Jonesboro-Paragould, AR"
"HD2024","CSA","309","Joplin-Miami, MO-OK-KS"
"HD2024","CSA","310","Kalamazoo-Battle Creek-Portage, MI"
"HD2024","CSA","312","Kansas City-Overland Park-Kansas City, MO-KS"
"HD2024","CSA","313","Keene-Brattleboro, NH-VT"
"HD2024","CSA","314","Kennewick-Richland-Walla Walla, WA"
"HD2024","CSA","315","Knoxville-Morristown-Sevierville, TN"
"HD2024","CSA","317","La Crosse-Onalaska-Sparta, WI-MN"
"HD2024","CSA","318","Lafayette-New Iberia-Opelousas, LA"
"HD2024","CSA","320","Lafayette-West Lafayette-Frankfort, IN"
"HD2024","CSA","324","Lake Charles-DeRidder, LA"
"HD2024","CSA","330","Lansing-East Lansing-Owosso, MI"
"HD2024","CSA","332","Las Vegas-Henderson, NV"
"HD2024","CSA","334","Lawton-Duncan, OK"
"HD2024","CSA","336","Lexington-Fayette--Richmond--Frankfort, KY"
"HD2024","CSA","338","Lima-Van Wert-Celina, OH"
"HD2024","CSA","339","Lincoln-Beatrice, NE"
"HD2024","CSA","340","Little Rock-North Little Rock, AR"
"HD2024","CSA","348","Los Angeles-Long Beach, CA"
"HD2024","CSA","350","Louisville/Jefferson County--Elizabethtown, KY-IN"
"HD2024","CSA","352","Lubbock-Plainview, TX"
"HD2024","CSA","356","Macon-Bibb County--Warner Robins, GA"
"HD2024","CSA","357","Madison-Janesville-Beloit, WI"
"HD2024","CSA","359","Mankato-New Ulm, MN"
"HD2024","CSA","360","Mansfield-Ashland-Bucyrus, OH"
"HD2024","CSA","364","MayagÃ¼ez-Aguadilla, PR"
"HD2024","CSA","365","McAllen-Edinburg, TX"
"HD2024","CSA","366","Medford-Grants Pass, OR"
"HD2024","CSA","368","Memphis-Clarksdale-Forrest City, TN-MS-AR"
"HD2024","CSA","370","Miami-Port St. Lucie-Fort Lauderdale, FL"
"HD2024","CSA","371","Middlesborough-Corbin, KY"
"HD2024","CSA","372","Midland-Odessa-Andrews, TX"
"HD2024","CSA","376","Milwaukee-Racine-Waukesha, WI"
"HD2024","CSA","378","Minneapolis-St. Paul, MN-WI"
"HD2024","CSA","380","Mobile-Daphne-Fairhope, AL"
"HD2024","CSA","384","Monroe-Ruston, LA"
"HD2024","CSA","388","Montgomery-Selma, AL"
"HD2024","CSA","393","Moses Lake-Othello, WA"
"HD2024","CSA","394","Mount Pleasant-Alma, MI"
"HD2024","CSA","396","Myrtle Beach-Conway, SC"
"HD2024","CSA","400","Nashville-Davidson--Murfreesboro, TN"
"HD2024","CSA","404","New Bern-Morehead City, NC"
"HD2024","CSA","405","New Haven-Hartford-Waterbury, CT"
"HD2024","CSA","406","New Orleans-Metairie-Slidell, LA-MS"
"HD2024","CSA","408","New York-Newark, NY-NJ-CT-PA"
"HD2024","CSA","412","North Port-Bradenton, FL"
"HD2024","CSA","416","Oklahoma City-Shawnee, OK"
"HD2024","CSA","420","Omaha-Fremont, NE-IA"
"HD2024","CSA","422","Orlando-Lakeland-Deltona, FL"
"HD2024","CSA","424","Paducah-Mayfield, KY-IL"
"HD2024","CSA","425","Parkersburg-Marietta-Vienna, WV-OH"
"HD2024","CSA","427","Peoria-Canton, IL"
"HD2024","CSA","428","Philadelphia-Reading-Camden, PA-NJ-DE-MD"
"HD2024","CSA","429","Phoenix-Mesa, AZ"
"HD2024","CSA","430","Pittsburgh-Weirton-Steubenville, PA-OH-WV"
"HD2024","CSA","434","Ponce-Coamo, PR"
"HD2024","CSA","438","Portland-Lewiston-South Portland, ME"
"HD2024","CSA","440","Portland-Vancouver-Salem, OR-WA"
"HD2024","CSA","444","Pueblo-CaÃ±on City, CO"
"HD2024","CSA","446","Pullman-Moscow, WA-ID"
"HD2024","CSA","448","Quincy-Hannibal, IL-MO"
"HD2024","CSA","450","Raleigh-Durham-Cary, NC"
"HD2024","CSA","452","Rapid City-Spearfish, SD"
"HD2024","CSA","454","Redding-Red Bluff, CA"
"HD2024","CSA","456","Reno-Carson City-Gardnerville Ranchos, NV-CA"
"HD2024","CSA","458","Richmond-Connersville, IN"
"HD2024","CSA","462","Rochester-Austin-Winona, MN"
"HD2024","CSA","464","Rochester-Batavia-Seneca Falls, NY"
"HD2024","CSA","466","Rockford-Freeport-Rochelle, IL"
"HD2024","CSA","468","Rocky Mount-Wilson-Roanoke Rapids, NC"
"HD2024","CSA","472","Sacramento-Roseville, CA"
"HD2024","CSA","474","Saginaw-Midland-Bay City, MI"
"HD2024","CSA","476","St. Louis-St. Charles-Farmington, MO-IL"
"HD2024","CSA","480","Salisbury-Ocean Pines, MD"
"HD2024","CSA","482","Salt Lake City-Provo-Orem, UT-ID"
"HD2024","CSA","484","San Antonio-New Braunfels-Kerrville, TX"
"HD2024","CSA","488","San Jose-San Francisco-Oakland, CA"
"HD2024","CSA","490","San Juan-BayamÃ³n, PR"
"HD2024","CSA","496","Savannah-Hinesville-Statesboro, GA"
"HD2024","CSA","500","Seattle-Tacoma, WA"
"HD2024","CSA","508","Shreveport-Bossier City-Minden, LA"
"HD2024","CSA","512","Sioux City-Le Mars, IA-NE-SD"
"HD2024","CSA","515","South Bend-Elkhart-Mishawaka, IN-MI"
"HD2024","CSA","517","Spencer-Spirit Lake, IA"
"HD2024","CSA","518","Spokane-Spokane Valley-Coeur d'Alene, WA-ID"
"HD2024","CSA","521","Springfield-Amherst Town-Northampton, MA"
"HD2024","CSA","522","Springfield-Jacksonville-Lincoln, IL"
"HD2024","CSA","523","Starkville-Columbus, MS"
"HD2024","CSA","524","State College-DuBois, PA"
"HD2024","CSA","532","Syracuse-Auburn, NY"
"HD2024","CSA","533","Tallahassee-Bainbridge, FL-GA"
"HD2024","CSA","536","Tucson-Nogales, AZ"
"HD2024","CSA","538","Tulsa-Bartlesville-Muskogee, OK"
"HD2024","CSA","539","Tupelo-Corinth, MS"
"HD2024","CSA","540","Tyler-Jacksonville, TX"
"HD2024","CSA","542","Union City-Martin, TN"
"HD2024","CSA","544","Victoria-Port Lavaca, TX"
"HD2024","CSA","545","Virginia Beach-Chesapeake, VA-NC"
"HD2024","CSA","548","Washington-Baltimore-Arlington, DC-MD-VA-WV-PA"
"HD2024","CSA","554","Wausau-Stevens Point-Wisconsin Rapids, WI"
"HD2024","CSA","555","Weatherford-Elk City, OK"
"HD2024","CSA","556","Wichita-Arkansas City-Winfield, KS"
"HD2024","CSA","558","Williamsport-Lock Haven, PA"
"HD2024","CSA","566","Youngstown-Warren-Salem, OH"
"HD2024","CSA","-2","Not applicable"
"HD2024","COUNTYCD","1003","Baldwin County, AL"
"HD2024","COUNTYCD","1015","Calhoun County, AL"
"HD2024","COUNTYCD","1025","Clarke County, AL"
"HD2024","COUNTYCD","1031","Coffee County, AL"
"HD2024","COUNTYCD","1033","Colbert County, AL"
"HD2024","COUNTYCD","1035","Conecuh County, AL"
"HD2024","COUNTYCD","1039","Covington County, AL"
"HD2024","COUNTYCD","1043","Cullman County, AL"
"HD2024","COUNTYCD","1045","Dale County, AL"
"HD2024","COUNTYCD","1047","Dallas County, AL"
"HD2024","COUNTYCD","1051","Elmore County, AL"
"HD2024","COUNTYCD","1055","Etowah County, AL"
"HD2024","COUNTYCD","1069","Houston County, AL"
"HD2024","COUNTYCD","1071","Jackson County, AL"
"HD2024","COUNTYCD","1073","Jefferson County, AL"
"HD2024","COUNTYCD","1077","Lauderdale County, AL"
"HD2024","COUNTYCD","1081","Lee County, AL"
"HD2024","COUNTYCD","1083","Limestone County, AL"
"HD2024","COUNTYCD","1087","Macon County, AL"
"HD2024","COUNTYCD","1089","Madison County, AL"
"HD2024","COUNTYCD","1095","Marshall County, AL"
"HD2024","COUNTYCD","1097","Mobile County, AL"
"HD2024","COUNTYCD","1101","Montgomery County, AL"
"HD2024","COUNTYCD","1105","Perry County, AL"
"HD2024","COUNTYCD","1109","Pike County, AL"
"HD2024","COUNTYCD","1111","Randolph County, AL"
"HD2024","COUNTYCD","1113","Russell County, AL"
"HD2024","COUNTYCD","1117","Shelby County, AL"
"HD2024","COUNTYCD","1119","Sumter County, AL"
"HD2024","COUNTYCD","1121","Talladega County, AL"
"HD2024","COUNTYCD","1123","Tallapoosa County, AL"
"HD2024","COUNTYCD","1125","Tuscaloosa County, AL"
"HD2024","COUNTYCD","1127","Walker County, AL"
"HD2024","COUNTYCD","2020","Anchorage Municipality, AK"
"HD2024","COUNTYCD","2090","Fairbanks North Star Borough, AK"
"HD2024","COUNTYCD","2110","Juneau City and Borough, AK"
"HD2024","COUNTYCD","2122","Kenai Peninsula Borough, AK"
"HD2024","COUNTYCD","2170","Matanuska-Susitna Borough, AK"
"HD2024","COUNTYCD","2185","North Slope Borough, AK"
"HD2024","COUNTYCD","4001","Apache County, AZ"
"HD2024","COUNTYCD","4003","Cochise County, AZ"
"HD2024","COUNTYCD","4005","Coconino County, AZ"
"HD2024","COUNTYCD","4009","Graham County, AZ"
"HD2024","COUNTYCD","4013","Maricopa County, AZ"
"HD2024","COUNTYCD","4015","Mohave County, AZ"
"HD2024","COUNTYCD","4017","Navajo County, AZ"
"HD2024","COUNTYCD","4019","Pima County, AZ"
"HD2024","COUNTYCD","4021","Pinal County, AZ"
"HD2024","COUNTYCD","4025","Yavapai County, AZ"
"HD2024","COUNTYCD","4027","Yuma County, AZ"
"HD2024","COUNTYCD","5005","Baxter County, AR"
"HD2024","COUNTYCD","5007","Benton County, AR"
"HD2024","COUNTYCD","5009","Boone County, AR"
"HD2024","COUNTYCD","5013","Calhoun County, AR"
"HD2024","COUNTYCD","5019","Clark County, AR"
"HD2024","COUNTYCD","5027","Columbia County, AR"
"HD2024","COUNTYCD","5029","Conway County, AR"
"HD2024","COUNTYCD","5031","Craighead County, AR"
"HD2024","COUNTYCD","5035","Crittenden County, AR"
"HD2024","COUNTYCD","5043","Drew County, AR"
"HD2024","COUNTYCD","5045","Faulkner County, AR"
"HD2024","COUNTYCD","5051","Garland County, AR"
"HD2024","COUNTYCD","5055","Greene County, AR"
"HD2024","COUNTYCD","5057","Hempstead County, AR"
"HD2024","COUNTYCD","5059","Hot Spring County, AR"
"HD2024","COUNTYCD","5063","Independence County, AR"
"HD2024","COUNTYCD","5065","Izard County, AR"
"HD2024","COUNTYCD","5067","Jackson County, AR"
"HD2024","COUNTYCD","5069","Jefferson County, AR"
"HD2024","COUNTYCD","5071","Johnson County, AR"
"HD2024","COUNTYCD","5075","Lawrence County, AR"
"HD2024","COUNTYCD","5093","Mississippi County, AR"
"HD2024","COUNTYCD","5107","Phillips County, AR"
"HD2024","COUNTYCD","5113","Polk County, AR"
"HD2024","COUNTYCD","5115","Pope County, AR"
"HD2024","COUNTYCD","5119","Pulaski County, AR"
"HD2024","COUNTYCD","5121","Randolph County, AR"
"HD2024","COUNTYCD","5123","St. Francis County, AR"
"HD2024","COUNTYCD","5131","Sebastian County, AR"
"HD2024","COUNTYCD","5133","Sevier County, AR"
"HD2024","COUNTYCD","5139","Union County, AR"
"HD2024","COUNTYCD","5143","Washington County, AR"
"HD2024","COUNTYCD","5145","White County, AR"
"HD2024","COUNTYCD","6001","Alameda County, CA"
"HD2024","COUNTYCD","6007","Butte County, CA"
"HD2024","COUNTYCD","6013","Contra Costa County, CA"
"HD2024","COUNTYCD","6017","El Dorado County, CA"
"HD2024","COUNTYCD","6019","Fresno County, CA"
"HD2024","COUNTYCD","6023","Humboldt County, CA"
"HD2024","COUNTYCD","6025","Imperial County, CA"
"HD2024","COUNTYCD","6029","Kern County, CA"
"HD2024","COUNTYCD","6031","Kings County, CA"
"HD2024","COUNTYCD","6035","Lassen County, CA"
"HD2024","COUNTYCD","6037","Los Angeles County, CA"
"HD2024","COUNTYCD","6039","Madera County, CA"
"HD2024","COUNTYCD","6041","Marin County, CA"
"HD2024","COUNTYCD","6045","Mendocino County, CA"
"HD2024","COUNTYCD","6047","Merced County, CA"
"HD2024","COUNTYCD","6053","Monterey County, CA"
"HD2024","COUNTYCD","6055","Napa County, CA"
"HD2024","COUNTYCD","6057","Nevada County, CA"
"HD2024","COUNTYCD","6059","Orange County, CA"
"HD2024","COUNTYCD","6061","Placer County, CA"
"HD2024","COUNTYCD","6063","Plumas County, CA"
"HD2024","COUNTYCD","6065","Riverside County, CA"
"HD2024","COUNTYCD","6067","Sacramento County, CA"
"HD2024","COUNTYCD","6071","San Bernardino County, CA"
"HD2024","COUNTYCD","6073","San Diego County, CA"
"HD2024","COUNTYCD","6075","San Francisco County, CA"
"HD2024","COUNTYCD","6077","San Joaquin County, CA"
"HD2024","COUNTYCD","6079","San Luis Obispo County, CA"
"HD2024","COUNTYCD","6081","San Mateo County, CA"
"HD2024","COUNTYCD","6083","Santa Barbara County, CA"
"HD2024","COUNTYCD","6085","Santa Clara County, CA"
"HD2024","COUNTYCD","6087","Santa Cruz County, CA"
"HD2024","COUNTYCD","6089","Shasta County, CA"
"HD2024","COUNTYCD","6093","Siskiyou County, CA"
"HD2024","COUNTYCD","6095","Solano County, CA"
"HD2024","COUNTYCD","6097","Sonoma County, CA"
"HD2024","COUNTYCD","6099","Stanislaus County, CA"
"HD2024","COUNTYCD","6101","Sutter County, CA"
"HD2024","COUNTYCD","6107","Tulare County, CA"
"HD2024","COUNTYCD","6109","Tuolumne County, CA"
"HD2024","COUNTYCD","6111","Ventura County, CA"
"HD2024","COUNTYCD","6113","Yolo County, CA"
"HD2024","COUNTYCD","6115","Yuba County, CA"
"HD2024","COUNTYCD","8001","Adams County, CO"
"HD2024","COUNTYCD","8003","Alamosa County, CO"
"HD2024","COUNTYCD","8005","Arapahoe County, CO"
"HD2024","COUNTYCD","8013","Boulder County, CO"
"HD2024","COUNTYCD","8014","Broomfield County, CO"
"HD2024","COUNTYCD","8029","Delta County, CO"
"HD2024","COUNTYCD","8031","Denver County, CO"
"HD2024","COUNTYCD","8035","Douglas County, CO"
"HD2024","COUNTYCD","8041","El Paso County, CO"
"HD2024","COUNTYCD","8045","Garfield County, CO"
"HD2024","COUNTYCD","8051","Gunnison County, CO"
"HD2024","COUNTYCD","8059","Jefferson County, CO"
"HD2024","COUNTYCD","8067","La Plata County, CO"
"HD2024","COUNTYCD","8069","Larimer County, CO"
"HD2024","COUNTYCD","8071","Las Animas County, CO"
"HD2024","COUNTYCD","8075","Logan County, CO"
"HD2024","COUNTYCD","8077","Mesa County, CO"
"HD2024","COUNTYCD","8087","Morgan County, CO"
"HD2024","COUNTYCD","8089","Otero County, CO"
"HD2024","COUNTYCD","8099","Prowers County, CO"
"HD2024","COUNTYCD","8101","Pueblo County, CO"
"HD2024","COUNTYCD","8103","Rio Blanco County, CO"
"HD2024","COUNTYCD","8123","Weld County, CO"
"HD2024","COUNTYCD","9110","Capitol Planning Region, CT"
"HD2024","COUNTYCD","9120","Greater Bridgeport Planning Region, CT"
"HD2024","COUNTYCD","9130","Lower Connecticut River Valley Planning Region, CT"
"HD2024","COUNTYCD","9140","Naugatuck Valley Planning Region, CT"
"HD2024","COUNTYCD","9150","Northeastern Connecticut Planning Region, CT"
"HD2024","COUNTYCD","9160","Northwest Hills Planning Region, CT"
"HD2024","COUNTYCD","9170","South Central Connecticut Planning Region, CT"
"HD2024","COUNTYCD","9180","Southeastern Connecticut Planning Region, CT"
"HD2024","COUNTYCD","9190","Western Connecticut Planning Region, CT"
"HD2024","COUNTYCD","10001","Kent County, DE"
"HD2024","COUNTYCD","10003","New Castle County, DE"
"HD2024","COUNTYCD","10005","Sussex County, DE"
"HD2024","COUNTYCD","11001","District of Columbia, DC"
"HD2024","COUNTYCD","12001","Alachua County, FL"
"HD2024","COUNTYCD","12005","Bay County, FL"
"HD2024","COUNTYCD","12007","Bradford County, FL"
"HD2024","COUNTYCD","12009","Brevard County, FL"
"HD2024","COUNTYCD","12011","Broward County, FL"
"HD2024","COUNTYCD","12015","Charlotte County, FL"
"HD2024","COUNTYCD","12017","Citrus County, FL"
"HD2024","COUNTYCD","12019","Clay County, FL"
"HD2024","COUNTYCD","12021","Collier County, FL"
"HD2024","COUNTYCD","12023","Columbia County, FL"
"HD2024","COUNTYCD","12031","Duval County, FL"
"HD2024","COUNTYCD","12033","Escambia County, FL"
"HD2024","COUNTYCD","12035","Flagler County, FL"
"HD2024","COUNTYCD","12039","Gadsden County, FL"
"HD2024","COUNTYCD","12053","Hernando County, FL"
"HD2024","COUNTYCD","12055","Highlands County, FL"
"HD2024","COUNTYCD","12057","Hillsborough County, FL"
"HD2024","COUNTYCD","12061","Indian River County, FL"
"HD2024","COUNTYCD","12063","Jackson County, FL"
"HD2024","COUNTYCD","12069","Lake County, FL"
"HD2024","COUNTYCD","12071","Lee County, FL"
"HD2024","COUNTYCD","12073","Leon County, FL"
"HD2024","COUNTYCD","12079","Madison County, FL"
"HD2024","COUNTYCD","12081","Manatee County, FL"
"HD2024","COUNTYCD","12083","Marion County, FL"
"HD2024","COUNTYCD","12085","Martin County, FL"
"HD2024","COUNTYCD","12086","Miami-Dade County, FL"
"HD2024","COUNTYCD","12087","Monroe County, FL"
"HD2024","COUNTYCD","12091","Okaloosa County, FL"
"HD2024","COUNTYCD","12095","Orange County, FL"
"HD2024","COUNTYCD","12097","Osceola County, FL"
"HD2024","COUNTYCD","12099","Palm Beach County, FL"
"HD2024","COUNTYCD","12101","Pasco County, FL"
"HD2024","COUNTYCD","12103","Pinellas County, FL"
"HD2024","COUNTYCD","12105","Polk County, FL"
"HD2024","COUNTYCD","12107","Putnam County, FL"
"HD2024","COUNTYCD","12109","St. Johns County, FL"
"HD2024","COUNTYCD","12111","St. Lucie County, FL"
"HD2024","COUNTYCD","12113","Santa Rosa County, FL"
"HD2024","COUNTYCD","12115","Sarasota County, FL"
"HD2024","COUNTYCD","12117","Seminole County, FL"
"HD2024","COUNTYCD","12119","Sumter County, FL"
"HD2024","COUNTYCD","12121","Suwannee County, FL"
"HD2024","COUNTYCD","12123","Taylor County, FL"
"HD2024","COUNTYCD","12127","Volusia County, FL"
"HD2024","COUNTYCD","12131","Walton County, FL"
"HD2024","COUNTYCD","12133","Washington County, FL"
"HD2024","COUNTYCD","13009","Baldwin County, GA"
"HD2024","COUNTYCD","13021","Bibb County, GA"
"HD2024","COUNTYCD","13031","Bulloch County, GA"
"HD2024","COUNTYCD","13045","Carroll County, GA"
"HD2024","COUNTYCD","13051","Chatham County, GA"
"HD2024","COUNTYCD","13057","Cherokee County, GA"
"HD2024","COUNTYCD","13059","Clarke County, GA"
"HD2024","COUNTYCD","13063","Clayton County, GA"
"HD2024","COUNTYCD","13067","Cobb County, GA"
"HD2024","COUNTYCD","13069","Coffee County, GA"
"HD2024","COUNTYCD","13073","Columbia County, GA"
"HD2024","COUNTYCD","13083","Dade County, GA"
"HD2024","COUNTYCD","13089","DeKalb County, GA"
"HD2024","COUNTYCD","13095","Dougherty County, GA"
"HD2024","COUNTYCD","13107","Emanuel County, GA"
"HD2024","COUNTYCD","13115","Floyd County, GA"
"HD2024","COUNTYCD","13117","Forsyth County, GA"
"HD2024","COUNTYCD","13119","Franklin County, GA"
"HD2024","COUNTYCD","13121","Fulton County, GA"
"HD2024","COUNTYCD","13127","Glynn County, GA"
"HD2024","COUNTYCD","13135","Gwinnett County, GA"
"HD2024","COUNTYCD","13137","Habersham County, GA"
"HD2024","COUNTYCD","13139","Hall County, GA"
"HD2024","COUNTYCD","13143","Haralson County, GA"
"HD2024","COUNTYCD","13153","Houston County, GA"
"HD2024","COUNTYCD","13171","Lamar County, GA"
"HD2024","COUNTYCD","13185","Lowndes County, GA"
"HD2024","COUNTYCD","13187","Lumpkin County, GA"
"HD2024","COUNTYCD","13209","Montgomery County, GA"
"HD2024","COUNTYCD","13215","Muscogee County, GA"
"HD2024","COUNTYCD","13217","Newton County, GA"
"HD2024","COUNTYCD","13219","Oconee County, GA"
"HD2024","COUNTYCD","13225","Peach County, GA"
"HD2024","COUNTYCD","13243","Randolph County, GA"
"HD2024","COUNTYCD","13245","Richmond County, GA"
"HD2024","COUNTYCD","13247","Rockdale County, GA"
"HD2024","COUNTYCD","13255","Spalding County, GA"
"HD2024","COUNTYCD","13257","Stephens County, GA"
"HD2024","COUNTYCD","13261","Sumter County, GA"
"HD2024","COUNTYCD","13275","Thomas County, GA"
"HD2024","COUNTYCD","13277","Tift County, GA"
"HD2024","COUNTYCD","13279","Toombs County, GA"
"HD2024","COUNTYCD","13281","Towns County, GA"
"HD2024","COUNTYCD","13285","Troup County, GA"
"HD2024","COUNTYCD","13299","Ware County, GA"
"HD2024","COUNTYCD","13303","Washington County, GA"
"HD2024","COUNTYCD","13311","White County, GA"
"HD2024","COUNTYCD","13313","Whitfield County, GA"
"HD2024","COUNTYCD","15001","Hawaii County, HI"
"HD2024","COUNTYCD","15003","Honolulu County, HI"
"HD2024","COUNTYCD","15007","Kauai County, HI"
"HD2024","COUNTYCD","15009","Maui County, HI"
"HD2024","COUNTYCD","16001","Ada County, ID"
"HD2024","COUNTYCD","16005","Bannock County, ID"
"HD2024","COUNTYCD","16011","Bingham County, ID"
"HD2024","COUNTYCD","16019","Bonneville County, ID"
"HD2024","COUNTYCD","16027","Canyon County, ID"
"HD2024","COUNTYCD","16053","Jerome County, ID"
"HD2024","COUNTYCD","16055","Kootenai County, ID"
"HD2024","COUNTYCD","16057","Latah County, ID"
"HD2024","COUNTYCD","16065","Madison County, ID"
"HD2024","COUNTYCD","16067","Minidoka County, ID"
"HD2024","COUNTYCD","16069","Nez Perce County, ID"
"HD2024","COUNTYCD","16083","Twin Falls County, ID"
"HD2024","COUNTYCD","17001","Adams County, IL"
"HD2024","COUNTYCD","17005","Bond County, IL"
"HD2024","COUNTYCD","17019","Champaign County, IL"
"HD2024","COUNTYCD","17027","Clinton County, IL"
"HD2024","COUNTYCD","17029","Coles County, IL"
"HD2024","COUNTYCD","17031","Cook County, IL"
"HD2024","COUNTYCD","17033","Crawford County, IL"
"HD2024","COUNTYCD","17037","DeKalb County, IL"
"HD2024","COUNTYCD","17043","DuPage County, IL"
"HD2024","COUNTYCD","17057","Fulton County, IL"
"HD2024","COUNTYCD","17077","Jackson County, IL"
"HD2024","COUNTYCD","17081","Jefferson County, IL"
"HD2024","COUNTYCD","17083","Jersey County, IL"
"HD2024","COUNTYCD","17089","Kane County, IL"
"HD2024","COUNTYCD","17091","Kankakee County, IL"
"HD2024","COUNTYCD","17093","Kendall County, IL"
"HD2024","COUNTYCD","17095","Knox County, IL"
"HD2024","COUNTYCD","17097","Lake County, IL"
"HD2024","COUNTYCD","17099","LaSalle County, IL"
"HD2024","COUNTYCD","17103","Lee County, IL"
"HD2024","COUNTYCD","17107","Logan County, IL"
"HD2024","COUNTYCD","17109","McDonough County, IL"
"HD2024","COUNTYCD","17111","McHenry County, IL"
"HD2024","COUNTYCD","17113","McLean County, IL"
"HD2024","COUNTYCD","17115","Macon County, IL"
"HD2024","COUNTYCD","17117","Macoupin County, IL"
"HD2024","COUNTYCD","17119","Madison County, IL"
"HD2024","COUNTYCD","17133","Monroe County, IL"
"HD2024","COUNTYCD","17137","Morgan County, IL"
"HD2024","COUNTYCD","17143","Peoria County, IL"
"HD2024","COUNTYCD","17153","Pulaski County, IL"
"HD2024","COUNTYCD","17159","Richland County, IL"
"HD2024","COUNTYCD","17161","Rock Island County, IL"
"HD2024","COUNTYCD","17163","St. Clair County, IL"
"HD2024","COUNTYCD","17165","Saline County, IL"
"HD2024","COUNTYCD","17167","Sangamon County, IL"
"HD2024","COUNTYCD","17177","Stephenson County, IL"
"HD2024","COUNTYCD","17179","Tazewell County, IL"
"HD2024","COUNTYCD","17183","Vermilion County, IL"
"HD2024","COUNTYCD","17185","Wabash County, IL"
"HD2024","COUNTYCD","17187","Warren County, IL"
"HD2024","COUNTYCD","17191","Wayne County, IL"
"HD2024","COUNTYCD","17195","Whiteside County, IL"
"HD2024","COUNTYCD","17197","Will County, IL"
"HD2024","COUNTYCD","17199","Williamson County, IL"
"HD2024","COUNTYCD","17201","Winnebago County, IL"
"HD2024","COUNTYCD","17203","Woodford County, IL"
"HD2024","COUNTYCD","18003","Allen County, IN"
"HD2024","COUNTYCD","18005","Bartholomew County, IN"
"HD2024","COUNTYCD","18019","Clark County, IN"
"HD2024","COUNTYCD","18029","Dearborn County, IN"
"HD2024","COUNTYCD","18035","Delaware County, IN"
"HD2024","COUNTYCD","13097","Douglas Country, GA"
"HD2024","COUNTYCD","18039","Elkhart County, IN"
"HD2024","COUNTYCD","18043","Floyd County, IN"
"HD2024","COUNTYCD","18051","Gibson County, IN"
"HD2024","COUNTYCD","18053","Grant County, IN"
"HD2024","COUNTYCD","18057","Hamilton County, IN"
"HD2024","COUNTYCD","18067","Howard County, IN"
"HD2024","COUNTYCD","18069","Huntington County, IN"
"HD2024","COUNTYCD","18077","Jefferson County, IN"
"HD2024","COUNTYCD","18081","Johnson County, IN"
"HD2024","COUNTYCD","18083","Knox County, IN"
"HD2024","COUNTYCD","18085","Kosciusko County, IN"
"HD2024","COUNTYCD","18089","Lake County, IN"
"HD2024","COUNTYCD","18095","Madison County, IN"
"HD2024","COUNTYCD","18097","Marion County, IN"
"HD2024","COUNTYCD","18099","Marshall County, IN"
"HD2024","COUNTYCD","18105","Monroe County, IN"
"HD2024","COUNTYCD","18107","Montgomery County, IN"
"HD2024","COUNTYCD","18127","Porter County, IN"
"HD2024","COUNTYCD","18133","Putnam County, IN"
"HD2024","COUNTYCD","18141","St. Joseph County, IN"
"HD2024","COUNTYCD","18147","Spencer County, IN"
"HD2024","COUNTYCD","18149","Starke County, IN"
"HD2024","COUNTYCD","18151","Steuben County, IN"
"HD2024","COUNTYCD","18157","Tippecanoe County, IN"
"HD2024","COUNTYCD","18163","Vanderburgh County, IN"
"HD2024","COUNTYCD","18167","Vigo County, IN"
"HD2024","COUNTYCD","18169","Wabash County, IN"
"HD2024","COUNTYCD","18177","Wayne County, IN"
"HD2024","COUNTYCD","19013","Black Hawk County, IA"
"HD2024","COUNTYCD","19017","Bremer County, IA"
"HD2024","COUNTYCD","19021","Buena Vista County, IA"
"HD2024","COUNTYCD","19033","Cerro Gordo County, IA"
"HD2024","COUNTYCD","19049","Dallas County, IA"
"HD2024","COUNTYCD","19053","Decatur County, IA"
"HD2024","COUNTYCD","19057","Des Moines County, IA"
"HD2024","COUNTYCD","19059","Dickinson County, IA"
"HD2024","COUNTYCD","19061","Dubuque County, IA"
"HD2024","COUNTYCD","19063","Emmet County, IA"
"HD2024","COUNTYCD","19065","Fayette County, IA"
"HD2024","COUNTYCD","19083","Hardin County, IA"
"HD2024","COUNTYCD","19087","Henry County, IA"
"HD2024","COUNTYCD","19101","Jefferson County, IA"
"HD2024","COUNTYCD","19103","Johnson County, IA"
"HD2024","COUNTYCD","19105","Jones County, IA"
"HD2024","COUNTYCD","19113","Linn County, IA"
"HD2024","COUNTYCD","19123","Mahaska County, IA"
"HD2024","COUNTYCD","19125","Marion County, IA"
"HD2024","COUNTYCD","19127","Marshall County, IA"
"HD2024","COUNTYCD","19153","Polk County, IA"
"HD2024","COUNTYCD","19155","Pottawattamie County, IA"
"HD2024","COUNTYCD","19157","Poweshiek County, IA"
"HD2024","COUNTYCD","19163","Scott County, IA"
"HD2024","COUNTYCD","19167","Sioux County, IA"
"HD2024","COUNTYCD","19169","Story County, IA"
"HD2024","COUNTYCD","19175","Union County, IA"
"HD2024","COUNTYCD","19179","Wapello County, IA"
"HD2024","COUNTYCD","19181","Warren County, IA"
"HD2024","COUNTYCD","19187","Webster County, IA"
"HD2024","COUNTYCD","19189","Winnebago County, IA"
"HD2024","COUNTYCD","19191","Winneshiek County, IA"
"HD2024","COUNTYCD","19193","Woodbury County, IA"
"HD2024","COUNTYCD","20001","Allen County, KS"
"HD2024","COUNTYCD","20005","Atchison County, KS"
"HD2024","COUNTYCD","20009","Barton County, KS"
"HD2024","COUNTYCD","20011","Bourbon County, KS"
"HD2024","COUNTYCD","20015","Butler County, KS"
"HD2024","COUNTYCD","20029","Cloud County, KS"
"HD2024","COUNTYCD","20035","Cowley County, KS"
"HD2024","COUNTYCD","20037","Crawford County, KS"
"HD2024","COUNTYCD","20043","Doniphan County, KS"
"HD2024","COUNTYCD","20045","Douglas County, KS"
"HD2024","COUNTYCD","20051","Ellis County, KS"
"HD2024","COUNTYCD","20055","Finney County, KS"
"HD2024","COUNTYCD","20057","Ford County, KS"
"HD2024","COUNTYCD","20059","Franklin County, KS"
"HD2024","COUNTYCD","20079","Harvey County, KS"
"HD2024","COUNTYCD","20091","Johnson County, KS"
"HD2024","COUNTYCD","20097","Kiowa County, KS"
"HD2024","COUNTYCD","20099","Labette County, KS"
"HD2024","COUNTYCD","20103","Leavenworth County, KS"
"HD2024","COUNTYCD","20111","Lyon County, KS"
"HD2024","COUNTYCD","20113","McPherson County, KS"
"HD2024","COUNTYCD","20115","Marion County, KS"
"HD2024","COUNTYCD","20123","Mitchell County, KS"
"HD2024","COUNTYCD","20125","Montgomery County, KS"
"HD2024","COUNTYCD","20133","Neosho County, KS"
"HD2024","COUNTYCD","20151","Pratt County, KS"
"HD2024","COUNTYCD","20155","Reno County, KS"
"HD2024","COUNTYCD","20159","Rice County, KS"
"HD2024","COUNTYCD","20161","Riley County, KS"
"HD2024","COUNTYCD","20169","Saline County, KS"
"HD2024","COUNTYCD","20173","Sedgwick County, KS"
"HD2024","COUNTYCD","20175","Seward County, KS"
"HD2024","COUNTYCD","20177","Shawnee County, KS"
"HD2024","COUNTYCD","20181","Sherman County, KS"
"HD2024","COUNTYCD","20193","Thomas County, KS"
"HD2024","COUNTYCD","20209","Wyandotte County, KS"
"HD2024","COUNTYCD","21001","Adair County, KY"
"HD2024","COUNTYCD","21009","Barren County, KY"
"HD2024","COUNTYCD","21013","Bell County, KY"
"HD2024","COUNTYCD","21015","Boone County, KY"
"HD2024","COUNTYCD","21019","Boyd County, KY"
"HD2024","COUNTYCD","21021","Boyle County, KY"
"HD2024","COUNTYCD","21025","Breathitt County, KY"
"HD2024","COUNTYCD","21035","Calloway County, KY"
"HD2024","COUNTYCD","21037","Campbell County, KY"
"HD2024","COUNTYCD","21043","Carter County, KY"
"HD2024","COUNTYCD","21047","Christian County, KY"
"HD2024","COUNTYCD","21051","Clay County, KY"
"HD2024","COUNTYCD","21059","Daviess County, KY"
"HD2024","COUNTYCD","21067","Fayette County, KY"
"HD2024","COUNTYCD","21069","Fleming County, KY"
"HD2024","COUNTYCD","21071","Floyd County, KY"
"HD2024","COUNTYCD","21073","Franklin County, KY"
"HD2024","COUNTYCD","21093","Hardin County, KY"
"HD2024","COUNTYCD","21095","Harlan County, KY"
"HD2024","COUNTYCD","21101","Henderson County, KY"
"HD2024","COUNTYCD","21107","Hopkins County, KY"
"HD2024","COUNTYCD","21111","Jefferson County, KY"
"HD2024","COUNTYCD","21113","Jessamine County, KY"
"HD2024","COUNTYCD","21115","Johnson County, KY"
"HD2024","COUNTYCD","21117","Kenton County, KY"
"HD2024","COUNTYCD","21119","Knott County, KY"
"HD2024","COUNTYCD","21121","Knox County, KY"
"HD2024","COUNTYCD","21133","Letcher County, KY"
"HD2024","COUNTYCD","21145","McCracken County, KY"
"HD2024","COUNTYCD","21151","Madison County, KY"
"HD2024","COUNTYCD","21161","Mason County, KY"
"HD2024","COUNTYCD","21193","Perry County, KY"
"HD2024","COUNTYCD","21195","Pike County, KY"
"HD2024","COUNTYCD","21199","Pulaski County, KY"
"HD2024","COUNTYCD","21205","Rowan County, KY"
"HD2024","COUNTYCD","21209","Scott County, KY"
"HD2024","COUNTYCD","21217","Taylor County, KY"
"HD2024","COUNTYCD","21227","Warren County, KY"
"HD2024","COUNTYCD","21235","Whitley County, KY"
"HD2024","COUNTYCD","21239","Woodford County, KY"
"HD2024","COUNTYCD","22001","Acadia Parish, LA"
"HD2024","COUNTYCD","22005","Ascension Parish, LA"
"HD2024","COUNTYCD","22015","Bossier Parish, LA"
"HD2024","COUNTYCD","22017","Caddo Parish, LA"
"HD2024","COUNTYCD","22019","Calcasieu Parish, LA"
"HD2024","COUNTYCD","22033","East Baton Rouge Parish, LA"
"HD2024","COUNTYCD","22045","Iberia Parish, LA"
"HD2024","COUNTYCD","22051","Jefferson Parish, LA"
"HD2024","COUNTYCD","22055","Lafayette Parish, LA"
"HD2024","COUNTYCD","22057","Lafourche Parish, LA"
"HD2024","COUNTYCD","22061","Lincoln Parish, LA"
"HD2024","COUNTYCD","22063","Livingston Parish, LA"
"HD2024","COUNTYCD","22069","Natchitoches Parish, LA"
"HD2024","COUNTYCD","22071","Orleans Parish, LA"
"HD2024","COUNTYCD","22073","Ouachita Parish, LA"
"HD2024","COUNTYCD","22079","Rapides Parish, LA"
"HD2024","COUNTYCD","22087","St. Bernard Parish, LA"
"HD2024","COUNTYCD","22097","St. Landry Parish, LA"
"HD2024","COUNTYCD","22103","St. Tammany Parish, LA"
"HD2024","COUNTYCD","22105","Tangipahoa Parish, LA"
"HD2024","COUNTYCD","22109","Terrebonne Parish, LA"
"HD2024","COUNTYCD","22119","Webster Parish, LA"
"HD2024","COUNTYCD","23001","Androscoggin County, ME"
"HD2024","COUNTYCD","23003","Aroostook County, ME"
"HD2024","COUNTYCD","23005","Cumberland County, ME"
"HD2024","COUNTYCD","23007","Franklin County, ME"
"HD2024","COUNTYCD","23009","Hancock County, ME"
"HD2024","COUNTYCD","23011","Kennebec County, ME"
"HD2024","COUNTYCD","23013","Knox County, ME"
"HD2024","COUNTYCD","23019","Penobscot County, ME"
"HD2024","COUNTYCD","23025","Somerset County, ME"
"HD2024","COUNTYCD","23027","Waldo County, ME"
"HD2024","COUNTYCD","23029","Washington County, ME"
"HD2024","COUNTYCD","23031","York County, ME"
"HD2024","COUNTYCD","24001","Allegany County, MD"
"HD2024","COUNTYCD","24003","Anne Arundel County, MD"
"HD2024","COUNTYCD","24005","Baltimore County, MD"
"HD2024","COUNTYCD","24013","Carroll County, MD"
"HD2024","COUNTYCD","24015","Cecil County, MD"
"HD2024","COUNTYCD","24017","Charles County, MD"
"HD2024","COUNTYCD","24021","Frederick County, MD"
"HD2024","COUNTYCD","24023","Garrett County, MD"
"HD2024","COUNTYCD","24025","Harford County, MD"
"HD2024","COUNTYCD","24027","Howard County, MD"
"HD2024","COUNTYCD","24029","Kent County, MD"
"HD2024","COUNTYCD","24031","Montgomery County, MD"
"HD2024","COUNTYCD","24033","Prince George's County, MD"
"HD2024","COUNTYCD","24035","Queen Anne's County, MD"
"HD2024","COUNTYCD","24037","St. Mary's County, MD"
"HD2024","COUNTYCD","24039","Somerset County, MD"
"HD2024","COUNTYCD","24043","Washington County, MD"
"HD2024","COUNTYCD","24045","Wicomico County, MD"
"HD2024","COUNTYCD","24510","Baltimore City, MD"
"HD2024","COUNTYCD","25001","Barnstable County, MA"
"HD2024","COUNTYCD","25003","Berkshire County, MA"
"HD2024","COUNTYCD","25005","Bristol County, MA"
"HD2024","COUNTYCD","25009","Essex County, MA"
"HD2024","COUNTYCD","25011","Franklin County, MA"
"HD2024","COUNTYCD","25013","Hampden County, MA"
"HD2024","COUNTYCD","25015","Hampshire County, MA"
"HD2024","COUNTYCD","25017","Middlesex County, MA"
"HD2024","COUNTYCD","25021","Norfolk County, MA"
"HD2024","COUNTYCD","25023","Plymouth County, MA"
"HD2024","COUNTYCD","25025","Suffolk County, MA"
"HD2024","COUNTYCD","25027","Worcester County, MA"
"HD2024","COUNTYCD","26007","Alpena County, MI"
"HD2024","COUNTYCD","26013","Baraga County, MI"
"HD2024","COUNTYCD","26015","Barry County, MI"
"HD2024","COUNTYCD","26017","Bay County, MI"
"HD2024","COUNTYCD","26021","Berrien County, MI"
"HD2024","COUNTYCD","26025","Calhoun County, MI"
"HD2024","COUNTYCD","26027","Cass County, MI"
"HD2024","COUNTYCD","26033","Chippewa County, MI"
"HD2024","COUNTYCD","26035","Clare County, MI"
"HD2024","COUNTYCD","26039","Crawford County, MI"
"HD2024","COUNTYCD","26041","Delta County, MI"
"HD2024","COUNTYCD","26045","Eaton County, MI"
"HD2024","COUNTYCD","26047","Emmet County, MI"
"HD2024","COUNTYCD","26049","Genesee County, MI"
"HD2024","COUNTYCD","26053","Gogebic County, MI"
"HD2024","COUNTYCD","26055","Grand Traverse County, MI"
"HD2024","COUNTYCD","26057","Gratiot County, MI"
"HD2024","COUNTYCD","26059","Hillsdale County, MI"
"HD2024","COUNTYCD","26061","Houghton County, MI"
"HD2024","COUNTYCD","26065","Ingham County, MI"
"HD2024","COUNTYCD","26067","Ionia County, MI"
"HD2024","COUNTYCD","26073","Isabella County, MI"
"HD2024","COUNTYCD","26075","Jackson County, MI"
"HD2024","COUNTYCD","26077","Kalamazoo County, MI"
"HD2024","COUNTYCD","26081","Kent County, MI"
"HD2024","COUNTYCD","26091","Lenawee County, MI"
"HD2024","COUNTYCD","26093","Livingston County, MI"
"HD2024","COUNTYCD","26097","Mackinac County, MI"
"HD2024","COUNTYCD","26099","Macomb County, MI"
"HD2024","COUNTYCD","26103","Marquette County, MI"
"HD2024","COUNTYCD","26105","Mason County, MI"
"HD2024","COUNTYCD","26107","Mecosta County, MI"
"HD2024","COUNTYCD","26111","Midland County, MI"
"HD2024","COUNTYCD","26115","Monroe County, MI"
"HD2024","COUNTYCD","26117","Montcalm County, MI"
"HD2024","COUNTYCD","26121","Muskegon County, MI"
"HD2024","COUNTYCD","26125","Oakland County, MI"
"HD2024","COUNTYCD","26139","Ottawa County, MI"
"HD2024","COUNTYCD","26145","Saginaw County, MI"
"HD2024","COUNTYCD","26147","St. Clair County, MI"
"HD2024","COUNTYCD","26149","St. Joseph County, MI"
"HD2024","COUNTYCD","26155","Shiawassee County, MI"
"HD2024","COUNTYCD","26161","Washtenaw County, MI"
"HD2024","COUNTYCD","26163","Wayne County, MI"
"HD2024","COUNTYCD","26165","Wexford County, MI"
"HD2024","COUNTYCD","27003","Anoka County, MN"
"HD2024","COUNTYCD","27007","Beltrami County, MN"
"HD2024","COUNTYCD","27013","Blue Earth County, MN"
"HD2024","COUNTYCD","27015","Brown County, MN"
"HD2024","COUNTYCD","27017","Carlton County, MN"
"HD2024","COUNTYCD","27019","Carver County, MN"
"HD2024","COUNTYCD","27021","Cass County, MN"
"HD2024","COUNTYCD","27025","Chisago County, MN"
"HD2024","COUNTYCD","27027","Clay County, MN"
"HD2024","COUNTYCD","27035","Crow Wing County, MN"
"HD2024","COUNTYCD","27037","Dakota County, MN"
"HD2024","COUNTYCD","27041","Douglas County, MN"
"HD2024","COUNTYCD","27053","Hennepin County, MN"
"HD2024","COUNTYCD","27067","Kandiyohi County, MN"
"HD2024","COUNTYCD","27083","Lyon County, MN"
"HD2024","COUNTYCD","27087","Mahnomen County, MN"
"HD2024","COUNTYCD","27099","Mower County, MN"
"HD2024","COUNTYCD","27103","Nicollet County, MN"
"HD2024","COUNTYCD","27105","Nobles County, MN"
"HD2024","COUNTYCD","27109","Olmsted County, MN"
"HD2024","COUNTYCD","27111","Otter Tail County, MN"
"HD2024","COUNTYCD","27113","Pennington County, MN"
"HD2024","COUNTYCD","27115","Pine County, MN"
"HD2024","COUNTYCD","27119","Polk County, MN"
"HD2024","COUNTYCD","27123","Ramsey County, MN"
"HD2024","COUNTYCD","27131","Rice County, MN"
"HD2024","COUNTYCD","27137","St. Louis County, MN"
"HD2024","COUNTYCD","27145","Stearns County, MN"
"HD2024","COUNTYCD","27149","Stevens County, MN"
"HD2024","COUNTYCD","27163","Washington County, MN"
"HD2024","COUNTYCD","27169","Winona County, MN"
"HD2024","COUNTYCD","27173","Yellow Medicine County, MN"
"HD2024","COUNTYCD","28003","Alcorn County, MS"
"HD2024","COUNTYCD","28011","Bolivar County, MS"
"HD2024","COUNTYCD","28021","Claiborne County, MS"
"HD2024","COUNTYCD","28027","Coahoma County, MS"
"HD2024","COUNTYCD","28029","Copiah County, MS"
"HD2024","COUNTYCD","28033","DeSoto County, MS"
"HD2024","COUNTYCD","28035","Forrest County, MS"
"HD2024","COUNTYCD","28043","Grenada County, MS"
"HD2024","COUNTYCD","28045","Hancock County, MS"
"HD2024","COUNTYCD","28047","Harrison County, MS"
"HD2024","COUNTYCD","28049","Hinds County, MS"
"HD2024","COUNTYCD","28051","Holmes County, MS"
"HD2024","COUNTYCD","28057","Itawamba County, MS"
"HD2024","COUNTYCD","28067","Jones County, MS"
"HD2024","COUNTYCD","28069","Kemper County, MS"
"HD2024","COUNTYCD","28071","Lafayette County, MS"
"HD2024","COUNTYCD","28075","Lauderdale County, MS"
"HD2024","COUNTYCD","28081","Lee County, MS"
"HD2024","COUNTYCD","28083","Leflore County, MS"
"HD2024","COUNTYCD","28087","Lowndes County, MS"
"HD2024","COUNTYCD","28089","Madison County, MS"
"HD2024","COUNTYCD","28093","Marshall County, MS"
"HD2024","COUNTYCD","28095","Monroe County, MS"
"HD2024","COUNTYCD","28101","Newton County, MS"
"HD2024","COUNTYCD","28105","Oktibbeha County, MS"
"HD2024","COUNTYCD","28109","Pearl River County, MS"
"HD2024","COUNTYCD","28113","Pike County, MS"
"HD2024","COUNTYCD","28115","Pontotoc County, MS"
"HD2024","COUNTYCD","28117","Prentiss County, MS"
"HD2024","COUNTYCD","28121","Rankin County, MS"
"HD2024","COUNTYCD","28131","Stone County, MS"
"HD2024","COUNTYCD","28133","Sunflower County, MS"
"HD2024","COUNTYCD","28137","Tate County, MS"
"HD2024","COUNTYCD","28139","Tippah County, MS"
"HD2024","COUNTYCD","28151","Washington County, MS"
"HD2024","COUNTYCD","29001","Adair County, MO"
"HD2024","COUNTYCD","29019","Boone County, MO"
"HD2024","COUNTYCD","29021","Buchanan County, MO"
"HD2024","COUNTYCD","29023","Butler County, MO"
"HD2024","COUNTYCD","29027","Callaway County, MO"
"HD2024","COUNTYCD","29031","Cape Girardeau County, MO"
"HD2024","COUNTYCD","29037","Cass County, MO"
"HD2024","COUNTYCD","29043","Christian County, MO"
"HD2024","COUNTYCD","29047","Clay County, MO"
"HD2024","COUNTYCD","29051","Cole County, MO"
"HD2024","COUNTYCD","29071","Franklin County, MO"
"HD2024","COUNTYCD","29077","Greene County, MO"
"HD2024","COUNTYCD","29079","Grundy County, MO"
"HD2024","COUNTYCD","29083","Henry County, MO"
"HD2024","COUNTYCD","29089","Howard County, MO"
"HD2024","COUNTYCD","29091","Howell County, MO"
"HD2024","COUNTYCD","29095","Jackson County, MO"
"HD2024","COUNTYCD","29097","Jasper County, MO"
"HD2024","COUNTYCD","29099","Jefferson County, MO"
"HD2024","COUNTYCD","29101","Johnson County, MO"
"HD2024","COUNTYCD","29107","Lafayette County, MO"
"HD2024","COUNTYCD","29111","Lewis County, MO"
"HD2024","COUNTYCD","29117","Livingston County, MO"
"HD2024","COUNTYCD","29127","Marion County, MO"
"HD2024","COUNTYCD","29145","Newton County, MO"
"HD2024","COUNTYCD","29147","Nodaway County, MO"
"HD2024","COUNTYCD","29151","Osage County, MO"
"HD2024","COUNTYCD","29159","Pettis County, MO"
"HD2024","COUNTYCD","29161","Phelps County, MO"
"HD2024","COUNTYCD","29163","Pike County, MO"
"HD2024","COUNTYCD","29165","Platte County, MO"
"HD2024","COUNTYCD","29167","Polk County, MO"
"HD2024","COUNTYCD","29169","Pulaski County, MO"
"HD2024","COUNTYCD","29175","Randolph County, MO"
"HD2024","COUNTYCD","29183","St. Charles County, MO"
"HD2024","COUNTYCD","29187","St. Francois County, MO"
"HD2024","COUNTYCD","29189","St. Louis County, MO"
"HD2024","COUNTYCD","29195","Saline County, MO"
"HD2024","COUNTYCD","29213","Taney County, MO"
"HD2024","COUNTYCD","29215","Texas County, MO"
"HD2024","COUNTYCD","29217","Vernon County, MO"
"HD2024","COUNTYCD","29510","St. Louis City, MO"
"HD2024","COUNTYCD","30001","Beaverhead County, MT"
"HD2024","COUNTYCD","30003","Big Horn County, MT"
"HD2024","COUNTYCD","30005","Blaine County, MT"
"HD2024","COUNTYCD","30013","Cascade County, MT"
"HD2024","COUNTYCD","30015","Chouteau County, MT"
"HD2024","COUNTYCD","30017","Custer County, MT"
"HD2024","COUNTYCD","30021","Dawson County, MT"
"HD2024","COUNTYCD","30029","Flathead County, MT"
"HD2024","COUNTYCD","30031","Gallatin County, MT"
"HD2024","COUNTYCD","30035","Glacier County, MT"
"HD2024","COUNTYCD","30041","Hill County, MT"
"HD2024","COUNTYCD","30047","Lake County, MT"
"HD2024","COUNTYCD","30049","Lewis and Clark County, MT"
"HD2024","COUNTYCD","30063","Missoula County, MT"
"HD2024","COUNTYCD","30085","Roosevelt County, MT"
"HD2024","COUNTYCD","30087","Rosebud County, MT"
"HD2024","COUNTYCD","30093","Silver Bow County, MT"
"HD2024","COUNTYCD","30111","Yellowstone County, MT"
"HD2024","COUNTYCD","31001","Adams County, NE"
"HD2024","COUNTYCD","31019","Buffalo County, NE"
"HD2024","COUNTYCD","31045","Dawes County, NE"
"HD2024","COUNTYCD","31053","Dodge County, NE"
"HD2024","COUNTYCD","31055","Douglas County, NE"
"HD2024","COUNTYCD","31063","Frontier County, NE"
"HD2024","COUNTYCD","31079","Hall County, NE"
"HD2024","COUNTYCD","31109","Lancaster County, NE"
"HD2024","COUNTYCD","31111","Lincoln County, NE"
"HD2024","COUNTYCD","31119","Madison County, NE"
"HD2024","COUNTYCD","31127","Nemaha County, NE"
"HD2024","COUNTYCD","31151","Saline County, NE"
"HD2024","COUNTYCD","31153","Sarpy County, NE"
"HD2024","COUNTYCD","31157","Scotts Bluff County, NE"
"HD2024","COUNTYCD","31159","Seward County, NE"
"HD2024","COUNTYCD","31173","Thurston County, NE"
"HD2024","COUNTYCD","31179","Wayne County, NE"
"HD2024","COUNTYCD","31185","York County, NE"
"HD2024","COUNTYCD","32003","Clark County, NV"
"HD2024","COUNTYCD","32007","Elko County, NV"
"HD2024","COUNTYCD","32031","Washoe County, NV"
"HD2024","COUNTYCD","32510","Carson City, NV"
"HD2024","COUNTYCD","33001","Belknap County, NH"
"HD2024","COUNTYCD","33005","Cheshire County, NH"
"HD2024","COUNTYCD","33007","Coos County, NH"
"HD2024","COUNTYCD","33009","Grafton County, NH"
"HD2024","COUNTYCD","33011","Hillsborough County, NH"
"HD2024","COUNTYCD","33013","Merrimack County, NH"
"HD2024","COUNTYCD","33015","Rockingham County, NH"
"HD2024","COUNTYCD","33017","Strafford County, NH"
"HD2024","COUNTYCD","33019","Sullivan County, NH"
"HD2024","COUNTYCD","34001","Atlantic County, NJ"
"HD2024","COUNTYCD","34003","Bergen County, NJ"
"HD2024","COUNTYCD","34005","Burlington County, NJ"
"HD2024","COUNTYCD","34007","Camden County, NJ"
"HD2024","COUNTYCD","34011","Cumberland County, NJ"
"HD2024","COUNTYCD","34013","Essex County, NJ"
"HD2024","COUNTYCD","34015","Gloucester County, NJ"
"HD2024","COUNTYCD","34017","Hudson County, NJ"
"HD2024","COUNTYCD","34021","Mercer County, NJ"
"HD2024","COUNTYCD","34023","Middlesex County, NJ"
"HD2024","COUNTYCD","34025","Monmouth County, NJ"
"HD2024","COUNTYCD","34027","Morris County, NJ"
"HD2024","COUNTYCD","34029","Ocean County, NJ"
"HD2024","COUNTYCD","34031","Passaic County, NJ"
"HD2024","COUNTYCD","34033","Salem County, NJ"
"HD2024","COUNTYCD","34035","Somerset County, NJ"
"HD2024","COUNTYCD","34037","Sussex County, NJ"
"HD2024","COUNTYCD","34039","Union County, NJ"
"HD2024","COUNTYCD","34041","Warren County, NJ"
"HD2024","COUNTYCD","35001","Bernalillo County, NM"
"HD2024","COUNTYCD","35005","Chaves County, NM"
"HD2024","COUNTYCD","35006","Cibola County, NM"
"HD2024","COUNTYCD","35009","Curry County, NM"
"HD2024","COUNTYCD","35013","Doña Ana County, NM"
"HD2024","COUNTYCD","35015","Eddy County, NM"
"HD2024","COUNTYCD","35017","Grant County, NM"
"HD2024","COUNTYCD","35025","Lea County, NM"
"HD2024","COUNTYCD","35027","Lincoln County, NM"
"HD2024","COUNTYCD","35028","Los Alamos County, NM"
"HD2024","COUNTYCD","35031","McKinley County, NM"
"HD2024","COUNTYCD","35035","Otero County, NM"
"HD2024","COUNTYCD","35037","Quay County, NM"
"HD2024","COUNTYCD","35039","Rio Arriba County, NM"
"HD2024","COUNTYCD","35041","Roosevelt County, NM"
"HD2024","COUNTYCD","35043","Sandoval County, NM"
"HD2024","COUNTYCD","35045","San Juan County, NM"
"HD2024","COUNTYCD","35047","San Miguel County, NM"
"HD2024","COUNTYCD","35049","Santa Fe County, NM"
"HD2024","COUNTYCD","35053","Socorro County, NM"
"HD2024","COUNTYCD","35055","Taos County, NM"
"HD2024","COUNTYCD","35061","Valencia County, NM"
"HD2024","COUNTYCD","36001","Albany County, NY"
"HD2024","COUNTYCD","36003","Allegany County, NY"
"HD2024","COUNTYCD","36005","Bronx County, NY"
"HD2024","COUNTYCD","36007","Broome County, NY"
"HD2024","COUNTYCD","36009","Cattaraugus County, NY"
"HD2024","COUNTYCD","36011","Cayuga County, NY"
"HD2024","COUNTYCD","36013","Chautauqua County, NY"
"HD2024","COUNTYCD","36015","Chemung County, NY"
"HD2024","COUNTYCD","36017","Chenango County, NY"
"HD2024","COUNTYCD","36019","Clinton County, NY"
"HD2024","COUNTYCD","36021","Columbia County, NY"
"HD2024","COUNTYCD","36023","Cortland County, NY"
"HD2024","COUNTYCD","36025","Delaware County, NY"
"HD2024","COUNTYCD","36027","Dutchess County, NY"
"HD2024","COUNTYCD","36029","Erie County, NY"
"HD2024","COUNTYCD","36031","Essex County, NY"
"HD2024","COUNTYCD","36033","Franklin County, NY"
"HD2024","COUNTYCD","36037","Genesee County, NY"
"HD2024","COUNTYCD","36043","Herkimer County, NY"
"HD2024","COUNTYCD","36045","Jefferson County, NY"
"HD2024","COUNTYCD","36047","Kings County, NY"
"HD2024","COUNTYCD","36051","Livingston County, NY"
"HD2024","COUNTYCD","36053","Madison County, NY"
"HD2024","COUNTYCD","36055","Monroe County, NY"
"HD2024","COUNTYCD","36057","Montgomery County, NY"
"HD2024","COUNTYCD","36059","Nassau County, NY"
"HD2024","COUNTYCD","36061","New York County, NY"
"HD2024","COUNTYCD","36063","Niagara County, NY"
"HD2024","COUNTYCD","36065","Oneida County, NY"
"HD2024","COUNTYCD","36067","Onondaga County, NY"
"HD2024","COUNTYCD","36069","Ontario County, NY"
"HD2024","COUNTYCD","36071","Orange County, NY"
"HD2024","COUNTYCD","36075","Oswego County, NY"
"HD2024","COUNTYCD","36077","Otsego County, NY"
"HD2024","COUNTYCD","36081","Queens County, NY"
"HD2024","COUNTYCD","36083","Rensselaer County, NY"
"HD2024","COUNTYCD","36085","Richmond County, NY"
"HD2024","COUNTYCD","36087","Rockland County, NY"
"HD2024","COUNTYCD","36089","St. Lawrence County, NY"
"HD2024","COUNTYCD","36091","Saratoga County, NY"
"HD2024","COUNTYCD","36093","Schenectady County, NY"
"HD2024","COUNTYCD","36095","Schoharie County, NY"
"HD2024","COUNTYCD","36099","Seneca County, NY"
"HD2024","COUNTYCD","36101","Steuben County, NY"
"HD2024","COUNTYCD","36103","Suffolk County, NY"
"HD2024","COUNTYCD","36105","Sullivan County, NY"
"HD2024","COUNTYCD","36109","Tompkins County, NY"
"HD2024","COUNTYCD","36111","Ulster County, NY"
"HD2024","COUNTYCD","36113","Warren County, NY"
"HD2024","COUNTYCD","36115","Washington County, NY"
"HD2024","COUNTYCD","36117","Wayne County, NY"
"HD2024","COUNTYCD","36119","Westchester County, NY"
"HD2024","COUNTYCD","36123","Yates County, NY"
"HD2024","COUNTYCD","37001","Alamance County, NC"
"HD2024","COUNTYCD","37007","Anson County, NC"
"HD2024","COUNTYCD","37011","Avery County, NC"
"HD2024","COUNTYCD","37013","Beaufort County, NC"
"HD2024","COUNTYCD","37017","Bladen County, NC"
"HD2024","COUNTYCD","37019","Brunswick County, NC"
"HD2024","COUNTYCD","37021","Buncombe County, NC"
"HD2024","COUNTYCD","37023","Burke County, NC"
"HD2024","COUNTYCD","37025","Cabarrus County, NC"
"HD2024","COUNTYCD","37027","Caldwell County, NC"
"HD2024","COUNTYCD","37031","Carteret County, NC"
"HD2024","COUNTYCD","37035","Catawba County, NC"
"HD2024","COUNTYCD","37039","Cherokee County, NC"
"HD2024","COUNTYCD","37045","Cleveland County, NC"
"HD2024","COUNTYCD","37047","Columbus County, NC"
"HD2024","COUNTYCD","37049","Craven County, NC"
"HD2024","COUNTYCD","37051","Cumberland County, NC"
"HD2024","COUNTYCD","37057","Davidson County, NC"
"HD2024","COUNTYCD","37061","Duplin County, NC"
"HD2024","COUNTYCD","37063","Durham County, NC"
"HD2024","COUNTYCD","37065","Edgecombe County, NC"
"HD2024","COUNTYCD","37067","Forsyth County, NC"
"HD2024","COUNTYCD","37069","Franklin County, NC"
"HD2024","COUNTYCD","37071","Gaston County, NC"
"HD2024","COUNTYCD","37081","Guilford County, NC"
"HD2024","COUNTYCD","37083","Halifax County, NC"
"HD2024","COUNTYCD","37085","Harnett County, NC"
"HD2024","COUNTYCD","37087","Haywood County, NC"
"HD2024","COUNTYCD","37089","Henderson County, NC"
"HD2024","COUNTYCD","37091","Hertford County, NC"
"HD2024","COUNTYCD","37097","Iredell County, NC"
"HD2024","COUNTYCD","37099","Jackson County, NC"
"HD2024","COUNTYCD","37101","Johnston County, NC"
"HD2024","COUNTYCD","37105","Lee County, NC"
"HD2024","COUNTYCD","37107","Lenoir County, NC"
"HD2024","COUNTYCD","37111","McDowell County, NC"
"HD2024","COUNTYCD","37115","Madison County, NC"
"HD2024","COUNTYCD","37117","Martin County, NC"
"HD2024","COUNTYCD","37119","Mecklenburg County, NC"
"HD2024","COUNTYCD","37123","Montgomery County, NC"
"HD2024","COUNTYCD","37125","Moore County, NC"
"HD2024","COUNTYCD","37127","Nash County, NC"
"HD2024","COUNTYCD","37129","New Hanover County, NC"
"HD2024","COUNTYCD","37133","Onslow County, NC"
"HD2024","COUNTYCD","37135","Orange County, NC"
"HD2024","COUNTYCD","37137","Pamlico County, NC"
"HD2024","COUNTYCD","37139","Pasquotank County, NC"
"HD2024","COUNTYCD","37145","Person County, NC"
"HD2024","COUNTYCD","37147","Pitt County, NC"
"HD2024","COUNTYCD","37151","Randolph County, NC"
"HD2024","COUNTYCD","37153","Richmond County, NC"
"HD2024","COUNTYCD","37155","Robeson County, NC"
"HD2024","COUNTYCD","37157","Rockingham County, NC"
"HD2024","COUNTYCD","37159","Rowan County, NC"
"HD2024","COUNTYCD","37161","Rutherford County, NC"
"HD2024","COUNTYCD","37163","Sampson County, NC"
"HD2024","COUNTYCD","37165","Scotland County, NC"
"HD2024","COUNTYCD","37167","Stanly County, NC"
"HD2024","COUNTYCD","37171","Surry County, NC"
"HD2024","COUNTYCD","37175","Transylvania County, NC"
"HD2024","COUNTYCD","37179","Union County, NC"
"HD2024","COUNTYCD","37181","Vance County, NC"
"HD2024","COUNTYCD","37183","Wake County, NC"
"HD2024","COUNTYCD","37189","Watauga County, NC"
"HD2024","COUNTYCD","37191","Wayne County, NC"
"HD2024","COUNTYCD","37193","Wilkes County, NC"
"HD2024","COUNTYCD","37195","Wilson County, NC"
"HD2024","COUNTYCD","38003","Barnes County, ND"
"HD2024","COUNTYCD","38005","Benson County, ND"
"HD2024","COUNTYCD","38009","Bottineau County, ND"
"HD2024","COUNTYCD","38015","Burleigh County, ND"
"HD2024","COUNTYCD","38017","Cass County, ND"
"HD2024","COUNTYCD","38021","Dickey County, ND"
"HD2024","COUNTYCD","38035","Grand Forks County, ND"
"HD2024","COUNTYCD","38061","Mountrail County, ND"
"HD2024","COUNTYCD","38071","Ramsey County, ND"
"HD2024","COUNTYCD","38077","Richland County, ND"
"HD2024","COUNTYCD","38079","Rolette County, ND"
"HD2024","COUNTYCD","38085","Sioux County, ND"
"HD2024","COUNTYCD","38089","Stark County, ND"
"HD2024","COUNTYCD","38093","Stutsman County, ND"
"HD2024","COUNTYCD","38097","Traill County, ND"
"HD2024","COUNTYCD","38101","Ward County, ND"
"HD2024","COUNTYCD","38105","Williams County, ND"
"HD2024","COUNTYCD","39003","Allen County, OH"
"HD2024","COUNTYCD","39005","Ashland County, OH"
"HD2024","COUNTYCD","39007","Ashtabula County, OH"
"HD2024","COUNTYCD","39009","Athens County, OH"
"HD2024","COUNTYCD","39013","Belmont County, OH"
"HD2024","COUNTYCD","39015","Brown County, OH"
"HD2024","COUNTYCD","39017","Butler County, OH"
"HD2024","COUNTYCD","39023","Clark County, OH"
"HD2024","COUNTYCD","39025","Clermont County, OH"
"HD2024","COUNTYCD","39027","Clinton County, OH"
"HD2024","COUNTYCD","39029","Columbiana County, OH"
"HD2024","COUNTYCD","39035","Cuyahoga County, OH"
"HD2024","COUNTYCD","39039","Defiance County, OH"
"HD2024","COUNTYCD","39041","Delaware County, OH"
"HD2024","COUNTYCD","39043","Erie County, OH"
"HD2024","COUNTYCD","39045","Fairfield County, OH"
"HD2024","COUNTYCD","39049","Franklin County, OH"
"HD2024","COUNTYCD","39053","Gallia County, OH"
"HD2024","COUNTYCD","39055","Geauga County, OH"
"HD2024","COUNTYCD","39057","Greene County, OH"
"HD2024","COUNTYCD","39061","Hamilton County, OH"
"HD2024","COUNTYCD","39063","Hancock County, OH"
"HD2024","COUNTYCD","39065","Hardin County, OH"
"HD2024","COUNTYCD","39069","Henry County, OH"
"HD2024","COUNTYCD","39071","Highland County, OH"
"HD2024","COUNTYCD","39077","Huron County, OH"
"HD2024","COUNTYCD","39081","Jefferson County, OH"
"HD2024","COUNTYCD","39083","Knox County, OH"
"HD2024","COUNTYCD","39085","Lake County, OH"
"HD2024","COUNTYCD","39087","Lawrence County, OH"
"HD2024","COUNTYCD","39089","Licking County, OH"
"HD2024","COUNTYCD","39093","Lorain County, OH"
"HD2024","COUNTYCD","39095","Lucas County, OH"
"HD2024","COUNTYCD","39097","Madison County, OH"
"HD2024","COUNTYCD","39099","Mahoning County, OH"
"HD2024","COUNTYCD","39101","Marion County, OH"
"HD2024","COUNTYCD","39103","Medina County, OH"
"HD2024","COUNTYCD","39107","Mercer County, OH"
"HD2024","COUNTYCD","39109","Miami County, OH"
"HD2024","COUNTYCD","39113","Montgomery County, OH"
"HD2024","COUNTYCD","39119","Muskingum County, OH"
"HD2024","COUNTYCD","39129","Pickaway County, OH"
"HD2024","COUNTYCD","39131","Pike County, OH"
"HD2024","COUNTYCD","39133","Portage County, OH"
"HD2024","COUNTYCD","39139","Richland County, OH"
"HD2024","COUNTYCD","39141","Ross County, OH"
"HD2024","COUNTYCD","39143","Sandusky County, OH"
"HD2024","COUNTYCD","39145","Scioto County, OH"
"HD2024","COUNTYCD","39147","Seneca County, OH"
"HD2024","COUNTYCD","39151","Stark County, OH"
"HD2024","COUNTYCD","39153","Summit County, OH"
"HD2024","COUNTYCD","39155","Trumbull County, OH"
"HD2024","COUNTYCD","39157","Tuscarawas County, OH"
"HD2024","COUNTYCD","39161","Van Wert County, OH"
"HD2024","COUNTYCD","39165","Warren County, OH"
"HD2024","COUNTYCD","39167","Washington County, OH"
"HD2024","COUNTYCD","39169","Wayne County, OH"
"HD2024","COUNTYCD","39173","Wood County, OH"
"HD2024","COUNTYCD","40013","Bryan County, OK"
"HD2024","COUNTYCD","40015","Caddo County, OK"
"HD2024","COUNTYCD","40017","Canadian County, OK"
"HD2024","COUNTYCD","40019","Carter County, OK"
"HD2024","COUNTYCD","40021","Cherokee County, OK"
"HD2024","COUNTYCD","40027","Cleveland County, OK"
"HD2024","COUNTYCD","40031","Comanche County, OK"
"HD2024","COUNTYCD","40037","Creek County, OK"
"HD2024","COUNTYCD","40039","Custer County, OK"
"HD2024","COUNTYCD","40047","Garfield County, OK"
"HD2024","COUNTYCD","40051","Grady County, OK"
"HD2024","COUNTYCD","40063","Hughes County, OK"
"HD2024","COUNTYCD","40065","Jackson County, OK"
"HD2024","COUNTYCD","40069","Johnston County, OK"
"HD2024","COUNTYCD","40071","Kay County, OK"
"HD2024","COUNTYCD","40073","Kingfisher County, OK"
"HD2024","COUNTYCD","40077","Latimer County, OK"
"HD2024","COUNTYCD","40079","Le Flore County, OK"
"HD2024","COUNTYCD","40083","Logan County, OK"
"HD2024","COUNTYCD","40087","McClain County, OK"
"HD2024","COUNTYCD","40097","Mayes County, OK"
"HD2024","COUNTYCD","40101","Muskogee County, OK"
"HD2024","COUNTYCD","40109","Oklahoma County, OK"
"HD2024","COUNTYCD","40111","Okmulgee County, OK"
"HD2024","COUNTYCD","40115","Ottawa County, OK"
"HD2024","COUNTYCD","40119","Payne County, OK"
"HD2024","COUNTYCD","40121","Pittsburg County, OK"
"HD2024","COUNTYCD","40123","Pontotoc County, OK"
"HD2024","COUNTYCD","40125","Pottawatomie County, OK"
"HD2024","COUNTYCD","40131","Rogers County, OK"
"HD2024","COUNTYCD","40133","Seminole County, OK"
"HD2024","COUNTYCD","40137","Stephens County, OK"
"HD2024","COUNTYCD","40139","Texas County, OK"
"HD2024","COUNTYCD","40143","Tulsa County, OK"
"HD2024","COUNTYCD","40145","Wagoner County, OK"
"HD2024","COUNTYCD","40147","Washington County, OK"
"HD2024","COUNTYCD","40149","Washita County, OK"
"HD2024","COUNTYCD","40151","Woods County, OK"
"HD2024","COUNTYCD","40153","Woodward County, OK"
"HD2024","COUNTYCD","41003","Benton County, OR"
"HD2024","COUNTYCD","41005","Clackamas County, OR"
"HD2024","COUNTYCD","41007","Clatsop County, OR"
"HD2024","COUNTYCD","41011","Coos County, OR"
"HD2024","COUNTYCD","41017","Deschutes County, OR"
"HD2024","COUNTYCD","41019","Douglas County, OR"
"HD2024","COUNTYCD","41029","Jackson County, OR"
"HD2024","COUNTYCD","41033","Josephine County, OR"
"HD2024","COUNTYCD","41035","Klamath County, OR"
"HD2024","COUNTYCD","41039","Lane County, OR"
"HD2024","COUNTYCD","41041","Lincoln County, OR"
"HD2024","COUNTYCD","41043","Linn County, OR"
"HD2024","COUNTYCD","41045","Malheur County, OR"
"HD2024","COUNTYCD","41047","Marion County, OR"
"HD2024","COUNTYCD","41051","Multnomah County, OR"
"HD2024","COUNTYCD","41053","Polk County, OR"
"HD2024","COUNTYCD","41057","Tillamook County, OR"
"HD2024","COUNTYCD","41059","Umatilla County, OR"
"HD2024","COUNTYCD","41061","Union County, OR"
"HD2024","COUNTYCD","41065","Wasco County, OR"
"HD2024","COUNTYCD","41067","Washington County, OR"
"HD2024","COUNTYCD","41071","Yamhill County, OR"
"HD2024","COUNTYCD","42001","Adams County, PA"
"HD2024","COUNTYCD","42003","Allegheny County, PA"
"HD2024","COUNTYCD","42005","Armstrong County, PA"
"HD2024","COUNTYCD","42007","Beaver County, PA"
"HD2024","COUNTYCD","42011","Berks County, PA"
"HD2024","COUNTYCD","42013","Blair County, PA"
"HD2024","COUNTYCD","42015","Bradford County, PA"
"HD2024","COUNTYCD","42017","Bucks County, PA"
"HD2024","COUNTYCD","42019","Butler County, PA"
"HD2024","COUNTYCD","42021","Cambria County, PA"
"HD2024","COUNTYCD","42027","Centre County, PA"
"HD2024","COUNTYCD","42029","Chester County, PA"
"HD2024","COUNTYCD","42033","Clearfield County, PA"
"HD2024","COUNTYCD","42037","Columbia County, PA"
"HD2024","COUNTYCD","42039","Crawford County, PA"
"HD2024","COUNTYCD","42041","Cumberland County, PA"
"HD2024","COUNTYCD","42043","Dauphin County, PA"
"HD2024","COUNTYCD","42045","Delaware County, PA"
"HD2024","COUNTYCD","42049","Erie County, PA"
"HD2024","COUNTYCD","42051","Fayette County, PA"
"HD2024","COUNTYCD","42055","Franklin County, PA"
"HD2024","COUNTYCD","42059","Greene County, PA"
"HD2024","COUNTYCD","42061","Huntingdon County, PA"
"HD2024","COUNTYCD","42063","Indiana County, PA"
"HD2024","COUNTYCD","42065","Jefferson County, PA"
"HD2024","COUNTYCD","42069","Lackawanna County, PA"
"HD2024","COUNTYCD","42071","Lancaster County, PA"
"HD2024","COUNTYCD","42073","Lawrence County, PA"
"HD2024","COUNTYCD","42075","Lebanon County, PA"
"HD2024","COUNTYCD","42077","Lehigh County, PA"
"HD2024","COUNTYCD","42079","Luzerne County, PA"
"HD2024","COUNTYCD","42081","Lycoming County, PA"
"HD2024","COUNTYCD","42083","McKean County, PA"
"HD2024","COUNTYCD","42085","Mercer County, PA"
"HD2024","COUNTYCD","42087","Mifflin County, PA"
"HD2024","COUNTYCD","42089","Monroe County, PA"
"HD2024","COUNTYCD","42091","Montgomery County, PA"
"HD2024","COUNTYCD","42095","Northampton County, PA"
"HD2024","COUNTYCD","42097","Northumberland County, PA"
"HD2024","COUNTYCD","42099","Perry County, PA"
"HD2024","COUNTYCD","42101","Philadelphia County, PA"
"HD2024","COUNTYCD","42107","Schuylkill County, PA"
"HD2024","COUNTYCD","42109","Snyder County, PA"
"HD2024","COUNTYCD","42111","Somerset County, PA"
"HD2024","COUNTYCD","42115","Susquehanna County, PA"
"HD2024","COUNTYCD","42119","Union County, PA"
"HD2024","COUNTYCD","42121","Venango County, PA"
"HD2024","COUNTYCD","42123","Warren County, PA"
"HD2024","COUNTYCD","42125","Washington County, PA"
"HD2024","COUNTYCD","42129","Westmoreland County, PA"
"HD2024","COUNTYCD","42131","Wyoming County, PA"
"HD2024","COUNTYCD","42133","York County, PA"
"HD2024","COUNTYCD","44001","Bristol County, RI"
"HD2024","COUNTYCD","44003","Kent County, RI"
"HD2024","COUNTYCD","44005","Newport County, RI"
"HD2024","COUNTYCD","44007","Providence County, RI"
"HD2024","COUNTYCD","44009","Washington County, RI"
"HD2024","COUNTYCD","45001","Abbeville County, SC"
"HD2024","COUNTYCD","45003","Aiken County, SC"
"HD2024","COUNTYCD","45005","Allendale County, SC"
"HD2024","COUNTYCD","45007","Anderson County, SC"
"HD2024","COUNTYCD","45009","Bamberg County, SC"
"HD2024","COUNTYCD","45013","Beaufort County, SC"
"HD2024","COUNTYCD","45015","Berkeley County, SC"
"HD2024","COUNTYCD","45019","Charleston County, SC"
"HD2024","COUNTYCD","45021","Cherokee County, SC"
"HD2024","COUNTYCD","45025","Chesterfield County, SC"
"HD2024","COUNTYCD","45031","Darlington County, SC"
"HD2024","COUNTYCD","45035","Dorchester County, SC"
"HD2024","COUNTYCD","45041","Florence County, SC"
"HD2024","COUNTYCD","45045","Greenville County, SC"
"HD2024","COUNTYCD","45047","Greenwood County, SC"
"HD2024","COUNTYCD","45051","Horry County, SC"
"HD2024","COUNTYCD","45055","Kershaw County, SC"
"HD2024","COUNTYCD","45057","Lancaster County, SC"
"HD2024","COUNTYCD","45059","Laurens County, SC"
"HD2024","COUNTYCD","45063","Lexington County, SC"
"HD2024","COUNTYCD","45067","Marion County, SC"
"HD2024","COUNTYCD","45071","Newberry County, SC"
"HD2024","COUNTYCD","45075","Orangeburg County, SC"
"HD2024","COUNTYCD","45077","Pickens County, SC"
"HD2024","COUNTYCD","45079","Richland County, SC"
"HD2024","COUNTYCD","45083","Spartanburg County, SC"
"HD2024","COUNTYCD","45085","Sumter County, SC"
"HD2024","COUNTYCD","45087","Union County, SC"
"HD2024","COUNTYCD","45089","Williamsburg County, SC"
"HD2024","COUNTYCD","45091","York County, SC"
"HD2024","COUNTYCD","46011","Brookings County, SD"
"HD2024","COUNTYCD","46013","Brown County, SD"
"HD2024","COUNTYCD","46027","Clay County, SD"
"HD2024","COUNTYCD","46029","Codington County, SD"
"HD2024","COUNTYCD","46035","Davison County, SD"
"HD2024","COUNTYCD","46079","Lake County, SD"
"HD2024","COUNTYCD","46081","Lawrence County, SD"
"HD2024","COUNTYCD","46099","Minnehaha County, SD"
"HD2024","COUNTYCD","46102","Oglala Lakota County, SD"
"HD2024","COUNTYCD","46103","Pennington County, SD"
"HD2024","COUNTYCD","46109","Roberts County, SD"
"HD2024","COUNTYCD","46121","Todd County, SD"
"HD2024","COUNTYCD","46135","Yankton County, SD"
"HD2024","COUNTYCD","47003","Bedford County, TN"
"HD2024","COUNTYCD","47009","Blount County, TN"
"HD2024","COUNTYCD","47011","Bradley County, TN"
"HD2024","COUNTYCD","47013","Campbell County, TN"
"HD2024","COUNTYCD","47017","Carroll County, TN"
"HD2024","COUNTYCD","47019","Carter County, TN"
"HD2024","COUNTYCD","47023","Chester County, TN"
"HD2024","COUNTYCD","47025","Claiborne County, TN"
"HD2024","COUNTYCD","47031","Coffee County, TN"
"HD2024","COUNTYCD","47035","Cumberland County, TN"
"HD2024","COUNTYCD","47037","Davidson County, TN"
"HD2024","COUNTYCD","47043","Dickson County, TN"
"HD2024","COUNTYCD","47045","Dyer County, TN"
"HD2024","COUNTYCD","47051","Franklin County, TN"
"HD2024","COUNTYCD","47053","Gibson County, TN"
"HD2024","COUNTYCD","47055","Giles County, TN"
"HD2024","COUNTYCD","47059","Greene County, TN"
"HD2024","COUNTYCD","47063","Hamblen County, TN"
"HD2024","COUNTYCD","47065","Hamilton County, TN"
"HD2024","COUNTYCD","47071","Hardin County, TN"
"HD2024","COUNTYCD","47077","Henderson County, TN"
"HD2024","COUNTYCD","47079","Henry County, TN"
"HD2024","COUNTYCD","47089","Jefferson County, TN"
"HD2024","COUNTYCD","47093","Knox County, TN"
"HD2024","COUNTYCD","47097","Lauderdale County, TN"
"HD2024","COUNTYCD","47099","Lawrence County, TN"
"HD2024","COUNTYCD","47101","Lewis County, TN"
"HD2024","COUNTYCD","47103","Lincoln County, TN"
"HD2024","COUNTYCD","47107","McMinn County, TN"
"HD2024","COUNTYCD","47113","Madison County, TN"
"HD2024","COUNTYCD","47119","Maury County, TN"
"HD2024","COUNTYCD","47123","Monroe County, TN"
"HD2024","COUNTYCD","47125","Montgomery County, TN"
"HD2024","COUNTYCD","47127","Moore County, TN"
"HD2024","COUNTYCD","47133","Overton County, TN"
"HD2024","COUNTYCD","47141","Putnam County, TN"
"HD2024","COUNTYCD","47143","Rhea County, TN"
"HD2024","COUNTYCD","47145","Roane County, TN"
"HD2024","COUNTYCD","47149","Rutherford County, TN"
"HD2024","COUNTYCD","47151","Scott County, TN"
"HD2024","COUNTYCD","47157","Shelby County, TN"
"HD2024","COUNTYCD","47163","Sullivan County, TN"
"HD2024","COUNTYCD","47165","Sumner County, TN"
"HD2024","COUNTYCD","47167","Tipton County, TN"
"HD2024","COUNTYCD","47169","Trousdale County, TN"
"HD2024","COUNTYCD","47177","Warren County, TN"
"HD2024","COUNTYCD","47179","Washington County, TN"
"HD2024","COUNTYCD","47183","Weakley County, TN"
"HD2024","COUNTYCD","47187","Williamson County, TN"
"HD2024","COUNTYCD","47189","Wilson County, TN"
"HD2024","COUNTYCD","48005","Angelina County, TX"
"HD2024","COUNTYCD","48021","Bastrop County, TX"
"HD2024","COUNTYCD","48025","Bee County, TX"
"HD2024","COUNTYCD","48027","Bell County, TX"
"HD2024","COUNTYCD","48029","Bexar County, TX"
"HD2024","COUNTYCD","48037","Bowie County, TX"
"HD2024","COUNTYCD","48039","Brazoria County, TX"
"HD2024","COUNTYCD","48041","Brazos County, TX"
"HD2024","COUNTYCD","48043","Brewster County, TX"
"HD2024","COUNTYCD","48049","Brown County, TX"
"HD2024","COUNTYCD","48061","Cameron County, TX"
"HD2024","COUNTYCD","48073","Cherokee County, TX"
"HD2024","COUNTYCD","48085","Collin County, TX"
"HD2024","COUNTYCD","48091","Comal County, TX"
"HD2024","COUNTYCD","48097","Cooke County, TX"
"HD2024","COUNTYCD","48099","Coryell County, TX"
"HD2024","COUNTYCD","48113","Dallas County, TX"
"HD2024","COUNTYCD","48121","Denton County, TX"
"HD2024","COUNTYCD","48129","Donley County, TX"
"HD2024","COUNTYCD","48133","Eastland County, TX"
"HD2024","COUNTYCD","48135","Ector County, TX"
"HD2024","COUNTYCD","48139","Ellis County, TX"
"HD2024","COUNTYCD","48141","El Paso County, TX"
"HD2024","COUNTYCD","48143","Erath County, TX"
"HD2024","COUNTYCD","48157","Fort Bend County, TX"
"HD2024","COUNTYCD","48167","Galveston County, TX"
"HD2024","COUNTYCD","48181","Grayson County, TX"
"HD2024","COUNTYCD","48183","Gregg County, TX"
"HD2024","COUNTYCD","48187","Guadalupe County, TX"
"HD2024","COUNTYCD","48189","Hale County, TX"
"HD2024","COUNTYCD","48199","Hardin County, TX"
"HD2024","COUNTYCD","48201","Harris County, TX"
"HD2024","COUNTYCD","48203","Harrison County, TX"
"HD2024","COUNTYCD","48209","Hays County, TX"
"HD2024","COUNTYCD","48213","Henderson County, TX"
"HD2024","COUNTYCD","48215","Hidalgo County, TX"
"HD2024","COUNTYCD","48217","Hill County, TX"
"HD2024","COUNTYCD","48219","Hockley County, TX"
"HD2024","COUNTYCD","48227","Howard County, TX"
"HD2024","COUNTYCD","48231","Hunt County, TX"
"HD2024","COUNTYCD","48233","Hutchinson County, TX"
"HD2024","COUNTYCD","48241","Jasper County, TX"
"HD2024","COUNTYCD","48245","Jefferson County, TX"
"HD2024","COUNTYCD","48251","Johnson County, TX"
"HD2024","COUNTYCD","48257","Kaufman County, TX"
"HD2024","COUNTYCD","48265","Kerr County, TX"
"HD2024","COUNTYCD","48273","Kleberg County, TX"
"HD2024","COUNTYCD","48277","Lamar County, TX"
"HD2024","COUNTYCD","48303","Lubbock County, TX"
"HD2024","COUNTYCD","48309","McLennan County, TX"
"HD2024","COUNTYCD","48323","Maverick County, TX"
"HD2024","COUNTYCD","48329","Midland County, TX"
"HD2024","COUNTYCD","48339","Montgomery County, TX"
"HD2024","COUNTYCD","48347","Nacogdoches County, TX"
"HD2024","COUNTYCD","48349","Navarro County, TX"
"HD2024","COUNTYCD","48355","Nueces County, TX"
"HD2024","COUNTYCD","48361","Orange County, TX"
"HD2024","COUNTYCD","48365","Panola County, TX"
"HD2024","COUNTYCD","48367","Parker County, TX"
"HD2024","COUNTYCD","48375","Potter County, TX"
"HD2024","COUNTYCD","48381","Randall County, TX"
"HD2024","COUNTYCD","48409","San Patricio County, TX"
"HD2024","COUNTYCD","48415","Scurry County, TX"
"HD2024","COUNTYCD","48423","Smith County, TX"
"HD2024","COUNTYCD","48439","Tarrant County, TX"
"HD2024","COUNTYCD","48441","Taylor County, TX"
"HD2024","COUNTYCD","48449","Titus County, TX"
"HD2024","COUNTYCD","48451","Tom Green County, TX"
"HD2024","COUNTYCD","48453","Travis County, TX"
"HD2024","COUNTYCD","48463","Uvalde County, TX"
"HD2024","COUNTYCD","48469","Victoria County, TX"
"HD2024","COUNTYCD","48471","Walker County, TX"
"HD2024","COUNTYCD","48473","Waller County, TX"
"HD2024","COUNTYCD","48477","Washington County, TX"
"HD2024","COUNTYCD","48479","Webb County, TX"
"HD2024","COUNTYCD","48481","Wharton County, TX"
"HD2024","COUNTYCD","48485","Wichita County, TX"
"HD2024","COUNTYCD","48487","Wilbarger County, TX"
"HD2024","COUNTYCD","48491","Williamson County, TX"
"HD2024","COUNTYCD","48499","Wood County, TX"
"HD2024","COUNTYCD","49005","Cache County, UT"
"HD2024","COUNTYCD","49011","Davis County, UT"
"HD2024","COUNTYCD","49021","Iron County, UT"
"HD2024","COUNTYCD","49035","Salt Lake County, UT"
"HD2024","COUNTYCD","49039","Sanpete County, UT"
"HD2024","COUNTYCD","49045","Tooele County, UT"
"HD2024","COUNTYCD","49047","Uintah County, UT"
"HD2024","COUNTYCD","49049","Utah County, UT"
"HD2024","COUNTYCD","49051","Wasatch County, UT"
"HD2024","COUNTYCD","49053","Washington County, UT"
"HD2024","COUNTYCD","49057","Weber County, UT"
"HD2024","COUNTYCD","50001","Addison County, VT"
"HD2024","COUNTYCD","50003","Bennington County, VT"
"HD2024","COUNTYCD","50007","Chittenden County, VT"
"HD2024","COUNTYCD","50015","Lamoille County, VT"
"HD2024","COUNTYCD","50017","Orange County, VT"
"HD2024","COUNTYCD","50019","Orleans County, VT"
"HD2024","COUNTYCD","50021","Rutland County, VT"
"HD2024","COUNTYCD","50023","Washington County, VT"
"HD2024","COUNTYCD","50025","Windham County, VT"
"HD2024","COUNTYCD","50027","Windsor County, VT"
"HD2024","COUNTYCD","51001","Accomack County, VA"
"HD2024","COUNTYCD","51003","Albemarle County, VA"
"HD2024","COUNTYCD","51510","Alexandria City, VA"
"HD2024","COUNTYCD","51005","Alleghany County, VA"
"HD2024","COUNTYCD","51009","Amherst County, VA"
"HD2024","COUNTYCD","51013","Arlington County, VA"
"HD2024","COUNTYCD","51015","Augusta County, VA"
"HD2024","COUNTYCD","51025","Brunswick County, VA"
"HD2024","COUNTYCD","51027","Buchanan County, VA"
"HD2024","COUNTYCD","51041","Chesterfield County, VA"
"HD2024","COUNTYCD","51047","Culpeper County, VA"
"HD2024","COUNTYCD","51053","Dinwiddie County, VA"
"HD2024","COUNTYCD","51059","Fairfax County, VA"
"HD2024","COUNTYCD","51067","Franklin County, VA"
"HD2024","COUNTYCD","51069","Frederick County, VA"
"HD2024","COUNTYCD","51073","Gloucester County, VA"
"HD2024","COUNTYCD","51085","Hanover County, VA"
"HD2024","COUNTYCD","51087","Henrico County, VA"
"HD2024","COUNTYCD","51089","Henry County, VA"
"HD2024","COUNTYCD","51107","Loudoun County, VA"
"HD2024","COUNTYCD","51121","Montgomery County, VA"
"HD2024","COUNTYCD","51137","Orange County, VA"
"HD2024","COUNTYCD","51147","Prince Edward County, VA"
"HD2024","COUNTYCD","51153","Prince William County, VA"
"HD2024","COUNTYCD","51155","Pulaski County, VA"
"HD2024","COUNTYCD","51161","Roanoke County, VA"
"HD2024","COUNTYCD","51165","Rockingham County, VA"
"HD2024","COUNTYCD","51177","Spotsylvania County, VA"
"HD2024","COUNTYCD","51185","Tazewell County, VA"
"HD2024","COUNTYCD","51191","Washington County, VA"
"HD2024","COUNTYCD","51195","Wise County, VA"
"HD2024","COUNTYCD","51197","Wythe County, VA"
"HD2024","COUNTYCD","51520","Bristol City, VA"
"HD2024","COUNTYCD","51530","Buena Vista City, VA"
"HD2024","COUNTYCD","51550","Chesapeake City, VA"
"HD2024","COUNTYCD","51570","Colonial Heights City, VA"
"HD2024","COUNTYCD","51590","Danville City, VA"
"HD2024","COUNTYCD","51620","Franklin City, VA"
"HD2024","COUNTYCD","51630","Fredericksburg City, VA"
"HD2024","COUNTYCD","51650","Hampton City, VA"
"HD2024","COUNTYCD","51660","Harrisonburg City, VA"
"HD2024","COUNTYCD","51678","Lexington City, VA"
"HD2024","COUNTYCD","51680","Lynchburg City, VA"
"HD2024","COUNTYCD","51700","Newport News City, VA"
"HD2024","COUNTYCD","51710","Norfolk City, VA"
"HD2024","COUNTYCD","51730","Petersburg City, VA"
"HD2024","COUNTYCD","51750","Radford City, VA"
"HD2024","COUNTYCD","51760","Richmond City, VA"
"HD2024","COUNTYCD","51770","Roanoke City, VA"
"HD2024","COUNTYCD","51775","Salem City, VA"
"HD2024","COUNTYCD","51790","Staunton City, VA"
"HD2024","COUNTYCD","51810","Virginia Beach City, VA"
"HD2024","COUNTYCD","51830","Williamsburg City, VA"
"HD2024","COUNTYCD","51840","Winchester City, VA"
"HD2024","COUNTYCD","53005","Benton County, WA"
"HD2024","COUNTYCD","53007","Chelan County, WA"
"HD2024","COUNTYCD","53009","Clallam County, WA"
"HD2024","COUNTYCD","53011","Clark County, WA"
"HD2024","COUNTYCD","53015","Cowlitz County, WA"
"HD2024","COUNTYCD","53021","Franklin County, WA"
"HD2024","COUNTYCD","53025","Grant County, WA"
"HD2024","COUNTYCD","53027","Grays Harbor County, WA"
"HD2024","COUNTYCD","53031","Jefferson County, WA"
"HD2024","COUNTYCD","53033","King County, WA"
"HD2024","COUNTYCD","53035","Kitsap County, WA"
"HD2024","COUNTYCD","53037","Kittitas County, WA"
"HD2024","COUNTYCD","53041","Lewis County, WA"
"HD2024","COUNTYCD","53053","Pierce County, WA"
"HD2024","COUNTYCD","53057","Skagit County, WA"
"HD2024","COUNTYCD","53061","Snohomish County, WA"
"HD2024","COUNTYCD","53063","Spokane County, WA"
"HD2024","COUNTYCD","53067","Thurston County, WA"
"HD2024","COUNTYCD","53071","Walla Walla County, WA"
"HD2024","COUNTYCD","53073","Whatcom County, WA"
"HD2024","COUNTYCD","53075","Whitman County, WA"
"HD2024","COUNTYCD","53077","Yakima County, WA"
"HD2024","COUNTYCD","54001","Barbour County, WV"
"HD2024","COUNTYCD","54003","Berkeley County, WV"
"HD2024","COUNTYCD","54005","Boone County, WV"
"HD2024","COUNTYCD","54009","Brooke County, WV"
"HD2024","COUNTYCD","54011","Cabell County, WV"
"HD2024","COUNTYCD","54019","Fayette County, WV"
"HD2024","COUNTYCD","54021","Gilmer County, WV"
"HD2024","COUNTYCD","54025","Greenbrier County, WV"
"HD2024","COUNTYCD","54029","Hancock County, WV"
"HD2024","COUNTYCD","54031","Hardy County, WV"
"HD2024","COUNTYCD","54033","Harrison County, WV"
"HD2024","COUNTYCD","54035","Jackson County, WV"
"HD2024","COUNTYCD","54037","Jefferson County, WV"
"HD2024","COUNTYCD","54039","Kanawha County, WV"
"HD2024","COUNTYCD","54045","Logan County, WV"
"HD2024","COUNTYCD","54049","Marion County, WV"
"HD2024","COUNTYCD","54051","Marshall County, WV"
"HD2024","COUNTYCD","54055","Mercer County, WV"
"HD2024","COUNTYCD","54057","Mineral County, WV"
"HD2024","COUNTYCD","54059","Mingo County, WV"
"HD2024","COUNTYCD","54061","Monongalia County, WV"
"HD2024","COUNTYCD","54069","Ohio County, WV"
"HD2024","COUNTYCD","54071","Pendleton County, WV"
"HD2024","COUNTYCD","54079","Putnam County, WV"
"HD2024","COUNTYCD","54081","Raleigh County, WV"
"HD2024","COUNTYCD","54083","Randolph County, WV"
"HD2024","COUNTYCD","54097","Upshur County, WV"
"HD2024","COUNTYCD","54107","Wood County, WV"
"HD2024","COUNTYCD","55003","Ashland County, WI"
"HD2024","COUNTYCD","55005","Barron County, WI"
"HD2024","COUNTYCD","55009","Brown County, WI"
"HD2024","COUNTYCD","55025","Dane County, WI"
"HD2024","COUNTYCD","55027","Dodge County, WI"
"HD2024","COUNTYCD","55031","Douglas County, WI"
"HD2024","COUNTYCD","55033","Dunn County, WI"
"HD2024","COUNTYCD","55035","Eau Claire County, WI"
"HD2024","COUNTYCD","55039","Fond du Lac County, WI"
"HD2024","COUNTYCD","55043","Grant County, WI"
"HD2024","COUNTYCD","55055","Jefferson County, WI"
"HD2024","COUNTYCD","55059","Kenosha County, WI"
"HD2024","COUNTYCD","55063","La Crosse County, WI"
"HD2024","COUNTYCD","55071","Manitowoc County, WI"
"HD2024","COUNTYCD","55073","Marathon County, WI"
"HD2024","COUNTYCD","55078","Menominee County, WI"
"HD2024","COUNTYCD","55079","Milwaukee County, WI"
"HD2024","COUNTYCD","55085","Oneida County, WI"
"HD2024","COUNTYCD","55087","Outagamie County, WI"
"HD2024","COUNTYCD","55089","Ozaukee County, WI"
"HD2024","COUNTYCD","55093","Pierce County, WI"
"HD2024","COUNTYCD","55097","Portage County, WI"
"HD2024","COUNTYCD","55101","Racine County, WI"
"HD2024","COUNTYCD","55105","Rock County, WI"
"HD2024","COUNTYCD","55113","Sawyer County, WI"
"HD2024","COUNTYCD","55117","Sheboygan County, WI"
"HD2024","COUNTYCD","55127","Walworth County, WI"
"HD2024","COUNTYCD","55133","Waukesha County, WI"
"HD2024","COUNTYCD","55139","Winnebago County, WI"
"HD2024","COUNTYCD","55141","Wood County, WI"
"HD2024","COUNTYCD","56001","Albany County, WY"
"HD2024","COUNTYCD","56013","Fremont County, WY"
"HD2024","COUNTYCD","56015","Goshen County, WY"
"HD2024","COUNTYCD","56021","Laramie County, WY"
"HD2024","COUNTYCD","56025","Natrona County, WY"
"HD2024","COUNTYCD","56029","Park County, WY"
"HD2024","COUNTYCD","56033","Sheridan County, WY"
"HD2024","COUNTYCD","56037","Sweetwater County, WY"
"HD2024","COUNTYCD","60050","Western District, AS"
"HD2024","COUNTYCD","66010","Guam, GU"
"HD2024","COUNTYCD","69110","Saipan Municipality, MP"
"HD2024","COUNTYCD","72003","Aguada Municipio, PR"
"HD2024","COUNTYCD","72005","Aguadilla Municipio, PR"
"HD2024","COUNTYCD","72013","Arecibo Municipio, PR"
"HD2024","COUNTYCD","72015","Arroyo Municipio, PR"
"HD2024","COUNTYCD","72019","Barranquitas Municipio, PR"
"HD2024","COUNTYCD","72021","Bayamón Municipio, PR"
"HD2024","COUNTYCD","72025","Caguas Municipio, PR"
"HD2024","COUNTYCD","72031","Carolina Municipio, PR"
"HD2024","COUNTYCD","72035","Cayey Municipio, PR"
"HD2024","COUNTYCD","72053","Fajardo Municipio, PR"
"HD2024","COUNTYCD","72057","Guayama Municipio, PR"
"HD2024","COUNTYCD","72061","Guaynabo Municipio, PR"
"HD2024","COUNTYCD","72063","Gurabo Municipio, PR"
"HD2024","COUNTYCD","72069","Humacao Municipio, PR"
"HD2024","COUNTYCD","72071","Isabela Municipio, PR"
"HD2024","COUNTYCD","72075","Juana Díaz, PR"
"HD2024","COUNTYCD","72091","Manatí  Municipio, PR"
"HD2024","COUNTYCD","72097","Mayagüez Municipio, PR"
"HD2024","COUNTYCD","72113","Ponce Municipio, PR"
"HD2024","COUNTYCD","72125","San Germán Municipio, PR"
"HD2024","COUNTYCD","72127","San Juan Municipio, PR"
"HD2024","COUNTYCD","72129","San Lorenzo Municipio, PR"
"HD2024","COUNTYCD","72131","San Sebastián Municipio, PR"
"HD2024","COUNTYCD","72139","Trujillo Alto Municipio, PR"
"HD2024","COUNTYCD","72141","Utuado Municipio, PR"
"HD2024","COUNTYCD","72145","Vega Baja Municipio, PR"
"HD2024","COUNTYCD","72149","Villalba Municipio, PR"
"HD2024","COUNTYCD","78030","St. Thomas Island, VI"
"HD2024","COUNTYCD","-2","Not applicable"
"HD2024","CNGDSTCD","101","AL, District 01"
"HD2024","CNGDSTCD","102","AL, District 02"
"HD2024","CNGDSTCD","103","AL, District 03"
"HD2024","CNGDSTCD","104","AL, District 04"
"HD2024","CNGDSTCD","105","AL, District 05"
"HD2024","CNGDSTCD","106","AL, District 06"
"HD2024","CNGDSTCD","107","AL, District 07"
"HD2024","CNGDSTCD","200","AK, District 00"
"HD2024","CNGDSTCD","401","AZ, District 01"
"HD2024","CNGDSTCD","402","AZ, District 02"
"HD2024","CNGDSTCD","403","AZ, District 03"
"HD2024","CNGDSTCD","404","AZ, District 04"
"HD2024","CNGDSTCD","405","AZ, District 05"
"HD2024","CNGDSTCD","406","AZ, District 06"
"HD2024","CNGDSTCD","407","AZ, District 07"
"HD2024","CNGDSTCD","408","AZ, District 08"
"HD2024","CNGDSTCD","409","AZ, District 09"
"HD2024","CNGDSTCD","501","AR, District 01"
"HD2024","CNGDSTCD","502","AR, District 02"
"HD2024","CNGDSTCD","503","AR, District 03"
"HD2024","CNGDSTCD","504","AR, District 04"
"HD2024","CNGDSTCD","601","CA, District 01"
"HD2024","CNGDSTCD","602","CA, District 02"
"HD2024","CNGDSTCD","603","CA, District 03"
"HD2024","CNGDSTCD","604","CA, District 04"
"HD2024","CNGDSTCD","605","CA, District 05"
"HD2024","CNGDSTCD","606","CA, District 06"
"HD2024","CNGDSTCD","607","CA, District 07"
"HD2024","CNGDSTCD","608","CA, District 08"
"HD2024","CNGDSTCD","609","CA, District 09"
"HD2024","CNGDSTCD","610","CA, District 10"
"HD2024","CNGDSTCD","611","CA, District 11"
"HD2024","CNGDSTCD","612","CA, District 12"
"HD2024","CNGDSTCD","613","CA, District 13"
"HD2024","CNGDSTCD","614","CA, District 14"
"HD2024","CNGDSTCD","615","CA, District 15"
"HD2024","CNGDSTCD","616","CA, District 16"
"HD2024","CNGDSTCD","617","CA, District 17"
"HD2024","CNGDSTCD","618","CA, District 18"
"HD2024","CNGDSTCD","619","CA, District 19"
"HD2024","CNGDSTCD","620","CA, District 20"
"HD2024","CNGDSTCD","621","CA, District 21"
"HD2024","CNGDSTCD","622","CA, District 22"
"HD2024","CNGDSTCD","623","CA, District 23"
"HD2024","CNGDSTCD","624","CA, District 24"
"HD2024","CNGDSTCD","625","CA, District 25"
"HD2024","CNGDSTCD","626","CA, District 26"
"HD2024","CNGDSTCD","627","CA, District 27"
"HD2024","CNGDSTCD","628","CA, District 28"
"HD2024","CNGDSTCD","629","CA, District 29"
"HD2024","CNGDSTCD","630","CA, District 30"
"HD2024","CNGDSTCD","631","CA, District 31"
"HD2024","CNGDSTCD","632","CA, District 32"
"HD2024","CNGDSTCD","633","CA, District 33"
"HD2024","CNGDSTCD","634","CA, District 34"
"HD2024","CNGDSTCD","635","CA, District 35"
"HD2024","CNGDSTCD","636","CA, District 36"
"HD2024","CNGDSTCD","637","CA, District 37"
"HD2024","CNGDSTCD","638","CA, District 38"
"HD2024","CNGDSTCD","639","CA, District 39"
"HD2024","CNGDSTCD","640","CA, District 40"
"HD2024","CNGDSTCD","641","CA, District 41"
"HD2024","CNGDSTCD","642","CA, District 42"
"HD2024","CNGDSTCD","643","CA, District 43"
"HD2024","CNGDSTCD","644","CA, District 44"
"HD2024","CNGDSTCD","645","CA, District 45"
"HD2024","CNGDSTCD","646","CA, District 46"
"HD2024","CNGDSTCD","647","CA, District 47"
"HD2024","CNGDSTCD","648","CA, District 48"
"HD2024","CNGDSTCD","649","CA, District 49"
"HD2024","CNGDSTCD","650","CA, District 50"
"HD2024","CNGDSTCD","651","CA, District 51"
"HD2024","CNGDSTCD","652","CA, District 52"
"HD2024","CNGDSTCD","801","CO, District 01"
"HD2024","CNGDSTCD","802","CO, District 02"
"HD2024","CNGDSTCD","803","CO, District 03"
"HD2024","CNGDSTCD","804","CO, District 04"
"HD2024","CNGDSTCD","805","CO, District 05"
"HD2024","CNGDSTCD","806","CO, District 06"
"HD2024","CNGDSTCD","807","CO, District 07"
"HD2024","CNGDSTCD","808","CO, District 08"
"HD2024","CNGDSTCD","901","CT, District 01"
"HD2024","CNGDSTCD","902","CT, District 02"
"HD2024","CNGDSTCD","903","CT, District 03"
"HD2024","CNGDSTCD","904","CT, District 04"
"HD2024","CNGDSTCD","905","CT, District 05"
"HD2024","CNGDSTCD","1000","DE, District 00"
"HD2024","CNGDSTCD","1198","DC, District 98"
"HD2024","CNGDSTCD","1201","FL, District 01"
"HD2024","CNGDSTCD","1202","FL, District 02"
"HD2024","CNGDSTCD","1203","FL, District 03"
"HD2024","CNGDSTCD","1204","FL, District 04"
"HD2024","CNGDSTCD","1205","FL, District 05"
"HD2024","CNGDSTCD","1206","FL, District 06"
"HD2024","CNGDSTCD","1207","FL, District 07"
"HD2024","CNGDSTCD","1208","FL, District 08"
"HD2024","CNGDSTCD","1209","FL, District 09"
"HD2024","CNGDSTCD","1210","FL, District 10"
"HD2024","CNGDSTCD","1211","FL, District 11"
"HD2024","CNGDSTCD","1212","FL, District 12"
"HD2024","CNGDSTCD","1213","FL, District 13"
"HD2024","CNGDSTCD","1214","FL, District 14"
"HD2024","CNGDSTCD","1215","FL, District 15"
"HD2024","CNGDSTCD","1216","FL, District 16"
"HD2024","CNGDSTCD","1217","FL, District 17"
"HD2024","CNGDSTCD","1218","FL, District 18"
"HD2024","CNGDSTCD","1219","FL, District 19"
"HD2024","CNGDSTCD","1220","FL, District 20"
"HD2024","CNGDSTCD","1221","FL, District 21"
"HD2024","CNGDSTCD","1222","FL, District 22"
"HD2024","CNGDSTCD","1223","FL, District 23"
"HD2024","CNGDSTCD","1224","FL, District 24"
"HD2024","CNGDSTCD","1225","FL, District 25"
"HD2024","CNGDSTCD","1226","FL, District 26"
"HD2024","CNGDSTCD","1227","FL, District 27"
"HD2024","CNGDSTCD","1228","FL, District 28"
"HD2024","CNGDSTCD","1301","GA, District 01"
"HD2024","CNGDSTCD","1302","GA, District 02"
"HD2024","CNGDSTCD","1303","GA, District 03"
"HD2024","CNGDSTCD","1304","GA, District 04"
"HD2024","CNGDSTCD","1305","GA, District 05"
"HD2024","CNGDSTCD","1306","GA, District 06"
"HD2024","CNGDSTCD","1307","GA, District 07"
"HD2024","CNGDSTCD","1308","GA, District 08"
"HD2024","CNGDSTCD","1309","GA, District 09"
"HD2024","CNGDSTCD","1310","GA, District 10"
"HD2024","CNGDSTCD","1311","GA, District 11"
"HD2024","CNGDSTCD","1312","GA, District 12"
"HD2024","CNGDSTCD","1313","GA, District 13"
"HD2024","CNGDSTCD","1314","GA, District 14"
"HD2024","CNGDSTCD","1501","HI, District 01"
"HD2024","CNGDSTCD","1502","HI, District 02"
"HD2024","CNGDSTCD","1601","ID, District 01"
"HD2024","CNGDSTCD","1602","ID, District 02"
"HD2024","CNGDSTCD","1701","IL, District 01"
"HD2024","CNGDSTCD","1702","IL, District 02"
"HD2024","CNGDSTCD","1703","IL, District 03"
"HD2024","CNGDSTCD","1704","IL, District 04"
"HD2024","CNGDSTCD","1705","IL, District 05"
"HD2024","CNGDSTCD","1706","IL, District 06"
"HD2024","CNGDSTCD","1707","IL, District 07"
"HD2024","CNGDSTCD","1708","IL, District 08"
"HD2024","CNGDSTCD","1709","IL, District 09"
"HD2024","CNGDSTCD","1710","IL, District 10"
"HD2024","CNGDSTCD","1711","IL, District 11"
"HD2024","CNGDSTCD","1712","IL, District 12"
"HD2024","CNGDSTCD","1713","IL, District 13"
"HD2024","CNGDSTCD","1714","IL, District 14"
"HD2024","CNGDSTCD","1715","IL, District 15"
"HD2024","CNGDSTCD","1716","IL, District 16"
"HD2024","CNGDSTCD","1717","IL, District 17"
"HD2024","CNGDSTCD","1801","IN, District 01"
"HD2024","CNGDSTCD","1802","IN, District 02"
"HD2024","CNGDSTCD","1803","IN, District 03"
"HD2024","CNGDSTCD","1804","IN, District 04"
"HD2024","CNGDSTCD","1805","IN, District 05"
"HD2024","CNGDSTCD","1806","IN, District 06"
"HD2024","CNGDSTCD","1807","IN, District 07"
"HD2024","CNGDSTCD","1808","IN, District 08"
"HD2024","CNGDSTCD","1809","IN, District 09"
"HD2024","CNGDSTCD","1901","IA, District 01"
"HD2024","CNGDSTCD","1902","IA, District 02"
"HD2024","CNGDSTCD","1903","IA, District 03"
"HD2024","CNGDSTCD","1904","IA, District 04"
"HD2024","CNGDSTCD","2001","KS, District 01"
"HD2024","CNGDSTCD","2002","KS, District 02"
"HD2024","CNGDSTCD","2003","KS, District 03"
"HD2024","CNGDSTCD","2004","KS, District 04"
"HD2024","CNGDSTCD","2101","KY, District 01"
"HD2024","CNGDSTCD","2102","KY, District 02"
"HD2024","CNGDSTCD","2103","KY, District 03"
"HD2024","CNGDSTCD","2104","KY, District 04"
"HD2024","CNGDSTCD","2105","KY, District 05"
"HD2024","CNGDSTCD","2106","KY, District 06"
"HD2024","CNGDSTCD","2201","LA, District 01"
"HD2024","CNGDSTCD","2202","LA, District 02"
"HD2024","CNGDSTCD","2203","LA, District 03"
"HD2024","CNGDSTCD","2204","LA, District 04"
"HD2024","CNGDSTCD","2205","LA, District 05"
"HD2024","CNGDSTCD","2206","LA, District 06"
"HD2024","CNGDSTCD","2301","ME, District 01"
"HD2024","CNGDSTCD","2302","ME, District 02"
"HD2024","CNGDSTCD","2401","MD, District 01"
"HD2024","CNGDSTCD","2402","MD, District 02"
"HD2024","CNGDSTCD","2403","MD, District 03"
"HD2024","CNGDSTCD","2404","MD, District 04"
"HD2024","CNGDSTCD","2405","MD, District 05"
"HD2024","CNGDSTCD","2406","MD, District 06"
"HD2024","CNGDSTCD","2407","MD, District 07"
"HD2024","CNGDSTCD","2408","MD, District 08"
"HD2024","CNGDSTCD","2501","MA, District 01"
"HD2024","CNGDSTCD","2502","MA, District 02"
"HD2024","CNGDSTCD","2503","MA, District 03"
"HD2024","CNGDSTCD","2504","MA, District 04"
"HD2024","CNGDSTCD","2505","MA, District 05"
"HD2024","CNGDSTCD","2506","MA, District 06"
"HD2024","CNGDSTCD","2507","MA, District 07"
"HD2024","CNGDSTCD","2508","MA, District 08"
"HD2024","CNGDSTCD","2509","MA, District 09"
"HD2024","CNGDSTCD","2601","MI, District 01"
"HD2024","CNGDSTCD","2602","MI, District 02"
"HD2024","CNGDSTCD","2603","MI, District 03"
"HD2024","CNGDSTCD","2604","MI, District 04"
"HD2024","CNGDSTCD","2605","MI, District 05"
"HD2024","CNGDSTCD","2606","MI, District 06"
"HD2024","CNGDSTCD","2607","MI, District 07"
"HD2024","CNGDSTCD","2608","MI, District 08"
"HD2024","CNGDSTCD","2609","MI, District 09"
"HD2024","CNGDSTCD","2610","MI, District 10"
"HD2024","CNGDSTCD","2611","MI, District 11"
"HD2024","CNGDSTCD","2612","MI, District 12"
"HD2024","CNGDSTCD","2613","MI, District 13"
"HD2024","CNGDSTCD","2701","MN, District 01"
"HD2024","CNGDSTCD","2702","MN, District 02"
"HD2024","CNGDSTCD","2703","MN, District 03"
"HD2024","CNGDSTCD","2704","MN, District 04"
"HD2024","CNGDSTCD","2705","MN, District 05"
"HD2024","CNGDSTCD","2706","MN, District 06"
"HD2024","CNGDSTCD","2707","MN, District 07"
"HD2024","CNGDSTCD","2708","MN, District 08"
"HD2024","CNGDSTCD","2801","MS, District 01"
"HD2024","CNGDSTCD","2802","MS, District 02"
"HD2024","CNGDSTCD","2803","MS, District 03"
"HD2024","CNGDSTCD","2804","MS, District 04"
"HD2024","CNGDSTCD","2901","MO, District 01"
"HD2024","CNGDSTCD","2902","MO, District 02"
"HD2024","CNGDSTCD","2903","MO, District 03"
"HD2024","CNGDSTCD","2904","MO, District 04"
"HD2024","CNGDSTCD","2905","MO, District 05"
"HD2024","CNGDSTCD","2906","MO, District 06"
"HD2024","CNGDSTCD","2907","MO, District 07"
"HD2024","CNGDSTCD","2908","MO, District 08"
"HD2024","CNGDSTCD","3001","MT, District 01"
"HD2024","CNGDSTCD","3002","MT, District 02"
"HD2024","CNGDSTCD","3101","NE, District 01"
"HD2024","CNGDSTCD","3102","NE, District 02"
"HD2024","CNGDSTCD","3103","NE, District 03"
"HD2024","CNGDSTCD","3201","NV, District 01"
"HD2024","CNGDSTCD","3202","NV, District 02"
"HD2024","CNGDSTCD","3203","NV, District 03"
"HD2024","CNGDSTCD","3204","NV, District 04"
"HD2024","CNGDSTCD","3301","NH, District 01"
"HD2024","CNGDSTCD","3302","NH, District 02"
"HD2024","CNGDSTCD","3401","NJ, District 01"
"HD2024","CNGDSTCD","3402","NJ, District 02"
"HD2024","CNGDSTCD","3403","NJ, District 03"
"HD2024","CNGDSTCD","3404","NJ, District 04"
"HD2024","CNGDSTCD","3405","NJ, District 05"
"HD2024","CNGDSTCD","3406","NJ, District 06"
"HD2024","CNGDSTCD","3407","NJ, District 07"
"HD2024","CNGDSTCD","3408","NJ, District 08"
"HD2024","CNGDSTCD","3409","NJ, District 09"
"HD2024","CNGDSTCD","3410","NJ, District 10"
"HD2024","CNGDSTCD","3411","NJ, District 11"
"HD2024","CNGDSTCD","3412","NJ, District 12"
"HD2024","CNGDSTCD","3501","NM, District 01"
"HD2024","CNGDSTCD","3502","NM, District 02"
"HD2024","CNGDSTCD","3503","NM, District 03"
"HD2024","CNGDSTCD","3601","NY, District 01"
"HD2024","CNGDSTCD","3602","NY, District 02"
"HD2024","CNGDSTCD","3603","NY, District 03"
"HD2024","CNGDSTCD","3604","NY, District 04"
"HD2024","CNGDSTCD","3605","NY, District 05"
"HD2024","CNGDSTCD","3606","NY, District 06"
"HD2024","CNGDSTCD","3607","NY, District 07"
"HD2024","CNGDSTCD","3608","NY, District 08"
"HD2024","CNGDSTCD","3609","NY, District 09"
"HD2024","CNGDSTCD","3610","NY, District 10"
"HD2024","CNGDSTCD","3611","NY, District 11"
"HD2024","CNGDSTCD","3612","NY, District 12"
"HD2024","CNGDSTCD","3613","NY, District 13"
"HD2024","CNGDSTCD","3614","NY, District 14"
"HD2024","CNGDSTCD","3615","NY, District 15"
"HD2024","CNGDSTCD","3616","NY, District 16"
"HD2024","CNGDSTCD","3617","NY, District 17"
"HD2024","CNGDSTCD","3618","NY, District 18"
"HD2024","CNGDSTCD","3619","NY, District 19"
"HD2024","CNGDSTCD","3620","NY, District 20"
"HD2024","CNGDSTCD","3621","NY, District 21"
"HD2024","CNGDSTCD","3622","NY, District 22"
"HD2024","CNGDSTCD","3623","NY, District 23"
"HD2024","CNGDSTCD","3624","NY, District 24"
"HD2024","CNGDSTCD","3625","NY, District 25"
"HD2024","CNGDSTCD","3626","NY, District 26"
"HD2024","CNGDSTCD","3701","NC, District 01"
"HD2024","CNGDSTCD","3702","NC, District 02"
"HD2024","CNGDSTCD","3703","NC, District 03"
"HD2024","CNGDSTCD","3704","NC, District 04"
"HD2024","CNGDSTCD","3705","NC, District 05"
"HD2024","CNGDSTCD","3706","NC, District 06"
"HD2024","CNGDSTCD","3707","NC, District 07"
"HD2024","CNGDSTCD","3708","NC, District 08"
"HD2024","CNGDSTCD","3709","NC, District 09"
"HD2024","CNGDSTCD","3710","NC, District 10"
"HD2024","CNGDSTCD","3711","NC, District 11"
"HD2024","CNGDSTCD","3712","NC, District 12"
"HD2024","CNGDSTCD","3713","NC, District 13"
"HD2024","CNGDSTCD","3714","NC, District 14"
"HD2024","CNGDSTCD","3800","ND, District 00"
"HD2024","CNGDSTCD","3901","OH, District 01"
"HD2024","CNGDSTCD","3902","OH, District 02"
"HD2024","CNGDSTCD","3903","OH, District 03"
"HD2024","CNGDSTCD","3904","OH, District 04"
"HD2024","CNGDSTCD","3905","OH, District 05"
"HD2024","CNGDSTCD","3906","OH, District 06"
"HD2024","CNGDSTCD","3907","OH, District 07"
"HD2024","CNGDSTCD","3908","OH, District 08"
"HD2024","CNGDSTCD","3909","OH, District 09"
"HD2024","CNGDSTCD","3910","OH, District 10"
"HD2024","CNGDSTCD","3911","OH, District 11"
"HD2024","CNGDSTCD","3912","OH, District 12"
"HD2024","CNGDSTCD","3913","OH, District 13"
"HD2024","CNGDSTCD","3914","OH, District 14"
"HD2024","CNGDSTCD","3915","OH, District 15"
"HD2024","CNGDSTCD","4001","OK, District 01"
"HD2024","CNGDSTCD","4002","OK, District 02"
"HD2024","CNGDSTCD","4003","OK, District 03"
"HD2024","CNGDSTCD","4004","OK, District 04"
"HD2024","CNGDSTCD","4005","OK, District 05"
"HD2024","CNGDSTCD","4101","OR, District 01"
"HD2024","CNGDSTCD","4102","OR, District 02"
"HD2024","CNGDSTCD","4103","OR, District 03"
"HD2024","CNGDSTCD","4104","OR, District 04"
"HD2024","CNGDSTCD","4105","OR, District 05"
"HD2024","CNGDSTCD","4106","OR, District 06"
"HD2024","CNGDSTCD","4201","PA, District 01"
"HD2024","CNGDSTCD","4202","PA, District 02"
"HD2024","CNGDSTCD","4203","PA, District 03"
"HD2024","CNGDSTCD","4204","PA, District 04"
"HD2024","CNGDSTCD","4205","PA, District 05"
"HD2024","CNGDSTCD","4206","PA, District 06"
"HD2024","CNGDSTCD","4207","PA, District 07"
"HD2024","CNGDSTCD","4208","PA, District 08"
"HD2024","CNGDSTCD","4209","PA, District 09"
"HD2024","CNGDSTCD","4210","PA, District 10"
"HD2024","CNGDSTCD","4211","PA, District 11"
"HD2024","CNGDSTCD","4212","PA, District 12"
"HD2024","CNGDSTCD","4213","PA, District 13"
"HD2024","CNGDSTCD","4214","PA, District 14"
"HD2024","CNGDSTCD","4215","PA, District 15"
"HD2024","CNGDSTCD","4216","PA, District 16"
"HD2024","CNGDSTCD","4217","PA, District 17"
"HD2024","CNGDSTCD","4401","RI, District 01"
"HD2024","CNGDSTCD","4402","RI, District 02"
"HD2024","CNGDSTCD","4501","SC, District 01"
"HD2024","CNGDSTCD","4502","SC, District 02"
"HD2024","CNGDSTCD","4503","SC, District 03"
"HD2024","CNGDSTCD","4504","SC, District 04"
"HD2024","CNGDSTCD","4505","SC, District 05"
"HD2024","CNGDSTCD","4506","SC, District 06"
"HD2024","CNGDSTCD","4507","SC, District 07"
"HD2024","CNGDSTCD","4600","SD, District 00"
"HD2024","CNGDSTCD","4701","TN, District 01"
"HD2024","CNGDSTCD","4702","TN, District 02"
"HD2024","CNGDSTCD","4703","TN, District 03"
"HD2024","CNGDSTCD","4704","TN, District 04"
"HD2024","CNGDSTCD","4705","TN, District 05"
"HD2024","CNGDSTCD","4706","TN, District 06"
"HD2024","CNGDSTCD","4707","TN, District 07"
"HD2024","CNGDSTCD","4708","TN, District 08"
"HD2024","CNGDSTCD","4709","TN, District 09"
"HD2024","CNGDSTCD","4901","UT, District 01"
"HD2024","CNGDSTCD","4902","UT, District 02"
"HD2024","CNGDSTCD","4903","UT, District 03"
"HD2024","CNGDSTCD","4904","UT, District 04"
"HD2024","CNGDSTCD","5000","VT, District 00"
"HD2024","CNGDSTCD","5101","VA, District 01"
"HD2024","CNGDSTCD","5102","VA, District 02"
"HD2024","CNGDSTCD","5103","VA, District 03"
"HD2024","CNGDSTCD","5104","VA, District 04"
"HD2024","CNGDSTCD","5105","VA, District 05"
"HD2024","CNGDSTCD","5106","VA, District 06"
"HD2024","CNGDSTCD","5107","VA, District 07"
"HD2024","CNGDSTCD","5108","VA, District 08"
"HD2024","CNGDSTCD","5109","VA, District 09"
"HD2024","CNGDSTCD","5110","VA, District 10"
"HD2024","CNGDSTCD","5111","VA, District 11"
"HD2024","CNGDSTCD","5301","WA, District 01"
"HD2024","CNGDSTCD","5302","WA, District 02"
"HD2024","CNGDSTCD","5303","WA, District 03"
"HD2024","CNGDSTCD","5304","WA, District 04"
"HD2024","CNGDSTCD","5305","WA, District 05"
"HD2024","CNGDSTCD","5306","WA, District 06"
"HD2024","CNGDSTCD","5307","WA, District 07"
"HD2024","CNGDSTCD","5308","WA, District 08"
"HD2024","CNGDSTCD","5309","WA, District 09"
"HD2024","CNGDSTCD","5310","WA, District 10"
"HD2024","CNGDSTCD","5401","WV, District 01"
"HD2024","CNGDSTCD","5402","WV, District 02"
"HD2024","CNGDSTCD","5501","WI, District 01"
"HD2024","CNGDSTCD","5502","WI, District 02"
"HD2024","CNGDSTCD","5503","WI, District 03"
"HD2024","CNGDSTCD","5504","WI, District 04"
"HD2024","CNGDSTCD","5505","WI, District 05"
"HD2024","CNGDSTCD","5506","WI, District 06"
"HD2024","CNGDSTCD","5507","WI, District 07"
"HD2024","CNGDSTCD","5508","WI, District 08"
"HD2024","CNGDSTCD","5600","WY, District 00"
"HD2024","CNGDSTCD","6098","AS, District 98"
"HD2024","CNGDSTCD","6698","GU, District 98"
"HD2024","CNGDSTCD","6998","MP, District 98"
"HD2024","CNGDSTCD","7298","PR, District 98"
"HD2024","CNGDSTCD","7898","VI, District 98"
"HD2024","CNGDSTCD","-2","Not applicable"
"HD2024","CNGDSTCD","4801","TX, District 01"
"HD2024","CNGDSTCD","4802","TX, District 02"
"HD2024","CNGDSTCD","4803","TX, District 03"
"HD2024","CNGDSTCD","4804","TX, District 04"
"HD2024","CNGDSTCD","4805","TX, District 05"
"HD2024","CNGDSTCD","4806","TX, District 06"
"HD2024","CNGDSTCD","4807","TX, District 07"
"HD2024","CNGDSTCD","4808","TX, District 08"
"HD2024","CNGDSTCD","4809","TX, District 09"
"HD2024","CNGDSTCD","4810","TX, District 10"
"HD2024","CNGDSTCD","4811","TX, District 11"
"HD2024","CNGDSTCD","4812","TX, District 12"
"HD2024","CNGDSTCD","4813","TX, District 13"
"HD2024","CNGDSTCD","4814","TX, District 14"
"HD2024","CNGDSTCD","4815","TX, District 15"
"HD2024","CNGDSTCD","4816","TX, District 16"
"HD2024","CNGDSTCD","4817","TX, District 17"
"HD2024","CNGDSTCD","4818","TX, District 18"
"HD2024","CNGDSTCD","4819","TX, District 19"
"HD2024","CNGDSTCD","4820","TX, District 20"
"HD2024","CNGDSTCD","4821","TX, District 21"
"HD2024","CNGDSTCD","4822","TX, District 22"
"HD2024","CNGDSTCD","4823","TX, District 23"
"HD2024","CNGDSTCD","4824","TX, District 24"
"HD2024","CNGDSTCD","4825","TX, District 25"
"HD2024","CNGDSTCD","4826","TX, District 26"
"HD2024","CNGDSTCD","4827","TX, District 27"
"HD2024","CNGDSTCD","4828","TX, District 28"
"HD2024","CNGDSTCD","4829","TX, District 29"
"HD2024","CNGDSTCD","4830","TX, District 30"
"HD2024","CNGDSTCD","4831","TX, District 31"
"HD2024","CNGDSTCD","4832","TX, District 32"
"HD2024","CNGDSTCD","4833","TX, District 33"
"HD2024","CNGDSTCD","4834","TX, District 34"
"HD2024","CNGDSTCD","4835","TX, District 35"
"HD2024","CNGDSTCD","4836","TX, District 36"
"HD2024","CNGDSTCD","4837","TX, District 37"
"HD2024","CNGDSTCD","4838","TX, District 38"
"IC2024","VET1","1","Yes"
"IC2024","VET1","0","Implied no"
"IC2024","VET1","-1","Not reported"
"IC2024","VET1","-2","Not applicable"
"IC2024","VET2","1","Yes"
"IC2024","VET2","0","Implied no"
"IC2024","VET2","-1","Not reported"
"IC2024","VET2","-2","Not applicable"
"IC2024","VET3","1","Yes"
"IC2024","VET3","0","Implied no"
"IC2024","VET3","-1","Not reported"
"IC2024","VET3","-2","Not applicable"
"IC2024","VET4","1","Yes"
"IC2024","VET4","0","Implied no"
"IC2024","VET4","-1","Not reported"
"IC2024","VET4","-2","Not applicable"
"IC2024","VET5","1","Yes"
"IC2024","VET5","0","Implied no"
"IC2024","VET5","-1","Not reported"
"IC2024","VET5","-2","Not applicable"
"IC2024","VET9","1","Yes"
"IC2024","VET9","0","Implied no"
"IC2024","VET9","-1","Not reported"
"IC2024","VET9","-2","Not applicable"
"IC2024","LIBRES1","1","Yes"
"IC2024","LIBRES1","0","Implied no"
"IC2024","LIBRES1","-1","Not reported"
"IC2024","LIBRES1","-2","Not applicable"
"IC2024","LIBRES2","1","Yes"
"IC2024","LIBRES2","0","Implied no"
"IC2024","LIBRES2","-1","Not reported"
"IC2024","LIBRES2","-2","Not applicable"
"IC2024","LIBRES3","1","Yes"
"IC2024","LIBRES3","0","Implied no"
"IC2024","LIBRES3","-1","Not reported"
"IC2024","LIBRES3","-2","Not applicable"
"IC2024","LIBRES4","1","Yes"
"IC2024","LIBRES4","0","Implied no"
"IC2024","LIBRES4","-1","Not reported"
"IC2024","LIBRES4","-2","Not applicable"
"IC2024","LIBRES5","1","Yes"
"IC2024","LIBRES5","0","Implied no"
"IC2024","LIBRES5","-1","Not reported"
"IC2024","LIBRES5","-2","Not applicable"
"IC2024","LIBRES6","1","Yes"
"IC2024","LIBRES6","0","Implied no"
"IC2024","LIBRES6","-1","Not reported"
"IC2024","LIBRES6","-2","Not applicable"
"IC2024","LIBRES9","1","Yes"
"IC2024","LIBRES9","0","Implied no"
"IC2024","LIBRES9","-1","Not reported"
"IC2024","LIBRES9","-2","Not applicable"
"FLAGS2024","STAT_COS","1","Response"
"FLAGS2024","STAT_COS","2","Partial respondent, imputed"
"FLAGS2024","STAT_COS","4","Nonrespondent, imputed"
"FLAGS2024","STAT_COS","5","Nonrespondent, not imputed"
"FLAGS2024","STAT_COS","-2","Not applicable"
"FLAGS2024","STAT_COS","-9","Not active"
"FLAGS2024","STAT_COS2","1","Response"
"FLAGS2024","STAT_COS2","-2","Not applicable"
"FLAGS2024","STAT_COS2","-9","Not active"
"FLAGS2024","STAT_COS2","2","Partial respondent, imputed"
"FLAGS2024","STAT_COS2","4","Nonrespondent, not imputed"
"FLAGS2024","STAT_COS2","5","Nonrespondent, imputed"
"FLAGS2024","STAT_COS1","1","Response"
"FLAGS2024","STAT_COS1","-2","Not applicable"
"FLAGS2024","STAT_COS1","-9","Not active"
"FLAGS2024","STAT_COS1","2","Partial respondent, imputed"
"FLAGS2024","STAT_COS1","4","Nonrespondent, not imputed"
"FLAGS2024","STAT_COS1","5","Nonrespondent, imputed"
"FLAGS2024","LOCK_COS1","0","No data submitted"
"FLAGS2024","LOCK_COS1","3","Edited, some errors/warnings remain"
"FLAGS2024","LOCK_COS1","8","Complete, final lock applied"
"FLAGS2024","LOCK_COS1","-2","Not applicable"
"FLAGS2024","LOCK_COS1","1","Has data not edited"
"FLAGS2024","LOCK_COS2","0","No data submitted"
"FLAGS2024","LOCK_COS2","3","Edited, some errors/warnings remain"
"FLAGS2024","LOCK_COS2","8","Complete, final lock applied"
"FLAGS2024","LOCK_COS2","-2","Not applicable"
"FLAGS2024","PRCH_COS","1","Parent record includes data from child campuses"
"FLAGS2024","PRCH_COS","2","Child record - all data reported with parent campus"
"FLAGS2024","PRCH_COS","-2","Not applicable"
"FLAGS2024","IMP_COS1","1","Carry forward (CF)"
"FLAGS2024","IMP_COS1","2","Nearest neighbor (NN)"
"FLAGS2024","IMP_COS1","3","Group median (GM)"
"FLAGS2024","IMP_COS1","-2","Not applicable"
"FLAGS2024","IMP_COS2","1","Carry forward (CF)"
"FLAGS2024","IMP_COS2","2","Nearest neighbor (NN)"
"FLAGS2024","IMP_COS2","3","Group median (GM)"
"FLAGS2024","IMP_COS2","-2","Not applicable"
"FLAGS2024","PRCH_ADM","1","Parent record includes data from child campuses"
"FLAGS2024","PRCH_ADM","2","Child record - all data reported with parent campus"
"FLAGS2024","PRCH_ADM","-2","Not applicable"
"IC2024","NONCRDT1","1","Yes"
"IC2024","NONCRDT1","0","Implied No"
"IC2024","NONCRDT1","-1","Not reported"
"IC2024","NONCRDT1","-2","Not applicable"
"IC2024","NONCRDT2","1","Yes"
"IC2024","NONCRDT2","0","Implied No"
"IC2024","NONCRDT2","-1","Not reported"
"IC2024","NONCRDT2","-2","Not applicable"
"IC2024","NONCRDT3","1","Yes"
"IC2024","NONCRDT3","0","Implied No"
"IC2024","NONCRDT3","-1","Not reported"
"IC2024","NONCRDT3","-2","Not applicable"
"IC2024","NONCRDT4","1","Yes"
"IC2024","NONCRDT4","0","Implied No"
"IC2024","NONCRDT4","-1","Not reported"
"IC2024","NONCRDT4","-2","Not applicable"
"IC2024","NONCRDT5","1","Yes"
"IC2024","NONCRDT5","0","Implied No"
"IC2024","NONCRDT5","-1","Not reported"
"IC2024","NONCRDT5","-2","Not applicable"
"IC2024","NONCRDT6","1","Yes"
"IC2024","NONCRDT6","0","Implied No"
"IC2024","NONCRDT6","-1","Not reported"
"IC2024","NONCRDT6","-2","Not applicable"
"IC2024","NONCRDT7","1","Yes"
"IC2024","NONCRDT7","0","Implied No"
"IC2024","NONCRDT7","-1","Not reported"
"IC2024","NONCRDT7","-2","Not applicable"
"IC2024","NONCRDT8","1","Yes"
"IC2024","NONCRDT8","0","Implied No"
"IC2024","NONCRDT8","-1","Not reported"
"IC2024","NONCRDT8","-2","Not applicable"
"IC2024","NONCRDT9","1","Yes"
"IC2024","NONCRDT9","0","Implied No"
"IC2024","NONCRDT9","-1","Not reported"
"IC2024","NONCRDT9","-2","Not applicable"
"FLAGS2024","ENRHSST","1","Yes"
"FLAGS2024","ENRHSST","2","No"
"FLAGS2024","ENRHSST","-1","Not reported"
"FLAGS2024","ENRHSST","-2","Not applicable"
"FLAGS2024","ENRHSST1","1","Yes"
"FLAGS2024","ENRHSST1","0","Implied no"
"FLAGS2024","ENRHSST1","-1","Not reported"
"FLAGS2024","ENRHSST1","-2","Not applicable"
"FLAGS2024","ENRHSST2","1","Yes"
"FLAGS2024","ENRHSST2","0","Implied no"
"FLAGS2024","ENRHSST2","-1","Not reported"
"FLAGS2024","ENRHSST2","-2","Not applicable"
"FLAGS2024","STAT_EF","1","Respondent"
"FLAGS2024","STAT_EF","2","Partial respondent imputed"
"FLAGS2024","STAT_EF","4","Nonrespondent imputed"
"FLAGS2024","STAT_EF","5","Nonrespondent not imputed"
"FLAGS2024","STAT_EF","-2","Not applicable"
"FLAGS2024","STAT_EF","-9","Not active"
"FLAGS2024","LOCK_EF","0","No data submitted"
"FLAGS2024","LOCK_EF","1","Has data, not edited"
"FLAGS2024","LOCK_EF","3","Edited, some errors/warnings remain"
"FLAGS2024","LOCK_EF","8","Complete, final lock applied"
"FLAGS2024","LOCK_EF","-2","Not applicable"
"FLAGS2024","PRCH_EF","1","Parent record includes data from child campuses"
"FLAGS2024","PRCH_EF","2","Child record - data reported with parent campus"
"FLAGS2024","PRCH_EF","-2","Not applicable"
"FLAGS2024","IMP_EF","1","Carry foreward (CF)"
"FLAGS2024","IMP_EF","2","Nearest neighbor (NN)"
"FLAGS2024","IMP_EF","4","Mixed method (CF) and (NN)"
"FLAGS2024","IMP_EF","5","Ratio adjustment"
"FLAGS2024","IMP_EF","-2","Not applicable"
"FLAGS2024","PTA99_EF","1","Respondent"
"FLAGS2024","PTA99_EF","2","Partial respondent imputed"
"FLAGS2024","PTA99_EF","4","Nonrespondent imputed"
"FLAGS2024","PTA99_EF","5","Nonrespondent not imputed"
"FLAGS2024","PTA99_EF","-2","Not applicable"
"FLAGS2024","PTA99_EF","-9","{Not active}"
"FLAGS2024","PTB_EF","1","Respondent"
"FLAGS2024","PTB_EF","4","Nonrespondent imputed"
"FLAGS2024","PTB_EF","5","Nonrespondent not imputed"
"FLAGS2024","PTB_EF","-2","Not applicable"
"FLAGS2024","PTB_EF","-9","Not active"
"FLAGS2024","PTC_EF","1","Respondent"
"FLAGS2024","PTC_EF","2","Partial respondent imputed"
"FLAGS2024","PTC_EF","4","Nonrespondent imputed"
"FLAGS2024","PTC_EF","5","Nonrespondent not imputed"
"FLAGS2024","PTC_EF","-2","Not applicable"
"FLAGS2024","PTC_EF","-9","Not active"
"FLAGS2024","PTD_EF","1","Respondent"
"FLAGS2024","PTD_EF","2","Partial respondent, imputed"
"FLAGS2024","PTD_EF","4","Nonrespondent, imputed"
"FLAGS2024","PTD_EF","5","Nonrespondent, not imputed"
"FLAGS2024","PTD_EF","-2","Not applicable"
"FLAGS2024","PTD_EF","-9","Not active"
"FLAGS2024","PTD_EF","-1","Not reported"
"HD2024","INSTSIZE","1","Under 1,000"
"HD2024","INSTSIZE","2","1,000 - 4,999"
"HD2024","INSTSIZE","3","5,000 - 9,999"
"HD2024","INSTSIZE","4","10,000 - 19,999"
"HD2024","INSTSIZE","5","20,000 and above"
"HD2024","INSTSIZE","-1","Not reported"
"HD2024","INSTSIZE","-2","Not applicable"
"FLAGS2024","PTACIPEF","1","Respondent"
"FLAGS2024","PTACIPEF","5","Nonrespondent"
"FLAGS2024","PTACIPEF","-2","Not applicable"
"FLAGS2024","PTACIPEF","-9","Not active"
"FLAGS2024","STAT_E12","1","Respondent"
"FLAGS2024","STAT_E12","2","Partialrespondent, imputed"
"FLAGS2024","STAT_E12","4","Non respondent, imputed"
"FLAGS2024","STAT_E12","5","Nonrespondent not imputed"
"FLAGS2024","STAT_E12","-2","Not applicable"
"FLAGS2024","STAT_E12","-9","Not active"
"FLAGS2024","LOCK_E12","0","No data submitted"
"FLAGS2024","LOCK_E12","1","Has data not edited"
"FLAGS2024","LOCK_E12","3","Edited, some errors/warnings remain"
"FLAGS2024","LOCK_E12","8","Complete, final lock applied"
"FLAGS2024","LOCK_E12","-2","Not applicable"
"FLAGS2024","PRCH_E12","1","Parent record includes data from child campuses"
"FLAGS2024","PRCH_E12","2","Child record - data reported with parent campus"
"FLAGS2024","PRCH_E12","-2","Not applicable"
"FLAGS2024","IMP_E12","1","Carry foreward (CF)"
"FLAGS2024","IMP_E12","2","Nearest neighbor (NN)"
"FLAGS2024","IMP_E12","6","Ratio adjustment"
"FLAGS2024","IMP_E12","-2","Not applicable"
"IC2024","DISAB","1","3 percent or less"
"IC2024","DISAB","2","More than 3 percent"
"IC2024","DISAB","-1","Not reported"
"IC2024","DISAB","-2","Not applicable"
"FLAGS2024","STAT_C","1","Response"
"FLAGS2024","STAT_C","2","Partial respondent, imputed"
"FLAGS2024","STAT_C","4","Non respondent, imputed"
"FLAGS2024","STAT_C","5","Nonrespondent, not imputed"
"FLAGS2024","STAT_C","-2","Not applicable"
"FLAGS2024","STAT_C","-9","Not active"
"FLAGS2024","LOCK_C","0","No data submitted"
"FLAGS2024","LOCK_C","3","Edited, some errors/warnings remain"
"FLAGS2024","LOCK_C","8","Complete, final lock applied"
"FLAGS2024","LOCK_C","-2","Not applicable"
"FLAGS2024","PRCH_C","1","Parent record includes data from child campuses"
"FLAGS2024","PRCH_C","2","Child record - all data reported with parent campus"
"FLAGS2024","PRCH_C","-2","Not applicable"
"FLAGS2024","IMP_C","1","Carry forward (CF)"
"FLAGS2024","IMP_C","2","Nearest neighbor (NN)"
"FLAGS2024","IMP_C","3","Group median (GM)"
"FLAGS2024","IMP_C","-2","Not applicable"
"FLAGS2024","SA_EXCL","1","Yes"
"FLAGS2024","SA_EXCL","2","No"
"FLAGS2024","SA_EXCL","-2","Not applicable"
"FLAGS2024","SA_EXCL","-1","Not reported"
"FLAGS2024","STAT_SA","1","Respondent"
"FLAGS2024","STAT_SA","2","Partial respondent, imputed"
"FLAGS2024","STAT_SA","4","Nonrespondent, imputed"
"FLAGS2024","STAT_SA","5","Nonrespondent, not imputed"
"FLAGS2024","STAT_SA","-2","Not applicable"
"FLAGS2024","STAT_SA","-9","Not active"
"FLAGS2024","STAT_S","1","Respondent"
"FLAGS2024","STAT_S","2","Partial respondent imputed"
"FLAGS2024","STAT_S","4","Nonrespondent, imputed"
"FLAGS2024","STAT_S","5","Nonrespondent, not imputed"
"FLAGS2024","STAT_S","-2","Not applicable"
"FLAGS2024","STAT_S","-9","Not active"
"FLAGS2024","FTEMP15","1","Yes"
"FLAGS2024","FTEMP15","2","No"
"FLAGS2024","FTEMP15","-1","Not reported"
"FLAGS2024","FTEMP15","-2","Not applicable"
"FLAGS2024","FORM_F","4","GASB Reporting Standards 34/35"
"FLAGS2024","FORM_F","2","FASB Reporting Standards"
"FLAGS2024","FORM_F","3","Private for-profit institutions"
"FLAGS2024","FORM_F","-1","Not reported"
"FLAGS2024","FORM_F","-2","Not applicable"
"FLAGS2024","STAT_F","1","Respondent"
"FLAGS2024","STAT_F","2","Partial respondent imputed"
"FLAGS2024","STAT_F","4","Nonrespondent imputed"
"FLAGS2024","STAT_F","5","Nonrespondent not imputed"
"FLAGS2024","STAT_F","-2","Not applicable"
"FLAGS2024","STAT_F","-9","Not active"
"FLAGS2024","LOCK_F","8","Complete, final lock applied"
"FLAGS2024","LOCK_F","0","No data submitted"
"FLAGS2024","LOCK_F","3","Edited, some errors/warnings remain"
"FLAGS2024","LOCK_F","-2","Not applicable"
"FLAGS2024","PRCHTP_F","1","Full parent/child system "
"FLAGS2024","PRCHTP_F","2","Partial parent child system (1)"
"FLAGS2024","PRCHTP_F","3","Partial parent child system (2)"
"FLAGS2024","PRCHTP_F","5","System with partial reporting children campuses of NON-IPEDS entity"
"FLAGS2024","PRCHTP_F","-2","Not applicable"
"FLAGS2024","PRCH_F","1","Parent record - includes data from branch campuses"
"FLAGS2024","PRCH_F","2","Child record - data reported with parent campus"
"FLAGS2024","PRCH_F","3","Partial child record - reports revenues/expenses. Assets/liabilties reported with parent"
"FLAGS2024","PRCH_F","6","Partial parent/child record - reports revenues/expenses that also includes data from other branch campuses. Assets/liabilties reported with parent
"
"FLAGS2024","PRCH_F","5","Child record - reports partial data but other data is included  with entity that is not a postsecondary institution"
"FLAGS2024","PRCH_F","-2","Not applicable"
"FLAGS2024","IMP_F","1","Carry foreward (CF)"
"FLAGS2024","IMP_F","2","Nearest neighbor (NN)"
"FLAGS2024","IMP_F","3","Group median (GM)"
"FLAGS2024","IMP_F","-2","Not applicable"
"FLAGS2024","FYBEG","112018","November 2018"
"FLAGS2024","FYBEG","122018","December 2018"
"FLAGS2024","FYBEG","012019","January 2019"
"FLAGS2024","FYBEG","022019","February 2019"
"FLAGS2024","FYBEG","032019","March 2019"
"FLAGS2024","FYBEG","042019","April 2019"
"FLAGS2024","FYBEG","052019","May 2019"
"FLAGS2024","FYBEG","062019","June 2013"
"FLAGS2024","FYBEG","072019","July 2019"
"FLAGS2024","FYBEG","082019","August 2013"
"FLAGS2024","FYBEG","092019","September 2019"
"FLAGS2024","FYBEG","102019","October 2019"
"FLAGS2024","FYBEG","112019","November 2019"
"FLAGS2024","FYBEG","122019","December 2019"
"FLAGS2024","FYBEG","-1","Not reported"
"FLAGS2024","FYBEG","-2","Not applicable"
"FLAGS2024","FYBEG","012023","January 2023"
"FLAGS2024","FYBEG","022023","February 2023"
"FLAGS2024","FYBEG","032023","March 2023"
"FLAGS2024","FYBEG","042023","April 2023"
"FLAGS2024","FYBEG","052023","May 2023"
"FLAGS2024","FYBEG","062023","June 2023"
"FLAGS2024","FYBEG","072023","July 2023"
"FLAGS2024","FYBEG","082023","August 2023"
"FLAGS2024","FYBEG","092023","September 2023"
"FLAGS2024","FYBEG","102023","October 2023"
"FLAGS2024","FYBEG","112022","November 2022"
"FLAGS2024","FYBEG","122022","December 2022"
"FLAGS2024","FYEND","102019","October 2019"
"FLAGS2024","FYEND","112019","November 2019"
"FLAGS2024","FYEND","122019","December 2019"
"FLAGS2024","FYEND","012020","January 2020"
"FLAGS2024","FYEND","022020","February 2020"
"FLAGS2024","FYEND","032020","March 2020"
"FLAGS2024","FYEND","042020","April 2020"
"FLAGS2024","FYEND","052020","May 2020"
"FLAGS2024","FYEND","062020","June 2020"
"FLAGS2024","FYEND","072020","July 2020"
"FLAGS2024","FYEND","082020","August 2020"
"FLAGS2024","FYEND","092020","September 2020"
"FLAGS2024","FYEND","-1","Not reported"
"FLAGS2024","FYEND","-2","Not applicable"
"FLAGS2024","FYEND","012024","January 2024"
"FLAGS2024","FYEND","022024","February 2024"
"FLAGS2024","FYEND","032024","March 2024"
"FLAGS2024","FYEND","042024","April 2024"
"FLAGS2024","FYEND","052024","May 2024"
"FLAGS2024","FYEND","062024","June 2024"
"FLAGS2024","FYEND","072024","July 2024"
"FLAGS2024","FYEND","082024","August 2024"
"FLAGS2024","FYEND","092024","September 2024"
"FLAGS2024","FYEND","102023","October 2023"
"FLAGS2024","FYEND","112023","November 2023"
"FLAGS2024","FYEND","122023","December 2023"
"FLAGS2024","GPFS","1","Yes (unqualified)"
"FLAGS2024","GPFS","2","No (qualified)"
"FLAGS2024","GPFS","3","Do not know"
"FLAGS2024","GPFS","-1","Not reported"
"FLAGS2024","GPFS","-2","Not applicable"
"FLAGS2024","F1GASBAL","1","Business Type Activities"
"FLAGS2024","F1GASBAL","2","Governmental Activities"
"FLAGS2024","F1GASBAL","3","Governmental Activities with Business-Type Activities"
"FLAGS2024","F1GASBAL","-1","Not reported"
"FLAGS2024","F1GASBAL","-2","Not applicable"
"FLAGS2024","F2PELL","1","Pass through (agency)"
"FLAGS2024","F2PELL","2","Federal grants"
"FLAGS2024","F2PELL","3","Does not award Pell grants"
"FLAGS2024","F2PELL","-1","Not reported"
"FLAGS2024","F2PELL","-2","Not applicable"
"FLAGS2024","F3PELL","1","Pass through (agency)"
"FLAGS2024","F3PELL","2","Federal grants"
"FLAGS2024","F3PELL","3","Does not award Pell grants"
"FLAGS2024","F3PELL","-1","Not reported"
"FLAGS2024","F3PELL","-2","Not applicable"
"FLAGS2024","F_ATHRV1","1","Yes, included with sales and services of educational activities"
"FLAGS2024","F_ATHRV1","0","Not included with sales and services of educational activities"
"FLAGS2024","F_ATHRV1","-1","Not reported"
"FLAGS2024","F_ATHRV1","-2","Not applicable"
"FLAGS2024","F_ATHRV2","1","Yes, included with sales and services of auxiliary enterprises"
"FLAGS2024","F_ATHRV2","0","Not included with sales and services of auxiliary enterprises"
"FLAGS2024","F_ATHRV2","-1","Not reported"
"FLAGS2024","F_ATHRV2","-2","Not applicable"
"FLAGS2024","F_ATHRV9","1","Yes, included with sources other than sales and services"
"FLAGS2024","F_ATHRV9","0","Not included with sources other than sales and services"
"FLAGS2024","F_ATHRV9","-1","Not reported"
"FLAGS2024","F_ATHRV9","-2","Not applicable"
"FLAGS2024","FCOLATHL","1","Yes"
"FLAGS2024","FCOLATHL","2","No"
"FLAGS2024","FCOLATHL","-1","Not reported"
"FLAGS2024","FCOLATHL","-2","Not applicable"
"FLAGS2024","F_ATHEX1","1","Yes, accounted for as auxiliary enterprisesv"
"FLAGS2024","F_ATHEX1","0","Not accounted for as auxlliary enterprises"
"FLAGS2024","F_ATHEX1","-1","Not reported"
"FLAGS2024","F_ATHEX1","-2","Not applicable"
"FLAGS2024","F_ATHEX2","1","Yes, accounted for as student services"
"FLAGS2024","F_ATHEX2","0","Not accounted for as student services"
"FLAGS2024","F_ATHEX2","-1","Not reported"
"FLAGS2024","F_ATHEX2","-2","Not applicable"
"FLAGS2024","F_ATHEX9","1","Yes, accounted for as other expense functional category"
"FLAGS2024","F_ATHEX9","0","Not accounted for as other expense functional category"
"FLAGS2024","F_ATHEX9","-1","Not reported"
"FLAGS2024","F_ATHEX9","-2","Not applicable"
"FLAGS2024","F_ATHRV","1","Has athletic revenues"
"FLAGS2024","F_ATHRV","2","Does not have athletic revenues"
"FLAGS2024","F_ATHRV","-1","Not reported"
"FLAGS2024","F_ATHRV","-2","Not applicable"
"FLAGS2024","F3BIST","1","Sole Proprietorship"
"FLAGS2024","F3BIST","2","Partnership (General, Limited, Limited Liability) "
"FLAGS2024","F3BIST","3","C Corporation "
"FLAGS2024","F3BIST","4","S Corporation "
"FLAGS2024","F3BIST","5","Limited Liability Company (LLC) "
"FLAGS2024","F3BIST","-1","Not reported"
"FLAGS2024","F3BIST","-2","Not applicable"
"FLAGS2024","STAT_SFA","1","Respondent"
"FLAGS2024","STAT_SFA","2","Partial respondent, imputed"
"FLAGS2024","STAT_SFA","4","Nonrespondent, imputed"
"FLAGS2024","STAT_SFA","5","Nonrespondent, not imputed"
"FLAGS2024","STAT_SFA","-2","Not applicable"
"FLAGS2024","STAT_SFA","-9","Not active"
"FLAGS2024","LOCK_SFA","8","Complete, final lock applied"
"FLAGS2024","LOCK_SFA","0","No data submitted"
"FLAGS2024","LOCK_SFA","1","Has data, not edited"
"FLAGS2024","LOCK_SFA","3","Edited, some errors/warnings remain"
"FLAGS2024","LOCK_SFA","-2","Not applicable"
"FLAGS2024","PRCH_SFA","1","Parent record - includes data from branch campuses"
"FLAGS2024","PRCH_SFA","2","Child record - data reported with parent campus"
"FLAGS2024","PRCH_SFA","-2","Not applicable"
"FLAGS2024","IMP_SFA","1","Carry forward (CF)"
"FLAGS2024","IMP_SFA","2","Nearest neighbor (NN)"
"FLAGS2024","IMP_SFA","3","Group median (GM)"
"FLAGS2024","IMP_SFA","-2","Not applicable"
"FLAGS2024","SFAFORM","1","Undergraduate student financial and undergraduate military servicemembers/veteran's benefits are applicable"
"FLAGS2024","SFAFORM","2","Undergraduate student financial and undergraduate and graduate military servicemembers/veteran's benefits are applicable"
"FLAGS2024","SFAFORM","3","Graduate military servicemembers/veteran's benefits screens are applicable"
"FLAGS2024","SFAFORM","-2","Not applicable"
"FLAGS2024","STAT_GR","1","Respondent"
"FLAGS2024","STAT_GR","2","Partial respondent, imputed"
"FLAGS2024","STAT_GR","4","Nonrespondent, imputed"
"FLAGS2024","STAT_GR","5","Nonrespondent, not imputed"
"FLAGS2024","STAT_GR","-2","Not applicable"
"FLAGS2024","STAT_GR","-9","Not active"
"FLAGS2024","LOCK_GR","0","No data submitted"
"FLAGS2024","LOCK_GR","1","Has data, not edited"
"FLAGS2024","LOCK_GR","3","Edited"
"FLAGS2024","LOCK_GR","8","Complete"
"FLAGS2024","LOCK_GR","-2","Not applicable"
"FLAGS2024","PRCH_GR","1","Parent record -  includes data from child campuses"
"FLAGS2024","PRCH_GR","2","Child record - data reported at parent campus"
"FLAGS2024","PRCH_GR","-2","Not applicable"
"FLAGS2024","IMP_GR","1","Carry foreward (CF)"
"FLAGS2024","IMP_GR","2","Nearest neighbor (NN)"
"FLAGS2024","IMP_GR","3","Group median (GM)"
"FLAGS2024","IMP_GR","-2","Not applicable"
"FLAGS2024","COHRTSTU","1","Yes"
"FLAGS2024","COHRTSTU","2","No, did not enroll full-time, first-time (undergraduate) students"
"FLAGS2024","COHRTSTU","3","No, did not offer programs at or below the baccalaureate level"
"FLAGS2024","COHRTSTU","4","No, institution was not in operation in cohort year"
"FLAGS2024","COHRTSTU","-1","Not reported"
"FLAGS2024","COHRTSTU","-2","Not applicable"
"FLAGS2024","STAT_GR2","1","Respondent"
"FLAGS2024","STAT_GR2","2","Partial respondent, imputed"
"FLAGS2024","STAT_GR2","4","Nonrespondent, imputed"
"FLAGS2024","STAT_GR2","5","Nonrespondent, not imputed"
"FLAGS2024","STAT_GR2","-2","Not applicable"
"FLAGS2024","STAT_GR2","-9","Not active"
"FLAGS2024","LOCK_GR2","0","No data submitted"
"FLAGS2024","LOCK_GR2","1","Has data, not edited"
"FLAGS2024","LOCK_GR2","8","Complete"
"FLAGS2024","LOCK_GR2","-2","Not applicable"
"FLAGS2024","PRCH_GR2","1","Parent record -  includes data from child campuses"
"FLAGS2024","PRCH_GR2","2","Child record - data reported at parent campus"
"FLAGS2024","PRCH_GR2","-2","Not applicable"
"FLAGS2024","IMP_GR2","1","Carry foreward (CF)"
"FLAGS2024","IMP_GR2","2","Nearest neighbor (NN)"
"FLAGS2024","IMP_GR2","3","Group median (GM)"
"FLAGS2024","IMP_GR2","-2","Not applicable"
"FLAGS2024","STAT_OM","1","Respondent"
"FLAGS2024","STAT_OM","2","Partial respondent, imputed"
"FLAGS2024","STAT_OM","4","Nonrespondent, imputed"
"FLAGS2024","STAT_OM","5","Nonrespondent, not imputed"
"FLAGS2024","STAT_OM","-2","Not applicable"
"FLAGS2024","STAT_OM","-9","Not active"
"FLAGS2024","LOCK_OM","0","No data submitted"
"FLAGS2024","LOCK_OM","1","Has data, not edited"
"FLAGS2024","LOCK_OM","3","Edited"
"FLAGS2024","LOCK_OM","8","Complete"
"FLAGS2024","LOCK_OM","-2","Not applicable"
"FLAGS2024","PRCH_OM","1","Parent record -  includes data from child campuses"
"FLAGS2024","PRCH_OM","2","Child record - data reported at parent campus"
"FLAGS2024","PRCH_OM","-2","Not applicable"
"FLAGS2024","IMP_OM","1","Carry foreward (CF)"
"FLAGS2024","IMP_OM","2","Nearest neighbor (NN)"
"FLAGS2024","IMP_OM","-2","Not applicable"
"FLAGS2024","STAT_EAP","1","Respondent"
"FLAGS2024","STAT_EAP","4","Nonrespondent, imputed"
"FLAGS2024","STAT_EAP","5","Nonrespondent, not imputed"
"FLAGS2024","STAT_EAP","-2","Not applicable"
"FLAGS2024","STAT_EAP","-9","Not active"
"FLAGS2024","STAT_HR","1","Respondent"
"FLAGS2024","STAT_HR","2","Partial respondent, imputed"
"FLAGS2024","STAT_HR","4","Nonrespondent, imputed"
"FLAGS2024","STAT_HR","5","Nonrespondent, not imputed"
"FLAGS2024","STAT_HR","-2","Not applicable"
"FLAGS2024","STAT_HR","-9","Not active"
"FLAGS2024","IMP_HR","1","Carry foreward (CF)"
"FLAGS2024","IMP_HR","2","Nearest neighbor (NN)"
"FLAGS2024","IMP_HR","3","Group median (GM)"
"FLAGS2024","IMP_HR","4","Mixed method (CF) and (NN)"
"FLAGS2024","IMP_HR","-2","Not applicable"
"FLAGS2024","LOCK_HR","0","No data submitted"
"FLAGS2024","LOCK_HR","1","Has data not edited"
"FLAGS2024","LOCK_HR","3","Edited, some errors/warnings remain"
"FLAGS2024","LOCK_HR","5","Clean, not completed"
"FLAGS2024","LOCK_HR","8","Complete, final lock applied"
"FLAGS2024","LOCK_HR","-2","Not applicable"
"FLAGS2024","PRCH_HR","1","Parent record includes data from child campuses"
"FLAGS2024","PRCH_HR","2","Child record - all data reported with parent campus"
"FLAGS2024","PRCH_HR","-2","Not applicable"
"FLAGS2024","TENURSYS","1","Has tenure system"
"FLAGS2024","TENURSYS","2","No tenure system"
"FLAGS2024","TENURSYS","-1","Not reported"
"FLAGS2024","TENURSYS","-2","Not applicable"
"FLAGS2024","STAT_AL","1","Response"
"FLAGS2024","STAT_AL","2","Partial respondent, imputed"
"FLAGS2024","STAT_AL","4","Nonrespondent, imputed"
"FLAGS2024","STAT_AL","5","Nonrespondent, not imputed"
"FLAGS2024","STAT_AL","-2","Not applicable"
"FLAGS2024","STAT_AL","-9","Not active"
"FLAGS2024","LOCK_AL","0","No data submitted"
"FLAGS2024","LOCK_AL","8","Complete, final lock applied"
"FLAGS2024","LOCK_AL","-2","Not applicable"
"FLAGS2024","PRCH_AL","1","Parent record includes data from child campuses"
"FLAGS2024","PRCH_AL","2","Child record - all data reported with parent campus"
"FLAGS2024","PRCH_AL","-2","Not applicable"
"FLAGS2024","IMP_AL","1","Carry forward (CF)"
"FLAGS2024","IMP_AL","2","Nearest neighbor (NN)"
"FLAGS2024","IMP_AL","3","Group median (GM)"
"FLAGS2024","IMP_AL","-2","Not applicable"
"FLAGS2024","HASAL","1","Yes, have access to library collections and have library expenses
"
"FLAGS2024","HASAL","2","Yes, have access to library collections, but no library expenses
"
"FLAGS2024","HASAL","3","No access to library collections, but have library expenses
"
"FLAGS2024","HASAL","0","No access to library collections and no library expenses"
"FLAGS2024","HASAL","-2","Not applicable"
"FLAGS2024","HASAL","-1","Not reported"
"ADM2024","ADMCON1","1","Required to be considered for admission"
"ADM2024","ADMCON1","5","Not required for admission, but considered if submitted"
"ADM2024","ADMCON1","3","Not considered for admission, even if submitted"
"ADM2024","ADMCON1","-1","Not reported"
"ADM2024","ADMCON1","-2","Not applicable"
"ADM2024","ADMCON2","1","Required to be considered for admission"
"ADM2024","ADMCON2","5","Not required for admission, but considered if submitted"
"ADM2024","ADMCON2","3","Not considered for admission, even if submitted"
"ADM2024","ADMCON2","-1","Not reported"
"ADM2024","ADMCON2","-2","Not applicable"
"ADM2024","ADMCON3","1","Required to be considered for admission"
"ADM2024","ADMCON3","5","Not required for admission, but considered if submitted"
"ADM2024","ADMCON3","3","Not considered for admission, even if submitted"
"ADM2024","ADMCON3","-1","Not reported"
"ADM2024","ADMCON3","-2","Not applicable"
"ADM2024","ADMCON4","1","Required to be considered for admission"
"ADM2024","ADMCON4","5","Not required for admission, but considered if submitted"
"ADM2024","ADMCON4","3","Not considered for admission, even if submitted"
"ADM2024","ADMCON4","-1","Not reported"
"ADM2024","ADMCON4","-2","Not applicable"
"ADM2024","ADMCON5","1","Required to be considered for admission"
"ADM2024","ADMCON5","5","Not required for admission, but considered if submitted"
"ADM2024","ADMCON5","3","Not considered for admission, even if submitted"
"ADM2024","ADMCON5","-1","Not reported"
"ADM2024","ADMCON5","-2","Not applicable"
"ADM2024","ADMCON6","1","Required to be considered for admission"
"ADM2024","ADMCON6","5","Not required for admission, but considered if submitted"
"ADM2024","ADMCON6","3","Not considered for admission, even if submitted"
"ADM2024","ADMCON6","-1","Not reported"
"ADM2024","ADMCON6","-2","Not applicable"
"ADM2024","ADMCON10","1","Required to be considered for admission"
"ADM2024","ADMCON10","5","Not required for admission, but considered if submitted"
"ADM2024","ADMCON10","3","Not considered for admission, even if submitted"
"ADM2024","ADMCON10","-1","Not reported"
"ADM2024","ADMCON10","-2","Not applicable"
"ADM2024","ADMCON11","1","Required to be considered for admission"
"ADM2024","ADMCON11","5","Not required for admission, but considered if submitted"
"ADM2024","ADMCON11","3","Not considered for admission, even if submitted"
"ADM2024","ADMCON11","-1","Not reported"
"ADM2024","ADMCON11","-2","Not applicable"
"ADM2024","ADMCON12","5","Not required for admission, but considered if submitted"
"ADM2024","ADMCON12","3","Not considered for admission, even if submitted"
"ADM2024","ADMCON12","-1","Not reported"
"ADM2024","ADMCON12","-2","Not applicable"
"ADM2024","ADMCON7","1","Required to be considered for admission"
"ADM2024","ADMCON7","5","Not required for admission, but considered if submitted (Test Optional)"
"ADM2024","ADMCON7","3","Not considered for admission, even if submitted (Test Blind)"
"ADM2024","ADMCON7","-1","Not reported"
"ADM2024","ADMCON7","-2","Not applicable"
"ADM2024","ADMCON8","1","Required to be considered for admission"
"ADM2024","ADMCON8","5","Not required for admission, but considered if submitted (Test Optional)"
"ADM2024","ADMCON8","3","Not considered for admission, even if submitted (Test Blind)"
"ADM2024","ADMCON8","-1","Not reported"
"ADM2024","ADMCON8","-2","Not applicable"
"ADM2024","ADMCON9","1","Required to be considered for admission"
"ADM2024","ADMCON9","5","Not required for admission, but considered if submitted (Test Optional)"
"ADM2024","ADMCON9","3","Not considered for admission, even if submitted (Test Blind)"
"ADM2024","ADMCON9","-1","Not reported"
"ADM2024","ADMCON9","-2","Not applicable"
"EFFY2024","EFFYLEV","1","All students total"
"EFFY2024","EFFYLEV","2","Undergraduate"
"EFFY2024","EFFYLEV","4","Graduate"
"EFFY2024","EFFYLEV","-2","Not applicable, undergraduate detail"
"EFFY2024","EFFYALEV","1","All students total"
"EFFY2024","EFFYALEV","2","All students, Undergraduate total"
"EFFY2024","EFFYALEV","3","All students, Undergraduate, Degree/certificate-seeking total"
"EFFY2024","EFFYALEV","4","All students, Undergraduate, Degree/certificate-seeking, First-time"
"EFFY2024","EFFYALEV","5","All students, Undergraduate, Other degree/certificate-seeking"
"EFFY2024","EFFYALEV","19","All students, Undergraduate, Other degree/certificate-seeking, Transfer-ins"
"EFFY2024","EFFYALEV","20","All students, Undergraduate, Other degree/certificate-seeking, Continuing"
"EFFY2024","EFFYALEV","11","All students, Undergraduate, Non-degree/certificate-seeking"
"EFFY2024","EFFYALEV","12","All students, Graduate"
"EFFY2024","EFFYALEV","21","Full-time students total"
"EFFY2024","EFFYALEV","22","Full-time students, Undergraduate total"
"EFFY2024","EFFYALEV","23","Full-time students, Undergraduate, Degree/certificate-seeking total"
"EFFY2024","EFFYALEV","24","Full-time students, Undergraduate, Degree/certificate-seeking, First-time"
"EFFY2024","EFFYALEV","25","Full-time students, Undergraduate, Degree/certificate-seeking, Other degree/certificate-seeking"
"EFFY2024","EFFYALEV","39","Full-time students, Undergraduate, Other degree/certificate-seeking, Transfer-ins"
"EFFY2024","EFFYALEV","40","Full-time students, Undergraduate, Other degree/certificate-seeking, Continuing"
"EFFY2024","EFFYALEV","31","Full-time students, Undergraduate, Non-degree/certificate-seeking"
"EFFY2024","EFFYALEV","32","Full-time students, Graduate"
"EFFY2024","EFFYALEV","41","Part-time students total"
"EFFY2024","EFFYALEV","42","Part-time students, Undergraduate total"
"EFFY2024","EFFYALEV","43","Part-time students, Undergraduate, Degree/certificate-seeking total"
"EFFY2024","EFFYALEV","44","Part-time students, Undergraduate, Degree/certificate-seeking, First-time"
"EFFY2024","EFFYALEV","45","Part-time students, Undergraduate, Degree/certificate-seeking, Other degree/certificate-seeking"
"EFFY2024","EFFYALEV","59","Part-time students, Undergraduate, Other degree/certificate-seeking, Transfer-ins"
"EFFY2024","EFFYALEV","60","Part-time students, Undergraduate, Other degree/certificate-seeking, Continuing"
"EFFY2024","EFFYALEV","51","Part-time students, Undergraduate, Non-degree/certificate-seeking"
"EFFY2024","EFFYALEV","52","Part-time students, Graduate"
"EFFY2024","LSTUDY","1","Undergraduate"
"EFFY2024","LSTUDY","2","First professional"
"EFFY2024","LSTUDY","3","Graduate"
"EFFY2024","LSTUDY","999","Generated total"
"EFIA2024","ACTTYPE","1","Clock hours"
"EFIA2024","ACTTYPE","2","Credit hours"
"EFIA2024","ACTTYPE","3","Both clock and credit hours"
"EFIA2024","ACTTYPE","-1","Not reported"
"EFIA2024","ACTTYPE","-2","Not applicable"
"EFFY2024_DIST","EFFYDLEV","1","All students total"
"EFFY2024_DIST","EFFYDLEV","2","Undergraduate total"
"EFFY2024_DIST","EFFYDLEV","3","Undergraduate, degree/certificate-seeking"
"EFFY2024_DIST","EFFYDLEV","11","Undergraduate, non-degree/certificate-seeking"
"EFFY2024_DIST","EFFYDLEV","12","Graduate"
"EF2024A","EFALEVEL","1","All students total"
"EF2024A","EFALEVEL","2","All students, Undergraduate total"
"EF2024A","EFALEVEL","3","All students, Undergraduate, Degree/certificate-seeking total"
"EF2024A","EFALEVEL","4","All students, Undergraduate, Degree/certificate-seeking, First-time"
"EF2024A","EFALEVEL","5","All students, Undergraduate, Other degree/certificate-seeking"
"EF2024A","EFALEVEL","19","All students, Undergraduate, Other degree/certificatee-seeking, Transfer-ins"
"EF2024A","EFALEVEL","20","All students, Undergraduate, Other degree/certificatee-seeking, Continuing"
"EF2024A","EFALEVEL","11","All students, Undergraduate, Non-degree/certificate-seeking"
"EF2024A","EFALEVEL","71","All students, Undergraduate, Degree-seeking status unknown - Nondegree-granting institutions"
"EF2024A","EFALEVEL","12","All students, Graduate"
"EF2024A","EFALEVEL","21","Full-time students total"
"EF2024A","EFALEVEL","22","Full-time students, Undergraduate total"
"EF2024A","EFALEVEL","23","Full-time students, Undergraduate, Degree/certificate-seeking total"
"EF2024A","EFALEVEL","24","Full-time students, Undergraduate, Degree/certificate-seeking, First-time"
"EF2024A","EFALEVEL","25","Full-time students, Undergraduate, Degree/certificate-seeking, Other degree/certificate-seeking"
"EF2024A","EFALEVEL","39","Full-time students, Undergraduate, Other degree/certificatee-seeking, Transfer-ins"
"EF2024A","EFALEVEL","40","Full-time students, Undergraduate, Other degree/certificatee-seeking, Continuing"
"EF2024A","EFALEVEL","31","Full-time students, Undergraduate, Non-degree/certificate-seeking"
"EF2024A","EFALEVEL","72","Full-time students, Undergraduate, Degree-seeking status unknown - Nondegree-granting institutions"
"EF2024A","EFALEVEL","32","Full-time students, Graduate"
"EF2024A","EFALEVEL","41","Part-time students total"
"EF2024A","EFALEVEL","42","Part-time students, Undergraduate total"
"EF2024A","EFALEVEL","43","Part-time students, Undergraduate, Degree/certificate-seeking total"
"EF2024A","EFALEVEL","44","Part-time students, Undergraduate, Degree/certificate-seeking, First-time"
"EF2024A","EFALEVEL","45","Part-time students, Undergraduate, Degree/certificate-seeking, Other degree/certificate-seeking"
"EF2024A","EFALEVEL","59","Part-time students, Undergraduate, Other degree/certificatee-seeking, Transfer-ins"
"EF2024A","EFALEVEL","60","Part-time students, Undergraduate, Other degree/certificatee-seeking, Continuing"
"EF2024A","EFALEVEL","51","Part-time students, Undergraduate, Non-degree/certificate-seeking"
"EF2024A","EFALEVEL","73","Part-time students, Undergraduate, Degree-seeking status unknown - Nondegree-granting institutions"
"EF2024A","EFALEVEL","52","Part-time students, Graduate"
"EF2024B","EFBAGE","1","All age categories total"
"EF2024B","EFBAGE","2","Age under 25 total"
"EF2024B","EFBAGE","3","Age under 18"
"EF2024B","EFBAGE","4","Age 18-19"
"EF2024B","EFBAGE","5","Age 20-21"
"EF2024B","EFBAGE","6","Age 22-24"
"EF2024B","EFBAGE","7","Age 25 and over total"
"EF2024B","EFBAGE","8","Age 25-29"
"EF2024B","EFBAGE","9","Age 30-34"
"EF2024B","EFBAGE","10","Age 35-39"
"EF2024B","EFBAGE","11","Age 40-49"
"EF2024B","EFBAGE","12","Age 50-64"
"EF2024B","EFBAGE","13","Age 65 and over"
"EF2024B","EFBAGE","14","Age unknown"
"EF2024B","LSTUDY","1","All Students total"
"EF2024B","LSTUDY","2","Undergraduate"
"EF2024B","LSTUDY","5","Graduate"
"EF2024C","EFCSTATE","99","All first-time degree/certificate seeking undergraduates, total"
"EF2024C","EFCSTATE","58","US total"
"EF2024C","EFCSTATE","1","Alabama"
"EF2024C","EFCSTATE","2","Alaska"
"EF2024C","EFCSTATE","4","Arizona"
"EF2024C","EFCSTATE","5","Arkansas"
"EF2024C","EFCSTATE","6","California"
"EF2024C","EFCSTATE","8","Colorado"
"EF2024C","EFCSTATE","9","Connecticut"
"EF2024C","EFCSTATE","10","Delaware"
"EF2024C","EFCSTATE","11","District of Columbia"
"EF2024C","EFCSTATE","12","Florida"
"EF2024C","EFCSTATE","13","Georgia"
"EF2024C","EFCSTATE","15","Hawaii"
"EF2024C","EFCSTATE","16","Idaho"
"EF2024C","EFCSTATE","17","Illinois"
"EF2024C","EFCSTATE","18","Indiana"
"EF2024C","EFCSTATE","19","Iowa"
"EF2024C","EFCSTATE","20","Kansas"
"EF2024C","EFCSTATE","21","Kentucky"
"EF2024C","EFCSTATE","22","Louisiana"
"EF2024C","EFCSTATE","23","Maine"
"EF2024C","EFCSTATE","24","Maryland"
"EF2024C","EFCSTATE","25","Massachusetts"
"EF2024C","EFCSTATE","26","Michigan"
"EF2024C","EFCSTATE","27","Minnesota"
"EF2024C","EFCSTATE","28","Mississippi"
"EF2024C","EFCSTATE","29","Missouri"
"EF2024C","EFCSTATE","30","Montana"
"EF2024C","EFCSTATE","31","Nebraska"
"EF2024C","EFCSTATE","32","Nevada"
"EF2024C","EFCSTATE","33","New Hampshire"
"EF2024C","EFCSTATE","34","New Jersey"
"EF2024C","EFCSTATE","35","New Mexico"
"EF2024C","EFCSTATE","36","New York"
"EF2024C","EFCSTATE","37","North Carolina"
"EF2024C","EFCSTATE","38","North Dakota"
"EF2024C","EFCSTATE","39","Ohio"
"EF2024C","EFCSTATE","40","Oklahoma"
"EF2024C","EFCSTATE","41","Oregon"
"EF2024C","EFCSTATE","42","Pennsylvania"
"EF2024C","EFCSTATE","44","Rhode Island"
"EF2024C","EFCSTATE","45","South Carolina"
"EF2024C","EFCSTATE","46","South Dakota"
"EF2024C","EFCSTATE","47","Tennessee"
"EF2024C","EFCSTATE","48","Texas"
"EF2024C","EFCSTATE","49","Utah"
"EF2024C","EFCSTATE","50","Vermont"
"EF2024C","EFCSTATE","51","Virginia"
"EF2024C","EFCSTATE","53","Washington"
"EF2024C","EFCSTATE","54","West Virginia"
"EF2024C","EFCSTATE","55","Wisconsin"
"EF2024C","EFCSTATE","56","Wyoming"
"EF2024C","EFCSTATE","57","State unknown"
"EF2024C","EFCSTATE","89","Outlying areas total"
"EF2024C","EFCSTATE","60","American Samoa"
"EF2024C","EFCSTATE","64","Federated States of Micronesia"
"EF2024C","EFCSTATE","66","Guam"
"EF2024C","EFCSTATE","68","Marshall Islands"
"EF2024C","EFCSTATE","69","Northern Marianas"
"EF2024C","EFCSTATE","70","Palau"
"EF2024C","EFCSTATE","72","Puerto Rico"
"EF2024C","EFCSTATE","78","Virgin Islands"
"EF2024C","EFCSTATE","90","Foreign countries"
"EF2024C","EFCSTATE","98","Residence not reported"
"EF2024CP","EFCIPLEV","","13.0000-Education"
"EF2024CP","EFCIPLEV","101","13.0000-Education, All students total"
"EF2024CP","EFCIPLEV","102","13.0000-Education, Undergraduate total"
"EF2024CP","EFCIPLEV","103","13.0000-Education, Undergraduate, Degree/certificate-seeking total"
"EF2024CP","EFCIPLEV","104","13.0000-Education, Undergraduate, Degree/certificate-seeking, First-time"
"EF2024CP","EFCIPLEV","105","13.0000-Education, Undergraduate, Other degree/certificate-seeking, Total"
"EF2024CP","EFCIPLEV","119","13.0000-Education, Undergraduate, Other degree/certificate-seeking, Transfer-ins"
"EF2024CP","EFCIPLEV","120","13.0000-Education, Undergraduate, Other degree/certificate-seeking, Continuing"
"EF2024CP","EFCIPLEV","111","13.0000-Education, Undergraduate, Non-degree/certificate-seeking"
"EF2024CP","EFCIPLEV","112","13.0000-Education, Graduate"
"EF2024CP","EFCIPLEV","121","13.0000-Education, Full-time students total"
"EF2024CP","EFCIPLEV","122","13.0000-Education, Full-time students, Undergraduate total"
"EF2024CP","EFCIPLEV","123","13.0000-Education, Full-time students, Undergraduate, Degree/certificate-seeking total"
"EF2024CP","EFCIPLEV","124","13.0000-Education, Full-time students, Undergraduate, Degree/certificate-seeking, First-time"
"EF2024CP","EFCIPLEV","125","13.0000-Education, Full-time students, Undergraduate, Other degree/certificate-seeking, Total"
"EF2024CP","EFCIPLEV","139","13.0000-Education, Full-time students, Undergraduate, Other degree/certificate-seeking, Transfer-ins"
"EF2024CP","EFCIPLEV","140","13.0000-Education, Full-time students, Undergraduate, Other degree/certificate-seeking, Continuing"
"EF2024CP","EFCIPLEV","131","13.0000-Education, Full-time students, Undergraduate, Non-degree/certificate-seeking"
"EF2024CP","EFCIPLEV","132","13.0000-Education, Full-time students, Graduate"
"EF2024CP","EFCIPLEV","141","13.0000-Education, Part-time students total"
"EF2024CP","EFCIPLEV","142","13.0000-Education, Part-time students, Undergraduate total"
"EF2024CP","EFCIPLEV","143","13.0000-Education, Part-time students, Undergraduate, Degree/certificate-seeking total"
"EF2024CP","EFCIPLEV","144","13.0000-Education, Part-time students, Undergraduate, Degree/certificate-seeking, First-time"
"EF2024CP","EFCIPLEV","145","13.0000-Education, Part-time students, Undergraduate, Other degree/certificate-seeking, Total"
"EF2024CP","EFCIPLEV","159","13.0000-Education, Part-time students, Undergraduate, Other degree/certificate-seeking, Transfer-ins"
"EF2024CP","EFCIPLEV","160","13.0000-Education, Part-time students, Undergraduate, Other degree/certificate-seeking, Continuing"
"EF2024CP","EFCIPLEV","151","13.0000-Education, Part-time students, Undergraduate, Non-degree/certificate-seeking"
"EF2024CP","EFCIPLEV","152","13.0000-Education, Part-time students, Graduate"
"EF2024CP","EFCIPLEV","201","14.0000-Engineering, All students total"
"EF2024CP","EFCIPLEV","202","14.0000-Engineering, Undergraduate total"
"EF2024CP","EFCIPLEV","203","14.0000-Engineering, Undergraduate, Degree/certificate-seeking total"
"EF2024CP","EFCIPLEV","204","14.0000-Engineering, Undergraduate, Degree/certificate-seeking, First-time"
"EF2024CP","EFCIPLEV","205","14.0000-Engineering, Undergraduate, Other degree/certificate-seeking, Total"
"EF2024CP","EFCIPLEV","219","14.0000-Engineering, Undergraduate, Other degree/certificate-seeking, Transfer-ins"
"EF2024CP","EFCIPLEV","220","14.0000-Engineering, Undergraduate, Other degree/certificate-seeking, Continuing"
"EF2024CP","EFCIPLEV","211","14.0000-Engineering, Undergraduate, Non-degree/certificate-seeking"
"EF2024CP","EFCIPLEV","212","14.0000-Engineering, Graduate"
"EF2024CP","EFCIPLEV","221","14.0000-Engineering, Full-time students total"
"EF2024CP","EFCIPLEV","222","14.0000-Engineering, Full-time students, Undergraduate total"
"EF2024CP","EFCIPLEV","223","14.0000-Engineering, Full-time students, Undergraduate, Degree/certificate-seeking total"
"EF2024CP","EFCIPLEV","224","14.0000-Engineering, Full-time students, Undergraduate, Degree/certificate-seeking, First-time"
"EF2024CP","EFCIPLEV","225","14.0000-Engineering, Full-time students, Undergraduate, Other degree/certificate-seeking, Total"
"EF2024CP","EFCIPLEV","239","14.0000-Engineering, Full-time students, Undergraduate, Other degree/certificate-seeking, Transfer-ins"
"EF2024CP","EFCIPLEV","240","14.0000-Engineering, Full-time students, Undergraduate, Other degree/certificate-seeking, Continuing"
"EF2024CP","EFCIPLEV","231","14.0000-Engineering, Full-time students, Undergraduate, Non-degree/certificate-seeking"
"EF2024CP","EFCIPLEV","232","14.0000-Engineering, Full-time students, Graduate"
"EF2024CP","EFCIPLEV","241","14.0000-Engineering, Part-time students total"
"EF2024CP","EFCIPLEV","242","14.0000-Engineering, Part-time students, Undergraduate total"
"EF2024CP","EFCIPLEV","243","14.0000-Engineering, Part-time students, Undergraduate, Degree/certificate-seeking total"
"EF2024CP","EFCIPLEV","244","14.0000-Engineering, Part-time students, Undergraduate, Degree/certificate-seeking, First-time"
"EF2024CP","EFCIPLEV","245","14.0000-Engineering, Part-time students, Undergraduate, Other degree/certificate-seeking, Total"
"EF2024CP","EFCIPLEV","259","14.0000-Engineering, Part-time students, Undergraduate, Other degree/certificate-seeking, Transfer-ins"
"EF2024CP","EFCIPLEV","260","14.0000-Engineering, Part-time students, Undergraduate, Other degree/certificate-seeking, Continuing"
"EF2024CP","EFCIPLEV","251","14.0000-Engineering, Part-time students, Undergraduate, Non-degree/certificate-seeking"
"EF2024CP","EFCIPLEV","252","14.0000-Engineering, Part-time students, Graduate"
"EF2024CP","EFCIPLEV","301","26.0000-Biological Sciences/Life Sciences, All students total"
"EF2024CP","EFCIPLEV","302","26.0000-Biological Sciences/Life Sciences, Undergraduate total"
"EF2024CP","EFCIPLEV","303","26.0000-Biological Sciences/Life Sciences, Undergraduate, Degree/certificate-seeking total"
"EF2024CP","EFCIPLEV","304","26.0000-Biological Sciences/Life Sciences, Undergraduate, Degree/certificate-seeking, First-time"
"EF2024CP","EFCIPLEV","305","26.0000-Biological Sciences/Life Sciences, Undergraduate, Other degree/certificate-seeking, Total"
"EF2024CP","EFCIPLEV","319","26.0000-Biological Sciences/Life Sciences, Undergraduate, Other degree/certificate-seeking, Transfer-ins"
"EF2024CP","EFCIPLEV","320","26.0000-Biological Sciences/Life Sciences, Undergraduate, Other degree/certificate-seeking, Continuing"
"EF2024CP","EFCIPLEV","311","26.0000-Biological Sciences/Life Sciences, Undergraduate, Non-degree/certificate-seeking"
"EF2024CP","EFCIPLEV","312","26.0000-Biological Sciences/Life Sciences, Graduate"
"EF2024CP","EFCIPLEV","321","26.0000-Biological Sciences/Life Sciences, Full-time students total"
"EF2024CP","EFCIPLEV","322","26.0000-Biological Sciences/Life Sciences, Full-time students, Undergraduate total"
"EF2024CP","EFCIPLEV","323","26.0000-Biological Sciences/Life Sciences, Full-time students, Undergraduate, Degree/certificate-seeking total"
"EF2024CP","EFCIPLEV","324","26.0000-Biological Sciences/Life Sciences, Full-time students, Undergraduate, Degree/certificate-seeking, First-time"
"EF2024CP","EFCIPLEV","325","26.0000-Biological Sciences/Life Sciences, Full-time students, Undergraduate, Other degree/certificate-seeking, Total"
"EF2024CP","EFCIPLEV","339","26.0000-Biological Sciences/Life Sciences, Full-time students, Undergraduate, Other degree/certificate-seeking, Transfer-ins"
"EF2024CP","EFCIPLEV","340","26.0000-Biological Sciences/Life Sciences, Full-time students, Undergraduate, Other degree/certificate-seeking, Continuing"
"EF2024CP","EFCIPLEV","331","26.0000-Biological Sciences/Life Sciences, Full-time students, Undergraduate, Non-degree/certificate-seeking"
"EF2024CP","EFCIPLEV","332","26.0000-Biological Sciences/Life Sciences, Full-time students, Graduate"
"EF2024CP","EFCIPLEV","341","26.0000-Biological Sciences/Life Sciences, Part-time students total"
"EF2024CP","EFCIPLEV","342","26.0000-Biological Sciences/Life Sciences, Part-time students, Undergraduate total"
"EF2024CP","EFCIPLEV","343","26.0000-Biological Sciences/Life Sciences, Part-time students, Undergraduate, Degree/certificate-seeking total"
"EF2024CP","EFCIPLEV","344","26.0000-Biological Sciences/Life Sciences, Part-time students, Undergraduate, Degree/certificate-seeking, First-time"
"EF2024CP","EFCIPLEV","345","26.0000-Biological Sciences/Life Sciences, Part-time students, Undergraduate, Other degree/certificate-seeking, Total"
"EF2024CP","EFCIPLEV","359","26.0000-Biological Sciences/Life Sciences, Part-time students, Undergraduate, Other degree/certificate-seeking, Transfer-ins"
"EF2024CP","EFCIPLEV","360","26.0000-Biological Sciences/Life Sciences, Part-time students, Undergraduate, Other degree/certificate-seeking, Continuing"
"EF2024CP","EFCIPLEV","351","26.0000-Biological Sciences/Life Sciences, Part-time students, Undergraduate, Non-degree/certificate-seeking"
"EF2024CP","EFCIPLEV","352","26.0000-Biological Sciences/Life Sciences, Part-time students, Graduate"
"EF2024CP","EFCIPLEV","401","27.0000-Mathematics, All students total"
"EF2024CP","EFCIPLEV","402","27.0000-Mathematics, Undergraduate total"
"EF2024CP","EFCIPLEV","403","27.0000-Mathematics, Undergraduate, Degree/certificate-seeking total"
"EF2024CP","EFCIPLEV","404","27.0000-Mathematics, Undergraduate, Degree/certificate-seeking, First-time"
"EF2024CP","EFCIPLEV","405","27.0000-Mathematics, Undergraduate, Other degree/certificate-seeking, Total"
"EF2024CP","EFCIPLEV","419","27.0000-Mathematics, Undergraduate, Other degree/certificate-seeking, Transfer-ins"
"EF2024CP","EFCIPLEV","420","27.0000-Mathematics, Undergraduate, Other degree/certificate-seeking, Continuing"
"EF2024CP","EFCIPLEV","411","27.0000-Mathematics, Undergraduate, Non-degree/certificate-seeking"
"EF2024CP","EFCIPLEV","412","27.0000-Mathematics, Graduate"
"EF2024CP","EFCIPLEV","421","27.0000-Mathematics, Full-time students total"
"EF2024CP","EFCIPLEV","422","27.0000-Mathematics, Full-time students, Undergraduate total"
"EF2024CP","EFCIPLEV","423","27.0000-Mathematics, Full-time students, Undergraduate, Degree/certificate-seeking total"
"EF2024CP","EFCIPLEV","424","27.0000-Mathematics, Full-time students, Undergraduate, Degree/certificate-seeking, First-time"
"EF2024CP","EFCIPLEV","425","27.0000-Mathematics, Full-time students, Undergraduate, Other degree/certificate-seeking, Total"
"EF2024CP","EFCIPLEV","439","27.0000-Mathematics, Full-time students, Undergraduate, Other degree/certificate-seeking, Transfer-ins"
"EF2024CP","EFCIPLEV","440","27.0000-Mathematics, Full-time students, Undergraduate, Other degree/certificate-seeking, Continuing"
"EF2024CP","EFCIPLEV","431","27.0000-Mathematics, Full-time students, Undergraduate, Non-degree/certificate-seeking"
"EF2024CP","EFCIPLEV","432","27.0000-Mathematics, Full-time students, Graduate"
"EF2024CP","EFCIPLEV","441","27.0000-Mathematics, Part-time students total"
"EF2024CP","EFCIPLEV","442","27.0000-Mathematics, Part-time students, Undergraduate total"
"EF2024CP","EFCIPLEV","443","27.0000-Mathematics, Part-time students, Undergraduate, Degree/certificate-seeking total"
"EF2024CP","EFCIPLEV","444","27.0000-Mathematics, Part-time students, Undergraduate, Degree/certificate-seeking, First-time"
"EF2024CP","EFCIPLEV","445","27.0000-Mathematics, Part-time students, Undergraduate, Other degree/certificate-seeking, Total"
"EF2024CP","EFCIPLEV","459","27.0000-Mathematics, Part-time students, Undergraduate, Other degree/certificate-seeking, Transfer-ins"
"EF2024CP","EFCIPLEV","460","27.0000-Mathematics, Part-time students, Undergraduate, Other degree/certificate-seeking, Continuing"
"EF2024CP","EFCIPLEV","451","27.0000-Mathematics, Part-time students, Undergraduate, Non-degree/certificate-seeking"
"EF2024CP","EFCIPLEV","452","27.0000-Mathematics, Part-time students, Graduate"
"EF2024CP","EFCIPLEV","501","40.0000-Physical Sciences, All students total"
"EF2024CP","EFCIPLEV","502","40.0000-Physical Sciences, Undergraduate total"
"EF2024CP","EFCIPLEV","503","40.0000-Physical Sciences, Undergraduate, Degree/certificate-seeking total"
"EF2024CP","EFCIPLEV","504","40.0000-Physical Sciences, Undergraduate, Degree/certificate-seeking, First-time"
"EF2024CP","EFCIPLEV","505","40.0000-Physical Sciences, Undergraduate, Other degree/certificate-seeking, Total"
"EF2024CP","EFCIPLEV","519","40.0000-Physical Sciences, Undergraduate, Other degree/certificate-seeking, Transfer-ins"
"EF2024CP","EFCIPLEV","520","40.0000-Physical Sciences, Undergraduate, Other degree/certificate-seeking, Continuing"
"EF2024CP","EFCIPLEV","511","40.0000-Physical Sciences, Undergraduate, Non-degree/certificate-seeking"
"EF2024CP","EFCIPLEV","512","40.0000-Physical Sciences, Graduate"
"EF2024CP","EFCIPLEV","521","40.0000-Physical Sciences, Full-time students total"
"EF2024CP","EFCIPLEV","522","40.0000-Physical Sciences, Full-time students, Undergraduate total"
"EF2024CP","EFCIPLEV","523","40.0000-Physical Sciences, Full-time students, Undergraduate, Degree/certificate-seeking total"
"EF2024CP","EFCIPLEV","524","40.0000-Physical Sciences, Full-time students, Undergraduate, Degree/certificate-seeking, First-time"
"EF2024CP","EFCIPLEV","525","40.0000-Physical Sciences, Full-time students, Undergraduate, Other degree/certificate-seeking, Total"
"EF2024CP","EFCIPLEV","539","40.0000-Physical Sciences, Full-time students, Undergraduate, Other degree/certificate-seeking, Transfer-ins"
"EF2024CP","EFCIPLEV","540","40.0000-Physical Sciences, Full-time students, Undergraduate, Other degree/certificate-seeking, Continuing"
"EF2024CP","EFCIPLEV","531","40.0000-Physical Sciences, Full-time students, Undergraduate, Non-degree/certificate-seeking"
"EF2024CP","EFCIPLEV","532","40.0000-Physical Sciences, Full-time students, Graduate"
"EF2024CP","EFCIPLEV","541","40.0000-Physical Sciences, Part-time students total"
"EF2024CP","EFCIPLEV","542","40.0000-Physical Sciences, Part-time students, Undergraduate total"
"EF2024CP","EFCIPLEV","543","40.0000-Physical Sciences, Part-time students, Undergraduate, Degree/certificate-seeking total"
"EF2024CP","EFCIPLEV","544","40.0000-Physical Sciences, Part-time students, Undergraduate, Degree/certificate-seeking, First-time"
"EF2024CP","EFCIPLEV","545","40.0000-Physical Sciences, Part-time students, Undergraduate, Other degree/certificate-seeking, Total"
"EF2024CP","EFCIPLEV","559","40.0000-Physical Sciences, Part-time students, Undergraduate, Other degree/certificate-seeking, Transfer-ins"
"EF2024CP","EFCIPLEV","560","40.0000-Physical Sciences, Part-time students, Undergraduate, Other degree/certificate-seeking, Continuing"
"EF2024CP","EFCIPLEV","551","40.0000-Physical Sciences, Part-time students, Undergraduate, Non-degree/certificate-seeking"
"EF2024CP","EFCIPLEV","552","40.0000-Physical Sciences, Part-time students, Graduate"
"EF2024CP","EFCIPLEV","601","52.0000-Business Management and Administrative Services, All students total"
"EF2024CP","EFCIPLEV","602","52.0000-Business Management and Administrative Services, Undergraduate total"
"EF2024CP","EFCIPLEV","603","52.0000-Business Management and Administrative Services, Undergraduate, Degree/certificate-seeking total"
"EF2024CP","EFCIPLEV","604","52.0000-Business Management and Administrative Services, Undergraduate, Degree/certificate-seeking, First-time"
"EF2024CP","EFCIPLEV","605","52.0000-Business Management and Administrative Services, Undergraduate, Other degree/certificate-seeking, Total"
"EF2024CP","EFCIPLEV","619","52.0000-Business Management and Administrative Services, Undergraduate, Other degree/certificate-seeking, Transfer-ins"
"EF2024CP","EFCIPLEV","620","52.0000-Business Management and Administrative Services, Undergraduate, Other degree/certificate-seeking, Continuing"
"EF2024CP","EFCIPLEV","611","52.0000-Business Management and Administrative Services, Undergraduate, Non-degree/certificate-seeking"
"EF2024CP","EFCIPLEV","612","52.0000-Business Management and Administrative Services, Graduate"
"EF2024CP","EFCIPLEV","621","52.0000-Business Management and Administrative Services, Full-time students total"
"EF2024CP","EFCIPLEV","622","52.0000-Business Management and Administrative Services, Full-time undergraduate total"
"EF2024CP","EFCIPLEV","623","52.0000-Business Management and Administrative Services, Full-time undergraduate, Degree/certificate-seeking total"
"EF2024CP","EFCIPLEV","624","52.0000-Business Management and Administrative Services, Full-time undergraduate, Degree/certificate-seeking, First-time"
"EF2024CP","EFCIPLEV","625","52.0000-Business Management and Administrative Services, Full-time undergraduate, Other degree/certificate-seeking, Total "
"EF2024CP","EFCIPLEV","639","52.0000-Business Management and Administrative Services, Full-time undergraduate, Other degree/certificate-seeking, Transfer-ins"
"EF2024CP","EFCIPLEV","640","52.0000-Business Management and Administrative Services, Full-time undergraduate, Other degree/certificate-seeking, Continuing"
"EF2024CP","EFCIPLEV","631","52.0000-Business Management and Administrative Services, Full-time undergraduate, Non-degree/certificate-seeking"
"EF2024CP","EFCIPLEV","632","52.0000-Business Management and Administrative Services, Full-time students, Graduate"
"EF2024CP","EFCIPLEV","641","52.0000-Business Management and Administrative Services, Part-time students total"
"EF2024CP","EFCIPLEV","642","52.0000-Business Management and Administrative Services, Part-time, undergraduate total"
"EF2024CP","EFCIPLEV","643","52.0000-Business Management and Administrative Services, Part-time undergraduate, Degree/certificate-seeking total"
"EF2024CP","EFCIPLEV","644","52.0000-Business Management and Administrative Services, Part-time undergraduate, Degree/certificate-seeking, First-time"
"EF2024CP","EFCIPLEV","645","52.0000-Business Management and Administrative Services, Part-time undergraduate, Other degree/certificate-seeking, Total "
"EF2024CP","EFCIPLEV","659","52.0000-Business Management and Administrative Services, Part-time undergraduate, Other degree/certificate-seeking, Transfer-ins"
"EF2024CP","EFCIPLEV","660","52.0000-Business Management and Administrative Services, Part-time undergraduate, Other degree/certificate-seeking, Continuing"
"EF2024CP","EFCIPLEV","651","52.0000-Business Management and Administrative Services, Part-time undergraduate, Non-degree/certificate-seeking"
"EF2024CP","EFCIPLEV","652","52.0000-Business Management and Administrative Services, Part-time students, Graduate"
"EF2024CP","EFCIPLEV","716","22.0101-Law (first professional), All students"
"EF2024CP","EFCIPLEV","736","22.0101-Law (first professional), Full time"
"EF2024CP","EFCIPLEV","756","22.0101-Law (first professional), Part time"
"EF2024CP","EFCIPLEV","816","51.0401-Dentistry (first professional), All students"
"EF2024CP","EFCIPLEV","836","51.0401-Dentistry (first professional), Full time"
"EF2024CP","EFCIPLEV","856","51.0401-Dentistry (first professional), Part time"
"EF2024CP","EFCIPLEV","916","51.1201-Medicine (first professional), All students"
"EF2024CP","EFCIPLEV","936","51.1201-Medicine (first professional), Full time"
"EF2024CP","EFCIPLEV","956","51.1201-Medicine (first professional), Part time"
"EF2024A","LINE","1","Full-time, first-time, first-year, degree-seeking undergraduates"
"EF2024A","LINE","2","Full-time undergraduate, other degree/certificatee-seeking, transfer-ins"
"EF2024A","LINE","3","Full-time  undergraduate, other degree/certificatee-seeking, continuing"
"EF2024A","LINE","6","Full-time degree-seeking undergraduates, total"
"EF2024A","LINE","7","Full-time nondegree-seeking undergraduates"
"EF2024A","LINE","5","Full-time students, Undergraduate, Degree-seeking status unknown - Nondegree-granting institutions"
"EF2024A","LINE","8","Total  full-time undergraduates"
"EF2024A","LINE","9","Full-time first-professional"
"EF2024A","LINE","11","Full-time graduates"
"EF2024A","LINE","14","Total full-time students"
"EF2024A","LINE","15","Part-time, first-time, first-year, degree-seeking undergraduates"
"EF2024A","LINE","16","Part-time undergraduate, other degree/certificatee-seeking, transfer-ins"
"EF2024A","LINE","17","Part-time undergraduate, other degree/certificatee-seeking, continuing"
"EF2024A","LINE","20","Part-time degree-seeking undergraduates, total"
"EF2024A","LINE","21","Part-time nondegree-seeking undergraduates"
"EF2024A","LINE","19","Part-time students, Undergraduate, Degree-seeking status unknown - Nondegree-granting institutions"
"EF2024A","LINE","22","Total part-time undergraduates"
"EF2024A","LINE","23","Part-time first-professional"
"EF2024A","LINE","25","Part-time graduates"
"EF2024A","LINE","28","Total part-time "
"EF2024A","LINE","29","Total enrollment"
"EF2024A","LINE","99","Generated record not on original survey"
"EF2024A","SECTION","1","Full-time"
"EF2024A","SECTION","2","Part-time"
"EF2024A","SECTION","3","All students"
"EF2024A","LSTUDY","1","Undergraduate"
"EF2024A","LSTUDY","2","First-professional"
"EF2024A","LSTUDY","3","Graduate"
"EF2024A","LSTUDY","4","All students"
"EF2024C","LINE","1","Alabama"
"EF2024C","LINE","2","Alaska"
"EF2024C","LINE","4","Arizona"
"EF2024C","LINE","5","Arkansas"
"EF2024C","LINE","6","California"
"EF2024C","LINE","8","Colorado"
"EF2024C","LINE","9","Connecticut"
"EF2024C","LINE","10","Delaware"
"EF2024C","LINE","11","District of Columbia"
"EF2024C","LINE","12","Florida"
"EF2024C","LINE","13","Georgia"
"EF2024C","LINE","15","Hawaii"
"EF2024C","LINE","16","Idaho"
"EF2024C","LINE","17","Illinois"
"EF2024C","LINE","18","Indiana"
"EF2024C","LINE","19","Iowa"
"EF2024C","LINE","20","Kansas"
"EF2024C","LINE","21","Kentucky"
"EF2024C","LINE","22","Louisiana"
"EF2024C","LINE","23","Maine"
"EF2024C","LINE","24","Maryland"
"EF2024C","LINE","25","Massachusetts"
"EF2024C","LINE","26","Michigan"
"EF2024C","LINE","27","Minnesota"
"EF2024C","LINE","28","Mississippi"
"EF2024C","LINE","29","Missouri"
"EF2024C","LINE","30","Montana"
"EF2024C","LINE","31","Nebraska"
"EF2024C","LINE","32","Nevada"
"EF2024C","LINE","33","New Hampshire"
"EF2024C","LINE","34","New Jersey"
"EF2024C","LINE","35","New Mexico"
"EF2024C","LINE","36","New York"
"EF2024C","LINE","37","North Carolina"
"EF2024C","LINE","38","North Dakota"
"EF2024C","LINE","39","Ohio"
"EF2024C","LINE","40","Oklahoma"
"EF2024C","LINE","41","Oregon"
"EF2024C","LINE","42","Pennsylvania"
"EF2024C","LINE","44","Rhode Island"
"EF2024C","LINE","45","South Carolina"
"EF2024C","LINE","46","South Dakota"
"EF2024C","LINE","47","Tennessee"
"EF2024C","LINE","48","Texas"
"EF2024C","LINE","49","Utah"
"EF2024C","LINE","50","Vermont"
"EF2024C","LINE","51","Virginia"
"EF2024C","LINE","53","Washington"
"EF2024C","LINE","54","West Virginia"
"EF2024C","LINE","55","Wisconsin"
"EF2024C","LINE","56","Wyoming"
"EF2024C","LINE","57","State unknown"
"EF2024C","LINE","60","American Samoa"
"EF2024C","LINE","64","Federated States of Micronesia"
"EF2024C","LINE","66","Guam"
"EF2024C","LINE","68","Marshall Islands"
"EF2024C","LINE","69","Northern Marianas"
"EF2024C","LINE","70","Palau"
"EF2024C","LINE","72","Puerto Rico"
"EF2024C","LINE","78","Virgin Islands"
"EF2024C","LINE","90","Foreign countries"
"EF2024C","LINE","98","Residence not reported (balance line)"
"EF2024C","LINE","99","Grand total, all first-time students"
"EF2024C","LINE","999","Generated record not on original survey form"
"EF2024CP","CIPCODE","13.0000","Education"
"EF2024CP","CIPCODE","14.0000","Engineering"
"EF2024CP","CIPCODE","26.0000","Biological Sciences/Life Sciences"
"EF2024CP","CIPCODE","27.0000","Mathematics"
"EF2024CP","CIPCODE","40.0000","Physical Sciences"
"EF2024CP","CIPCODE","51.0401","Dentistry"
"EF2024CP","CIPCODE","51.1201","Medicine"
"EF2024CP","CIPCODE","52.0000","Business Management and Administrative Services"
"EF2024CP","CIPCODE","22.0101","Law"
"EF2024CP","LINE","1","Full-time, first-time, first-year, degree-seeking undergraduates"
"EF2024CP","LINE","2","Full-time degree-seeking undergraduates, transfer-ins"
"EF2024CP","LINE","3","Full-time degree-seeking undergraduates, continuing"
"EF2024CP","LINE","6","Total full-time degree-seeking undergraduates"
"EF2024CP","LINE","7","Full-time nondegree-seeking undergraduates"
"EF2024CP","LINE","8","Total  full-time undergraduates"
"EF2024CP","LINE","9","Full-time first-professional"
"EF2024CP","LINE","11","Full-time graduates"
"EF2024CP","LINE","14","Total full-time students"
"EF2024CP","LINE","15","Part-time, first-time, first-year, degree-seeking undergraduates"
"EF2024CP","LINE","16","Part-time degree-seeking undergraduates, transfer-ins"
"EF2024CP","LINE","17","Part-time degree-seeking undergraduates, continuing"
"EF2024CP","LINE","20","Total part-time degree-seeking undergraduates"
"EF2024CP","LINE","21","Part-time nondegree-seeking undergraduates"
"EF2024CP","LINE","22","Total part-time undergraduates"
"EF2024CP","LINE","23","Part-time first-professional"
"EF2024CP","LINE","25","Part-time graduates"
"EF2024CP","LINE","28","Total part-time"
"EF2024CP","LINE","29","Total enrollment"
"EF2024CP","LINE","99","Generated record origial line number not on survey form"
"EF2024CP","SECTION","1","Full-time"
"EF2024CP","SECTION","2","Part-time"
"EF2024CP","SECTION","3","All students"
"EF2024CP","LSTUDY","1","All students total"
"EF2024CP","LSTUDY","2","All students, Undergraduate total"
"EF2024CP","LSTUDY","3","All students, Undergraduate, Degree/certificate-seeking total"
"EF2024CP","LSTUDY","4","All students, Undergraduate, Degree/certificate-seeking, First-time"
"EF2024CP","LSTUDY","5","All students, Undergraduate, Degree/certificate-seeking, Other degree/certificate-seeking"
"EF2024CP","LSTUDY","19","All students, Undergraduate, Other degree/certificatee-seeking, Transfer-ins"
"EF2024CP","LSTUDY","20","All students, Undergraduate, Other degree/certificatee-seeking, Continuing"
"EF2024CP","LSTUDY","11","All students, Undergraduate, Non-degree/certificate-seeking"
"EF2024CP","LSTUDY","12","All students, Graduate"
"EF2024CP","LSTUDY","16","All students, First professional"
"EF2024CP","LSTUDY","21","Full-time students total"
"EF2024CP","LSTUDY","22","Full-time students, Undergraduate total"
"EF2024CP","LSTUDY","23","Full-time students, Undergraduate, Degree/certificate-seeking total"
"EF2024CP","LSTUDY","24","Full-time students, Undergraduate, Degree/certificate-seeking, First-time"
"EF2024CP","LSTUDY","25","Full-time students, Undergraduate, Degree/certificate-seeking, Other degree/certificate-seeking"
"EF2024CP","LSTUDY","39","Full-time students, Undergraduate, Other degree/certificatee-seeking, Transfer-ins"
"EF2024CP","LSTUDY","40","Full-time students, Undergraduate, Other degree/certificatee-seeking, Continuing"
"EF2024CP","LSTUDY","31","Full-time students, Undergraduate, Non-degree/certificate-seeking"
"EF2024CP","LSTUDY","32","Full-time students, Graduate"
"EF2024CP","LSTUDY","36","Full-time students, First professional"
"EF2024CP","LSTUDY","41","Part-time students total"
"EF2024CP","LSTUDY","42","Part-time students, Undergraduate total"
"EF2024CP","LSTUDY","43","Part-time students, Undergraduate, Degree/certificate-seeking total"
"EF2024CP","LSTUDY","44","Part-time students, Undergraduate, Degree/certificate-seeking, First-time"
"EF2024CP","LSTUDY","45","Part-time students, Undergraduate, Degree/certificate-seeking, Other degree/certificate-seeking"
"EF2024CP","LSTUDY","59","Part-time students, Undergraduate, Other degree/certificatee-seeking, Transfer-ins"
"EF2024CP","LSTUDY","60","Part-time students, Undergraduate, Other degree/certificatee-seeking, Continuing"
"EF2024CP","LSTUDY","51","Part-time students, Undergraduate, Non-degree/certificate-seeking"
"EF2024CP","LSTUDY","52","Part-time students, Graduate"
"EF2024CP","LSTUDY","56","Part-time students, First professional"
"EF2024B","LINE","1","Age 18 and under"
"EF2024B","LINE","2","Age 18-19"
"EF2024B","LINE","3","Age 20-21"
"EF2024B","LINE","4","Age 22-24"
"EF2024B","LINE","5","Age 25-29"
"EF2024B","LINE","6","Age 30-34"
"EF2024B","LINE","7","Age 35-39"
"EF2024B","LINE","8","Age 40-49"
"EF2024B","LINE","9","Age 50-64"
"EF2024B","LINE","10","Age 65 and over"
"EF2024B","LINE","11","Age unknown"
"EF2024B","LINE","112","Undergraduate, total"
"EF2024B","LINE","212","First professional total"
"EF2024B","LINE","312","Graduate total"
"EF2024B","LINE","412","Total, all students"
"EF2024B","LINE","999","Generated record not on survey form"
"EF2024","EFLEVEL","10","All students total"
"EF2024","EFLEVEL","20","All students, Undergraduate total"
"EF2024","EFLEVEL","30","All students, Undergraduate, Degree/certificate-seeking total"
"EF2024","EFLEVEL","31","All students, Undergraduate, Degree/certificate-seeking, First-time"
"EF2024","EFLEVEL","34","All students, Undergraduate, Other degree/certificate-seeking"
"EF2024","EFLEVEL","35","All students, Undergraduate, Other degree/certificatee-seeking, Transfer-ins"
"EF2024","EFLEVEL","36","All students, Undergraduate, Other degree/certificatee-seeking, Continuing"
"EF2024","EFLEVEL","40","All students, Undergraduate, Non-degree/certificate-seeking"
"EF2024","EFLEVEL","50","All students, Graduate "
"EF2024A_DIST","EFDELEV","1","All students total"
"EF2024A_DIST","EFDELEV","2","Undergraduate total"
"EF2024A_DIST","EFDELEV","3","Undergraduate, degree/certificate-seeking total "
"EF2024A_DIST","EFDELEV","11","Undergraduate, non-degree/certificate-seeking"
"EF2024A_DIST","EFDELEV","12","Graduate"
"C2024_A","MAJORNUM","1","First major"
"C2024_A","MAJORNUM","2","Second major"
"C2024_C","AWLEVELC","3","Associate's degree"
"C2024_C","AWLEVELC","5","Bachelor's degree"
"C2024_C","AWLEVELC","7","Master's degree"
"C2024_C","AWLEVELC","9","Doctor's degree"
"C2024_C","AWLEVELC","10","Postbaccalaureate or Post-master's certificate"
"C2024_C","AWLEVELC","11","Certificate of less than 12 weeks"
"C2024_C","AWLEVELC","12","Certificate of at least 12 weeks but less than 1 year"
"C2024_C","AWLEVELC","2","Certificate of at least 1 but less than 4 years"
"C2024DEP","CIPCODE","99","Grand total"
"C2024DEP","CIPCODE","01","Agricultural/Animal/Plant/Veterinary Science and Related Fields"
"C2024DEP","CIPCODE","01.0000","Agriculture, General"
"C2024DEP","CIPCODE","01.0101","Agricultural Business and Management, General"
"C2024DEP","CIPCODE","01.0102","Agribusiness/Agricultural Business Operations"
"C2024DEP","CIPCODE","01.0103","Agricultural Economics"
"C2024DEP","CIPCODE","01.0104","Farm/Farm and Ranch Management"
"C2024DEP","CIPCODE","01.0105","Agricultural/Farm Supplies Retailing and Wholesaling"
"C2024DEP","CIPCODE","01.0106","Agricultural Business Technology/Technician"
"C2024DEP","CIPCODE","01.0199","Agricultural Business and Management, Other"
"C2024DEP","CIPCODE","01.0201","Agricultural Mechanization, General"
"C2024DEP","CIPCODE","01.0204","Agricultural Power Machinery Operation"
"C2024DEP","CIPCODE","01.0205","Agricultural Mechanics and Equipment/Machine Technology/Technician"
"C2024DEP","CIPCODE","01.0207","Irrigation Management Technology/Technician"
"C2024DEP","CIPCODE","01.0299","Agricultural Mechanization, Other"
"C2024DEP","CIPCODE","01.0301","Agricultural Production Operations, General"
"C2024DEP","CIPCODE","01.0302","Animal/Livestock Husbandry and Production"
"C2024DEP","CIPCODE","01.0303","Aquaculture"
"C2024DEP","CIPCODE","01.0304","Crop Production"
"C2024DEP","CIPCODE","01.0306","Dairy Husbandry and Production"
"C2024DEP","CIPCODE","01.0307","Horse Husbandry/Equine Science and Management"
"C2024DEP","CIPCODE","01.0308","Agroecology and Sustainable Agriculture"
"C2024DEP","CIPCODE","01.0310","Apiculture"
"C2024DEP","CIPCODE","01.0399","Agricultural Production Operations, Other"
"C2024DEP","CIPCODE","01.0401","Agricultural and Food Products Processing"
"C2024DEP","CIPCODE","01.0504","Dog/Pet/Animal Grooming"
"C2024DEP","CIPCODE","01.0505","Animal Training"
"C2024DEP","CIPCODE","01.0507","Equestrian/Equine Studies"
"C2024DEP","CIPCODE","01.0508","Taxidermy/Taxidermist"
"C2024DEP","CIPCODE","01.0509","Farrier Science"
"C2024DEP","CIPCODE","01.0599","Agricultural and Domestic Animal Services, Other"
"C2024DEP","CIPCODE","01.0601","Applied Horticulture/Horticulture Operations, General"
"C2024DEP","CIPCODE","01.0603","Ornamental Horticulture"
"C2024DEP","CIPCODE","01.0604","Greenhouse Operations and Management"
"C2024DEP","CIPCODE","01.0605","Landscaping and Groundskeeping"
"C2024DEP","CIPCODE","01.0606","Plant Nursery Operations and Management"
"C2024DEP","CIPCODE","01.0607","Turf and Turfgrass Management"
"C2024DEP","CIPCODE","01.0608","Floriculture/Floristry Operations and Management"
"C2024DEP","CIPCODE","01.0609","Public Horticulture"
"C2024DEP","CIPCODE","01.0610","Urban and Community Horticulture"
"C2024DEP","CIPCODE","01.0699","Applied Horticulture/Horticultural Business Services, Other"
"C2024DEP","CIPCODE","01.0701","International Agriculture"
"C2024DEP","CIPCODE","01.0801","Agricultural and Extension Education Services"
"C2024DEP","CIPCODE","01.0802","Agricultural Communication/Journalism"
"C2024DEP","CIPCODE","01.0899","Agricultural Public Services, Other"
"C2024DEP","CIPCODE","01.0901","Animal Sciences, General"
"C2024DEP","CIPCODE","01.0902","Agricultural Animal Breeding"
"C2024DEP","CIPCODE","01.0903","Animal Health"
"C2024DEP","CIPCODE","01.0904","Animal Nutrition"
"C2024DEP","CIPCODE","01.0905","Dairy Science"
"C2024DEP","CIPCODE","01.0906","Livestock Management"
"C2024DEP","CIPCODE","01.0907","Poultry Science"
"C2024DEP","CIPCODE","01.0999","Animal Sciences, Other"
"C2024DEP","CIPCODE","01.1001","Food Science"
"C2024DEP","CIPCODE","01.1002","Food Technology and Processing"
"C2024DEP","CIPCODE","01.1003","Brewing Science"
"C2024DEP","CIPCODE","01.1004","Viticulture and Enology"
"C2024DEP","CIPCODE","01.1005","Zymology/Fermentation Science"
"C2024DEP","CIPCODE","01.1099","Food Science and Technology, Other"
"C2024DEP","CIPCODE","01.1101","Plant Sciences, General"
"C2024DEP","CIPCODE","01.1102","Agronomy and Crop Science"
"C2024DEP","CIPCODE","01.1103","Horticultural Science"
"C2024DEP","CIPCODE","01.1104","Agricultural and Horticultural Plant Breeding"
"C2024DEP","CIPCODE","01.1105","Plant Protection and Integrated Pest Management"
"C2024DEP","CIPCODE","01.1106","Range Science and Management"
"C2024DEP","CIPCODE","01.1199","Plant Sciences, Other"
"C2024DEP","CIPCODE","01.1201","Soil Science and Agronomy, General"
"C2024DEP","CIPCODE","01.1202","Soil Chemistry and Physics"
"C2024DEP","CIPCODE","01.1203","Soil Microbiology"
"C2024DEP","CIPCODE","01.1299","Soil Sciences, Other"
"C2024DEP","CIPCODE","01.1302","Pre-Veterinary Studies"
"C2024DEP","CIPCODE","01.1399","Agriculture/Veterinary Preparatory Programs, Other"
"C2024DEP","CIPCODE","01.8001","Veterinary Medicine"
"C2024DEP","CIPCODE","01.8101","Veterinary Sciences/Veterinary Clinical Sciences, General"
"C2024DEP","CIPCODE","01.8102","Comparative and Laboratory Animal Medicine"
"C2024DEP","CIPCODE","01.8103","Large Animal/Food Animal and Equine Surgery and Medicine"
"C2024DEP","CIPCODE","01.8104","Small/Companion Animal Surgery and Medicine"
"C2024DEP","CIPCODE","01.8105","Veterinary Anatomy"
"C2024DEP","CIPCODE","01.8106","Veterinary Infectious Diseases"
"C2024DEP","CIPCODE","01.8107","Veterinary Microbiology and Immunobiology"
"C2024DEP","CIPCODE","01.8108","Veterinary Pathology and Pathobiology"
"C2024DEP","CIPCODE","01.8109","Veterinary Physiology"
"C2024DEP","CIPCODE","01.8110","Veterinary Preventive Medicine, Epidemiology, and Public Health"
"C2024DEP","CIPCODE","01.8111","Veterinary Toxicology and Pharmacology"
"C2024DEP","CIPCODE","01.8199","Veterinary Biomedical and Clinical Sciences, Other"
"C2024DEP","CIPCODE","01.8201","Veterinary Administrative Services, General"
"C2024DEP","CIPCODE","01.8202","Veterinary Office Management/Administration"
"C2024DEP","CIPCODE","01.8203","Veterinary Reception/Receptionist"
"C2024DEP","CIPCODE","01.8204","Veterinary Administrative/Executive Assistant and Veterinary Secretary"
"C2024DEP","CIPCODE","01.8299","Veterinary Administrative Services, Other"
"C2024DEP","CIPCODE","01.8301","Veterinary/Animal Health Technology/Technician and Veterinary Assistant"
"C2024DEP","CIPCODE","01.8399","Veterinary/Animal Health Technologies/Technicians, Other"
"C2024DEP","CIPCODE","01.9999","Agricultural/Animal/Plant/Veterinary Science and Related Fields, Other"
"C2024DEP","CIPCODE","03","Natural Resources and Conservation"
"C2024DEP","CIPCODE","03.0101","Natural Resources/Conservation, General"
"C2024DEP","CIPCODE","03.0103","Environmental Studies"
"C2024DEP","CIPCODE","03.0104","Environmental Science"
"C2024DEP","CIPCODE","03.0199","Natural Resources Conservation and Research, Other"
"C2024DEP","CIPCODE","03.0201","Environmental/Natural Resources Management and Policy, General"
"C2024DEP","CIPCODE","03.0204","Environmental/Natural Resource Economics"
"C2024DEP","CIPCODE","03.0205","Water, Wetlands, and Marine Resources Management"
"C2024DEP","CIPCODE","03.0206","Land Use Planning and Management/Development"
"C2024DEP","CIPCODE","03.0207","Environmental/Natural Resource Recreation and Tourism"
"C2024DEP","CIPCODE","03.0208","Environmental/Natural Resources Law Enforcement and Protective Services"
"C2024DEP","CIPCODE","03.0209","Energy and Environmental Policy"
"C2024DEP","CIPCODE","03.0210","Bioenergy"
"C2024DEP","CIPCODE","03.0299","Environmental/Natural Resources Management and Policy, Other"
"C2024DEP","CIPCODE","03.0301","Fishing and Fisheries Sciences and Management"
"C2024DEP","CIPCODE","03.0501","Forestry, General"
"C2024DEP","CIPCODE","03.0502","Forest Sciences and Biology"
"C2024DEP","CIPCODE","03.0506","Forest Management/Forest Resources Management"
"C2024DEP","CIPCODE","03.0508","Urban Forestry"
"C2024DEP","CIPCODE","03.0509","Wood Science and Wood Products/Pulp and Paper Technology/Technician"
"C2024DEP","CIPCODE","03.0510","Forest Resources Production and Management"
"C2024DEP","CIPCODE","03.0511","Forest Technology/Technician"
"C2024DEP","CIPCODE","03.0599","Forestry, Other"
"C2024DEP","CIPCODE","03.0601","Wildlife, Fish and Wildlands Science and Management"
"C2024DEP","CIPCODE","03.9999","Natural Resources and Conservation, Other"
"C2024DEP","CIPCODE","04","Architecture and Related Services"
"C2024DEP","CIPCODE","04.0200","Pre-Architecture Studies"
"C2024DEP","CIPCODE","04.0201","Architecture"
"C2024DEP","CIPCODE","04.0202","Architectural Design"
"C2024DEP","CIPCODE","04.0299","Architecture, Other"
"C2024DEP","CIPCODE","04.0301","City/Urban, Community, and Regional Planning"
"C2024DEP","CIPCODE","04.0401","Environmental Design/Architecture"
"C2024DEP","CIPCODE","04.0402","Healthcare Environment Design/Architecture"
"C2024DEP","CIPCODE","04.0403","Sustainable Design/Architecture"
"C2024DEP","CIPCODE","04.0499","Environmental Design, Other"
"C2024DEP","CIPCODE","04.0501","Interior Architecture"
"C2024DEP","CIPCODE","04.0601","Landscape Architecture"
"C2024DEP","CIPCODE","04.0801","Architectural History and Criticism, General"
"C2024DEP","CIPCODE","04.0802","Architectural Conservation"
"C2024DEP","CIPCODE","04.0803","Architectural Studies"
"C2024DEP","CIPCODE","04.0899","Architectural History, Criticism, and Conservation, Other"
"C2024DEP","CIPCODE","04.0901","Architectural Technology/Technician"
"C2024DEP","CIPCODE","04.0902","Architectural and Building Sciences/Technology"
"C2024DEP","CIPCODE","04.0999","Architectural Sciences and Technology, Other"
"C2024DEP","CIPCODE","04.1001","Real Estate Development"
"C2024DEP","CIPCODE","04.9999","Architecture and Related Services, Other"
"C2024DEP","CIPCODE","05","Area, Ethnic, Cultural, Gender, and Group Studies"
"C2024DEP","CIPCODE","05.0101","African Studies"
"C2024DEP","CIPCODE","05.0102","American/United States Studies/Civilization"
"C2024DEP","CIPCODE","05.0103","Asian Studies/Civilization"
"C2024DEP","CIPCODE","05.0104","East Asian Studies"
"C2024DEP","CIPCODE","05.0105","Russian, Central European, East European and Eurasian Studies"
"C2024DEP","CIPCODE","05.0106","European Studies/Civilization"
"C2024DEP","CIPCODE","05.0107","Latin American Studies"
"C2024DEP","CIPCODE","05.0108","Near and Middle Eastern Studies"
"C2024DEP","CIPCODE","05.0109","Pacific Area/Pacific Rim Studies"
"C2024DEP","CIPCODE","05.0110","Russian Studies"
"C2024DEP","CIPCODE","05.0111","Scandinavian Studies"
"C2024DEP","CIPCODE","05.0112","South Asian Studies"
"C2024DEP","CIPCODE","05.0113","Southeast Asian Studies"
"C2024DEP","CIPCODE","05.0114","Western European Studies"
"C2024DEP","CIPCODE","05.0115","Canadian Studies"
"C2024DEP","CIPCODE","05.0116","Balkans Studies"
"C2024DEP","CIPCODE","05.0117","Baltic Studies"
"C2024DEP","CIPCODE","05.0118","Slavic Studies"
"C2024DEP","CIPCODE","05.0119","Caribbean Studies"
"C2024DEP","CIPCODE","05.0120","Ural-Altaic and Central Asian Studies"
"C2024DEP","CIPCODE","05.0121","Commonwealth Studies"
"C2024DEP","CIPCODE","05.0122","Regional Studies (U.S., Canadian, Foreign)"
"C2024DEP","CIPCODE","05.0123","Chinese Studies"
"C2024DEP","CIPCODE","05.0124","French Studies"
"C2024DEP","CIPCODE","05.0125","German Studies"
"C2024DEP","CIPCODE","05.0126","Italian Studies"
"C2024DEP","CIPCODE","05.0127","Japanese Studies"
"C2024DEP","CIPCODE","05.0128","Korean Studies"
"C2024DEP","CIPCODE","05.0129","Polish Studies"
"C2024DEP","CIPCODE","05.0130","Spanish and Iberian Studies"
"C2024DEP","CIPCODE","05.0131","Tibetan Studies"
"C2024DEP","CIPCODE","05.0132","Ukraine Studies"
"C2024DEP","CIPCODE","05.0133","Irish Studies"
"C2024DEP","CIPCODE","05.0134","Latin American and Caribbean Studies"
"C2024DEP","CIPCODE","05.0135","Appalachian Studies"
"C2024DEP","CIPCODE","05.0136","Arctic Studies"
"C2024DEP","CIPCODE","05.0199","Area Studies, Other"
"C2024DEP","CIPCODE","05.0200","Ethnic Studies"
"C2024DEP","CIPCODE","05.0201","African-American/Black Studies"
"C2024DEP","CIPCODE","05.0202","American Indian/Native American Studies"
"C2024DEP","CIPCODE","05.0203","Hispanic-American, Puerto Rican, and Mexican-American/Chicano Studies"
"C2024DEP","CIPCODE","05.0206","Asian-American Studies"
"C2024DEP","CIPCODE","05.0207","Women's Studies"
"C2024DEP","CIPCODE","05.0208","Gay/Lesbian Studies"
"C2024DEP","CIPCODE","05.0209","Folklore Studies"
"C2024DEP","CIPCODE","05.0210","Disability Studies"
"C2024DEP","CIPCODE","05.0211","Deaf Studies"
"C2024DEP","CIPCODE","05.0212","Comparative Group Studies"
"C2024DEP","CIPCODE","05.0299","Ethnic, Cultural Minority, Gender, and Group Studies, Other"
"C2024DEP","CIPCODE","05.9999","Area, Ethnic, Cultural, Gender, and Group Studies, Other"
"C2024DEP","CIPCODE","09","Communication, Journalism, and Related Programs"
"C2024DEP","CIPCODE","09.0100","Communication, General"
"C2024DEP","CIPCODE","09.0101","Speech Communication and Rhetoric"
"C2024DEP","CIPCODE","09.0102","Mass Communication/Media Studies"
"C2024DEP","CIPCODE","09.0199","Communication and Media Studies, Other"
"C2024DEP","CIPCODE","09.0401","Journalism"
"C2024DEP","CIPCODE","09.0402","Broadcast Journalism"
"C2024DEP","CIPCODE","09.0404","Photojournalism"
"C2024DEP","CIPCODE","09.0405","Business and Economic Journalism"
"C2024DEP","CIPCODE","09.0406","Cultural Journalism"
"C2024DEP","CIPCODE","09.0407","Science/Health/Environmental Journalism"
"C2024DEP","CIPCODE","09.0499","Journalism, Other"
"C2024DEP","CIPCODE","09.0701","Radio and Television"
"C2024DEP","CIPCODE","09.0702","Digital Communication and Media/Multimedia"
"C2024DEP","CIPCODE","09.0799","Radio, Television, and Digital Communication, Other"
"C2024DEP","CIPCODE","09.0900","Public Relations, Advertising, and Applied Communication"
"C2024DEP","CIPCODE","09.0901","Organizational Communication, General"
"C2024DEP","CIPCODE","09.0902","Public Relations/Image Management"
"C2024DEP","CIPCODE","09.0903","Advertising"
"C2024DEP","CIPCODE","09.0904","Political Communication"
"C2024DEP","CIPCODE","09.0905","Health Communication"
"C2024DEP","CIPCODE","09.0906","Sports Communication"
"C2024DEP","CIPCODE","09.0907","International and Intercultural Communication"
"C2024DEP","CIPCODE","09.0908","Technical and Scientific Communication"
"C2024DEP","CIPCODE","09.0909","Communication Management and Strategic Communications"
"C2024DEP","CIPCODE","09.0999","Public Relations, Advertising, and Applied Communication, Other"
"C2024DEP","CIPCODE","09.1001","Publishing"
"C2024DEP","CIPCODE","09.9999","Communication, Journalism, and Related Programs, Other"
"C2024DEP","CIPCODE","10","Communications Technologies/Technicians and Support Services"
"C2024DEP","CIPCODE","10.0105","Communications Technology/Technician"
"C2024DEP","CIPCODE","10.0201","Photographic and Film/Video Technology/Technician"
"C2024DEP","CIPCODE","10.0202","Radio and Television Broadcasting Technology/Technician"
"C2024DEP","CIPCODE","10.0203","Recording Arts Technology/Technician"
"C2024DEP","CIPCODE","10.0204","Voice Writing Technology/Technician"
"C2024DEP","CIPCODE","10.0299","Audiovisual Communications Technologies/Technicians, Other"
"C2024DEP","CIPCODE","10.0301","Graphic Communications, General"
"C2024DEP","CIPCODE","10.0302","Printing Management"
"C2024DEP","CIPCODE","10.0303","Prepress/Desktop Publishing and Digital Imaging Design"
"C2024DEP","CIPCODE","10.0304","Animation, Interactive Technology, Video Graphics, and Special Effects"
"C2024DEP","CIPCODE","10.0305","Graphic and Printing Equipment Operator, General Production"
"C2024DEP","CIPCODE","10.0306","Platemaker/Imager"
"C2024DEP","CIPCODE","10.0307","Printing Press Operator"
"C2024DEP","CIPCODE","10.0308","Computer Typography and Composition Equipment Operator"
"C2024DEP","CIPCODE","10.0399","Graphic Communications, Other"
"C2024DEP","CIPCODE","10.9999","Communications Technologies/Technicians and Support Services, Other"
"C2024DEP","CIPCODE","11","Computer and Information Sciences and Support Services"
"C2024DEP","CIPCODE","11.0101","Computer and Information Sciences, General"
"C2024DEP","CIPCODE","11.0102","Artificial Intelligence"
"C2024DEP","CIPCODE","11.0103","Information Technology"
"C2024DEP","CIPCODE","11.0104","Informatics"
"C2024DEP","CIPCODE","11.0105","Human-Centered Technology Design"
"C2024DEP","CIPCODE","11.0199","Computer and Information Sciences,  Other"
"C2024DEP","CIPCODE","11.0201","Computer Programming/Programmer, General"
"C2024DEP","CIPCODE","11.0202","Computer Programming, Specific Applications"
"C2024DEP","CIPCODE","11.0203","Computer Programming, Vendor/Product Certification"
"C2024DEP","CIPCODE","11.0204","Computer Game Programming"
"C2024DEP","CIPCODE","11.0205","Computer Programming, Specific Platforms"
"C2024DEP","CIPCODE","11.0299","Computer Programming, Other"
"C2024DEP","CIPCODE","11.0301","Data Processing and Data Processing Technology/Technician"
"C2024DEP","CIPCODE","11.0401","Information Science/Studies"
"C2024DEP","CIPCODE","11.0501","Computer Systems Analysis/Analyst"
"C2024DEP","CIPCODE","11.0601","Data Entry/Microcomputer Applications, General"
"C2024DEP","CIPCODE","11.0602","Word Processing"
"C2024DEP","CIPCODE","11.0699","Data Entry/Microcomputer Applications, Other"
"C2024DEP","CIPCODE","11.0701","Computer Science"
"C2024DEP","CIPCODE","11.0801","Web Page, Digital/Multimedia and Information Resources Design"
"C2024DEP","CIPCODE","11.0802","Data Modeling/Warehousing and Database Administration"
"C2024DEP","CIPCODE","11.0803","Computer Graphics"
"C2024DEP","CIPCODE","11.0804","Modeling, Virtual Environments and Simulation"
"C2024DEP","CIPCODE","11.0899","Computer Software and Media Applications, Other"
"C2024DEP","CIPCODE","11.0901","Computer Systems Networking and Telecommunications"
"C2024DEP","CIPCODE","11.0902","Cloud Computing"
"C2024DEP","CIPCODE","11.0999","Computer Systems Networking and Telecommunications, Other"
"C2024DEP","CIPCODE","11.1001","Network and System Administration/Administrator"
"C2024DEP","CIPCODE","11.1002","System, Networking, and LAN/WAN Management/Manager"
"C2024DEP","CIPCODE","11.1003","Computer and Information Systems Security/Auditing/Information Assurance"
"C2024DEP","CIPCODE","11.1004","Web/Multimedia Management and Webmaster"
"C2024DEP","CIPCODE","11.1005","Information Technology Project Management"
"C2024DEP","CIPCODE","11.1006","Computer Support Specialist"
"C2024DEP","CIPCODE","11.1099","Computer/Information Technology Services Administration and Management, Other"
"C2024DEP","CIPCODE","11.9999","Computer and Information Sciences and Support Services, Other"
"C2024DEP","CIPCODE","12","Culinary, Entertainment, and Personal Services"
"C2024DEP","CIPCODE","12.0301","Funeral Service and Mortuary Science, General"
"C2024DEP","CIPCODE","12.0302","Funeral Direction/Service"
"C2024DEP","CIPCODE","12.0303","Mortuary Science and Embalming/Embalmer"
"C2024DEP","CIPCODE","12.0399","Funeral Service and Mortuary Science, Other"
"C2024DEP","CIPCODE","12.0401","Cosmetology/Cosmetologist, General"
"C2024DEP","CIPCODE","12.0402","Barbering/Barber"
"C2024DEP","CIPCODE","12.0404","Electrolysis/Electrology and Electrolysis Technician"
"C2024DEP","CIPCODE","12.0406","Make-Up Artist/Specialist"
"C2024DEP","CIPCODE","12.0407","Hair Styling/Stylist and Hair Design"
"C2024DEP","CIPCODE","12.0408","Facial Treatment Specialist/Facialist"
"C2024DEP","CIPCODE","12.0409","Aesthetician/Esthetician and Skin Care Specialist"
"C2024DEP","CIPCODE","12.0410","Nail Technician/Specialist and Manicurist"
"C2024DEP","CIPCODE","12.0411","Permanent Cosmetics/Makeup and Tattooing"
"C2024DEP","CIPCODE","12.0412","Salon/Beauty Salon Management/Manager"
"C2024DEP","CIPCODE","12.0413","Cosmetology, Barber/Styling, and Nail Instructor"
"C2024DEP","CIPCODE","12.0414","Master Aesthetician/Esthetician"
"C2024DEP","CIPCODE","12.0499","Cosmetology and Related Personal Grooming Arts, Other"
"C2024DEP","CIPCODE","12.0500","Cooking and Related Culinary Arts, General"
"C2024DEP","CIPCODE","12.0501","Baking and Pastry Arts/Baker/Pastry Chef"
"C2024DEP","CIPCODE","12.0502","Bartending/Bartender"
"C2024DEP","CIPCODE","12.0503","Culinary Arts/Chef Training"
"C2024DEP","CIPCODE","12.0504","Restaurant, Culinary, and Catering Management/Manager"
"C2024DEP","CIPCODE","12.0505","Food Preparation/Professional Cooking/Kitchen Assistant"
"C2024DEP","CIPCODE","12.0506","Meat Cutting/Meat Cutter"
"C2024DEP","CIPCODE","12.0507","Food Service, Waiter/Waitress, and Dining Room Management/Manager"
"C2024DEP","CIPCODE","12.0508","Institutional Food Workers"
"C2024DEP","CIPCODE","12.0509","Culinary Science/Culinology"
"C2024DEP","CIPCODE","12.0510","Wine Steward/Sommelier"
"C2024DEP","CIPCODE","12.0599","Culinary Arts and Related Services, Other"
"C2024DEP","CIPCODE","12.0601","Casino Operations and Services, General"
"C2024DEP","CIPCODE","12.0602","Casino Dealing"
"C2024DEP","CIPCODE","12.0699","Casino Operations and Services, Other"
"C2024DEP","CIPCODE","12.9999","Culinary, Entertainment, and Personal Services, Other"
"C2024DEP","CIPCODE","13","Education"
"C2024DEP","CIPCODE","13.0101","Education, General"
"C2024DEP","CIPCODE","13.0201","Bilingual and Multilingual Education"
"C2024DEP","CIPCODE","13.0202","Multicultural Education"
"C2024DEP","CIPCODE","13.0203","Indian/Native American Education"
"C2024DEP","CIPCODE","13.0299","Bilingual, Multilingual, and Multicultural Education, Other"
"C2024DEP","CIPCODE","13.0301","Curriculum and Instruction"
"C2024DEP","CIPCODE","13.0401","Educational Leadership and Administration, General"
"C2024DEP","CIPCODE","13.0402","Administration of Special Education"
"C2024DEP","CIPCODE","13.0403","Adult and Continuing Education Administration"
"C2024DEP","CIPCODE","13.0404","Educational, Instructional, and Curriculum Supervision"
"C2024DEP","CIPCODE","13.0406","Higher Education/Higher Education Administration"
"C2024DEP","CIPCODE","13.0407","Community College Administration"
"C2024DEP","CIPCODE","13.0408","Elementary and Middle School Administration/Principalship"
"C2024DEP","CIPCODE","13.0409","Secondary School Administration/Principalship"
"C2024DEP","CIPCODE","13.0410","Urban Education and Leadership"
"C2024DEP","CIPCODE","13.0411","Superintendency and Educational System Administration"
"C2024DEP","CIPCODE","13.0412","International School Administration/Leadership"
"C2024DEP","CIPCODE","13.0413","Education Entrepreneurship"
"C2024DEP","CIPCODE","13.0414","Early Childhood Program Administration"
"C2024DEP","CIPCODE","13.0499","Educational Administration and Supervision, Other"
"C2024DEP","CIPCODE","13.0501","Educational/Instructional Technology"
"C2024DEP","CIPCODE","13.0601","Educational Evaluation and Research"
"C2024DEP","CIPCODE","13.0603","Educational Statistics and Research Methods"
"C2024DEP","CIPCODE","13.0604","Educational Assessment, Testing, and Measurement"
"C2024DEP","CIPCODE","13.0607","Learning Sciences"
"C2024DEP","CIPCODE","13.0608","Institutional Research"
"C2024DEP","CIPCODE","13.0699","Educational Assessment, Evaluation, and Research, Other"
"C2024DEP","CIPCODE","13.0701","International and Comparative Education"
"C2024DEP","CIPCODE","13.0901","Social and Philosophical Foundations of Education"
"C2024DEP","CIPCODE","13.1001","Special Education and Teaching, General"
"C2024DEP","CIPCODE","13.1003","Education/Teaching of Individuals with Hearing Impairments Including Deafness"
"C2024DEP","CIPCODE","13.1004","Education/Teaching of the Gifted and Talented"
"C2024DEP","CIPCODE","13.1005","Education/Teaching of Individuals with Emotional Disturbances"
"C2024DEP","CIPCODE","13.1006","Education/Teaching of Individuals with Intellectual Disabilities"
"C2024DEP","CIPCODE","13.1007","Education/Teaching of Individuals with Multiple Disabilities"
"C2024DEP","CIPCODE","13.1008","Education/Teaching of Individuals with Orthopedic and Other Physical Health Impairments"
"C2024DEP","CIPCODE","13.1009","Education/Teaching of Individuals with Vision Impairments Including Blindness"
"C2024DEP","CIPCODE","13.1011","Education/Teaching of Individuals with Specific Learning Disabilities"
"C2024DEP","CIPCODE","13.1012","Education/Teaching of Individuals with Speech or Language Impairments"
"C2024DEP","CIPCODE","13.1013","Education/Teaching of Individuals with Autism"
"C2024DEP","CIPCODE","13.1014","Education/Teaching of Individuals Who are Developmentally Delayed"
"C2024DEP","CIPCODE","13.1015","Education/Teaching of Individuals in Early Childhood Special Education Programs"
"C2024DEP","CIPCODE","13.1016","Education/Teaching of Individuals with Traumatic Brain Injuries"
"C2024DEP","CIPCODE","13.1017","Education/Teaching of Individuals in Elementary Special Education Programs"
"C2024DEP","CIPCODE","13.1018","Education/Teaching of Individuals in Junior High/Middle School Special Education Programs"
"C2024DEP","CIPCODE","13.1019","Education/Teaching of Individuals in Secondary Special Education Programs"
"C2024DEP","CIPCODE","13.1099","Special Education and Teaching, Other"
"C2024DEP","CIPCODE","13.1101","Counselor Education/School Counseling and Guidance Services"
"C2024DEP","CIPCODE","13.1102","College Student Counseling and Personnel Services"
"C2024DEP","CIPCODE","13.1199","Student Counseling and Personnel Services, Other"
"C2024DEP","CIPCODE","13.1201","Adult and Continuing Education and Teaching"
"C2024DEP","CIPCODE","13.1202","Elementary Education and Teaching"
"C2024DEP","CIPCODE","13.1203","Junior High/Intermediate/Middle School Education and Teaching"
"C2024DEP","CIPCODE","13.1205","Secondary Education and Teaching"
"C2024DEP","CIPCODE","13.1206","Teacher Education, Multiple Levels"
"C2024DEP","CIPCODE","13.1207","Montessori Teacher Education"
"C2024DEP","CIPCODE","13.1208","Waldorf/Steiner Teacher Education"
"C2024DEP","CIPCODE","13.1209","Kindergarten/Preschool Education and Teaching"
"C2024DEP","CIPCODE","13.1210","Early Childhood Education and Teaching"
"C2024DEP","CIPCODE","13.1211","Online Educator/Online Teaching"
"C2024DEP","CIPCODE","13.1212","International Teaching and Learning"
"C2024DEP","CIPCODE","13.1213","Science, Technology, Engineering, and Mathematics (STEM) Educational Methods"
"C2024DEP","CIPCODE","13.1214","College/Postsecondary/University Teaching"
"C2024DEP","CIPCODE","13.1299","Teacher Education and Professional Development, Specific Levels and Methods, Other"
"C2024DEP","CIPCODE","13.1301","Agricultural Teacher Education"
"C2024DEP","CIPCODE","13.1302","Art Teacher Education"
"C2024DEP","CIPCODE","13.1303","Business and Innovation/Entrepreneurship Teacher Education"
"C2024DEP","CIPCODE","13.1304","Driver and Safety Teacher Education"
"C2024DEP","CIPCODE","13.1305","English/Language Arts Teacher Education"
"C2024DEP","CIPCODE","13.1306","Foreign Language Teacher  Education"
"C2024DEP","CIPCODE","13.1307","Health Teacher Education"
"C2024DEP","CIPCODE","13.1308","Family and Consumer Sciences/Home Economics Teacher Education"
"C2024DEP","CIPCODE","13.1309","Technology Teacher Education/Industrial Arts Teacher Education"
"C2024DEP","CIPCODE","13.1310","Sales and Marketing Operations/Marketing and Distribution   Teacher Education"
"C2024DEP","CIPCODE","13.1311","Mathematics Teacher Education"
"C2024DEP","CIPCODE","13.1312","Music Teacher Education"
"C2024DEP","CIPCODE","13.1314","Physical Education Teaching and Coaching"
"C2024DEP","CIPCODE","13.1315","Reading Teacher Education"
"C2024DEP","CIPCODE","13.1316","Science Teacher Education/General Science Teacher Education"
"C2024DEP","CIPCODE","13.1317","Social Science Teacher Education"
"C2024DEP","CIPCODE","13.1318","Social Studies Teacher Education"
"C2024DEP","CIPCODE","13.1319","Technical Teacher Education"
"C2024DEP","CIPCODE","13.1320","Trade and Industrial Teacher Education"
"C2024DEP","CIPCODE","13.1321","Computer Teacher Education"
"C2024DEP","CIPCODE","13.1322","Biology Teacher Education"
"C2024DEP","CIPCODE","13.1323","Chemistry Teacher Education"
"C2024DEP","CIPCODE","13.1324","Drama and Dance Teacher Education"
"C2024DEP","CIPCODE","13.1325","French Language Teacher Education"
"C2024DEP","CIPCODE","13.1326","German Language Teacher Education"
"C2024DEP","CIPCODE","13.1327","Health Occupations Teacher Education"
"C2024DEP","CIPCODE","13.1328","History Teacher Education"
"C2024DEP","CIPCODE","13.1329","Physics Teacher Education"
"C2024DEP","CIPCODE","13.1330","Spanish Language Teacher Education"
"C2024DEP","CIPCODE","13.1331","Speech Teacher Education"
"C2024DEP","CIPCODE","13.1332","Geography Teacher Education"
"C2024DEP","CIPCODE","13.1333","Latin Teacher Education"
"C2024DEP","CIPCODE","13.1334","School Librarian/School Library Media Specialist"
"C2024DEP","CIPCODE","13.1335","Psychology Teacher Education"
"C2024DEP","CIPCODE","13.1337","Earth Science Teacher Education"
"C2024DEP","CIPCODE","13.1338","Environmental Education"
"C2024DEP","CIPCODE","13.1339","Communication Arts and Literature Teacher Education"
"C2024DEP","CIPCODE","13.1399","Teacher Education and Professional Development, Specific Subject Areas, Other"
"C2024DEP","CIPCODE","13.1401","Teaching English as a Second or Foreign Language/ESL Language Instructor"
"C2024DEP","CIPCODE","13.1402","Teaching French as a Second or Foreign Language"
"C2024DEP","CIPCODE","13.1499","Teaching English or French as a Second or Foreign Language, Other"
"C2024DEP","CIPCODE","13.1501","Teacher Assistant/Aide"
"C2024DEP","CIPCODE","13.1502","Adult Literacy Tutor/Instructor"
"C2024DEP","CIPCODE","13.1599","Teaching Assistants/Aides, Other"
"C2024DEP","CIPCODE","13.9999","Education, Other"
"C2024DEP","CIPCODE","14","Engineering"
"C2024DEP","CIPCODE","14.0101","Engineering, General"
"C2024DEP","CIPCODE","14.0102","Pre-Engineering"
"C2024DEP","CIPCODE","14.0103","Applied Engineering"
"C2024DEP","CIPCODE","14.0201","Aerospace, Aeronautical, and Astronautical/Space Engineering, General"
"C2024DEP","CIPCODE","14.0202","Astronautical Engineering"
"C2024DEP","CIPCODE","14.0299","Aerospace, Aeronautical, and Astronautical/Space Engineering, Other"
"C2024DEP","CIPCODE","14.0301","Agricultural Engineering"
"C2024DEP","CIPCODE","14.0401","Architectural Engineering"
"C2024DEP","CIPCODE","14.0501","Bioengineering and Biomedical Engineering"
"C2024DEP","CIPCODE","14.0601","Ceramic Sciences and Engineering"
"C2024DEP","CIPCODE","14.0701","Chemical Engineering"
"C2024DEP","CIPCODE","14.0702","Chemical and Biomolecular Engineering"
"C2024DEP","CIPCODE","14.0799","Chemical Engineering, Other"
"C2024DEP","CIPCODE","14.0801","Civil Engineering, General"
"C2024DEP","CIPCODE","14.0802","Geotechnical and Geoenvironmental Engineering"
"C2024DEP","CIPCODE","14.0803","Structural Engineering"
"C2024DEP","CIPCODE","14.0804","Transportation and Highway Engineering"
"C2024DEP","CIPCODE","14.0805","Water Resources Engineering"
"C2024DEP","CIPCODE","14.0899","Civil Engineering, Other"
"C2024DEP","CIPCODE","14.0901","Computer Engineering, General"
"C2024DEP","CIPCODE","14.0902","Computer Hardware Engineering"
"C2024DEP","CIPCODE","14.0903","Computer Software Engineering"
"C2024DEP","CIPCODE","14.0999","Computer Engineering, Other"
"C2024DEP","CIPCODE","14.1001","Electrical and Electronics Engineering"
"C2024DEP","CIPCODE","14.1003","Laser and Optical Engineering"
"C2024DEP","CIPCODE","14.1004","Telecommunications Engineering"
"C2024DEP","CIPCODE","14.1099","Electrical, Electronics, and Communications Engineering, Other"
"C2024DEP","CIPCODE","14.1101","Engineering Mechanics"
"C2024DEP","CIPCODE","14.1201","Engineering Physics/Applied Physics"
"C2024DEP","CIPCODE","14.1301","Engineering Science"
"C2024DEP","CIPCODE","14.1401","Environmental/Environmental Health Engineering"
"C2024DEP","CIPCODE","14.1801","Materials Engineering"
"C2024DEP","CIPCODE","14.1901","Mechanical Engineering"
"C2024DEP","CIPCODE","14.2001","Metallurgical Engineering"
"C2024DEP","CIPCODE","14.2101","Mining and Mineral Engineering"
"C2024DEP","CIPCODE","14.2201","Naval Architecture and Marine Engineering"
"C2024DEP","CIPCODE","14.2301","Nuclear Engineering"
"C2024DEP","CIPCODE","14.2401","Ocean Engineering"
"C2024DEP","CIPCODE","14.2501","Petroleum Engineering"
"C2024DEP","CIPCODE","14.2701","Systems Engineering"
"C2024DEP","CIPCODE","14.2801","Textile Sciences and Engineering"
"C2024DEP","CIPCODE","14.3201","Polymer/Plastics Engineering"
"C2024DEP","CIPCODE","14.3301","Construction Engineering"
"C2024DEP","CIPCODE","14.3401","Forest Engineering"
"C2024DEP","CIPCODE","14.3501","Industrial Engineering"
"C2024DEP","CIPCODE","14.3601","Manufacturing Engineering"
"C2024DEP","CIPCODE","14.3701","Operations Research"
"C2024DEP","CIPCODE","14.3801","Surveying Engineering"
"C2024DEP","CIPCODE","14.3901","Geological/Geophysical Engineering"
"C2024DEP","CIPCODE","14.4001","Paper Science and Engineering"
"C2024DEP","CIPCODE","14.4101","Electromechanical Engineering"
"C2024DEP","CIPCODE","14.4201","Mechatronics, Robotics, and Automation Engineering"
"C2024DEP","CIPCODE","14.4301","Biochemical Engineering"
"C2024DEP","CIPCODE","14.4401","Engineering Chemistry"
"C2024DEP","CIPCODE","14.4501","Biological/Biosystems Engineering"
"C2024DEP","CIPCODE","14.4701","Electrical and Computer Engineering"
"C2024DEP","CIPCODE","14.4801","Energy Systems Engineering, General"
"C2024DEP","CIPCODE","14.4802","Power Plant Engineering"
"C2024DEP","CIPCODE","14.4899","Energy Systems Engineering, Other"
"C2024DEP","CIPCODE","14.9999","Engineering, Other"
"C2024DEP","CIPCODE","15","Engineering/Engineering-related Technologies/Technicians"
"C2024DEP","CIPCODE","15.0000","Engineering Technologies/Technicians, General"
"C2024DEP","CIPCODE","15.0001","Applied Engineering Technologies/Technicians"
"C2024DEP","CIPCODE","15.0101","Architectural Engineering Technologies/Technicians"
"C2024DEP","CIPCODE","15.0201","Civil Engineering Technologies/Technicians"
"C2024DEP","CIPCODE","15.0303","Electrical, Electronic, and Communications Engineering Technology/Technician"
"C2024DEP","CIPCODE","15.0304","Laser and Optical Technology/Technician"
"C2024DEP","CIPCODE","15.0305","Telecommunications Technology/Technician"
"C2024DEP","CIPCODE","15.0306","Integrated Circuit Design Technology/Technician"
"C2024DEP","CIPCODE","15.0307","Audio Engineering Technology/Technician"
"C2024DEP","CIPCODE","15.0399","Electrical/Electronic Engineering Technologies/Technicians, Other"
"C2024DEP","CIPCODE","15.0401","Biomedical Technology/Technician"
"C2024DEP","CIPCODE","15.0403","Electromechanical/Electromechanical Engineering Technology/Technician"
"C2024DEP","CIPCODE","15.0404","Instrumentation Technology/Technician"
"C2024DEP","CIPCODE","15.0405","Robotics Technology/Technician"
"C2024DEP","CIPCODE","15.0406","Automation Engineer Technology/Technician"
"C2024DEP","CIPCODE","15.0407","Mechatronics, Robotics, and Automation Engineering Technology/Technician"
"C2024DEP","CIPCODE","15.0499","Electromechanical Technologies/Technicians, Other"
"C2024DEP","CIPCODE","15.0501","Heating, Ventilation, Air Conditioning and Refrigeration Engineering Technology/Technician"
"C2024DEP","CIPCODE","15.0506","Water Quality and Wastewater Treatment Management and Recycling Technology/Technician"
"C2024DEP","CIPCODE","15.0507","Environmental/Environmental Engineering Technology/Technician"
"C2024DEP","CIPCODE","15.0508","Hazardous Materials Management and Waste Technology/Technician"
"C2024DEP","CIPCODE","15.0599","Environmental Control Technologies/Technicians, Other"
"C2024DEP","CIPCODE","15.0607","Plastics and Polymer Engineering Technology/Technician"
"C2024DEP","CIPCODE","15.0611","Metallurgical Technology/Technician"
"C2024DEP","CIPCODE","15.0612","Industrial Technology/Technician"
"C2024DEP","CIPCODE","15.0613","Manufacturing Engineering Technology/Technician"
"C2024DEP","CIPCODE","15.0614","Welding Engineering Technology/Technician"
"C2024DEP","CIPCODE","15.0615","Chemical Engineering Technology/Technician"
"C2024DEP","CIPCODE","15.0616","Semiconductor Manufacturing Technology/Technician"
"C2024DEP","CIPCODE","15.0617","Composite Materials Technology/Technician"
"C2024DEP","CIPCODE","15.0699","Industrial Production Technologies/Technicians, Other"
"C2024DEP","CIPCODE","15.0701","Occupational Safety and Health Technology/Technician"
"C2024DEP","CIPCODE","15.0702","Quality Control Technology/Technician"
"C2024DEP","CIPCODE","15.0703","Industrial Safety Technology/Technician"
"C2024DEP","CIPCODE","15.0704","Hazardous Materials Information Systems Technology/Technician"
"C2024DEP","CIPCODE","15.0705","Process Safety Technology/Technician"
"C2024DEP","CIPCODE","15.0799","Quality Control and Safety Technologies/Technicians, Other"
"C2024DEP","CIPCODE","15.0801","Aeronautical/Aerospace Engineering Technology/Technician"
"C2024DEP","CIPCODE","15.0803","Automotive Engineering Technology/Technician"
"C2024DEP","CIPCODE","15.0805","Mechanical/Mechanical Engineering Technology/Technician"
"C2024DEP","CIPCODE","15.0806","Marine Engineering Technology/Technician"
"C2024DEP","CIPCODE","15.0807","Motorsports Engineering Technology/Technician"
"C2024DEP","CIPCODE","15.0899","Mechanical Engineering Related Technologies/Technicians, Other"
"C2024DEP","CIPCODE","15.0901","Mining Technology/Technician"
"C2024DEP","CIPCODE","15.0903","Petroleum Technology/Technician"
"C2024DEP","CIPCODE","15.0999","Mining and Petroleum Technologies/Technicians, Other"
"C2024DEP","CIPCODE","15.1001","Construction Engineering Technology/Technician"
"C2024DEP","CIPCODE","15.1102","Surveying Technology/Surveying"
"C2024DEP","CIPCODE","15.1103","Hydraulics and Fluid Power Technology/Technician"
"C2024DEP","CIPCODE","15.1199","Engineering-Related Technologies/Technicians, Other"
"C2024DEP","CIPCODE","15.1201","Computer Engineering Technology/Technician"
"C2024DEP","CIPCODE","15.1202","Computer/Computer Systems Technology/Technician"
"C2024DEP","CIPCODE","15.1203","Computer Hardware Technology/Technician"
"C2024DEP","CIPCODE","15.1204","Computer Software Technology/Technician"
"C2024DEP","CIPCODE","15.1299","Computer Engineering Technologies/Technicians, Other"
"C2024DEP","CIPCODE","15.1301","Drafting and Design Technology/Technician, General"
"C2024DEP","CIPCODE","15.1302","CAD/CADD Drafting and/or Design Technology/Technician"
"C2024DEP","CIPCODE","15.1303","Architectural Drafting and Architectural CAD/CADD"
"C2024DEP","CIPCODE","15.1304","Civil Drafting and Civil Engineering CAD/CADD"
"C2024DEP","CIPCODE","15.1305","Electrical/Electronics Drafting and Electrical/Electronics CAD/CADD"
"C2024DEP","CIPCODE","15.1306","Mechanical Drafting and Mechanical Drafting CAD/CADD"
"C2024DEP","CIPCODE","15.1307","3-D Modeling and Design Technology/Technician"
"C2024DEP","CIPCODE","15.1399","Drafting/Design Engineering Technologies/Technicians, Other"
"C2024DEP","CIPCODE","15.1401","Nuclear Engineering Technology/Technician"
"C2024DEP","CIPCODE","15.1501","Engineering/Industrial Management"
"C2024DEP","CIPCODE","15.1502","Engineering Design"
"C2024DEP","CIPCODE","15.1503","Packaging Science"
"C2024DEP","CIPCODE","15.1599","Engineering-Related Fields, Other"
"C2024DEP","CIPCODE","15.1601","Nanotechnology"
"C2024DEP","CIPCODE","15.1701","Energy Systems Technology/Technician"
"C2024DEP","CIPCODE","15.1702","Power Plant Technology/Technician"
"C2024DEP","CIPCODE","15.1703","Solar Energy Technology/Technician"
"C2024DEP","CIPCODE","15.1704","Wind Energy Technology/Technician"
"C2024DEP","CIPCODE","15.1705","Hydroelectric Energy Technology/Technician"
"C2024DEP","CIPCODE","15.1706","Geothermal Energy Technology/Technician"
"C2024DEP","CIPCODE","15.1799","Energy Systems Technologies/Technicians, Other"
"C2024DEP","CIPCODE","15.9999","Engineering/Engineering-Related Technologies/Technicians, Other"
"C2024DEP","CIPCODE","16","Foreign Languages, Literatures, and Linguistics"
"C2024DEP","CIPCODE","16.0101","Foreign Languages and Literatures, General"
"C2024DEP","CIPCODE","16.0102","Linguistics"
"C2024DEP","CIPCODE","16.0103","Language Interpretation and Translation"
"C2024DEP","CIPCODE","16.0104","Comparative Literature"
"C2024DEP","CIPCODE","16.0105","Applied Linguistics"
"C2024DEP","CIPCODE","16.0199","Linguistic, Comparative, and Related Language Studies and Services, Other"
"C2024DEP","CIPCODE","16.0201","African Languages, Literatures, and Linguistics"
"C2024DEP","CIPCODE","16.0300","East Asian Languages, Literatures, and Linguistics, General"
"C2024DEP","CIPCODE","16.0301","Chinese Language and Literature"
"C2024DEP","CIPCODE","16.0302","Japanese Language and Literature"
"C2024DEP","CIPCODE","16.0303","Korean Language and Literature"
"C2024DEP","CIPCODE","16.0304","Tibetan Language and Literature"
"C2024DEP","CIPCODE","16.0399","East Asian Languages, Literatures, and Linguistics, Other"
"C2024DEP","CIPCODE","16.0400","Slavic Languages, Literatures, and Linguistics, General"
"C2024DEP","CIPCODE","16.0401","Baltic Languages, Literatures, and Linguistics"
"C2024DEP","CIPCODE","16.0402","Russian Language and Literature"
"C2024DEP","CIPCODE","16.0404","Albanian Language and Literature"
"C2024DEP","CIPCODE","16.0405","Bulgarian Language and Literature"
"C2024DEP","CIPCODE","16.0406","Czech Language and Literature"
"C2024DEP","CIPCODE","16.0407","Polish Language and Literature"
"C2024DEP","CIPCODE","16.0408","Bosnian, Serbian, and Croatian Languages and Literatures"
"C2024DEP","CIPCODE","16.0409","Slovak Language and Literature"
"C2024DEP","CIPCODE","16.0410","Ukrainian Language and Literature"
"C2024DEP","CIPCODE","16.0499","Slavic, Baltic, and Albanian Languages, Literatures, and Linguistics, Other"
"C2024DEP","CIPCODE","16.0500","Germanic Languages, Literatures, and Linguistics, General"
"C2024DEP","CIPCODE","16.0501","German Language and Literature"
"C2024DEP","CIPCODE","16.0502","Scandinavian Languages, Literatures, and Linguistics"
"C2024DEP","CIPCODE","16.0503","Danish Language and Literature"
"C2024DEP","CIPCODE","16.0504","Dutch/Flemish Language and Literature"
"C2024DEP","CIPCODE","16.0505","Norwegian Language and Literature"
"C2024DEP","CIPCODE","16.0506","Swedish Language and Literature"
"C2024DEP","CIPCODE","16.0599","Germanic Languages, Literatures, and Linguistics, Other"
"C2024DEP","CIPCODE","16.0601","Modern Greek Language and Literature"
"C2024DEP","CIPCODE","16.0700","South Asian Languages, Literatures, and Linguistics, General"
"C2024DEP","CIPCODE","16.0701","Hindi Language and Literature"
"C2024DEP","CIPCODE","16.0702","Sanskrit and Classical Indian Languages, Literatures, and Linguistics"
"C2024DEP","CIPCODE","16.0704","Bengali Language and Literature"
"C2024DEP","CIPCODE","16.0705","Punjabi Language and Literature"
"C2024DEP","CIPCODE","16.0706","Tamil Language and Literature"
"C2024DEP","CIPCODE","16.0707","Urdu Language and Literature"
"C2024DEP","CIPCODE","16.0799","South Asian Languages, Literatures, and Linguistics, Other"
"C2024DEP","CIPCODE","16.0801","Iranian Languages, Literatures, and Linguistics"
"C2024DEP","CIPCODE","16.0900","Romance Languages, Literatures, and Linguistics, General"
"C2024DEP","CIPCODE","16.0901","French Language and Literature"
"C2024DEP","CIPCODE","16.0902","Italian Language and Literature"
"C2024DEP","CIPCODE","16.0904","Portuguese Language and Literature"
"C2024DEP","CIPCODE","16.0905","Spanish Language and Literature"
"C2024DEP","CIPCODE","16.0906","Romanian Language and Literature"
"C2024DEP","CIPCODE","16.0907","Catalan Language and Literature"
"C2024DEP","CIPCODE","16.0908","Hispanic and Latin American Languages, Literatures, and Linguistics, General"
"C2024DEP","CIPCODE","16.0999","Romance Languages, Literatures, and Linguistics, Other"
"C2024DEP","CIPCODE","16.1001","American Indian/Native American Languages, Literatures, and Linguistics"
"C2024DEP","CIPCODE","16.1100","Middle/Near Eastern and Semitic Languages, Literatures, and Linguistics, General"
"C2024DEP","CIPCODE","16.1101","Arabic Language and Literature"
"C2024DEP","CIPCODE","16.1102","Hebrew Language and Literature"
"C2024DEP","CIPCODE","16.1103","Ancient Near Eastern and Biblical Languages, Literatures, and Linguistics"
"C2024DEP","CIPCODE","16.1199","Middle/Near Eastern and Semitic Languages, Literatures, and Linguistics, Other"
"C2024DEP","CIPCODE","16.1200","Classics and Classical Languages, Literatures, and Linguistics, General"
"C2024DEP","CIPCODE","16.1202","Ancient/Classical Greek Language and Literature"
"C2024DEP","CIPCODE","16.1203","Latin Language and Literature"
"C2024DEP","CIPCODE","16.1299","Classics and Classical Languages, Literatures, and Linguistics, Other"
"C2024DEP","CIPCODE","16.1301","Celtic Languages, Literatures, and Linguistics"
"C2024DEP","CIPCODE","16.1400","Southeast Asian Languages, Literatures, and Linguistics, General"
"C2024DEP","CIPCODE","16.1401","Australian/Oceanic/Pacific Languages, Literatures, and Linguistics"
"C2024DEP","CIPCODE","16.1402","Indonesian/Malay Languages and Literatures"
"C2024DEP","CIPCODE","16.1403","Burmese Language and Literature"
"C2024DEP","CIPCODE","16.1404","Filipino/Tagalog Language and Literature"
"C2024DEP","CIPCODE","16.1405","Khmer/Cambodian Language and Literature"
"C2024DEP","CIPCODE","16.1406","Lao Language and Literature"
"C2024DEP","CIPCODE","16.1407","Thai Language and Literature"
"C2024DEP","CIPCODE","16.1408","Vietnamese Language and Literature"
"C2024DEP","CIPCODE","16.1409","Hawaiian Language and Literature"
"C2024DEP","CIPCODE","16.1499","Southeast Asian and Australasian/Pacific Languages, Literatures, and Linguistics, Other"
"C2024DEP","CIPCODE","16.1501","Turkish Language and Literature"
"C2024DEP","CIPCODE","16.1502","Uralic Languages, Literatures, and Linguistics"
"C2024DEP","CIPCODE","16.1503","Hungarian/Magyar Language and Literature"
"C2024DEP","CIPCODE","16.1504","Mongolian Language and Literature"
"C2024DEP","CIPCODE","16.1599","Turkic, Uralic-Altaic, Caucasian, and Central Asian Languages, Literatures, and Linguistics, Other"
"C2024DEP","CIPCODE","16.1601","American Sign Language (ASL)"
"C2024DEP","CIPCODE","16.1602","Linguistics of ASL and Other Sign Languages"
"C2024DEP","CIPCODE","16.1603","Sign Language Interpretation and Translation"
"C2024DEP","CIPCODE","16.1699","American Sign Language, Other"
"C2024DEP","CIPCODE","16.1701","English as a Second Language"
"C2024DEP","CIPCODE","16.1801","Armenian Language and Literature"
"C2024DEP","CIPCODE","16.9999","Foreign Languages, Literatures, and Linguistics, Other"
"C2024DEP","CIPCODE","19","Family and Consumer Sciences/Human Sciences"
"C2024DEP","CIPCODE","19.0101","Family and Consumer Sciences/Human Sciences, General"
"C2024DEP","CIPCODE","19.0201","Business Family and Consumer Sciences/Human Sciences"
"C2024DEP","CIPCODE","19.0202","Family and Consumer Sciences/Human Sciences Communication"
"C2024DEP","CIPCODE","19.0203","Consumer Merchandising/Retailing Management"
"C2024DEP","CIPCODE","19.0299","Family and Consumer Sciences/Human Sciences Business Services, Other"
"C2024DEP","CIPCODE","19.0401","Family Resource Management Studies, General"
"C2024DEP","CIPCODE","19.0402","Consumer Economics"
"C2024DEP","CIPCODE","19.0403","Consumer Services and Advocacy"
"C2024DEP","CIPCODE","19.0499","Family and Consumer Economics and Related Services, Other"
"C2024DEP","CIPCODE","19.0501","Foods, Nutrition, and Wellness Studies, General"
"C2024DEP","CIPCODE","19.0504","Human Nutrition"
"C2024DEP","CIPCODE","19.0505","Foodservice Systems Administration/Management"
"C2024DEP","CIPCODE","19.0599","Foods, Nutrition, and Related Services, Other"
"C2024DEP","CIPCODE","19.0601","Housing and Human Environments, General"
"C2024DEP","CIPCODE","19.0604","Facilities Planning and Management"
"C2024DEP","CIPCODE","19.0605","Home Furnishings and Equipment Installers"
"C2024DEP","CIPCODE","19.0699","Housing and Human Environments, Other"
"C2024DEP","CIPCODE","19.0701","Human Development and Family Studies, General"
"C2024DEP","CIPCODE","19.0702","Adult Development and Aging"
"C2024DEP","CIPCODE","19.0704","Family Systems"
"C2024DEP","CIPCODE","19.0706","Child Development"
"C2024DEP","CIPCODE","19.0707","Family and Community Services"
"C2024DEP","CIPCODE","19.0708","Child Care and Support Services Management"
"C2024DEP","CIPCODE","19.0709","Child Care Provider/Assistant"
"C2024DEP","CIPCODE","19.0710","Developmental Services Worker"
"C2024DEP","CIPCODE","19.0711","Early Childhood and Family Studies"
"C2024DEP","CIPCODE","19.0712","Parent Education Services"
"C2024DEP","CIPCODE","19.0799","Human Development, Family Studies, and Related Services, Other"
"C2024DEP","CIPCODE","19.0901","Apparel and Textiles, General"
"C2024DEP","CIPCODE","19.0902","Apparel and Textile Manufacture"
"C2024DEP","CIPCODE","19.0904","Textile Science"
"C2024DEP","CIPCODE","19.0905","Apparel and Textile Marketing Management"
"C2024DEP","CIPCODE","19.0906","Fashion and Fabric Consultant"
"C2024DEP","CIPCODE","19.0999","Apparel and Textiles, Other"
"C2024DEP","CIPCODE","19.1001","Work and Family Studies"
"C2024DEP","CIPCODE","19.9999","Family and Consumer Sciences/Human Sciences, Other"
"C2024DEP","CIPCODE","22","Legal Professions and Studies"
"C2024DEP","CIPCODE","22.0000","Legal Studies"
"C2024DEP","CIPCODE","22.0001","Pre-Law Studies"
"C2024DEP","CIPCODE","22.0099","Non-Professional Legal Studies, Other"
"C2024DEP","CIPCODE","22.0101","Law"
"C2024DEP","CIPCODE","22.0201","Advanced Legal Research/Studies, General"
"C2024DEP","CIPCODE","22.0202","Programs for Foreign Lawyers"
"C2024DEP","CIPCODE","22.0203","American/U.S. Law/Legal Studies/Jurisprudence"
"C2024DEP","CIPCODE","22.0204","Canadian Law/Legal Studies/Jurisprudence"
"C2024DEP","CIPCODE","22.0205","Banking, Corporate, Finance, and Securities Law"
"C2024DEP","CIPCODE","22.0206","Comparative Law"
"C2024DEP","CIPCODE","22.0207","Energy, Environment, and Natural Resources Law"
"C2024DEP","CIPCODE","22.0208","Health Law"
"C2024DEP","CIPCODE","22.0209","International Law and Legal Studies"
"C2024DEP","CIPCODE","22.0210","International Business, Trade, and Tax Law"
"C2024DEP","CIPCODE","22.0211","Tax Law/Taxation"
"C2024DEP","CIPCODE","22.0212","Intellectual Property Law"
"C2024DEP","CIPCODE","22.0213","Patent Law"
"C2024DEP","CIPCODE","22.0214","Agriculture Law"
"C2024DEP","CIPCODE","22.0215","Arts and Entertainment Law"
"C2024DEP","CIPCODE","22.0216","Compliance Law"
"C2024DEP","CIPCODE","22.0217","Criminal Law and Procedure"
"C2024DEP","CIPCODE","22.0218","Entrepreneurship Law"
"C2024DEP","CIPCODE","22.0219","Family/Child/Elder Law"
"C2024DEP","CIPCODE","22.0220","Human Resources Law"
"C2024DEP","CIPCODE","22.0221","Insurance Law"
"C2024DEP","CIPCODE","22.0222","Real Estate and Land Development Law"
"C2024DEP","CIPCODE","22.0223","Transportation Law"
"C2024DEP","CIPCODE","22.0224","Tribal/Indigenous Law"
"C2024DEP","CIPCODE","22.0299","Legal Research and Advanced Professional Studies, Other"
"C2024DEP","CIPCODE","22.0301","Legal Administrative Assistant/Secretary"
"C2024DEP","CIPCODE","22.0302","Legal Assistant/Paralegal"
"C2024DEP","CIPCODE","22.0303","Court Reporting and Captioning/Court Reporter"
"C2024DEP","CIPCODE","22.0304","Court Interpreter"
"C2024DEP","CIPCODE","22.0305","Scopist"
"C2024DEP","CIPCODE","22.0399","Legal Support Services, Other"
"C2024DEP","CIPCODE","22.9999","Legal Professions and Studies, Other"
"C2024DEP","CIPCODE","23","English Language and Literature/Letters"
"C2024DEP","CIPCODE","23.0101","English Language and Literature, General"
"C2024DEP","CIPCODE","23.1301","Writing, General"
"C2024DEP","CIPCODE","23.1302","Creative Writing"
"C2024DEP","CIPCODE","23.1303","Professional, Technical, Business, and Scientific Writing"
"C2024DEP","CIPCODE","23.1304","Rhetoric and Composition"
"C2024DEP","CIPCODE","23.1399","Rhetoric and Composition/Writing Studies, Other"
"C2024DEP","CIPCODE","23.1401","General Literature"
"C2024DEP","CIPCODE","23.1402","American Literature (United States)"
"C2024DEP","CIPCODE","23.1403","American Literature (Canadian)"
"C2024DEP","CIPCODE","23.1404","English Literature (British and Commonwealth)"
"C2024DEP","CIPCODE","23.1405","Children's and Adolescent Literature"
"C2024DEP","CIPCODE","23.1499","Literature, Other"
"C2024DEP","CIPCODE","23.9999","English Language and Literature/Letters, Other"
"C2024DEP","CIPCODE","24","Liberal Arts and Sciences, General Studies and Humanities"
"C2024DEP","CIPCODE","24.0101","Liberal Arts and Sciences/Liberal Studies"
"C2024DEP","CIPCODE","24.0102","General Studies"
"C2024DEP","CIPCODE","24.0103","Humanities/Humanistic Studies"
"C2024DEP","CIPCODE","24.0199","Liberal Arts and Sciences, General Studies and Humanities, Other"
"C2024DEP","CIPCODE","25","Library Science"
"C2024DEP","CIPCODE","25.0101","Library and Information Science"
"C2024DEP","CIPCODE","25.0102","Children and Youth Library Services"
"C2024DEP","CIPCODE","25.0103","Archives/Archival Administration"
"C2024DEP","CIPCODE","25.0199","Library Science and Administration, Other"
"C2024DEP","CIPCODE","25.0301","Library and Archives Assisting"
"C2024DEP","CIPCODE","25.9999","Library Science, Other"
"C2024DEP","CIPCODE","26","Biological and Biomedical Sciences"
"C2024DEP","CIPCODE","26.0101","Biology/Biological Sciences, General"
"C2024DEP","CIPCODE","26.0102","Biomedical Sciences, General"
"C2024DEP","CIPCODE","26.0202","Biochemistry"
"C2024DEP","CIPCODE","26.0203","Biophysics"
"C2024DEP","CIPCODE","26.0204","Molecular Biology"
"C2024DEP","CIPCODE","26.0205","Molecular Biochemistry"
"C2024DEP","CIPCODE","26.0206","Molecular Biophysics"
"C2024DEP","CIPCODE","26.0207","Structural Biology"
"C2024DEP","CIPCODE","26.0208","Photobiology"
"C2024DEP","CIPCODE","26.0209","Radiation Biology/Radiobiology"
"C2024DEP","CIPCODE","26.0210","Biochemistry and Molecular Biology"
"C2024DEP","CIPCODE","26.0299","Biochemistry, Biophysics and Molecular Biology, Other"
"C2024DEP","CIPCODE","26.0301","Botany/Plant Biology"
"C2024DEP","CIPCODE","26.0305","Plant Pathology/Phytopathology"
"C2024DEP","CIPCODE","26.0307","Plant Physiology"
"C2024DEP","CIPCODE","26.0308","Plant Molecular Biology"
"C2024DEP","CIPCODE","26.0399","Botany/Plant Biology, Other"
"C2024DEP","CIPCODE","26.0401","Cell/Cellular Biology and Histology"
"C2024DEP","CIPCODE","26.0403","Anatomy"
"C2024DEP","CIPCODE","26.0404","Developmental Biology and Embryology"
"C2024DEP","CIPCODE","26.0406","Cell/Cellular and Molecular Biology"
"C2024DEP","CIPCODE","26.0407","Cell Biology and Anatomy"
"C2024DEP","CIPCODE","26.0499","Cell/Cellular Biology and Anatomical Sciences, Other"
"C2024DEP","CIPCODE","26.0502","Microbiology, General"
"C2024DEP","CIPCODE","26.0503","Medical Microbiology and Bacteriology"
"C2024DEP","CIPCODE","26.0504","Virology"
"C2024DEP","CIPCODE","26.0505","Parasitology"
"C2024DEP","CIPCODE","26.0506","Mycology"
"C2024DEP","CIPCODE","26.0507","Immunology"
"C2024DEP","CIPCODE","26.0508","Microbiology and Immunology"
"C2024DEP","CIPCODE","26.0509","Infectious Disease and Global Health"
"C2024DEP","CIPCODE","26.0599","Microbiological Sciences and Immunology, Other"
"C2024DEP","CIPCODE","26.0701","Zoology/Animal Biology"
"C2024DEP","CIPCODE","26.0702","Entomology"
"C2024DEP","CIPCODE","26.0707","Animal Physiology"
"C2024DEP","CIPCODE","26.0708","Animal Behavior and Ethology"
"C2024DEP","CIPCODE","26.0709","Wildlife Biology"
"C2024DEP","CIPCODE","26.0799","Zoology/Animal Biology, Other"
"C2024DEP","CIPCODE","26.0801","Genetics, General"
"C2024DEP","CIPCODE","26.0802","Molecular Genetics"
"C2024DEP","CIPCODE","26.0803","Microbial and Eukaryotic Genetics"
"C2024DEP","CIPCODE","26.0804","Animal Genetics"
"C2024DEP","CIPCODE","26.0805","Plant Genetics"
"C2024DEP","CIPCODE","26.0806","Human/Medical Genetics"
"C2024DEP","CIPCODE","26.0807","Genome Sciences/Genomics"
"C2024DEP","CIPCODE","26.0899","Genetics, Other"
"C2024DEP","CIPCODE","26.0901","Physiology, General"
"C2024DEP","CIPCODE","26.0902","Molecular Physiology"
"C2024DEP","CIPCODE","26.0903","Cell Physiology"
"C2024DEP","CIPCODE","26.0904","Endocrinology"
"C2024DEP","CIPCODE","26.0905","Reproductive Biology"
"C2024DEP","CIPCODE","26.0907","Cardiovascular Science"
"C2024DEP","CIPCODE","26.0908","Exercise Physiology and Kinesiology"
"C2024DEP","CIPCODE","26.0909","Vision Science/Physiological Optics"
"C2024DEP","CIPCODE","26.0910","Pathology/Experimental Pathology"
"C2024DEP","CIPCODE","26.0911","Oncology and Cancer Biology"
"C2024DEP","CIPCODE","26.0912","Aerospace Physiology and Medicine"
"C2024DEP","CIPCODE","26.0913","Biomechanics"
"C2024DEP","CIPCODE","26.0999","Physiology, Pathology, and Related Sciences, Other"
"C2024DEP","CIPCODE","26.1001","Pharmacology"
"C2024DEP","CIPCODE","26.1002","Molecular Pharmacology"
"C2024DEP","CIPCODE","26.1003","Neuropharmacology"
"C2024DEP","CIPCODE","26.1004","Toxicology"
"C2024DEP","CIPCODE","26.1005","Molecular Toxicology"
"C2024DEP","CIPCODE","26.1006","Environmental Toxicology"
"C2024DEP","CIPCODE","26.1007","Pharmacology and Toxicology"
"C2024DEP","CIPCODE","26.1099","Pharmacology and Toxicology, Other"
"C2024DEP","CIPCODE","26.1101","Biometry/Biometrics"
"C2024DEP","CIPCODE","26.1102","Biostatistics"
"C2024DEP","CIPCODE","26.1103","Bioinformatics"
"C2024DEP","CIPCODE","26.1104","Computational Biology"
"C2024DEP","CIPCODE","26.1199","Biomathematics, Bioinformatics, and Computational Biology, Other"
"C2024DEP","CIPCODE","26.1201","Biotechnology"
"C2024DEP","CIPCODE","26.1301","Ecology"
"C2024DEP","CIPCODE","26.1302","Marine Biology and Biological Oceanography"
"C2024DEP","CIPCODE","26.1303","Evolutionary Biology"
"C2024DEP","CIPCODE","26.1304","Aquatic Biology/Limnology"
"C2024DEP","CIPCODE","26.1305","Environmental Biology"
"C2024DEP","CIPCODE","26.1306","Population Biology"
"C2024DEP","CIPCODE","26.1307","Conservation Biology"
"C2024DEP","CIPCODE","26.1308","Systematic Biology/Biological Systematics"
"C2024DEP","CIPCODE","26.1309","Epidemiology"
"C2024DEP","CIPCODE","26.1310","Ecology and Evolutionary Biology"
"C2024DEP","CIPCODE","26.1311","Epidemiology and Biostatistics"
"C2024DEP","CIPCODE","26.1399","Ecology, Evolution, Systematics and Population Biology, Other"
"C2024DEP","CIPCODE","26.1401","Molecular Medicine"
"C2024DEP","CIPCODE","26.1501","Neuroscience"
"C2024DEP","CIPCODE","26.1502","Neuroanatomy"
"C2024DEP","CIPCODE","26.1503","Neurobiology and Anatomy"
"C2024DEP","CIPCODE","26.1504","Neurobiology and Behavior"
"C2024DEP","CIPCODE","26.1599","Neurobiology and Neurosciences, Other"
"C2024DEP","CIPCODE","26.9999","Biological and Biomedical Sciences, Other"
"C2024DEP","CIPCODE","27","Mathematics and Statistics"
"C2024DEP","CIPCODE","27.0101","Mathematics, General"
"C2024DEP","CIPCODE","27.0102","Algebra and Number Theory"
"C2024DEP","CIPCODE","27.0103","Analysis and Functional Analysis"
"C2024DEP","CIPCODE","27.0104","Geometry/Geometric Analysis"
"C2024DEP","CIPCODE","27.0105","Topology and Foundations"
"C2024DEP","CIPCODE","27.0199","Mathematics, Other"
"C2024DEP","CIPCODE","27.0301","Applied Mathematics, General"
"C2024DEP","CIPCODE","27.0303","Computational Mathematics"
"C2024DEP","CIPCODE","27.0304","Computational and Applied Mathematics"
"C2024DEP","CIPCODE","27.0305","Financial Mathematics"
"C2024DEP","CIPCODE","27.0306","Mathematical Biology"
"C2024DEP","CIPCODE","27.0399","Applied Mathematics, Other"
"C2024DEP","CIPCODE","27.0501","Statistics, General"
"C2024DEP","CIPCODE","27.0502","Mathematical Statistics and Probability"
"C2024DEP","CIPCODE","27.0503","Mathematics and Statistics"
"C2024DEP","CIPCODE","27.0599","Statistics, Other"
"C2024DEP","CIPCODE","27.0601","Applied Statistics, General"
"C2024DEP","CIPCODE","27.9999","Mathematics and Statistics, Other"
"C2024DEP","CIPCODE","29","Military Technologies and Applied Sciences"
"C2024DEP","CIPCODE","29.0201","Intelligence, General"
"C2024DEP","CIPCODE","29.0202","Strategic Intelligence"
"C2024DEP","CIPCODE","29.0203","Signal/Geospatial Intelligence"
"C2024DEP","CIPCODE","29.0204","Command & Control (C3, C4I) Systems and Operations"
"C2024DEP","CIPCODE","29.0205","Information Operations/Joint Information Operations"
"C2024DEP","CIPCODE","29.0206","Information/Psychological Warfare and Military Media Relations"
"C2024DEP","CIPCODE","29.0207","Cyber/Electronic Operations and Warfare"
"C2024DEP","CIPCODE","29.0299","Intelligence, Command Control and Information Operations, Other"
"C2024DEP","CIPCODE","29.0301","Combat Systems Engineering"
"C2024DEP","CIPCODE","29.0302","Directed Energy Systems"
"C2024DEP","CIPCODE","29.0303","Engineering Acoustics"
"C2024DEP","CIPCODE","29.0304","Low-Observables and Stealth Technology"
"C2024DEP","CIPCODE","29.0305","Space Systems Operations"
"C2024DEP","CIPCODE","29.0306","Operational Oceanography"
"C2024DEP","CIPCODE","29.0307","Undersea Warfare"
"C2024DEP","CIPCODE","29.0399","Military Applied Sciences, Other"
"C2024DEP","CIPCODE","29.0401","Aerospace Ground Equipment Technology"
"C2024DEP","CIPCODE","29.0402","Air and Space Operations Technology"
"C2024DEP","CIPCODE","29.0403","Aircraft Armament Systems Technology"
"C2024DEP","CIPCODE","29.0404","Explosive Ordinance/Bomb Disposal"
"C2024DEP","CIPCODE","29.0405","Joint Command/Task Force (C3, C4I) Systems"
"C2024DEP","CIPCODE","29.0406","Military Information Systems Technology"
"C2024DEP","CIPCODE","29.0407","Missile and Space Systems Technology"
"C2024DEP","CIPCODE","29.0408","Munitions Systems/Ordinance Technology"
"C2024DEP","CIPCODE","29.0409","Radar Communications and Systems Technology"
"C2024DEP","CIPCODE","29.0499","Military Systems and Maintenance Technology, Other"
"C2024DEP","CIPCODE","29.0601","Military Technology and Applied Sciences Management"
"C2024DEP","CIPCODE","29.9999","Military Technologies and Applied Sciences, Other"
"C2024DEP","CIPCODE","30","Multi/Interdisciplinary Studies"
"C2024DEP","CIPCODE","30.0000","Multi-/Interdisciplinary Studies, General"
"C2024DEP","CIPCODE","30.0001","Comprehensive Transition and Postsecondary (CTP) Program"
"C2024DEP","CIPCODE","30.0101","Biological and Physical Sciences"
"C2024DEP","CIPCODE","30.0501","Peace Studies and Conflict Resolution"
"C2024DEP","CIPCODE","30.0601","Systems Science and Theory"
"C2024DEP","CIPCODE","30.0801","Mathematics and Computer Science"
"C2024DEP","CIPCODE","30.1001","Biopsychology"
"C2024DEP","CIPCODE","30.1101","Gerontology"
"C2024DEP","CIPCODE","30.1201","Historic Preservation and Conservation, General"
"C2024DEP","CIPCODE","30.1202","Cultural Resource Management and Policy Analysis"
"C2024DEP","CIPCODE","30.1299","Historic Preservation and Conservation, Other"
"C2024DEP","CIPCODE","30.1301","Medieval and Renaissance Studies"
"C2024DEP","CIPCODE","30.1401","Museology/Museum Studies"
"C2024DEP","CIPCODE","30.1501","Science, Technology and Society"
"C2024DEP","CIPCODE","30.1601","Accounting and Computer Science"
"C2024DEP","CIPCODE","30.1701","Behavioral Sciences"
"C2024DEP","CIPCODE","30.1801","Natural Sciences"
"C2024DEP","CIPCODE","30.1901","Nutrition Sciences"
"C2024DEP","CIPCODE","30.2001","International/Globalization Studies"
"C2024DEP","CIPCODE","30.2101","Holocaust and Related Studies"
"C2024DEP","CIPCODE","30.2201","Ancient Studies/Civilization"
"C2024DEP","CIPCODE","30.2202","Classical, Ancient Mediterranean, and Near Eastern Studies and Archaeology"
"C2024DEP","CIPCODE","30.2299","Classical and Ancient Studies, Other"
"C2024DEP","CIPCODE","30.2301","Intercultural/Multicultural and Diversity Studies"
"C2024DEP","CIPCODE","30.2501","Cognitive Science, General"
"C2024DEP","CIPCODE","30.2502","Contemplative Studies/Inquiry"
"C2024DEP","CIPCODE","30.2599","Cognitive Science, Other"
"C2024DEP","CIPCODE","30.2601","Cultural Studies/Critical Theory and Analysis"
"C2024DEP","CIPCODE","30.2701","Human Biology"
"C2024DEP","CIPCODE","30.2801","Dispute Resolution"
"C2024DEP","CIPCODE","30.2901","Maritime Studies"
"C2024DEP","CIPCODE","30.3001","Computational Science"
"C2024DEP","CIPCODE","30.3101","Human Computer Interaction"
"C2024DEP","CIPCODE","30.3201","Marine Sciences"
"C2024DEP","CIPCODE","30.3301","Sustainability Studies"
"C2024DEP","CIPCODE","30.3401","Anthrozoology"
"C2024DEP","CIPCODE","30.3501","Climate Science"
"C2024DEP","CIPCODE","30.3601","Cultural Studies and Comparative Literature"
"C2024DEP","CIPCODE","30.3701","Design for Human Health"
"C2024DEP","CIPCODE","30.3801","Earth Systems Science"
"C2024DEP","CIPCODE","30.3901","Economics and Computer Science"
"C2024DEP","CIPCODE","30.4001","Economics and Foreign Language/Literature"
"C2024DEP","CIPCODE","30.4101","Environmental Geosciences"
"C2024DEP","CIPCODE","30.4201","Geoarcheaology"
"C2024DEP","CIPCODE","30.4301","Geobiology"
"C2024DEP","CIPCODE","30.4401","Geography and Environmental Studies"
"C2024DEP","CIPCODE","30.4501","History and Language/Literature"
"C2024DEP","CIPCODE","30.4601","History and Political Science"
"C2024DEP","CIPCODE","30.4701","Linguistics and Anthropology"
"C2024DEP","CIPCODE","30.4801","Linguistics and Computer Science"
"C2024DEP","CIPCODE","30.4901","Mathematical Economics"
"C2024DEP","CIPCODE","30.5001","Mathematics and Atmospheric/Oceanic Science"
"C2024DEP","CIPCODE","30.5101","Philosophy, Politics, and Economics"
"C2024DEP","CIPCODE","30.5201","Digital Humanities and Textual Studies, General"
"C2024DEP","CIPCODE","30.5202","Digital Humanities"
"C2024DEP","CIPCODE","30.5203","Textual Studies"
"C2024DEP","CIPCODE","30.5299","Digital Humanities and Textual Studies, Other"
"C2024DEP","CIPCODE","30.5301","Thanatology"
"C2024DEP","CIPCODE","30.7001","Data Science, General"
"C2024DEP","CIPCODE","30.7099","Data Science, Other"
"C2024DEP","CIPCODE","30.7101","Data Analytics, General"
"C2024DEP","CIPCODE","30.7102","Business Analytics"
"C2024DEP","CIPCODE","30.7103","Data Visualization"
"C2024DEP","CIPCODE","30.7104","Financial Analytics"
"C2024DEP","CIPCODE","30.7199","Data Analytics, Other"
"C2024DEP","CIPCODE","30.9999","Multi-/Interdisciplinary Studies, Other"
"C2024DEP","CIPCODE","31","Parks, Recreation, Leisure, Fitness, and Kinesiology"
"C2024DEP","CIPCODE","31.0101","Parks, Recreation, and Leisure Studies"
"C2024DEP","CIPCODE","31.0301","Parks, Recreation, and Leisure Facilities Management, General"
"C2024DEP","CIPCODE","31.0302","Golf Course Operation and Grounds Management"
"C2024DEP","CIPCODE","31.0399","Parks, Recreation, and Leisure Facilities Management, Other"
"C2024DEP","CIPCODE","31.0501","Sports, Kinesiology, and Physical Education/Fitness, General"
"C2024DEP","CIPCODE","31.0504","Sport and Fitness Administration/Management"
"C2024DEP","CIPCODE","31.0505","Exercise Science and Kinesiology"
"C2024DEP","CIPCODE","31.0507","Physical Fitness Technician"
"C2024DEP","CIPCODE","31.0508","Sports Studies"
"C2024DEP","CIPCODE","31.0599","Sports, Kinesiology, and Physical Education/Fitness, Other"
"C2024DEP","CIPCODE","31.0601","Outdoor Education"
"C2024DEP","CIPCODE","31.9999","Parks, Recreation, Leisure, Fitness, and Kinesiology, Other"
"C2024DEP","CIPCODE","38","Philosophy and Religious Studies"
"C2024DEP","CIPCODE","38.0001","Philosophy and Religious Studies, General"
"C2024DEP","CIPCODE","38.0101","Philosophy"
"C2024DEP","CIPCODE","38.0102","Logic"
"C2024DEP","CIPCODE","38.0103","Ethics"
"C2024DEP","CIPCODE","38.0104","Applied and Professional Ethics"
"C2024DEP","CIPCODE","38.0199","Philosophy, Other"
"C2024DEP","CIPCODE","38.0201","Religion/Religious Studies"
"C2024DEP","CIPCODE","38.0202","Buddhist Studies"
"C2024DEP","CIPCODE","38.0203","Christian Studies"
"C2024DEP","CIPCODE","38.0204","Hindu Studies"
"C2024DEP","CIPCODE","38.0205","Islamic Studies"
"C2024DEP","CIPCODE","38.0206","Jewish/Judaic Studies"
"C2024DEP","CIPCODE","38.0207","Talmudic Studies"
"C2024DEP","CIPCODE","38.0208","Catholic Studies"
"C2024DEP","CIPCODE","38.0209","Mormon Studies"
"C2024DEP","CIPCODE","38.0299","Religion/Religious Studies, Other"
"C2024DEP","CIPCODE","38.9999","Philosophy and Religious Studies, Other"
"C2024DEP","CIPCODE","39","Theology and Religious Vocations"
"C2024DEP","CIPCODE","39.0201","Bible/Biblical Studies"
"C2024DEP","CIPCODE","39.0301","Missions/Missionary Studies"
"C2024DEP","CIPCODE","39.0302","Church Planting"
"C2024DEP","CIPCODE","39.0399","Missions/Missionary Studies and Missiology, Other"
"C2024DEP","CIPCODE","39.0401","Religious Education"
"C2024DEP","CIPCODE","39.0501","Religious/Sacred Music"
"C2024DEP","CIPCODE","39.0502","Worship Ministry"
"C2024DEP","CIPCODE","39.0599","Religious Music and Worship, Other"
"C2024DEP","CIPCODE","39.0601","Theology/Theological Studies"
"C2024DEP","CIPCODE","39.0602","Divinity/Ministry"
"C2024DEP","CIPCODE","39.0604","Pre-Theology/Pre-Ministerial Studies"
"C2024DEP","CIPCODE","39.0605","Rabbinical Studies"
"C2024DEP","CIPCODE","39.0699","Theological and Ministerial Studies, Other"
"C2024DEP","CIPCODE","39.0701","Pastoral Studies/Counseling"
"C2024DEP","CIPCODE","39.0702","Youth Ministry"
"C2024DEP","CIPCODE","39.0703","Urban Ministry"
"C2024DEP","CIPCODE","39.0704","Women's Ministry"
"C2024DEP","CIPCODE","39.0705","Lay Ministry"
"C2024DEP","CIPCODE","39.0706","Chaplain/Chaplaincy Studies"
"C2024DEP","CIPCODE","39.0799","Pastoral Counseling and Specialized Ministries, Other"
"C2024DEP","CIPCODE","39.0801","Religious Institution Administration and Management"
"C2024DEP","CIPCODE","39.0802","Religious/Canon Law"
"C2024DEP","CIPCODE","39.0899","Religious Institution Administration and Law, Other"
"C2024DEP","CIPCODE","39.9999","Theology and Religious Vocations, Other"
"C2024DEP","CIPCODE","40","Physical Sciences"
"C2024DEP","CIPCODE","40.0101","Physical Sciences, General"
"C2024DEP","CIPCODE","40.0201","Astronomy"
"C2024DEP","CIPCODE","40.0202","Astrophysics"
"C2024DEP","CIPCODE","40.0203","Planetary Astronomy and Science"
"C2024DEP","CIPCODE","40.0299","Astronomy and Astrophysics, Other"
"C2024DEP","CIPCODE","40.0401","Atmospheric Sciences and Meteorology, General"
"C2024DEP","CIPCODE","40.0402","Atmospheric Chemistry and Climatology"
"C2024DEP","CIPCODE","40.0403","Atmospheric Physics and Dynamics"
"C2024DEP","CIPCODE","40.0404","Meteorology"
"C2024DEP","CIPCODE","40.0499","Atmospheric Sciences and Meteorology, Other"
"C2024DEP","CIPCODE","40.0501","Chemistry, General"
"C2024DEP","CIPCODE","40.0502","Analytical Chemistry"
"C2024DEP","CIPCODE","40.0503","Inorganic Chemistry"
"C2024DEP","CIPCODE","40.0504","Organic Chemistry"
"C2024DEP","CIPCODE","40.0506","Physical Chemistry"
"C2024DEP","CIPCODE","40.0507","Polymer Chemistry"
"C2024DEP","CIPCODE","40.0508","Chemical Physics"
"C2024DEP","CIPCODE","40.0509","Environmental Chemistry"
"C2024DEP","CIPCODE","40.0510","Forensic Chemistry"
"C2024DEP","CIPCODE","40.0511","Theoretical Chemistry"
"C2024DEP","CIPCODE","40.0512","Cheminformatics/Chemistry Informatics"
"C2024DEP","CIPCODE","40.0599","Chemistry, Other"
"C2024DEP","CIPCODE","40.0601","Geology/Earth Science, General"
"C2024DEP","CIPCODE","40.0602","Geochemistry"
"C2024DEP","CIPCODE","40.0603","Geophysics and Seismology"
"C2024DEP","CIPCODE","40.0604","Paleontology"
"C2024DEP","CIPCODE","40.0605","Hydrology and Water Resources Science"
"C2024DEP","CIPCODE","40.0606","Geochemistry and Petrology"
"C2024DEP","CIPCODE","40.0607","Oceanography, Chemical and Physical"
"C2024DEP","CIPCODE","40.0699","Geological and Earth Sciences/Geosciences, Other"
"C2024DEP","CIPCODE","40.0801","Physics, General"
"C2024DEP","CIPCODE","40.0802","Atomic/Molecular Physics"
"C2024DEP","CIPCODE","40.0804","Elementary Particle Physics"
"C2024DEP","CIPCODE","40.0805","Plasma and High-Temperature Physics"
"C2024DEP","CIPCODE","40.0806","Nuclear Physics"
"C2024DEP","CIPCODE","40.0807","Optics/Optical Sciences"
"C2024DEP","CIPCODE","40.0808","Condensed Matter and Materials Physics"
"C2024DEP","CIPCODE","40.0809","Acoustics"
"C2024DEP","CIPCODE","40.0810","Theoretical and Mathematical Physics"
"C2024DEP","CIPCODE","40.0899","Physics, Other"
"C2024DEP","CIPCODE","40.1001","Materials Science"
"C2024DEP","CIPCODE","40.1002","Materials Chemistry"
"C2024DEP","CIPCODE","40.1099","Materials Sciences, Other"
"C2024DEP","CIPCODE","40.1101","Physics and Astronomy"
"C2024DEP","CIPCODE","40.9999","Physical Sciences, Other"
"C2024DEP","CIPCODE","41","Science Technologies/Technicians"
"C2024DEP","CIPCODE","41.0000","Science Technologies/Technicians, General"
"C2024DEP","CIPCODE","41.0101","Biology/Biotechnology Technology/Technician"
"C2024DEP","CIPCODE","41.0204","Industrial Radiologic Technology/Technician"
"C2024DEP","CIPCODE","41.0205","Nuclear/Nuclear Power Technology/Technician"
"C2024DEP","CIPCODE","41.0299","Nuclear and Industrial Radiologic Technologies/Technicians, Other"
"C2024DEP","CIPCODE","41.0301","Chemical Technology/Technician"
"C2024DEP","CIPCODE","41.0303","Chemical Process Technology"
"C2024DEP","CIPCODE","41.0399","Physical Science Technologies/Technicians, Other"
"C2024DEP","CIPCODE","41.9999","Science Technologies/Technicians, Other"
"C2024DEP","CIPCODE","42","Psychology"
"C2024DEP","CIPCODE","42.0101","Psychology, General"
"C2024DEP","CIPCODE","42.2701","Cognitive Psychology and Psycholinguistics"
"C2024DEP","CIPCODE","42.2702","Comparative Psychology"
"C2024DEP","CIPCODE","42.2703","Developmental and Child Psychology"
"C2024DEP","CIPCODE","42.2704","Experimental Psychology"
"C2024DEP","CIPCODE","42.2705","Personality Psychology"
"C2024DEP","CIPCODE","42.2706","Behavioral Neuroscience"
"C2024DEP","CIPCODE","42.2707","Social Psychology"
"C2024DEP","CIPCODE","42.2708","Psychometrics and Quantitative Psychology"
"C2024DEP","CIPCODE","42.2709","Psychopharmacology"
"C2024DEP","CIPCODE","42.2710","Developmental and Adolescent Psychology"
"C2024DEP","CIPCODE","42.2799","Research and Experimental Psychology, Other"
"C2024DEP","CIPCODE","42.2801","Clinical Psychology"
"C2024DEP","CIPCODE","42.2802","Community Psychology"
"C2024DEP","CIPCODE","42.2803","Counseling Psychology"
"C2024DEP","CIPCODE","42.2804","Industrial and Organizational Psychology"
"C2024DEP","CIPCODE","42.2805","School Psychology"
"C2024DEP","CIPCODE","42.2806","Educational Psychology"
"C2024DEP","CIPCODE","42.2807","Clinical Child Psychology"
"C2024DEP","CIPCODE","42.2808","Environmental Psychology"
"C2024DEP","CIPCODE","42.2809","Geropsychology"
"C2024DEP","CIPCODE","42.2810","Health/Medical Psychology"
"C2024DEP","CIPCODE","42.2811","Family Psychology"
"C2024DEP","CIPCODE","42.2812","Forensic Psychology"
"C2024DEP","CIPCODE","42.2813","Applied Psychology"
"C2024DEP","CIPCODE","42.2814","Applied Behavior Analysis"
"C2024DEP","CIPCODE","42.2815","Performance and Sport Psychology"
"C2024DEP","CIPCODE","42.2816","Somatic Psychology"
"C2024DEP","CIPCODE","42.2817","Transpersonal/Spiritual Psychology"
"C2024DEP","CIPCODE","42.2899","Clinical, Counseling and Applied Psychology, Other"
"C2024DEP","CIPCODE","42.9999","Psychology, Other"
"C2024DEP","CIPCODE","43","Homeland Security, Law Enforcement, Firefighting and Related Protective Services"
"C2024DEP","CIPCODE","43.0100","Criminal Justice and Corrections, General"
"C2024DEP","CIPCODE","43.0102","Corrections"
"C2024DEP","CIPCODE","43.0103","Criminal Justice/Law Enforcement Administration"
"C2024DEP","CIPCODE","43.0104","Criminal Justice/Safety Studies"
"C2024DEP","CIPCODE","43.0107","Criminal Justice/Police Science"
"C2024DEP","CIPCODE","43.0109","Security and Loss Prevention Services"
"C2024DEP","CIPCODE","43.0110","Juvenile Corrections"
"C2024DEP","CIPCODE","43.0112","Securities Services Administration/Management"
"C2024DEP","CIPCODE","43.0113","Corrections Administration"
"C2024DEP","CIPCODE","43.0114","Law Enforcement Investigation and Interviewing"
"C2024DEP","CIPCODE","43.0115","Law Enforcement Record-Keeping and Evidence Management"
"C2024DEP","CIPCODE","43.0119","Critical Incident Response/Special Police Operations"
"C2024DEP","CIPCODE","43.0120","Protective Services Operations"
"C2024DEP","CIPCODE","43.0121","Suspension and Debarment Investigation"
"C2024DEP","CIPCODE","43.0122","Maritime Law Enforcement"
"C2024DEP","CIPCODE","43.0123","Cultural/Archaelogical Resources Protection"
"C2024DEP","CIPCODE","43.0199","Corrections and Criminal Justice, Other"
"C2024DEP","CIPCODE","43.0201","Fire Prevention and Safety Technology/Technician"
"C2024DEP","CIPCODE","43.0202","Fire Services Administration"
"C2024DEP","CIPCODE","43.0203","Fire Science/Fire-fighting"
"C2024DEP","CIPCODE","43.0204","Fire Systems Technology"
"C2024DEP","CIPCODE","43.0205","Fire/Arson Investigation and Prevention"
"C2024DEP","CIPCODE","43.0206","Wildland/Forest Firefighting and Investigation"
"C2024DEP","CIPCODE","43.0299","Fire Protection, Other"
"C2024DEP","CIPCODE","43.0301","Homeland Security"
"C2024DEP","CIPCODE","43.0302","Crisis/Emergency/Disaster Management"
"C2024DEP","CIPCODE","43.0303","Critical Infrastructure Protection"
"C2024DEP","CIPCODE","43.0304","Terrorism and Counterterrorism Operations"
"C2024DEP","CIPCODE","43.0399","Homeland Security, Other"
"C2024DEP","CIPCODE","43.0401","Security Science and Technology, General"
"C2024DEP","CIPCODE","43.0402","Criminalistics and Criminal Science"
"C2024DEP","CIPCODE","43.0403","Cyber/Computer Forensics and Counterterrorism"
"C2024DEP","CIPCODE","43.0404","Cybersecurity Defense Strategy/Policy"
"C2024DEP","CIPCODE","43.0405","Financial Forensics and Fraud Investigation"
"C2024DEP","CIPCODE","43.0406","Forensic Science and Technology"
"C2024DEP","CIPCODE","43.0407","Geospatial Intelligence"
"C2024DEP","CIPCODE","43.0408","Law Enforcement Intelligence Analysis"
"C2024DEP","CIPCODE","43.0499","Security Science and Technology, Other"
"C2024DEP","CIPCODE","43.9999","Homeland Security, Law Enforcement, Firefighting and Related Protective Services, Other"
"C2024DEP","CIPCODE","44","Public Administration and Social Service Professions"
"C2024DEP","CIPCODE","44.0000","Human Services, General"
"C2024DEP","CIPCODE","44.0201","Community Organization and Advocacy"
"C2024DEP","CIPCODE","44.0401","Public Administration"
"C2024DEP","CIPCODE","44.0402","Public Works Management"
"C2024DEP","CIPCODE","44.0403","Transportation and Infrastructure Planning/Studies"
"C2024DEP","CIPCODE","44.0499","Public Administration, Other"
"C2024DEP","CIPCODE","44.0501","Public Policy Analysis, General"
"C2024DEP","CIPCODE","44.0502","Education Policy Analysis"
"C2024DEP","CIPCODE","44.0503","Health Policy Analysis"
"C2024DEP","CIPCODE","44.0504","International Policy Analysis"
"C2024DEP","CIPCODE","44.0599","Public Policy Analysis, Other"
"C2024DEP","CIPCODE","44.0701","Social Work"
"C2024DEP","CIPCODE","44.0702","Youth Services/Administration"
"C2024DEP","CIPCODE","44.0703","Forensic Social Work"
"C2024DEP","CIPCODE","44.0799","Social Work, Other"
"C2024DEP","CIPCODE","44.9999","Public Administration and Social Service Professions, Other"
"C2024DEP","CIPCODE","45","Social Sciences"
"C2024DEP","CIPCODE","45.0101","Social Sciences, General"
"C2024DEP","CIPCODE","45.0102","Research Methodology and Quantitative Methods"
"C2024DEP","CIPCODE","45.0103","Survey Research/Methodology"
"C2024DEP","CIPCODE","45.0199","Social Sciences, Other"
"C2024DEP","CIPCODE","45.0201","Anthropology, General"
"C2024DEP","CIPCODE","45.0202","Physical and Biological Anthropology"
"C2024DEP","CIPCODE","45.0203","Medical Anthropology"
"C2024DEP","CIPCODE","45.0204","Cultural Anthropology"
"C2024DEP","CIPCODE","45.0205","Forensic Anthropology"
"C2024DEP","CIPCODE","45.0299","Anthropology, Other"
"C2024DEP","CIPCODE","45.0301","Archeology"
"C2024DEP","CIPCODE","45.0401","Criminology"
"C2024DEP","CIPCODE","45.0501","Demography and Population Studies"
"C2024DEP","CIPCODE","45.0502","Applied Demography"
"C2024DEP","CIPCODE","45.0599","Demography, Other"
"C2024DEP","CIPCODE","45.0601","Economics, General"
"C2024DEP","CIPCODE","45.0602","Applied Economics"
"C2024DEP","CIPCODE","45.0603","Econometrics and Quantitative Economics"
"C2024DEP","CIPCODE","45.0604","Development Economics and International Development"
"C2024DEP","CIPCODE","45.0605","International Economics"
"C2024DEP","CIPCODE","45.0699","Economics, Other"
"C2024DEP","CIPCODE","45.0701","Geography"
"C2024DEP","CIPCODE","45.0702","Geographic Information Science and Cartography"
"C2024DEP","CIPCODE","45.0799","Geography, Other"
"C2024DEP","CIPCODE","45.0901","International Relations and Affairs"
"C2024DEP","CIPCODE","45.0902","National Security Policy Studies"
"C2024DEP","CIPCODE","45.0999","International Relations and National Security Studies, Other"
"C2024DEP","CIPCODE","45.1001","Political Science and Government, General"
"C2024DEP","CIPCODE","45.1002","American Government and Politics (United States)"
"C2024DEP","CIPCODE","45.1003","Canadian Government and Politics"
"C2024DEP","CIPCODE","45.1004","Political Economy"
"C2024DEP","CIPCODE","45.1099","Political Science and Government, Other"
"C2024DEP","CIPCODE","45.1101","Sociology, General"
"C2024DEP","CIPCODE","45.1102","Applied/Public Sociology"
"C2024DEP","CIPCODE","45.1103","Rural Sociology"
"C2024DEP","CIPCODE","45.1199","Sociology, Other"
"C2024DEP","CIPCODE","45.1201","Urban Studies/Affairs"
"C2024DEP","CIPCODE","45.1301","Sociology and Anthropology"
"C2024DEP","CIPCODE","45.1501","Geography and Anthropology"
"C2024DEP","CIPCODE","45.9999","Social Sciences, Other"
"C2024DEP","CIPCODE","46","Construction Trades"
"C2024DEP","CIPCODE","46.0000","Construction Trades, General"
"C2024DEP","CIPCODE","46.0101","Mason/Masonry"
"C2024DEP","CIPCODE","46.0201","Carpentry/Carpenter"
"C2024DEP","CIPCODE","46.0301","Electrical and Power Transmission Installation/Installer, General"
"C2024DEP","CIPCODE","46.0302","Electrician"
"C2024DEP","CIPCODE","46.0303","Lineworker"
"C2024DEP","CIPCODE","46.0399","Electrical and Power Transmission Installers, Other"
"C2024DEP","CIPCODE","46.0401","Building/Property Maintenance"
"C2024DEP","CIPCODE","46.0402","Concrete Finishing/Concrete Finisher"
"C2024DEP","CIPCODE","46.0403","Building/Home/Construction Inspection/Inspector"
"C2024DEP","CIPCODE","46.0404","Drywall Installation/Drywaller"
"C2024DEP","CIPCODE","46.0406","Glazier"
"C2024DEP","CIPCODE","46.0408","Painting/Painter and Wall Coverer"
"C2024DEP","CIPCODE","46.0410","Roofer"
"C2024DEP","CIPCODE","46.0411","Metal Building Assembly/Assembler"
"C2024DEP","CIPCODE","46.0412","Building/Construction Site Management/Manager"
"C2024DEP","CIPCODE","46.0413","Carpet, Floor, and Tile Worker"
"C2024DEP","CIPCODE","46.0414","Insulator"
"C2024DEP","CIPCODE","46.0415","Building Construction Technology/Technician"
"C2024DEP","CIPCODE","46.0499","Building/Construction Finishing, Management, and Inspection, Other"
"C2024DEP","CIPCODE","46.0502","Pipefitting/Pipefitter and Sprinkler Fitter"
"C2024DEP","CIPCODE","46.0503","Plumbing Technology/Plumber"
"C2024DEP","CIPCODE","46.0504","Well Drilling/Driller"
"C2024DEP","CIPCODE","46.0505","Blasting/Blaster"
"C2024DEP","CIPCODE","46.0599","Plumbing and Related Water Supply Services, Other"
"C2024DEP","CIPCODE","46.9999","Construction Trades, Other"
"C2024DEP","CIPCODE","47","Mechanic and Repair Technologies/Technicians"
"C2024DEP","CIPCODE","47.0000","Mechanics and Repairers, General"
"C2024DEP","CIPCODE","47.0101","Electrical/Electronics Equipment Installation and Repair Technology/Technician, General"
"C2024DEP","CIPCODE","47.0102","Business Machine Repair"
"C2024DEP","CIPCODE","47.0103","Communications Systems Installation and Repair Technology/Technician"
"C2024DEP","CIPCODE","47.0104","Computer Installation and Repair Technology/Technician"
"C2024DEP","CIPCODE","47.0105","Industrial Electronics Technology/Technician"
"C2024DEP","CIPCODE","47.0106","Appliance Installation and Repair Technology/Technician"
"C2024DEP","CIPCODE","47.0110","Security System Installation, Repair, and Inspection Technology/Technician"
"C2024DEP","CIPCODE","47.0199","Electrical/Electronics Maintenance and Repair Technologies/Technicians, Other"
"C2024DEP","CIPCODE","47.0201","Heating, Air Conditioning, Ventilation and Refrigeration Maintenance Technology/Technician"
"C2024DEP","CIPCODE","47.0302","Heavy Equipment Maintenance Technology/Technician"
"C2024DEP","CIPCODE","47.0303","Industrial Mechanics and Maintenance Technology/Technician"
"C2024DEP","CIPCODE","47.0399","Heavy/Industrial Equipment Maintenance Technologies/Technicians, Other"
"C2024DEP","CIPCODE","47.0402","Gunsmithing/Gunsmith"
"C2024DEP","CIPCODE","47.0403","Locksmithing and Safe Repair"
"C2024DEP","CIPCODE","47.0404","Musical Instrument Fabrication and Repair"
"C2024DEP","CIPCODE","47.0408","Watchmaking and Jewelrymaking"
"C2024DEP","CIPCODE","47.0409","Parts and Warehousing Operations and Maintenance Technology/Technician"
"C2024DEP","CIPCODE","47.0499","Precision Systems Maintenance and Repair Technologies/Technicians, Other"
"C2024DEP","CIPCODE","47.0600","Vehicle Maintenance and Repair Technology/Technician, General"
"C2024DEP","CIPCODE","47.0603","Autobody/Collision and Repair Technology/Technician"
"C2024DEP","CIPCODE","47.0604","Automobile/Automotive Mechanics Technology/Technician"
"C2024DEP","CIPCODE","47.0605","Diesel Mechanics Technology/Technician"
"C2024DEP","CIPCODE","47.0606","Small Engine Mechanics and Repair Technology/Technician"
"C2024DEP","CIPCODE","47.0607","Airframe Mechanics and Aircraft Maintenance Technology/Technician"
"C2024DEP","CIPCODE","47.0608","Aircraft Powerplant Technology/Technician"
"C2024DEP","CIPCODE","47.0609","Avionics Maintenance Technology/Technician"
"C2024DEP","CIPCODE","47.0610","Bicycle Mechanics and Repair Technology/Technician"
"C2024DEP","CIPCODE","47.0611","Motorcycle Maintenance and Repair Technology/Technician"
"C2024DEP","CIPCODE","47.0612","Vehicle Emissions Inspection and Maintenance Technology/Technician"
"C2024DEP","CIPCODE","47.0613","Medium/Heavy Vehicle and Truck Technology/Technician"
"C2024DEP","CIPCODE","47.0614","Alternative Fuel Vehicle Technology/Technician"
"C2024DEP","CIPCODE","47.0615","Engine Machinist"
"C2024DEP","CIPCODE","47.0616","Marine Maintenance/Fitter and Ship Repair Technology/Technician"
"C2024DEP","CIPCODE","47.0617","High Performance and Custom Engine Technician/Mechanic"
"C2024DEP","CIPCODE","47.0618","Recreation Vehicle (RV) Service Technician"
"C2024DEP","CIPCODE","47.0699","Vehicle Maintenance and Repair Technologies/Technicians, Other"
"C2024DEP","CIPCODE","47.0701","Energy Systems Installation and Repair Technology/Technician"
"C2024DEP","CIPCODE","47.0703","Solar Energy System Installation and Repair Technology/Technician"
"C2024DEP","CIPCODE","47.0704","Wind Energy System Installation and Repair Technology/Technician"
"C2024DEP","CIPCODE","47.0705","Hydroelectric Energy System Installation and Repair Technology/Technician"
"C2024DEP","CIPCODE","47.0706","Geothermal Energy System Installation and Repair Technology/Technician"
"C2024DEP","CIPCODE","47.0799","Energy Systems Maintenance and Repair Technologies/Technicians, Other"
"C2024DEP","CIPCODE","47.9999","Mechanic and Repair Technologies/Technicians, Other"
"C2024DEP","CIPCODE","48","Precision Production"
"C2024DEP","CIPCODE","48.0000","Precision Production Trades, General"
"C2024DEP","CIPCODE","48.0303","Upholstery/Upholsterer"
"C2024DEP","CIPCODE","48.0304","Shoe, Boot and Leather Repair"
"C2024DEP","CIPCODE","48.0399","Leatherworking and Upholstery, Other"
"C2024DEP","CIPCODE","48.0501","Machine Tool Technology/Machinist"
"C2024DEP","CIPCODE","48.0503","Machine Shop Technology/Assistant"
"C2024DEP","CIPCODE","48.0506","Sheet Metal Technology/Sheetworking"
"C2024DEP","CIPCODE","48.0507","Tool and Die Technology/Technician"
"C2024DEP","CIPCODE","48.0508","Welding Technology/Welder"
"C2024DEP","CIPCODE","48.0509","Ironworking/Ironworker"
"C2024DEP","CIPCODE","48.0510","Computer Numerically Controlled (CNC) Machinist Technology/CNC Machinist"
"C2024DEP","CIPCODE","48.0511","Metal Fabricator"
"C2024DEP","CIPCODE","48.0599","Precision Metal Working, Other"
"C2024DEP","CIPCODE","48.0701","Woodworking, General"
"C2024DEP","CIPCODE","48.0702","Furniture Design and Manufacturing"
"C2024DEP","CIPCODE","48.0703","Cabinetmaking and Millwork"
"C2024DEP","CIPCODE","48.0704","Wooden Boatbuilding Technology/Technician"
"C2024DEP","CIPCODE","48.0799","Woodworking, Other"
"C2024DEP","CIPCODE","48.0801","Boilermaking/Boilermaker"
"C2024DEP","CIPCODE","48.9999","Precision Production, Other"
"C2024DEP","CIPCODE","49","Transportation and Materials Moving"
"C2024DEP","CIPCODE","49.0101","Aeronautics/Aviation/Aerospace Science and Technology, General"
"C2024DEP","CIPCODE","49.0102","Airline/Commercial/Professional Pilot and Flight Crew"
"C2024DEP","CIPCODE","49.0104","Aviation/Airway Management and Operations"
"C2024DEP","CIPCODE","49.0105","Air Traffic Controller"
"C2024DEP","CIPCODE","49.0106","Airline Flight Attendant"
"C2024DEP","CIPCODE","49.0108","Flight Instructor"
"C2024DEP","CIPCODE","49.0109","Remote Aircraft Pilot"
"C2024DEP","CIPCODE","49.0199","Air Transportation, Other"
"C2024DEP","CIPCODE","49.0202","Construction/Heavy Equipment/Earthmoving Equipment Operation"
"C2024DEP","CIPCODE","49.0205","Truck and Bus Driver/Commercial Vehicle Operator and Instructor"
"C2024DEP","CIPCODE","49.0206","Mobil Crane Operator/Operation"
"C2024DEP","CIPCODE","49.0207","Flagging and Traffic Control"
"C2024DEP","CIPCODE","49.0208","Railroad and Railway Transportation"
"C2024DEP","CIPCODE","49.0209","Forklift Operation/Operator"
"C2024DEP","CIPCODE","49.0299","Ground Transportation, Other"
"C2024DEP","CIPCODE","49.0303","Commercial Fishing"
"C2024DEP","CIPCODE","49.0304","Diver, Professional and Instructor"
"C2024DEP","CIPCODE","49.0309","Marine Science/Merchant Marine Officer"
"C2024DEP","CIPCODE","49.0399","Marine Transportation, Other"
"C2024DEP","CIPCODE","49.9999","Transportation and Materials Moving, Other"
"C2024DEP","CIPCODE","50","Visual and Performing Arts"
"C2024DEP","CIPCODE","50.0101","Visual and Performing Arts, General"
"C2024DEP","CIPCODE","50.0102","Digital Arts"
"C2024DEP","CIPCODE","50.0201","Crafts/Craft Design, Folk Art and Artisanry"
"C2024DEP","CIPCODE","50.0301","Dance, General"
"C2024DEP","CIPCODE","50.0302","Ballet"
"C2024DEP","CIPCODE","50.0399","Dance, Other"
"C2024DEP","CIPCODE","50.0401","Design and Visual Communications, General"
"C2024DEP","CIPCODE","50.0402","Commercial and Advertising Art"
"C2024DEP","CIPCODE","50.0404","Industrial and Product Design"
"C2024DEP","CIPCODE","50.0406","Commercial Photography"
"C2024DEP","CIPCODE","50.0407","Fashion/Apparel Design"
"C2024DEP","CIPCODE","50.0408","Interior Design"
"C2024DEP","CIPCODE","50.0409","Graphic Design"
"C2024DEP","CIPCODE","50.0410","Illustration"
"C2024DEP","CIPCODE","50.0411","Game and Interactive Media Design"
"C2024DEP","CIPCODE","50.0499","Design and Applied Arts, Other"
"C2024DEP","CIPCODE","50.0501","Drama and Dramatics/Theatre Arts, General"
"C2024DEP","CIPCODE","50.0502","Technical Theatre/Theatre Design and Technology"
"C2024DEP","CIPCODE","50.0504","Playwriting and Screenwriting"
"C2024DEP","CIPCODE","50.0505","Theatre Literature, History and Criticism"
"C2024DEP","CIPCODE","50.0506","Acting"
"C2024DEP","CIPCODE","50.0507","Directing and Theatrical Production"
"C2024DEP","CIPCODE","50.0509","Musical Theatre"
"C2024DEP","CIPCODE","50.0510","Costume Design"
"C2024DEP","CIPCODE","50.0511","Comedy Writing and Performance"
"C2024DEP","CIPCODE","50.0512","Theatre and Dance"
"C2024DEP","CIPCODE","50.0599","Dramatic/Theatre Arts and Stagecraft, Other"
"C2024DEP","CIPCODE","50.0601","Film/Cinema/Media Studies"
"C2024DEP","CIPCODE","50.0602","Cinematography and Film/Video Production"
"C2024DEP","CIPCODE","50.0605","Photography"
"C2024DEP","CIPCODE","50.0607","Documentary Production"
"C2024DEP","CIPCODE","50.0699","Film/Video and Photographic Arts, Other"
"C2024DEP","CIPCODE","50.0701","Art/Art Studies, General"
"C2024DEP","CIPCODE","50.0702","Fine/Studio Arts, General"
"C2024DEP","CIPCODE","50.0703","Art History, Criticism and Conservation"
"C2024DEP","CIPCODE","50.0705","Drawing"
"C2024DEP","CIPCODE","50.0706","Intermedia/Multimedia"
"C2024DEP","CIPCODE","50.0708","Painting"
"C2024DEP","CIPCODE","50.0709","Sculpture"
"C2024DEP","CIPCODE","50.0710","Printmaking"
"C2024DEP","CIPCODE","50.0711","Ceramic Arts and Ceramics"
"C2024DEP","CIPCODE","50.0712","Fiber, Textile and Weaving Arts"
"C2024DEP","CIPCODE","50.0713","Jewelry Arts"
"C2024DEP","CIPCODE","50.0714","Metal Arts"
"C2024DEP","CIPCODE","50.0799","Fine Arts and Art Studies, Other"
"C2024DEP","CIPCODE","50.0901","Music, General"
"C2024DEP","CIPCODE","50.0902","Music History, Literature, and Theory"
"C2024DEP","CIPCODE","50.0903","Music Performance, General"
"C2024DEP","CIPCODE","50.0904","Music Theory and Composition"
"C2024DEP","CIPCODE","50.0905","Musicology and Ethnomusicology"
"C2024DEP","CIPCODE","50.0906","Conducting"
"C2024DEP","CIPCODE","50.0907","Keyboard Instruments"
"C2024DEP","CIPCODE","50.0908","Voice and Opera"
"C2024DEP","CIPCODE","50.0910","Jazz/Jazz Studies"
"C2024DEP","CIPCODE","50.0911","Stringed Instruments"
"C2024DEP","CIPCODE","50.0912","Music Pedagogy"
"C2024DEP","CIPCODE","50.0913","Music Technology"
"C2024DEP","CIPCODE","50.0914","Brass Instruments"
"C2024DEP","CIPCODE","50.0915","Woodwind Instruments"
"C2024DEP","CIPCODE","50.0916","Percussion Instruments"
"C2024DEP","CIPCODE","50.0917","Sound Arts"
"C2024DEP","CIPCODE","50.0999","Music, Other"
"C2024DEP","CIPCODE","50.1001","Arts, Entertainment, and Media Management, General"
"C2024DEP","CIPCODE","50.1002","Fine and Studio Arts Management"
"C2024DEP","CIPCODE","50.1003","Music Management"
"C2024DEP","CIPCODE","50.1004","Theatre/Theatre Arts Management"
"C2024DEP","CIPCODE","50.1099","Arts, Entertainment, and Media Management, Other"
"C2024DEP","CIPCODE","50.1101","Community/Environmental/Socially-Engaged Art"
"C2024DEP","CIPCODE","50.9999","Visual and Performing Arts, Other"
"C2024DEP","CIPCODE","51","Health Professions and Related Programs"
"C2024DEP","CIPCODE","51.0000","Health Services/Allied Health/Health Sciences, General"
"C2024DEP","CIPCODE","51.0001","Health and Wellness, General"
"C2024DEP","CIPCODE","51.0101","Chiropractic"
"C2024DEP","CIPCODE","51.0201","Communication Sciences and Disorders, General"
"C2024DEP","CIPCODE","51.0202","Audiology/Audiologist"
"C2024DEP","CIPCODE","51.0203","Speech-Language Pathology/Pathologist"
"C2024DEP","CIPCODE","51.0204","Audiology/Audiologist and Speech-Language Pathology/Pathologist"
"C2024DEP","CIPCODE","51.0299","Communication Disorders Sciences and Services, Other"
"C2024DEP","CIPCODE","51.0401","Dentistry"
"C2024DEP","CIPCODE","51.0501","Dental Clinical Sciences, General"
"C2024DEP","CIPCODE","51.0502","Advanced General Dentistry"
"C2024DEP","CIPCODE","51.0503","Oral Biology and Oral and Maxillofacial Pathology"
"C2024DEP","CIPCODE","51.0504","Dental Public Health and Education"
"C2024DEP","CIPCODE","51.0505","Dental Materials"
"C2024DEP","CIPCODE","51.0506","Endodontics/Endodontology"
"C2024DEP","CIPCODE","51.0507","Oral/Maxillofacial Surgery"
"C2024DEP","CIPCODE","51.0508","Orthodontics/Orthodontology"
"C2024DEP","CIPCODE","51.0509","Pediatric Dentistry/Pedodontics"
"C2024DEP","CIPCODE","51.0510","Periodontics/Periodontology"
"C2024DEP","CIPCODE","51.0511","Prosthodontics/Prosthodontology"
"C2024DEP","CIPCODE","51.0512","Digital Dentistry"
"C2024DEP","CIPCODE","51.0513","Geriatric Dentistry"
"C2024DEP","CIPCODE","51.0514","Implantology/Implant Dentistry"
"C2024DEP","CIPCODE","51.0599","Advanced/Graduate Dentistry and Oral Sciences, Other"
"C2024DEP","CIPCODE","51.0601","Dental Assisting/Assistant"
"C2024DEP","CIPCODE","51.0602","Dental Hygiene/Hygienist"
"C2024DEP","CIPCODE","51.0603","Dental Laboratory Technology/Technician"
"C2024DEP","CIPCODE","51.0699","Dental Services and Allied Professions, Other"
"C2024DEP","CIPCODE","51.0701","Health/Health Care Administration/Management"
"C2024DEP","CIPCODE","51.0702","Hospital and Health Care Facilities Administration/Management"
"C2024DEP","CIPCODE","51.0703","Health Unit Coordinator/Ward Clerk"
"C2024DEP","CIPCODE","51.0704","Health Unit Manager/Ward Supervisor"
"C2024DEP","CIPCODE","51.0705","Medical Office Management/Administration"
"C2024DEP","CIPCODE","51.0706","Health Information/Medical Records Administration/Administrator"
"C2024DEP","CIPCODE","51.0707","Health Information/Medical Records Technology/Technician"
"C2024DEP","CIPCODE","51.0708","Medical Transcription/Transcriptionist"
"C2024DEP","CIPCODE","51.0709","Medical Office Computer Specialist/Assistant"
"C2024DEP","CIPCODE","51.0710","Medical Office Assistant/Specialist"
"C2024DEP","CIPCODE","51.0711","Medical/Health Management and Clinical Assistant/Specialist"
"C2024DEP","CIPCODE","51.0712","Medical Reception/Receptionist"
"C2024DEP","CIPCODE","51.0713","Medical Insurance Coding Specialist/Coder"
"C2024DEP","CIPCODE","51.0714","Medical Insurance Specialist/Medical Biller"
"C2024DEP","CIPCODE","51.0715","Health/Medical Claims Examiner"
"C2024DEP","CIPCODE","51.0716","Medical Administrative/Executive Assistant and Medical Secretary"
"C2024DEP","CIPCODE","51.0717","Medical Staff Services Technology/Technician"
"C2024DEP","CIPCODE","51.0718","Long Term Care Administration/Management"
"C2024DEP","CIPCODE","51.0719","Clinical Research Coordinator"
"C2024DEP","CIPCODE","51.0720","Regulatory Science/Affairs"
"C2024DEP","CIPCODE","51.0721","Disease Registry Data Management"
"C2024DEP","CIPCODE","51.0722","Healthcare Innovation"
"C2024DEP","CIPCODE","51.0723","Healthcare Information Privacy Assurance and Security"
"C2024DEP","CIPCODE","51.0799","Health and Medical Administrative Services, Other"
"C2024DEP","CIPCODE","51.0801","Medical/Clinical Assistant"
"C2024DEP","CIPCODE","51.0802","Clinical/Medical Laboratory Assistant"
"C2024DEP","CIPCODE","51.0803","Occupational Therapist Assistant"
"C2024DEP","CIPCODE","51.0805","Pharmacy Technician/Assistant"
"C2024DEP","CIPCODE","51.0806","Physical Therapy Assistant"
"C2024DEP","CIPCODE","51.0809","Anesthesiologist Assistant"
"C2024DEP","CIPCODE","51.0810","Emergency Care Attendant (EMT Ambulance)"
"C2024DEP","CIPCODE","51.0811","Pathology/Pathologist Assistant"
"C2024DEP","CIPCODE","51.0812","Respiratory Therapy Technician/Assistant"
"C2024DEP","CIPCODE","51.0813","Chiropractic Technician/Assistant"
"C2024DEP","CIPCODE","51.0814","Radiologist Assistant"
"C2024DEP","CIPCODE","51.0815","Lactation Consultant"
"C2024DEP","CIPCODE","51.0816","Speech-Language Pathology Assistant"
"C2024DEP","CIPCODE","51.0899","Allied Health and Medical Assisting Services, Other"
"C2024DEP","CIPCODE","51.0901","Cardiovascular Technology/Technologist"
"C2024DEP","CIPCODE","51.0902","Electrocardiograph Technology/Technician"
"C2024DEP","CIPCODE","51.0903","Electroneurodiagnostic/Electroencephalographic Technology/Technologist"
"C2024DEP","CIPCODE","51.0904","Emergency Medical Technology/Technician (EMT Paramedic)"
"C2024DEP","CIPCODE","51.0905","Nuclear Medical Technology/Technologist"
"C2024DEP","CIPCODE","51.0906","Perfusion Technology/Perfusionist"
"C2024DEP","CIPCODE","51.0907","Medical Radiologic Technology/Science - Radiation Therapist"
"C2024DEP","CIPCODE","51.0908","Respiratory Care Therapy/Therapist"
"C2024DEP","CIPCODE","51.0909","Surgical Technology/Technologist"
"C2024DEP","CIPCODE","51.0910","Diagnostic Medical Sonography/Sonographer and Ultrasound Technician"
"C2024DEP","CIPCODE","51.0911","Radiologic Technology/Science - Radiographer"
"C2024DEP","CIPCODE","51.0912","Physician Assistant"
"C2024DEP","CIPCODE","51.0913","Athletic Training/Trainer"
"C2024DEP","CIPCODE","51.0914","Gene/Genetic Therapy"
"C2024DEP","CIPCODE","51.0915","Cardiopulmonary Technology/Technologist"
"C2024DEP","CIPCODE","51.0916","Radiation Protection/Health Physics Technician"
"C2024DEP","CIPCODE","51.0917","Polysomnography"
"C2024DEP","CIPCODE","51.0918","Hearing Instrument Specialist"
"C2024DEP","CIPCODE","51.0919","Mammography Technology/Technician"
"C2024DEP","CIPCODE","51.0920","Magnetic Resonance Imaging (MRI) Technology/Technician"
"C2024DEP","CIPCODE","51.0921","Hyperbaric Medicine Technology/Technician"
"C2024DEP","CIPCODE","51.0922","Intraoperative Neuromonitoring Technology/Technician"
"C2024DEP","CIPCODE","51.0923","Orthopedic Technology/Technician"
"C2024DEP","CIPCODE","51.0999","Allied Health Diagnostic, Intervention, and Treatment Professions, Other"
"C2024DEP","CIPCODE","51.1001","Blood Bank Technology Specialist"
"C2024DEP","CIPCODE","51.1002","Cytotechnology/Cytotechnologist"
"C2024DEP","CIPCODE","51.1003","Hematology Technology/Technician"
"C2024DEP","CIPCODE","51.1004","Clinical/Medical Laboratory Technician"
"C2024DEP","CIPCODE","51.1005","Clinical Laboratory Science/Medical Technology/Technologist"
"C2024DEP","CIPCODE","51.1006","Ophthalmic Laboratory Technology/Technician"
"C2024DEP","CIPCODE","51.1007","Histologic Technology/Histotechnologist"
"C2024DEP","CIPCODE","51.1008","Histologic Technician"
"C2024DEP","CIPCODE","51.1009","Phlebotomy Technician/Phlebotomist"
"C2024DEP","CIPCODE","51.1010","Cytogenetics/Genetics/Clinical Genetics Technology/Technologist"
"C2024DEP","CIPCODE","51.1011","Renal/Dialysis Technologist/Technician"
"C2024DEP","CIPCODE","51.1012","Sterile Processing Technology/Technician"
"C2024DEP","CIPCODE","51.1099","Clinical/Medical Laboratory Science and Allied Professions, Other"
"C2024DEP","CIPCODE","51.1101","Pre-Dentistry Studies"
"C2024DEP","CIPCODE","51.1102","Pre-Medicine/Pre-Medical Studies"
"C2024DEP","CIPCODE","51.1103","Pre-Pharmacy Studies"
"C2024DEP","CIPCODE","51.1105","Pre-Nursing Studies"
"C2024DEP","CIPCODE","51.1106","Pre-Chiropractic Studies"
"C2024DEP","CIPCODE","51.1107","Pre-Occupational Therapy Studies"
"C2024DEP","CIPCODE","51.1108","Pre-Optometry Studies"
"C2024DEP","CIPCODE","51.1109","Pre-Physical Therapy Studies"
"C2024DEP","CIPCODE","51.1110","Pre-Art Therapy"
"C2024DEP","CIPCODE","51.1111","Pre-Physician Assistant"
"C2024DEP","CIPCODE","51.1199","Health/Medical Preparatory Programs, Other"
"C2024DEP","CIPCODE","51.1201","Medicine"
"C2024DEP","CIPCODE","51.1202","Osteopathic Medicine/Osteopathy"
"C2024DEP","CIPCODE","51.1203","Podiatric Medicine/Podiatry"
"C2024DEP","CIPCODE","51.1299","Medicine, Other"
"C2024DEP","CIPCODE","51.1401","Medical Science/Scientist"
"C2024DEP","CIPCODE","51.1402","Clinical and Translational Science"
"C2024DEP","CIPCODE","51.1403","Pain Management"
"C2024DEP","CIPCODE","51.1404","Temporomandibular Disorders and Orofacial Pain"
"C2024DEP","CIPCODE","51.1405","Tropical Medicine"
"C2024DEP","CIPCODE","51.1499","Medical Clinical Sciences/Graduate Medical Studies, Other"
"C2024DEP","CIPCODE","51.1501","Substance Abuse/Addiction Counseling"
"C2024DEP","CIPCODE","51.1502","Psychiatric/Mental Health Services Technician"
"C2024DEP","CIPCODE","51.1503","Clinical/Medical Social Work"
"C2024DEP","CIPCODE","51.1504","Community Health Services/Liaison/Counseling"
"C2024DEP","CIPCODE","51.1505","Marriage and Family Therapy/Counseling"
"C2024DEP","CIPCODE","51.1506","Clinical Pastoral Counseling/Patient Counseling"
"C2024DEP","CIPCODE","51.1507","Psychoanalysis and Psychotherapy"
"C2024DEP","CIPCODE","51.1508","Mental Health Counseling/Counselor"
"C2024DEP","CIPCODE","51.1509","Genetic Counseling/Counselor"
"C2024DEP","CIPCODE","51.1510","Infant/Toddler Mental Health Services"
"C2024DEP","CIPCODE","51.1511","Medical Family Therapy/Therapist"
"C2024DEP","CIPCODE","51.1512","Hospice and Palliative Care"
"C2024DEP","CIPCODE","51.1513","Trauma Counseling"
"C2024DEP","CIPCODE","51.1599","Mental and Social Health Services and Allied Professions, Other"
"C2024DEP","CIPCODE","51.1701","Optometry"
"C2024DEP","CIPCODE","51.1801","Opticianry/Ophthalmic Dispensing Optician"
"C2024DEP","CIPCODE","51.1802","Optometric Technician/Assistant"
"C2024DEP","CIPCODE","51.1803","Ophthalmic Technician/Technologist"
"C2024DEP","CIPCODE","51.1804","Orthoptics/Orthoptist"
"C2024DEP","CIPCODE","51.1899","Ophthalmic and Optometric Support Services and Allied Professions, Other"
"C2024DEP","CIPCODE","51.2001","Pharmacy"
"C2024DEP","CIPCODE","51.2002","Pharmacy Administration and Pharmacy Policy and Regulatory Affairs"
"C2024DEP","CIPCODE","51.2003","Pharmaceutics and Drug Design"
"C2024DEP","CIPCODE","51.2004","Medicinal and Pharmaceutical Chemistry"
"C2024DEP","CIPCODE","51.2005","Natural Products Chemistry and Pharmacognosy"
"C2024DEP","CIPCODE","51.2006","Clinical and Industrial Drug Development"
"C2024DEP","CIPCODE","51.2007","Pharmacoeconomics/Pharmaceutical Economics"
"C2024DEP","CIPCODE","51.2008","Clinical, Hospital, and Managed Care Pharmacy"
"C2024DEP","CIPCODE","51.2009","Industrial and Physical Pharmacy and Cosmetic Sciences"
"C2024DEP","CIPCODE","51.2010","Pharmaceutical Sciences"
"C2024DEP","CIPCODE","51.2011","Pharmaceutical Marketing and Management"
"C2024DEP","CIPCODE","51.2099","Pharmacy, Pharmaceutical Sciences, and Administration, Other"
"C2024DEP","CIPCODE","51.2201","Public Health, General"
"C2024DEP","CIPCODE","51.2202","Environmental Health"
"C2024DEP","CIPCODE","51.2205","Health/Medical  Physics"
"C2024DEP","CIPCODE","51.2206","Occupational Health and Industrial Hygiene"
"C2024DEP","CIPCODE","51.2207","Public Health Education and Promotion"
"C2024DEP","CIPCODE","51.2208","Community Health and Preventive Medicine"
"C2024DEP","CIPCODE","51.2209","Maternal and Child Health"
"C2024DEP","CIPCODE","51.2210","International Public Health/International Health"
"C2024DEP","CIPCODE","51.2211","Health Services Administration"
"C2024DEP","CIPCODE","51.2212","Behavioral Aspects of Health"
"C2024DEP","CIPCODE","51.2213","Patient Safety and Healthcare Quality"
"C2024DEP","CIPCODE","51.2214","Public Health Genetics"
"C2024DEP","CIPCODE","51.2299","Public Health, Other"
"C2024DEP","CIPCODE","51.2300","Rehabilitation and Therapeutic Professions, General"
"C2024DEP","CIPCODE","51.2301","Art Therapy/Therapist"
"C2024DEP","CIPCODE","51.2302","Dance Therapy/Therapist"
"C2024DEP","CIPCODE","51.2305","Music Therapy/Therapist"
"C2024DEP","CIPCODE","51.2306","Occupational Therapy/Therapist"
"C2024DEP","CIPCODE","51.2307","Orthotist/Prosthetist"
"C2024DEP","CIPCODE","51.2308","Physical Therapy/Therapist"
"C2024DEP","CIPCODE","51.2309","Therapeutic Recreation/Recreational Therapy"
"C2024DEP","CIPCODE","51.2310","Vocational Rehabilitation Counseling/Counselor"
"C2024DEP","CIPCODE","51.2311","Kinesiotherapy/Kinesiotherapist"
"C2024DEP","CIPCODE","51.2312","Assistive/Augmentative Technology and Rehabilitation Engineering"
"C2024DEP","CIPCODE","51.2313","Animal-Assisted Therapy"
"C2024DEP","CIPCODE","51.2314","Rehabilitation Science"
"C2024DEP","CIPCODE","51.2315","Drama Therapy/Therapist"
"C2024DEP","CIPCODE","51.2316","Horticulture Therapy/Therapist"
"C2024DEP","CIPCODE","51.2317","Play Therapy/Therapist"
"C2024DEP","CIPCODE","51.2399","Rehabilitation and Therapeutic Professions, Other"
"C2024DEP","CIPCODE","51.2601","Health Aide"
"C2024DEP","CIPCODE","51.2602","Home Health Aide/Home Attendant"
"C2024DEP","CIPCODE","51.2603","Medication Aide"
"C2024DEP","CIPCODE","51.2604","Rehabilitation Aide"
"C2024DEP","CIPCODE","51.2605","Physical Therapy Technician/Aide"
"C2024DEP","CIPCODE","51.2699","Health Aides/Attendants/Orderlies, Other"
"C2024DEP","CIPCODE","51.2703","Medical Illustration/Medical Illustrator"
"C2024DEP","CIPCODE","51.2706","Medical Informatics"
"C2024DEP","CIPCODE","51.2799","Medical Illustration and Informatics, Other"
"C2024DEP","CIPCODE","51.3101","Dietetics/Dietitian"
"C2024DEP","CIPCODE","51.3102","Clinical Nutrition/Nutritionist"
"C2024DEP","CIPCODE","51.3103","Dietetic Technician"
"C2024DEP","CIPCODE","51.3104","Dietitian Assistant"
"C2024DEP","CIPCODE","51.3199","Dietetics and Clinical Nutrition Services, Other"
"C2024DEP","CIPCODE","51.3201","Bioethics/Medical Ethics"
"C2024DEP","CIPCODE","51.3202","Health Professions Education"
"C2024DEP","CIPCODE","51.3203","Nursing Education"
"C2024DEP","CIPCODE","51.3204","Medical/Health Humanities"
"C2024DEP","CIPCODE","51.3205","History of Medicine"
"C2024DEP","CIPCODE","51.3206","Arts in Medicine/Health"
"C2024DEP","CIPCODE","51.3299","Health Professions Education, Ethics, and Humanities, Other"
"C2024DEP","CIPCODE","51.3300","Alternative and Complementary Medicine and Medical Systems, General"
"C2024DEP","CIPCODE","51.3301","Acupuncture and Oriental Medicine"
"C2024DEP","CIPCODE","51.3302","Traditional Chinese Medicine and Chinese Herbology"
"C2024DEP","CIPCODE","51.3303","Naturopathic Medicine/Naturopathy"
"C2024DEP","CIPCODE","51.3304","Homeopathic Medicine/Homeopathy"
"C2024DEP","CIPCODE","51.3305","Ayurvedic Medicine/Ayurveda"
"C2024DEP","CIPCODE","51.3306","Holistic/Integrative Health"
"C2024DEP","CIPCODE","51.3399","Alternative and Complementary Medicine and Medical Systems, Other"
"C2024DEP","CIPCODE","51.3401","Direct Entry Midwifery"
"C2024DEP","CIPCODE","51.3499","Alternative and Complementary Medical Support Services, Other"
"C2024DEP","CIPCODE","51.3501","Massage Therapy/Therapeutic Massage"
"C2024DEP","CIPCODE","51.3502","Asian Bodywork Therapy"
"C2024DEP","CIPCODE","51.3503","Somatic Bodywork"
"C2024DEP","CIPCODE","51.3599","Somatic Bodywork and Related Therapeutic Services, Other"
"C2024DEP","CIPCODE","51.3601","Movement Therapy and Movement Education"
"C2024DEP","CIPCODE","51.3602","Yoga Teacher Training/Yoga Therapy"
"C2024DEP","CIPCODE","51.3603","Hypnotherapy/Hypnotherapist"
"C2024DEP","CIPCODE","51.3699","Movement and Mind-Body Therapies and Education, Other"
"C2024DEP","CIPCODE","51.3701","Aromatherapy"
"C2024DEP","CIPCODE","51.3702","Herbalism/Herbalist"
"C2024DEP","CIPCODE","51.3703","Polarity Therapy"
"C2024DEP","CIPCODE","51.3704","Reiki"
"C2024DEP","CIPCODE","51.3799","Energy and Biologically Based Therapies, Other"
"C2024DEP","CIPCODE","51.3801","Registered Nursing/Registered Nurse"
"C2024DEP","CIPCODE","51.3802","Nursing Administration"
"C2024DEP","CIPCODE","51.3803","Adult Health Nurse/Nursing"
"C2024DEP","CIPCODE","51.3804","Nurse Anesthetist"
"C2024DEP","CIPCODE","51.3805","Family Practice Nurse/Nursing"
"C2024DEP","CIPCODE","51.3806","Maternal/Child Health and Neonatal Nurse/Nursing"
"C2024DEP","CIPCODE","51.3807","Nurse Midwife/Nursing Midwifery"
"C2024DEP","CIPCODE","51.3808","Nursing Science"
"C2024DEP","CIPCODE","51.3809","Pediatric Nurse/Nursing"
"C2024DEP","CIPCODE","51.3810","Psychiatric/Mental Health Nurse/Nursing"
"C2024DEP","CIPCODE","51.3811","Public Health/Community Nurse/Nursing"
"C2024DEP","CIPCODE","51.3812","Perioperative/Operating Room and Surgical Nurse/Nursing"
"C2024DEP","CIPCODE","51.3813","Clinical Nurse Specialist"
"C2024DEP","CIPCODE","51.3814","Critical Care Nursing"
"C2024DEP","CIPCODE","51.3815","Occupational and Environmental Health Nursing"
"C2024DEP","CIPCODE","51.3816","Emergency Room/Trauma Nursing"
"C2024DEP","CIPCODE","51.3818","Nursing Practice"
"C2024DEP","CIPCODE","51.3819","Palliative Care Nursing"
"C2024DEP","CIPCODE","51.3820","Clinical Nurse Leader"
"C2024DEP","CIPCODE","51.3821","Geriatric Nurse/Nursing"
"C2024DEP","CIPCODE","51.3822","Women's Health Nurse/Nursing"
"C2024DEP","CIPCODE","51.3824","Forensic Nursing"
"C2024DEP","CIPCODE","51.3899","Registered Nursing, Nursing Administration, Nursing Research and Clinical Nursing, Other"
"C2024DEP","CIPCODE","51.3901","Licensed Practical/Vocational Nurse Training"
"C2024DEP","CIPCODE","51.3902","Nursing Assistant/Aide and Patient Care Assistant/Aide"
"C2024DEP","CIPCODE","51.3999","Practical Nursing, Vocational Nursing and Nursing Assistants, Other"
"C2024DEP","CIPCODE","51.9999","Health Professions and Related Clinical Sciences, Other"
"C2024DEP","CIPCODE","52","Business, Management, Marketing, and Related Support Services"
"C2024DEP","CIPCODE","52.0101","Business/Commerce, General"
"C2024DEP","CIPCODE","52.0201","Business Administration and Management, General"
"C2024DEP","CIPCODE","52.0202","Purchasing, Procurement/Acquisitions and Contracts Management"
"C2024DEP","CIPCODE","52.0203","Logistics, Materials, and Supply Chain Management"
"C2024DEP","CIPCODE","52.0204","Office Management and Supervision"
"C2024DEP","CIPCODE","52.0205","Operations Management and Supervision"
"C2024DEP","CIPCODE","52.0206","Non-Profit/Public/Organizational Management"
"C2024DEP","CIPCODE","52.0207","Customer Service Management"
"C2024DEP","CIPCODE","52.0208","E-Commerce/Electronic Commerce"
"C2024DEP","CIPCODE","52.0209","Transportation/Mobility Management"
"C2024DEP","CIPCODE","52.0210","Research and Development Management"
"C2024DEP","CIPCODE","52.0211","Project Management"
"C2024DEP","CIPCODE","52.0212","Retail Management"
"C2024DEP","CIPCODE","52.0213","Organizational Leadership"
"C2024DEP","CIPCODE","52.0214","Research Administration"
"C2024DEP","CIPCODE","52.0215","Risk Management"
"C2024DEP","CIPCODE","52.0216","Science/Technology Management"
"C2024DEP","CIPCODE","52.0299","Business Administration, Management and Operations, Other"
"C2024DEP","CIPCODE","52.0301","Accounting"
"C2024DEP","CIPCODE","52.0302","Accounting Technology/Technician and Bookkeeping"
"C2024DEP","CIPCODE","52.0303","Auditing"
"C2024DEP","CIPCODE","52.0304","Accounting and Finance"
"C2024DEP","CIPCODE","52.0305","Accounting and Business/Management"
"C2024DEP","CIPCODE","52.0399","Accounting and Related Services, Other"
"C2024DEP","CIPCODE","52.0401","Administrative Assistant and Secretarial Science, General"
"C2024DEP","CIPCODE","52.0402","Executive Assistant/Executive Secretary"
"C2024DEP","CIPCODE","52.0406","Receptionist"
"C2024DEP","CIPCODE","52.0407","Business/Office Automation/Technology/Data Entry"
"C2024DEP","CIPCODE","52.0408","General Office Occupations and Clerical Services"
"C2024DEP","CIPCODE","52.0409","Parts, Warehousing, and Inventory Management Operations"
"C2024DEP","CIPCODE","52.0410","Traffic, Customs, and Transportation Clerk/Technician"
"C2024DEP","CIPCODE","52.0411","Customer Service Support/Call Center/Teleservice Operation"
"C2024DEP","CIPCODE","52.0499","Business Operations Support and Secretarial Services, Other"
"C2024DEP","CIPCODE","52.0501","Business/Corporate Communications, General"
"C2024DEP","CIPCODE","52.0502","Grantsmanship"
"C2024DEP","CIPCODE","52.0599","Business/Corporate Communications, Other"
"C2024DEP","CIPCODE","52.0601","Business/Managerial Economics"
"C2024DEP","CIPCODE","52.0701","Entrepreneurship/Entrepreneurial Studies"
"C2024DEP","CIPCODE","52.0702","Franchising and Franchise Operations"
"C2024DEP","CIPCODE","52.0703","Small Business Administration/Management"
"C2024DEP","CIPCODE","52.0704","Social Entrepreneurship"
"C2024DEP","CIPCODE","52.0799","Entrepreneurial and Small Business Operations, Other"
"C2024DEP","CIPCODE","52.0801","Finance, General"
"C2024DEP","CIPCODE","52.0803","Banking and Financial Support Services"
"C2024DEP","CIPCODE","52.0804","Financial Planning and Services"
"C2024DEP","CIPCODE","52.0806","International Finance"
"C2024DEP","CIPCODE","52.0807","Investments and Securities"
"C2024DEP","CIPCODE","52.0808","Public Finance"
"C2024DEP","CIPCODE","52.0809","Credit Management"
"C2024DEP","CIPCODE","52.0810","Financial Risk Management"
"C2024DEP","CIPCODE","52.0899","Finance and Financial Management Services, Other"
"C2024DEP","CIPCODE","52.0901","Hospitality Administration/Management, General"
"C2024DEP","CIPCODE","52.0903","Tourism and Travel Services Management"
"C2024DEP","CIPCODE","52.0904","Hotel/Motel Administration/Management"
"C2024DEP","CIPCODE","52.0905","Restaurant/Food Services Management"
"C2024DEP","CIPCODE","52.0906","Resort Management"
"C2024DEP","CIPCODE","52.0907","Meeting and Event Planning"
"C2024DEP","CIPCODE","52.0908","Casino Management"
"C2024DEP","CIPCODE","52.0909","Hotel, Motel, and Restaurant Management"
"C2024DEP","CIPCODE","52.0910","Brewery/Brewpub Operations/Management"
"C2024DEP","CIPCODE","52.0999","Hospitality Administration/Management, Other"
"C2024DEP","CIPCODE","52.1001","Human Resources Management/Personnel Administration, General"
"C2024DEP","CIPCODE","52.1002","Labor and Industrial Relations"
"C2024DEP","CIPCODE","52.1003","Organizational Behavior Studies"
"C2024DEP","CIPCODE","52.1004","Labor Studies"
"C2024DEP","CIPCODE","52.1005","Human Resources Development"
"C2024DEP","CIPCODE","52.1006","Executive/Career Coaching"
"C2024DEP","CIPCODE","52.1099","Human Resources Management and Services, Other"
"C2024DEP","CIPCODE","52.1101","International Business/Trade/Commerce"
"C2024DEP","CIPCODE","52.1201","Management Information Systems, General"
"C2024DEP","CIPCODE","52.1206","Information Resources Management"
"C2024DEP","CIPCODE","52.1207","Knowledge Management"
"C2024DEP","CIPCODE","52.1299","Management Information Systems and Services, Other"
"C2024DEP","CIPCODE","52.1301","Management Science"
"C2024DEP","CIPCODE","52.1302","Business Statistics"
"C2024DEP","CIPCODE","52.1304","Actuarial Science"
"C2024DEP","CIPCODE","52.1399","Management Sciences and Quantitative Methods, Other"
"C2024DEP","CIPCODE","52.1401","Marketing/Marketing Management, General"
"C2024DEP","CIPCODE","52.1402","Marketing Research"
"C2024DEP","CIPCODE","52.1403","International Marketing"
"C2024DEP","CIPCODE","52.1404","Digital Marketing"
"C2024DEP","CIPCODE","52.1499","Marketing, Other"
"C2024DEP","CIPCODE","52.1501","Real Estate"
"C2024DEP","CIPCODE","52.1601","Taxation"
"C2024DEP","CIPCODE","52.1701","Insurance"
"C2024DEP","CIPCODE","52.1801","Sales, Distribution, and Marketing Operations, General"
"C2024DEP","CIPCODE","52.1802","Merchandising and Buying Operations"
"C2024DEP","CIPCODE","52.1803","Retailing and Retail Operations"
"C2024DEP","CIPCODE","52.1804","Selling Skills and Sales Operations"
"C2024DEP","CIPCODE","52.1899","General Merchandising, Sales, and Related Marketing Operations, Other"
"C2024DEP","CIPCODE","52.1901","Auctioneering"
"C2024DEP","CIPCODE","52.1902","Fashion Merchandising"
"C2024DEP","CIPCODE","52.1903","Fashion Modeling"
"C2024DEP","CIPCODE","52.1904","Apparel and Accessories Marketing Operations"
"C2024DEP","CIPCODE","52.1905","Tourism and Travel Services Marketing Operations"
"C2024DEP","CIPCODE","52.1906","Tourism Promotion Operations"
"C2024DEP","CIPCODE","52.1907","Vehicle and Vehicle Parts and Accessories Marketing Operations"
"C2024DEP","CIPCODE","52.1908","Business and Personal/Financial Services Marketing Operations"
"C2024DEP","CIPCODE","52.1909","Special Products Marketing Operations"
"C2024DEP","CIPCODE","52.1910","Hospitality and Recreation Marketing Operations"
"C2024DEP","CIPCODE","52.1999","Specialized Merchandising, Sales, and Marketing Operations, Other"
"C2024DEP","CIPCODE","52.2001","Construction Management, General"
"C2024DEP","CIPCODE","52.2002","Construction Project Management"
"C2024DEP","CIPCODE","52.2099","Construction Management, Other"
"C2024DEP","CIPCODE","52.2101","Telecommunications Management"
"C2024DEP","CIPCODE","52.9999","Business, Management, Marketing, and Related Support Services, Other"
"C2024DEP","CIPCODE","54","History"
"C2024DEP","CIPCODE","54.0101","History, General"
"C2024DEP","CIPCODE","54.0102","American  History (United States)"
"C2024DEP","CIPCODE","54.0103","European History"
"C2024DEP","CIPCODE","54.0104","History and Philosophy of Science and Technology"
"C2024DEP","CIPCODE","54.0105","Public/Applied History"
"C2024DEP","CIPCODE","54.0106","Asian History"
"C2024DEP","CIPCODE","54.0107","Canadian History"
"C2024DEP","CIPCODE","54.0108","Military History"
"C2024DEP","CIPCODE","54.0199","History, Other"
"C2024_A","CIPCODE","99","Grand total"
"C2024_A","CIPCODE","01","Agricultural/Animal/Plant/Veterinary Science and Related Fields"
"C2024_A","CIPCODE","01.00","Agriculture, General"
"C2024_A","CIPCODE","01.0000","Agriculture, General"
"C2024_A","CIPCODE","01.01","Agricultural Business and Management"
"C2024_A","CIPCODE","01.0101","Agricultural Business and Management, General"
"C2024_A","CIPCODE","01.0102","Agribusiness/Agricultural Business Operations"
"C2024_A","CIPCODE","01.0103","Agricultural Economics"
"C2024_A","CIPCODE","01.0104","Farm/Farm and Ranch Management"
"C2024_A","CIPCODE","01.0105","Agricultural/Farm Supplies Retailing and Wholesaling"
"C2024_A","CIPCODE","01.0106","Agricultural Business Technology/Technician"
"C2024_A","CIPCODE","01.0199","Agricultural Business and Management, Other"
"C2024_A","CIPCODE","01.02","Agricultural Mechanization"
"C2024_A","CIPCODE","01.0201","Agricultural Mechanization, General"
"C2024_A","CIPCODE","01.0204","Agricultural Power Machinery Operation"
"C2024_A","CIPCODE","01.0205","Agricultural Mechanics and Equipment/Machine Technology/Technician"
"C2024_A","CIPCODE","01.0207","Irrigation Management Technology/Technician"
"C2024_A","CIPCODE","01.0299","Agricultural Mechanization, Other"
"C2024_A","CIPCODE","01.03","Agricultural Production Operations"
"C2024_A","CIPCODE","01.0301","Agricultural Production Operations, General"
"C2024_A","CIPCODE","01.0302","Animal/Livestock Husbandry and Production"
"C2024_A","CIPCODE","01.0303","Aquaculture"
"C2024_A","CIPCODE","01.0304","Crop Production"
"C2024_A","CIPCODE","01.0306","Dairy Husbandry and Production"
"C2024_A","CIPCODE","01.0307","Horse Husbandry/Equine Science and Management"
"C2024_A","CIPCODE","01.0308","Agroecology and Sustainable Agriculture"
"C2024_A","CIPCODE","01.0310","Apiculture"
"C2024_A","CIPCODE","01.0399","Agricultural Production Operations, Other"
"C2024_A","CIPCODE","01.04","Agricultural and Food Products Processing"
"C2024_A","CIPCODE","01.0401","Agricultural and Food Products Processing"
"C2024_A","CIPCODE","01.05","Agricultural and Domestic Animal Services"
"C2024_A","CIPCODE","01.0504","Dog/Pet/Animal Grooming"
"C2024_A","CIPCODE","01.0505","Animal Training"
"C2024_A","CIPCODE","01.0507","Equestrian/Equine Studies"
"C2024_A","CIPCODE","01.0508","Taxidermy/Taxidermist"
"C2024_A","CIPCODE","01.0509","Farrier Science"
"C2024_A","CIPCODE","01.0599","Agricultural and Domestic Animal Services, Other"
"C2024_A","CIPCODE","01.06","Applied Horticulture and Horticultural Business Services"
"C2024_A","CIPCODE","01.0601","Applied Horticulture/Horticulture Operations, General"
"C2024_A","CIPCODE","01.0603","Ornamental Horticulture"
"C2024_A","CIPCODE","01.0604","Greenhouse Operations and Management"
"C2024_A","CIPCODE","01.0605","Landscaping and Groundskeeping"
"C2024_A","CIPCODE","01.0606","Plant Nursery Operations and Management"
"C2024_A","CIPCODE","01.0607","Turf and Turfgrass Management"
"C2024_A","CIPCODE","01.0608","Floriculture/Floristry Operations and Management"
"C2024_A","CIPCODE","01.0609","Public Horticulture"
"C2024_A","CIPCODE","01.0610","Urban and Community Horticulture"
"C2024_A","CIPCODE","01.0699","Applied Horticulture/Horticultural Business Services, Other"
"C2024_A","CIPCODE","01.07","International Agriculture"
"C2024_A","CIPCODE","01.0701","International Agriculture"
"C2024_A","CIPCODE","01.08","Agricultural Public Services"
"C2024_A","CIPCODE","01.0801","Agricultural and Extension Education Services"
"C2024_A","CIPCODE","01.0802","Agricultural Communication/Journalism"
"C2024_A","CIPCODE","01.0899","Agricultural Public Services, Other"
"C2024_A","CIPCODE","01.09","Animal Sciences"
"C2024_A","CIPCODE","01.0901","Animal Sciences, General"
"C2024_A","CIPCODE","01.0902","Agricultural Animal Breeding"
"C2024_A","CIPCODE","01.0903","Animal Health"
"C2024_A","CIPCODE","01.0904","Animal Nutrition"
"C2024_A","CIPCODE","01.0905","Dairy Science"
"C2024_A","CIPCODE","01.0906","Livestock Management"
"C2024_A","CIPCODE","01.0907","Poultry Science"
"C2024_A","CIPCODE","01.0999","Animal Sciences, Other"
"C2024_A","CIPCODE","01.10","Food Science and Technology"
"C2024_A","CIPCODE","01.1001","Food Science"
"C2024_A","CIPCODE","01.1002","Food Technology and Processing"
"C2024_A","CIPCODE","01.1003","Brewing Science"
"C2024_A","CIPCODE","01.1004","Viticulture and Enology"
"C2024_A","CIPCODE","01.1005","Zymology/Fermentation Science"
"C2024_A","CIPCODE","01.1099","Food Science and Technology, Other"
"C2024_A","CIPCODE","01.11","Plant Sciences"
"C2024_A","CIPCODE","01.1101","Plant Sciences, General"
"C2024_A","CIPCODE","01.1102","Agronomy and Crop Science"
"C2024_A","CIPCODE","01.1103","Horticultural Science"
"C2024_A","CIPCODE","01.1104","Agricultural and Horticultural Plant Breeding"
"C2024_A","CIPCODE","01.1105","Plant Protection and Integrated Pest Management"
"C2024_A","CIPCODE","01.1106","Range Science and Management"
"C2024_A","CIPCODE","01.1199","Plant Sciences, Other"
"C2024_A","CIPCODE","01.12","Soil Sciences"
"C2024_A","CIPCODE","01.1201","Soil Science and Agronomy, General"
"C2024_A","CIPCODE","01.1202","Soil Chemistry and Physics"
"C2024_A","CIPCODE","01.1203","Soil Microbiology"
"C2024_A","CIPCODE","01.1299","Soil Sciences, Other"
"C2024_A","CIPCODE","01.13","Agriculture/Veterinary Preparatory Programs"
"C2024_A","CIPCODE","01.1302","Pre-Veterinary Studies"
"C2024_A","CIPCODE","01.1399","Agriculture/Veterinary Preparatory Programs, Other"
"C2024_A","CIPCODE","01.80","Veterinary Medicine"
"C2024_A","CIPCODE","01.8001","Veterinary Medicine"
"C2024_A","CIPCODE","01.81","Veterinary Biomedical and Clinical Sciences"
"C2024_A","CIPCODE","01.8101","Veterinary Sciences/Veterinary Clinical Sciences, General"
"C2024_A","CIPCODE","01.8102","Comparative and Laboratory Animal Medicine"
"C2024_A","CIPCODE","01.8103","Large Animal/Food Animal and Equine Surgery and Medicine"
"C2024_A","CIPCODE","01.8104","Small/Companion Animal Surgery and Medicine"
"C2024_A","CIPCODE","01.8105","Veterinary Anatomy"
"C2024_A","CIPCODE","01.8106","Veterinary Infectious Diseases"
"C2024_A","CIPCODE","01.8107","Veterinary Microbiology and Immunobiology"
"C2024_A","CIPCODE","01.8108","Veterinary Pathology and Pathobiology"
"C2024_A","CIPCODE","01.8109","Veterinary Physiology"
"C2024_A","CIPCODE","01.8110","Veterinary Preventive Medicine, Epidemiology, and Public Health"
"C2024_A","CIPCODE","01.8111","Veterinary Toxicology and Pharmacology"
"C2024_A","CIPCODE","01.8199","Veterinary Biomedical and Clinical Sciences, Other"
"C2024_A","CIPCODE","01.82","Veterinary Administrative Services"
"C2024_A","CIPCODE","01.8201","Veterinary Administrative Services, General"
"C2024_A","CIPCODE","01.8202","Veterinary Office Management/Administration"
"C2024_A","CIPCODE","01.8203","Veterinary Reception/Receptionist"
"C2024_A","CIPCODE","01.8204","Veterinary Administrative/Executive Assistant and Veterinary Secretary"
"C2024_A","CIPCODE","01.8299","Veterinary Administrative Services, Other"
"C2024_A","CIPCODE","01.83","Veterinary/Animal Health Technologies/Technicians"
"C2024_A","CIPCODE","01.8301","Veterinary/Animal Health Technology/Technician and Veterinary Assistant"
"C2024_A","CIPCODE","01.8399","Veterinary/Animal Health Technologies/Technicians, Other"
"C2024_A","CIPCODE","01.99","Agricultural/Animal/Plant/Veterinary Science and Related Fields, Other"
"C2024_A","CIPCODE","01.9999","Agricultural/Animal/Plant/Veterinary Science and Related Fields, Other"
"C2024_A","CIPCODE","03","Natural Resources and Conservation"
"C2024_A","CIPCODE","03.01","Natural Resources Conservation and Research"
"C2024_A","CIPCODE","03.0101","Natural Resources/Conservation, General"
"C2024_A","CIPCODE","03.0103","Environmental Studies"
"C2024_A","CIPCODE","03.0104","Environmental Science"
"C2024_A","CIPCODE","03.0199","Natural Resources Conservation and Research, Other"
"C2024_A","CIPCODE","03.02","Environmental/Natural Resources Management and Policy"
"C2024_A","CIPCODE","03.0201","Environmental/Natural Resources Management and Policy, General"
"C2024_A","CIPCODE","03.0204","Environmental/Natural Resource Economics"
"C2024_A","CIPCODE","03.0205","Water, Wetlands, and Marine Resources Management"
"C2024_A","CIPCODE","03.0206","Land Use Planning and Management/Development"
"C2024_A","CIPCODE","03.0207","Environmental/Natural Resource Recreation and Tourism"
"C2024_A","CIPCODE","03.0208","Environmental/Natural Resources Law Enforcement and Protective Services"
"C2024_A","CIPCODE","03.0209","Energy and Environmental Policy"
"C2024_A","CIPCODE","03.0210","Bioenergy"
"C2024_A","CIPCODE","03.0299","Environmental/Natural Resources Management and Policy, Other"
"C2024_A","CIPCODE","03.03","Fishing and Fisheries Sciences and Management"
"C2024_A","CIPCODE","03.0301","Fishing and Fisheries Sciences and Management"
"C2024_A","CIPCODE","03.05","Forestry"
"C2024_A","CIPCODE","03.0501","Forestry, General"
"C2024_A","CIPCODE","03.0502","Forest Sciences and Biology"
"C2024_A","CIPCODE","03.0506","Forest Management/Forest Resources Management"
"C2024_A","CIPCODE","03.0508","Urban Forestry"
"C2024_A","CIPCODE","03.0509","Wood Science and Wood Products/Pulp and Paper Technology/Technician"
"C2024_A","CIPCODE","03.0510","Forest Resources Production and Management"
"C2024_A","CIPCODE","03.0511","Forest Technology/Technician"
"C2024_A","CIPCODE","03.0599","Forestry, Other"
"C2024_A","CIPCODE","03.06","Wildlife and Wildlands Science and Management"
"C2024_A","CIPCODE","03.0601","Wildlife, Fish and Wildlands Science and Management"
"C2024_A","CIPCODE","03.99","Natural Resources and Conservation, Other"
"C2024_A","CIPCODE","03.9999","Natural Resources and Conservation, Other"
"C2024_A","CIPCODE","04","Architecture and Related Services"
"C2024_A","CIPCODE","04.02","Architecture"
"C2024_A","CIPCODE","04.0200","Pre-Architecture Studies"
"C2024_A","CIPCODE","04.0201","Architecture"
"C2024_A","CIPCODE","04.0202","Architectural Design"
"C2024_A","CIPCODE","04.0299","Architecture, Other"
"C2024_A","CIPCODE","04.03","City/Urban, Community, and Regional Planning"
"C2024_A","CIPCODE","04.0301","City/Urban, Community, and Regional Planning"
"C2024_A","CIPCODE","04.04","Environmental Design"
"C2024_A","CIPCODE","04.0401","Environmental Design/Architecture"
"C2024_A","CIPCODE","04.0402","Healthcare Environment Design/Architecture"
"C2024_A","CIPCODE","04.0403","Sustainable Design/Architecture"
"C2024_A","CIPCODE","04.0499","Environmental Design, Other"
"C2024_A","CIPCODE","04.05","Interior Architecture"
"C2024_A","CIPCODE","04.0501","Interior Architecture"
"C2024_A","CIPCODE","04.06","Landscape Architecture"
"C2024_A","CIPCODE","04.0601","Landscape Architecture"
"C2024_A","CIPCODE","04.08","Architectural History, Criticism, and Conservation"
"C2024_A","CIPCODE","04.0801","Architectural History and Criticism, General"
"C2024_A","CIPCODE","04.0802","Architectural Conservation"
"C2024_A","CIPCODE","04.0803","Architectural Studies"
"C2024_A","CIPCODE","04.0899","Architectural History, Criticism, and Conservation, Other"
"C2024_A","CIPCODE","04.09","Architectural Sciences and Technology"
"C2024_A","CIPCODE","04.0901","Architectural Technology/Technician"
"C2024_A","CIPCODE","04.0902","Architectural and Building Sciences/Technology"
"C2024_A","CIPCODE","04.0999","Architectural Sciences and Technology, Other"
"C2024_A","CIPCODE","04.10","Real Estate Development"
"C2024_A","CIPCODE","04.1001","Real Estate Development"
"C2024_A","CIPCODE","04.99","Architecture and Related Services, Other"
"C2024_A","CIPCODE","04.9999","Architecture and Related Services, Other"
"C2024_A","CIPCODE","05","Area, Ethnic, Cultural, Gender, and Group Studies"
"C2024_A","CIPCODE","05.01","Area Studies"
"C2024_A","CIPCODE","05.0101","African Studies"
"C2024_A","CIPCODE","05.0102","American/United States Studies/Civilization"
"C2024_A","CIPCODE","05.0103","Asian Studies/Civilization"
"C2024_A","CIPCODE","05.0104","East Asian Studies"
"C2024_A","CIPCODE","05.0105","Russian, Central European, East European and Eurasian Studies"
"C2024_A","CIPCODE","05.0106","European Studies/Civilization"
"C2024_A","CIPCODE","05.0107","Latin American Studies"
"C2024_A","CIPCODE","05.0108","Near and Middle Eastern Studies"
"C2024_A","CIPCODE","05.0109","Pacific Area/Pacific Rim Studies"
"C2024_A","CIPCODE","05.0110","Russian Studies"
"C2024_A","CIPCODE","05.0111","Scandinavian Studies"
"C2024_A","CIPCODE","05.0112","South Asian Studies"
"C2024_A","CIPCODE","05.0113","Southeast Asian Studies"
"C2024_A","CIPCODE","05.0114","Western European Studies"
"C2024_A","CIPCODE","05.0115","Canadian Studies"
"C2024_A","CIPCODE","05.0116","Balkans Studies"
"C2024_A","CIPCODE","05.0117","Baltic Studies"
"C2024_A","CIPCODE","05.0118","Slavic Studies"
"C2024_A","CIPCODE","05.0119","Caribbean Studies"
"C2024_A","CIPCODE","05.0120","Ural-Altaic and Central Asian Studies"
"C2024_A","CIPCODE","05.0121","Commonwealth Studies"
"C2024_A","CIPCODE","05.0122","Regional Studies (U.S., Canadian, Foreign)"
"C2024_A","CIPCODE","05.0123","Chinese Studies"
"C2024_A","CIPCODE","05.0124","French Studies"
"C2024_A","CIPCODE","05.0125","German Studies"
"C2024_A","CIPCODE","05.0126","Italian Studies"
"C2024_A","CIPCODE","05.0127","Japanese Studies"
"C2024_A","CIPCODE","05.0128","Korean Studies"
"C2024_A","CIPCODE","05.0129","Polish Studies"
"C2024_A","CIPCODE","05.0130","Spanish and Iberian Studies"
"C2024_A","CIPCODE","05.0131","Tibetan Studies"
"C2024_A","CIPCODE","05.0132","Ukraine Studies"
"C2024_A","CIPCODE","05.0133","Irish Studies"
"C2024_A","CIPCODE","05.0134","Latin American and Caribbean Studies"
"C2024_A","CIPCODE","05.0135","Appalachian Studies"
"C2024_A","CIPCODE","05.0136","Arctic Studies"
"C2024_A","CIPCODE","05.0199","Area Studies, Other"
"C2024_A","CIPCODE","05.02","Ethnic, Cultural Minority, Gender, and Group Studies"
"C2024_A","CIPCODE","05.0200","Ethnic Studies"
"C2024_A","CIPCODE","05.0201","African-American/Black Studies"
"C2024_A","CIPCODE","05.0202","American Indian/Native American Studies"
"C2024_A","CIPCODE","05.0203","Hispanic-American, Puerto Rican, and Mexican-American/Chicano Studies"
"C2024_A","CIPCODE","05.0206","Asian-American Studies"
"C2024_A","CIPCODE","05.0207","Women's Studies"
"C2024_A","CIPCODE","05.0208","Gay/Lesbian Studies"
"C2024_A","CIPCODE","05.0209","Folklore Studies"
"C2024_A","CIPCODE","05.0210","Disability Studies"
"C2024_A","CIPCODE","05.0211","Deaf Studies"
"C2024_A","CIPCODE","05.0212","Comparative Group Studies"
"C2024_A","CIPCODE","05.0299","Ethnic, Cultural Minority, Gender, and Group Studies, Other"
"C2024_A","CIPCODE","05.99","Area, Ethnic, Cultural, Gender, and Group Studies, Other"
"C2024_A","CIPCODE","05.9999","Area, Ethnic, Cultural, Gender, and Group Studies, Other"
"C2024_A","CIPCODE","09","Communication, Journalism, and Related Programs"
"C2024_A","CIPCODE","09.01","Communication and Media Studies"
"C2024_A","CIPCODE","09.0100","Communication, General"
"C2024_A","CIPCODE","09.0101","Speech Communication and Rhetoric"
"C2024_A","CIPCODE","09.0102","Mass Communication/Media Studies"
"C2024_A","CIPCODE","09.0199","Communication and Media Studies, Other"
"C2024_A","CIPCODE","09.04","Journalism"
"C2024_A","CIPCODE","09.0401","Journalism"
"C2024_A","CIPCODE","09.0402","Broadcast Journalism"
"C2024_A","CIPCODE","09.0404","Photojournalism"
"C2024_A","CIPCODE","09.0405","Business and Economic Journalism"
"C2024_A","CIPCODE","09.0406","Cultural Journalism"
"C2024_A","CIPCODE","09.0407","Science/Health/Environmental Journalism"
"C2024_A","CIPCODE","09.0499","Journalism, Other"
"C2024_A","CIPCODE","09.07","Radio, Television, and Digital Communication"
"C2024_A","CIPCODE","09.0701","Radio and Television"
"C2024_A","CIPCODE","09.0702","Digital Communication and Media/Multimedia"
"C2024_A","CIPCODE","09.0799","Radio, Television, and Digital Communication, Other"
"C2024_A","CIPCODE","09.09","Public Relations, Advertising, and Applied Communication"
"C2024_A","CIPCODE","09.0900","Public Relations, Advertising, and Applied Communication"
"C2024_A","CIPCODE","09.0901","Organizational Communication, General"
"C2024_A","CIPCODE","09.0902","Public Relations/Image Management"
"C2024_A","CIPCODE","09.0903","Advertising"
"C2024_A","CIPCODE","09.0904","Political Communication"
"C2024_A","CIPCODE","09.0905","Health Communication"
"C2024_A","CIPCODE","09.0906","Sports Communication"
"C2024_A","CIPCODE","09.0907","International and Intercultural Communication"
"C2024_A","CIPCODE","09.0908","Technical and Scientific Communication"
"C2024_A","CIPCODE","09.0909","Communication Management and Strategic Communications"
"C2024_A","CIPCODE","09.0999","Public Relations, Advertising, and Applied Communication, Other"
"C2024_A","CIPCODE","09.10","Publishing"
"C2024_A","CIPCODE","09.1001","Publishing"
"C2024_A","CIPCODE","09.99","Communication, Journalism, and Related Programs, Other"
"C2024_A","CIPCODE","09.9999","Communication, Journalism, and Related Programs, Other"
"C2024_A","CIPCODE","10","Communications Technologies/Technicians and Support Services"
"C2024_A","CIPCODE","10.01","Communications Technologies/Technicians"
"C2024_A","CIPCODE","10.0105","Communications Technology/Technician"
"C2024_A","CIPCODE","10.02","Audiovisual Communications Technologies/Technicians"
"C2024_A","CIPCODE","10.0201","Photographic and Film/Video Technology/Technician"
"C2024_A","CIPCODE","10.0202","Radio and Television Broadcasting Technology/Technician"
"C2024_A","CIPCODE","10.0203","Recording Arts Technology/Technician"
"C2024_A","CIPCODE","10.0204","Voice Writing Technology/Technician"
"C2024_A","CIPCODE","10.0299","Audiovisual Communications Technologies/Technicians, Other"
"C2024_A","CIPCODE","10.03","Graphic Communications"
"C2024_A","CIPCODE","10.0301","Graphic Communications, General"
"C2024_A","CIPCODE","10.0302","Printing Management"
"C2024_A","CIPCODE","10.0303","Prepress/Desktop Publishing and Digital Imaging Design"
"C2024_A","CIPCODE","10.0304","Animation, Interactive Technology, Video Graphics, and Special Effects"
"C2024_A","CIPCODE","10.0305","Graphic and Printing Equipment Operator, General Production"
"C2024_A","CIPCODE","10.0306","Platemaker/Imager"
"C2024_A","CIPCODE","10.0307","Printing Press Operator"
"C2024_A","CIPCODE","10.0308","Computer Typography and Composition Equipment Operator"
"C2024_A","CIPCODE","10.0399","Graphic Communications, Other"
"C2024_A","CIPCODE","10.99","Communications Technologies/Technicians and Support Services, Other"
"C2024_A","CIPCODE","10.9999","Communications Technologies/Technicians and Support Services, Other"
"C2024_A","CIPCODE","11","Computer and Information Sciences and Support Services"
"C2024_A","CIPCODE","11.01","Computer and Information Sciences, General"
"C2024_A","CIPCODE","11.0101","Computer and Information Sciences, General"
"C2024_A","CIPCODE","11.0102","Artificial Intelligence"
"C2024_A","CIPCODE","11.0103","Information Technology"
"C2024_A","CIPCODE","11.0104","Informatics"
"C2024_A","CIPCODE","11.0105","Human-Centered Technology Design"
"C2024_A","CIPCODE","11.0199","Computer and Information Sciences,  Other"
"C2024_A","CIPCODE","11.02","Computer Programming"
"C2024_A","CIPCODE","11.0201","Computer Programming/Programmer, General"
"C2024_A","CIPCODE","11.0202","Computer Programming, Specific Applications"
"C2024_A","CIPCODE","11.0203","Computer Programming, Vendor/Product Certification"
"C2024_A","CIPCODE","11.0204","Computer Game Programming"
"C2024_A","CIPCODE","11.0205","Computer Programming, Specific Platforms"
"C2024_A","CIPCODE","11.0299","Computer Programming, Other"
"C2024_A","CIPCODE","11.03","Data Processing"
"C2024_A","CIPCODE","11.0301","Data Processing and Data Processing Technology/Technician"
"C2024_A","CIPCODE","11.04","Information Science/Studies"
"C2024_A","CIPCODE","11.0401","Information Science/Studies"
"C2024_A","CIPCODE","11.05","Computer Systems Analysis"
"C2024_A","CIPCODE","11.0501","Computer Systems Analysis/Analyst"
"C2024_A","CIPCODE","11.06","Data Entry/Microcomputer Applications"
"C2024_A","CIPCODE","11.0601","Data Entry/Microcomputer Applications, General"
"C2024_A","CIPCODE","11.0602","Word Processing"
"C2024_A","CIPCODE","11.0699","Data Entry/Microcomputer Applications, Other"
"C2024_A","CIPCODE","11.07","Computer Science"
"C2024_A","CIPCODE","11.0701","Computer Science"
"C2024_A","CIPCODE","11.08","Computer Software and Media Applications"
"C2024_A","CIPCODE","11.0801","Web Page, Digital/Multimedia and Information Resources Design"
"C2024_A","CIPCODE","11.0802","Data Modeling/Warehousing and Database Administration"
"C2024_A","CIPCODE","11.0803","Computer Graphics"
"C2024_A","CIPCODE","11.0804","Modeling, Virtual Environments and Simulation"
"C2024_A","CIPCODE","11.0899","Computer Software and Media Applications, Other"
"C2024_A","CIPCODE","11.09","Computer Systems Networking and Telecommunications"
"C2024_A","CIPCODE","11.0901","Computer Systems Networking and Telecommunications"
"C2024_A","CIPCODE","11.0902","Cloud Computing"
"C2024_A","CIPCODE","11.0999","Computer Systems Networking and Telecommunications, Other"
"C2024_A","CIPCODE","11.10","Computer/Information Technology Administration and Management"
"C2024_A","CIPCODE","11.1001","Network and System Administration/Administrator"
"C2024_A","CIPCODE","11.1002","System, Networking, and LAN/WAN Management/Manager"
"C2024_A","CIPCODE","11.1003","Computer and Information Systems Security/Auditing/Information Assurance"
"C2024_A","CIPCODE","11.1004","Web/Multimedia Management and Webmaster"
"C2024_A","CIPCODE","11.1005","Information Technology Project Management"
"C2024_A","CIPCODE","11.1006","Computer Support Specialist"
"C2024_A","CIPCODE","11.1099","Computer/Information Technology Services Administration and Management, Other"
"C2024_A","CIPCODE","11.99","Computer and Information Sciences and Support Services, Other"
"C2024_A","CIPCODE","11.9999","Computer and Information Sciences and Support Services, Other"
"C2024_A","CIPCODE","12","Culinary, Entertainment, and Personal Services"
"C2024_A","CIPCODE","12.03","Funeral Service and Mortuary Science"
"C2024_A","CIPCODE","12.0301","Funeral Service and Mortuary Science, General"
"C2024_A","CIPCODE","12.0302","Funeral Direction/Service"
"C2024_A","CIPCODE","12.0303","Mortuary Science and Embalming/Embalmer"
"C2024_A","CIPCODE","12.0399","Funeral Service and Mortuary Science, Other"
"C2024_A","CIPCODE","12.04","Cosmetology and Related Personal Grooming Services"
"C2024_A","CIPCODE","12.0401","Cosmetology/Cosmetologist, General"
"C2024_A","CIPCODE","12.0402","Barbering/Barber"
"C2024_A","CIPCODE","12.0404","Electrolysis/Electrology and Electrolysis Technician"
"C2024_A","CIPCODE","12.0406","Make-Up Artist/Specialist"
"C2024_A","CIPCODE","12.0407","Hair Styling/Stylist and Hair Design"
"C2024_A","CIPCODE","12.0408","Facial Treatment Specialist/Facialist"
"C2024_A","CIPCODE","12.0409","Aesthetician/Esthetician and Skin Care Specialist"
"C2024_A","CIPCODE","12.0410","Nail Technician/Specialist and Manicurist"
"C2024_A","CIPCODE","12.0411","Permanent Cosmetics/Makeup and Tattooing"
"C2024_A","CIPCODE","12.0412","Salon/Beauty Salon Management/Manager"
"C2024_A","CIPCODE","12.0413","Cosmetology, Barber/Styling, and Nail Instructor"
"C2024_A","CIPCODE","12.0414","Master Aesthetician/Esthetician"
"C2024_A","CIPCODE","12.0499","Cosmetology and Related Personal Grooming Arts, Other"
"C2024_A","CIPCODE","12.05","Culinary Arts and Related Services"
"C2024_A","CIPCODE","12.0500","Cooking and Related Culinary Arts, General"
"C2024_A","CIPCODE","12.0501","Baking and Pastry Arts/Baker/Pastry Chef"
"C2024_A","CIPCODE","12.0502","Bartending/Bartender"
"C2024_A","CIPCODE","12.0503","Culinary Arts/Chef Training"
"C2024_A","CIPCODE","12.0504","Restaurant, Culinary, and Catering Management/Manager"
"C2024_A","CIPCODE","12.0505","Food Preparation/Professional Cooking/Kitchen Assistant"
"C2024_A","CIPCODE","12.0506","Meat Cutting/Meat Cutter"
"C2024_A","CIPCODE","12.0507","Food Service, Waiter/Waitress, and Dining Room Management/Manager"
"C2024_A","CIPCODE","12.0508","Institutional Food Workers"
"C2024_A","CIPCODE","12.0509","Culinary Science/Culinology"
"C2024_A","CIPCODE","12.0510","Wine Steward/Sommelier"
"C2024_A","CIPCODE","12.0599","Culinary Arts and Related Services, Other"
"C2024_A","CIPCODE","12.06","Casino Operations and Services"
"C2024_A","CIPCODE","12.0601","Casino Operations and Services, General"
"C2024_A","CIPCODE","12.0602","Casino Dealing"
"C2024_A","CIPCODE","12.0699","Casino Operations and Services, Other"
"C2024_A","CIPCODE","12.99","Culinary, Entertainment, and Personal Services, Other"
"C2024_A","CIPCODE","12.9999","Culinary, Entertainment, and Personal Services, Other"
"C2024_A","CIPCODE","13","Education"
"C2024_A","CIPCODE","13.01","Education, General"
"C2024_A","CIPCODE","13.0101","Education, General"
"C2024_A","CIPCODE","13.02","Bilingual, Multilingual, and Multicultural Education"
"C2024_A","CIPCODE","13.0201","Bilingual and Multilingual Education"
"C2024_A","CIPCODE","13.0202","Multicultural Education"
"C2024_A","CIPCODE","13.0203","Indian/Native American Education"
"C2024_A","CIPCODE","13.0299","Bilingual, Multilingual, and Multicultural Education, Other"
"C2024_A","CIPCODE","13.03","Curriculum and Instruction"
"C2024_A","CIPCODE","13.0301","Curriculum and Instruction"
"C2024_A","CIPCODE","13.04","Educational Administration and Supervision"
"C2024_A","CIPCODE","13.0401","Educational Leadership and Administration, General"
"C2024_A","CIPCODE","13.0402","Administration of Special Education"
"C2024_A","CIPCODE","13.0403","Adult and Continuing Education Administration"
"C2024_A","CIPCODE","13.0404","Educational, Instructional, and Curriculum Supervision"
"C2024_A","CIPCODE","13.0406","Higher Education/Higher Education Administration"
"C2024_A","CIPCODE","13.0407","Community College Administration"
"C2024_A","CIPCODE","13.0408","Elementary and Middle School Administration/Principalship"
"C2024_A","CIPCODE","13.0409","Secondary School Administration/Principalship"
"C2024_A","CIPCODE","13.0410","Urban Education and Leadership"
"C2024_A","CIPCODE","13.0411","Superintendency and Educational System Administration"
"C2024_A","CIPCODE","13.0412","International School Administration/Leadership"
"C2024_A","CIPCODE","13.0413","Education Entrepreneurship"
"C2024_A","CIPCODE","13.0414","Early Childhood Program Administration"
"C2024_A","CIPCODE","13.0499","Educational Administration and Supervision, Other"
"C2024_A","CIPCODE","13.05","Educational/Instructional Media Design"
"C2024_A","CIPCODE","13.0501","Educational/Instructional Technology"
"C2024_A","CIPCODE","13.06","Educational Assessment, Evaluation, and Research"
"C2024_A","CIPCODE","13.0601","Educational Evaluation and Research"
"C2024_A","CIPCODE","13.0603","Educational Statistics and Research Methods"
"C2024_A","CIPCODE","13.0604","Educational Assessment, Testing, and Measurement"
"C2024_A","CIPCODE","13.0607","Learning Sciences"
"C2024_A","CIPCODE","13.0608","Institutional Research"
"C2024_A","CIPCODE","13.0699","Educational Assessment, Evaluation, and Research, Other"
"C2024_A","CIPCODE","13.07","International and Comparative Education"
"C2024_A","CIPCODE","13.0701","International and Comparative Education"
"C2024_A","CIPCODE","13.09","Social and Philosophical Foundations of Education"
"C2024_A","CIPCODE","13.0901","Social and Philosophical Foundations of Education"
"C2024_A","CIPCODE","13.10","Special Education and Teaching"
"C2024_A","CIPCODE","13.1001","Special Education and Teaching, General"
"C2024_A","CIPCODE","13.1003","Education/Teaching of Individuals with Hearing Impairments Including Deafness"
"C2024_A","CIPCODE","13.1004","Education/Teaching of the Gifted and Talented"
"C2024_A","CIPCODE","13.1005","Education/Teaching of Individuals with Emotional Disturbances"
"C2024_A","CIPCODE","13.1006","Education/Teaching of Individuals with Intellectual Disabilities"
"C2024_A","CIPCODE","13.1007","Education/Teaching of Individuals with Multiple Disabilities"
"C2024_A","CIPCODE","13.1008","Education/Teaching of Individuals with Orthopedic and Other Physical Health Impairments"
"C2024_A","CIPCODE","13.1009","Education/Teaching of Individuals with Vision Impairments Including Blindness"
"C2024_A","CIPCODE","13.1011","Education/Teaching of Individuals with Specific Learning Disabilities"
"C2024_A","CIPCODE","13.1012","Education/Teaching of Individuals with Speech or Language Impairments"
"C2024_A","CIPCODE","13.1013","Education/Teaching of Individuals with Autism"
"C2024_A","CIPCODE","13.1014","Education/Teaching of Individuals Who are Developmentally Delayed"
"C2024_A","CIPCODE","13.1015","Education/Teaching of Individuals in Early Childhood Special Education Programs"
"C2024_A","CIPCODE","13.1016","Education/Teaching of Individuals with Traumatic Brain Injuries"
"C2024_A","CIPCODE","13.1017","Education/Teaching of Individuals in Elementary Special Education Programs"
"C2024_A","CIPCODE","13.1018","Education/Teaching of Individuals in Junior High/Middle School Special Education Programs"
"C2024_A","CIPCODE","13.1019","Education/Teaching of Individuals in Secondary Special Education Programs"
"C2024_A","CIPCODE","13.1099","Special Education and Teaching, Other"
"C2024_A","CIPCODE","13.11","Student Counseling and Personnel Services"
"C2024_A","CIPCODE","13.1101","Counselor Education/School Counseling and Guidance Services"
"C2024_A","CIPCODE","13.1102","College Student Counseling and Personnel Services"
"C2024_A","CIPCODE","13.1199","Student Counseling and Personnel Services, Other"
"C2024_A","CIPCODE","13.12","Teacher Education and Professional Development, Specific Levels and Methods"
"C2024_A","CIPCODE","13.1201","Adult and Continuing Education and Teaching"
"C2024_A","CIPCODE","13.1202","Elementary Education and Teaching"
"C2024_A","CIPCODE","13.1203","Junior High/Intermediate/Middle School Education and Teaching"
"C2024_A","CIPCODE","13.1205","Secondary Education and Teaching"
"C2024_A","CIPCODE","13.1206","Teacher Education, Multiple Levels"
"C2024_A","CIPCODE","13.1207","Montessori Teacher Education"
"C2024_A","CIPCODE","13.1208","Waldorf/Steiner Teacher Education"
"C2024_A","CIPCODE","13.1209","Kindergarten/Preschool Education and Teaching"
"C2024_A","CIPCODE","13.1210","Early Childhood Education and Teaching"
"C2024_A","CIPCODE","13.1211","Online Educator/Online Teaching"
"C2024_A","CIPCODE","13.1212","International Teaching and Learning"
"C2024_A","CIPCODE","13.1213","Science, Technology, Engineering, and Mathematics (STEM) Educational Methods"
"C2024_A","CIPCODE","13.1214","College/Postsecondary/University Teaching"
"C2024_A","CIPCODE","13.1299","Teacher Education and Professional Development, Specific Levels and Methods, Other"
"C2024_A","CIPCODE","13.13","Teacher Education and Professional Development, Specific Subject Areas"
"C2024_A","CIPCODE","13.1301","Agricultural Teacher Education"
"C2024_A","CIPCODE","13.1302","Art Teacher Education"
"C2024_A","CIPCODE","13.1303","Business and Innovation/Entrepreneurship Teacher Education"
"C2024_A","CIPCODE","13.1304","Driver and Safety Teacher Education"
"C2024_A","CIPCODE","13.1305","English/Language Arts Teacher Education"
"C2024_A","CIPCODE","13.1306","Foreign Language Teacher  Education"
"C2024_A","CIPCODE","13.1307","Health Teacher Education"
"C2024_A","CIPCODE","13.1308","Family and Consumer Sciences/Home Economics Teacher Education"
"C2024_A","CIPCODE","13.1309","Technology Teacher Education/Industrial Arts Teacher Education"
"C2024_A","CIPCODE","13.1310","Sales and Marketing Operations/Marketing and Distribution   Teacher Education"
"C2024_A","CIPCODE","13.1311","Mathematics Teacher Education"
"C2024_A","CIPCODE","13.1312","Music Teacher Education"
"C2024_A","CIPCODE","13.1314","Physical Education Teaching and Coaching"
"C2024_A","CIPCODE","13.1315","Reading Teacher Education"
"C2024_A","CIPCODE","13.1316","Science Teacher Education/General Science Teacher Education"
"C2024_A","CIPCODE","13.1317","Social Science Teacher Education"
"C2024_A","CIPCODE","13.1318","Social Studies Teacher Education"
"C2024_A","CIPCODE","13.1319","Technical Teacher Education"
"C2024_A","CIPCODE","13.1320","Trade and Industrial Teacher Education"
"C2024_A","CIPCODE","13.1321","Computer Teacher Education"
"C2024_A","CIPCODE","13.1322","Biology Teacher Education"
"C2024_A","CIPCODE","13.1323","Chemistry Teacher Education"
"C2024_A","CIPCODE","13.1324","Drama and Dance Teacher Education"
"C2024_A","CIPCODE","13.1325","French Language Teacher Education"
"C2024_A","CIPCODE","13.1326","German Language Teacher Education"
"C2024_A","CIPCODE","13.1327","Health Occupations Teacher Education"
"C2024_A","CIPCODE","13.1328","History Teacher Education"
"C2024_A","CIPCODE","13.1329","Physics Teacher Education"
"C2024_A","CIPCODE","13.1330","Spanish Language Teacher Education"
"C2024_A","CIPCODE","13.1331","Speech Teacher Education"
"C2024_A","CIPCODE","13.1332","Geography Teacher Education"
"C2024_A","CIPCODE","13.1333","Latin Teacher Education"
"C2024_A","CIPCODE","13.1334","School Librarian/School Library Media Specialist"
"C2024_A","CIPCODE","13.1335","Psychology Teacher Education"
"C2024_A","CIPCODE","13.1337","Earth Science Teacher Education"
"C2024_A","CIPCODE","13.1338","Environmental Education"
"C2024_A","CIPCODE","13.1339","Communication Arts and Literature Teacher Education"
"C2024_A","CIPCODE","13.1399","Teacher Education and Professional Development, Specific Subject Areas, Other"
"C2024_A","CIPCODE","13.14","Teaching English or French as a Second or Foreign Language"
"C2024_A","CIPCODE","13.1401","Teaching English as a Second or Foreign Language/ESL Language Instructor"
"C2024_A","CIPCODE","13.1402","Teaching French as a Second or Foreign Language"
"C2024_A","CIPCODE","13.1499","Teaching English or French as a Second or Foreign Language, Other"
"C2024_A","CIPCODE","13.15","Teaching Assistants/Aides"
"C2024_A","CIPCODE","13.1501","Teacher Assistant/Aide"
"C2024_A","CIPCODE","13.1502","Adult Literacy Tutor/Instructor"
"C2024_A","CIPCODE","13.1599","Teaching Assistants/Aides, Other"
"C2024_A","CIPCODE","13.99","Education, Other"
"C2024_A","CIPCODE","13.9999","Education, Other"
"C2024_A","CIPCODE","14","Engineering"
"C2024_A","CIPCODE","14.01","Engineering, General"
"C2024_A","CIPCODE","14.0101","Engineering, General"
"C2024_A","CIPCODE","14.0102","Pre-Engineering"
"C2024_A","CIPCODE","14.0103","Applied Engineering"
"C2024_A","CIPCODE","14.02","Aerospace, Aeronautical, and Astronautical/Space Engineering"
"C2024_A","CIPCODE","14.0201","Aerospace, Aeronautical, and Astronautical/Space Engineering, General"
"C2024_A","CIPCODE","14.0202","Astronautical Engineering"
"C2024_A","CIPCODE","14.0299","Aerospace, Aeronautical, and Astronautical/Space Engineering, Other"
"C2024_A","CIPCODE","14.03","Agricultural Engineering"
"C2024_A","CIPCODE","14.0301","Agricultural Engineering"
"C2024_A","CIPCODE","14.04","Architectural Engineering"
"C2024_A","CIPCODE","14.0401","Architectural Engineering"
"C2024_A","CIPCODE","14.05","Biomedical/Medical Engineering"
"C2024_A","CIPCODE","14.0501","Bioengineering and Biomedical Engineering"
"C2024_A","CIPCODE","14.06","Ceramic Sciences and Engineering"
"C2024_A","CIPCODE","14.0601","Ceramic Sciences and Engineering"
"C2024_A","CIPCODE","14.07","Chemical Engineering"
"C2024_A","CIPCODE","14.0701","Chemical Engineering"
"C2024_A","CIPCODE","14.0702","Chemical and Biomolecular Engineering"
"C2024_A","CIPCODE","14.0799","Chemical Engineering, Other"
"C2024_A","CIPCODE","14.08","Civil Engineering"
"C2024_A","CIPCODE","14.0801","Civil Engineering, General"
"C2024_A","CIPCODE","14.0802","Geotechnical and Geoenvironmental Engineering"
"C2024_A","CIPCODE","14.0803","Structural Engineering"
"C2024_A","CIPCODE","14.0804","Transportation and Highway Engineering"
"C2024_A","CIPCODE","14.0805","Water Resources Engineering"
"C2024_A","CIPCODE","14.0899","Civil Engineering, Other"
"C2024_A","CIPCODE","14.09","Computer Engineering"
"C2024_A","CIPCODE","14.0901","Computer Engineering, General"
"C2024_A","CIPCODE","14.0902","Computer Hardware Engineering"
"C2024_A","CIPCODE","14.0903","Computer Software Engineering"
"C2024_A","CIPCODE","14.0999","Computer Engineering, Other"
"C2024_A","CIPCODE","14.10","Electrical, Electronics, and Communications Engineering"
"C2024_A","CIPCODE","14.1001","Electrical and Electronics Engineering"
"C2024_A","CIPCODE","14.1003","Laser and Optical Engineering"
"C2024_A","CIPCODE","14.1004","Telecommunications Engineering"
"C2024_A","CIPCODE","14.1099","Electrical, Electronics, and Communications Engineering, Other"
"C2024_A","CIPCODE","14.11","Engineering Mechanics"
"C2024_A","CIPCODE","14.1101","Engineering Mechanics"
"C2024_A","CIPCODE","14.12","Engineering Physics"
"C2024_A","CIPCODE","14.1201","Engineering Physics/Applied Physics"
"C2024_A","CIPCODE","14.13","Engineering Science"
"C2024_A","CIPCODE","14.1301","Engineering Science"
"C2024_A","CIPCODE","14.14","Environmental/Environmental Health Engineering"
"C2024_A","CIPCODE","14.1401","Environmental/Environmental Health Engineering"
"C2024_A","CIPCODE","14.18","Materials Engineering"
"C2024_A","CIPCODE","14.1801","Materials Engineering"
"C2024_A","CIPCODE","14.19","Mechanical Engineering"
"C2024_A","CIPCODE","14.1901","Mechanical Engineering"
"C2024_A","CIPCODE","14.20","Metallurgical Engineering"
"C2024_A","CIPCODE","14.2001","Metallurgical Engineering"
"C2024_A","CIPCODE","14.21","Mining and Mineral Engineering"
"C2024_A","CIPCODE","14.2101","Mining and Mineral Engineering"
"C2024_A","CIPCODE","14.22","Naval Architecture and Marine Engineering"
"C2024_A","CIPCODE","14.2201","Naval Architecture and Marine Engineering"
"C2024_A","CIPCODE","14.23","Nuclear Engineering"
"C2024_A","CIPCODE","14.2301","Nuclear Engineering"
"C2024_A","CIPCODE","14.24","Ocean Engineering"
"C2024_A","CIPCODE","14.2401","Ocean Engineering"
"C2024_A","CIPCODE","14.25","Petroleum Engineering"
"C2024_A","CIPCODE","14.2501","Petroleum Engineering"
"C2024_A","CIPCODE","14.27","Systems Engineering"
"C2024_A","CIPCODE","14.2701","Systems Engineering"
"C2024_A","CIPCODE","14.28","Textile Sciences and Engineering"
"C2024_A","CIPCODE","14.2801","Textile Sciences and Engineering"
"C2024_A","CIPCODE","14.32","Polymer/Plastics Engineering"
"C2024_A","CIPCODE","14.3201","Polymer/Plastics Engineering"
"C2024_A","CIPCODE","14.33","Construction Engineering"
"C2024_A","CIPCODE","14.3301","Construction Engineering"
"C2024_A","CIPCODE","14.34","Forest Engineering"
"C2024_A","CIPCODE","14.3401","Forest Engineering"
"C2024_A","CIPCODE","14.35","Industrial Engineering"
"C2024_A","CIPCODE","14.3501","Industrial Engineering"
"C2024_A","CIPCODE","14.36","Manufacturing Engineering"
"C2024_A","CIPCODE","14.3601","Manufacturing Engineering"
"C2024_A","CIPCODE","14.37","Operations Research"
"C2024_A","CIPCODE","14.3701","Operations Research"
"C2024_A","CIPCODE","14.38","Surveying Engineering"
"C2024_A","CIPCODE","14.3801","Surveying Engineering"
"C2024_A","CIPCODE","14.39","Geological/Geophysical Engineering"
"C2024_A","CIPCODE","14.3901","Geological/Geophysical Engineering"
"C2024_A","CIPCODE","14.40","Paper Science and Engineering"
"C2024_A","CIPCODE","14.4001","Paper Science and Engineering"
"C2024_A","CIPCODE","14.41","Electromechanical Engineering"
"C2024_A","CIPCODE","14.4101","Electromechanical Engineering"
"C2024_A","CIPCODE","14.42","Mechatronics, Robotics, and Automation Engineering"
"C2024_A","CIPCODE","14.4201","Mechatronics, Robotics, and Automation Engineering"
"C2024_A","CIPCODE","14.43","Biochemical Engineering"
"C2024_A","CIPCODE","14.4301","Biochemical Engineering"
"C2024_A","CIPCODE","14.44","Engineering Chemistry"
"C2024_A","CIPCODE","14.4401","Engineering Chemistry"
"C2024_A","CIPCODE","14.45","Biological/Biosystems Engineering"
"C2024_A","CIPCODE","14.4501","Biological/Biosystems Engineering"
"C2024_A","CIPCODE","14.47","Electrical and Computer Engineering"
"C2024_A","CIPCODE","14.4701","Electrical and Computer Engineering"
"C2024_A","CIPCODE","14.48","Energy Systems Engineering"
"C2024_A","CIPCODE","14.4801","Energy Systems Engineering, General"
"C2024_A","CIPCODE","14.4802","Power Plant Engineering"
"C2024_A","CIPCODE","14.4899","Energy Systems Engineering, Other"
"C2024_A","CIPCODE","14.99","Engineering, Other"
"C2024_A","CIPCODE","14.9999","Engineering, Other"
"C2024_A","CIPCODE","15","Engineering/Engineering-related Technologies/Technicians"
"C2024_A","CIPCODE","15.00","Engineering Technologies/Technicians, General"
"C2024_A","CIPCODE","15.0000","Engineering Technologies/Technicians, General"
"C2024_A","CIPCODE","15.0001","Applied Engineering Technologies/Technicians"
"C2024_A","CIPCODE","15.01","Architectural Engineering Technologies/Technicians"
"C2024_A","CIPCODE","15.0101","Architectural Engineering Technologies/Technicians"
"C2024_A","CIPCODE","15.02","Civil Engineering Technologies/Technicians"
"C2024_A","CIPCODE","15.0201","Civil Engineering Technologies/Technicians"
"C2024_A","CIPCODE","15.03","Electrical/Electronic Engineering Technologies/Technicians"
"C2024_A","CIPCODE","15.0303","Electrical, Electronic, and Communications Engineering Technology/Technician"
"C2024_A","CIPCODE","15.0304","Laser and Optical Technology/Technician"
"C2024_A","CIPCODE","15.0305","Telecommunications Technology/Technician"
"C2024_A","CIPCODE","15.0306","Integrated Circuit Design Technology/Technician"
"C2024_A","CIPCODE","15.0307","Audio Engineering Technology/Technician"
"C2024_A","CIPCODE","15.0399","Electrical/Electronic Engineering Technologies/Technicians, Other"
"C2024_A","CIPCODE","15.04","Electromechanical Technologies/Technicians"
"C2024_A","CIPCODE","15.0401","Biomedical Technology/Technician"
"C2024_A","CIPCODE","15.0403","Electromechanical/Electromechanical Engineering Technology/Technician"
"C2024_A","CIPCODE","15.0404","Instrumentation Technology/Technician"
"C2024_A","CIPCODE","15.0405","Robotics Technology/Technician"
"C2024_A","CIPCODE","15.0406","Automation Engineer Technology/Technician"
"C2024_A","CIPCODE","15.0407","Mechatronics, Robotics, and Automation Engineering Technology/Technician"
"C2024_A","CIPCODE","15.0499","Electromechanical Technologies/Technicians, Other"
"C2024_A","CIPCODE","15.05","Environmental Control Technologies/Technicians"
"C2024_A","CIPCODE","15.0501","Heating, Ventilation, Air Conditioning and Refrigeration Engineering Technology/Technician"
"C2024_A","CIPCODE","15.0506","Water Quality and Wastewater Treatment Management and Recycling Technology/Technician"
"C2024_A","CIPCODE","15.0507","Environmental/Environmental Engineering Technology/Technician"
"C2024_A","CIPCODE","15.0508","Hazardous Materials Management and Waste Technology/Technician"
"C2024_A","CIPCODE","15.0599","Environmental Control Technologies/Technicians, Other"
"C2024_A","CIPCODE","15.06","Industrial Production Technologies/Technicians"
"C2024_A","CIPCODE","15.0607","Plastics and Polymer Engineering Technology/Technician"
"C2024_A","CIPCODE","15.0611","Metallurgical Technology/Technician"
"C2024_A","CIPCODE","15.0612","Industrial Technology/Technician"
"C2024_A","CIPCODE","15.0613","Manufacturing Engineering Technology/Technician"
"C2024_A","CIPCODE","15.0614","Welding Engineering Technology/Technician"
"C2024_A","CIPCODE","15.0615","Chemical Engineering Technology/Technician"
"C2024_A","CIPCODE","15.0616","Semiconductor Manufacturing Technology/Technician"
"C2024_A","CIPCODE","15.0617","Composite Materials Technology/Technician"
"C2024_A","CIPCODE","15.0699","Industrial Production Technologies/Technicians, Other"
"C2024_A","CIPCODE","15.07","Quality Control and Safety Technologies/Technicians"
"C2024_A","CIPCODE","15.0701","Occupational Safety and Health Technology/Technician"
"C2024_A","CIPCODE","15.0702","Quality Control Technology/Technician"
"C2024_A","CIPCODE","15.0703","Industrial Safety Technology/Technician"
"C2024_A","CIPCODE","15.0704","Hazardous Materials Information Systems Technology/Technician"
"C2024_A","CIPCODE","15.0705","Process Safety Technology/Technician"
"C2024_A","CIPCODE","15.0799","Quality Control and Safety Technologies/Technicians, Other"
"C2024_A","CIPCODE","15.08","Mechanical Engineering Related Technologies/Technicians"
"C2024_A","CIPCODE","15.0801","Aeronautical/Aerospace Engineering Technology/Technician"
"C2024_A","CIPCODE","15.0803","Automotive Engineering Technology/Technician"
"C2024_A","CIPCODE","15.0805","Mechanical/Mechanical Engineering Technology/Technician"
"C2024_A","CIPCODE","15.0806","Marine Engineering Technology/Technician"
"C2024_A","CIPCODE","15.0807","Motorsports Engineering Technology/Technician"
"C2024_A","CIPCODE","15.0899","Mechanical Engineering Related Technologies/Technicians, Other"
"C2024_A","CIPCODE","15.09","Mining and Petroleum Technologies/Technicians"
"C2024_A","CIPCODE","15.0901","Mining Technology/Technician"
"C2024_A","CIPCODE","15.0903","Petroleum Technology/Technician"
"C2024_A","CIPCODE","15.0999","Mining and Petroleum Technologies/Technicians, Other"
"C2024_A","CIPCODE","15.10","Construction Engineering Technology/Technician"
"C2024_A","CIPCODE","15.1001","Construction Engineering Technology/Technician"
"C2024_A","CIPCODE","15.11","Engineering-Related Technologies/Technicians"
"C2024_A","CIPCODE","15.1102","Surveying Technology/Surveying"
"C2024_A","CIPCODE","15.1103","Hydraulics and Fluid Power Technology/Technician"
"C2024_A","CIPCODE","15.1199","Engineering-Related Technologies/Technicians, Other"
"C2024_A","CIPCODE","15.12","Computer Engineering Technologies/Technicians"
"C2024_A","CIPCODE","15.1201","Computer Engineering Technology/Technician"
"C2024_A","CIPCODE","15.1202","Computer/Computer Systems Technology/Technician"
"C2024_A","CIPCODE","15.1203","Computer Hardware Technology/Technician"
"C2024_A","CIPCODE","15.1204","Computer Software Technology/Technician"
"C2024_A","CIPCODE","15.1299","Computer Engineering Technologies/Technicians, Other"
"C2024_A","CIPCODE","15.13","Drafting/Design Engineering Technologies/Technicians"
"C2024_A","CIPCODE","15.1301","Drafting and Design Technology/Technician, General"
"C2024_A","CIPCODE","15.1302","CAD/CADD Drafting and/or Design Technology/Technician"
"C2024_A","CIPCODE","15.1303","Architectural Drafting and Architectural CAD/CADD"
"C2024_A","CIPCODE","15.1304","Civil Drafting and Civil Engineering CAD/CADD"
"C2024_A","CIPCODE","15.1305","Electrical/Electronics Drafting and Electrical/Electronics CAD/CADD"
"C2024_A","CIPCODE","15.1306","Mechanical Drafting and Mechanical Drafting CAD/CADD"
"C2024_A","CIPCODE","15.1307","3-D Modeling and Design Technology/Technician"
"C2024_A","CIPCODE","15.1399","Drafting/Design Engineering Technologies/Technicians, Other"
"C2024_A","CIPCODE","15.14","Nuclear Engineering Technology/Technician"
"C2024_A","CIPCODE","15.1401","Nuclear Engineering Technology/Technician"
"C2024_A","CIPCODE","15.15","Engineering-Related Fields"
"C2024_A","CIPCODE","15.1501","Engineering/Industrial Management"
"C2024_A","CIPCODE","15.1502","Engineering Design"
"C2024_A","CIPCODE","15.1503","Packaging Science"
"C2024_A","CIPCODE","15.1599","Engineering-Related Fields, Other"
"C2024_A","CIPCODE","15.16","Nanotechnology"
"C2024_A","CIPCODE","15.1601","Nanotechnology"
"C2024_A","CIPCODE","15.17","Energy Systems Technologies/Technicians"
"C2024_A","CIPCODE","15.1701","Energy Systems Technology/Technician"
"C2024_A","CIPCODE","15.1702","Power Plant Technology/Technician"
"C2024_A","CIPCODE","15.1703","Solar Energy Technology/Technician"
"C2024_A","CIPCODE","15.1704","Wind Energy Technology/Technician"
"C2024_A","CIPCODE","15.1705","Hydroelectric Energy Technology/Technician"
"C2024_A","CIPCODE","15.1706","Geothermal Energy Technology/Technician"
"C2024_A","CIPCODE","15.1799","Energy Systems Technologies/Technicians, Other"
"C2024_A","CIPCODE","15.99","Engineering/Engineering-Related Technologies/Technicians, Other"
"C2024_A","CIPCODE","15.9999","Engineering/Engineering-Related Technologies/Technicians, Other"
"C2024_A","CIPCODE","16","Foreign Languages, Literatures, and Linguistics"
"C2024_A","CIPCODE","16.01","Linguistic, Comparative, and Related Language Studies and Services"
"C2024_A","CIPCODE","16.0101","Foreign Languages and Literatures, General"
"C2024_A","CIPCODE","16.0102","Linguistics"
"C2024_A","CIPCODE","16.0103","Language Interpretation and Translation"
"C2024_A","CIPCODE","16.0104","Comparative Literature"
"C2024_A","CIPCODE","16.0105","Applied Linguistics"
"C2024_A","CIPCODE","16.0199","Linguistic, Comparative, and Related Language Studies and Services, Other"
"C2024_A","CIPCODE","16.02","African Languages, Literatures, and Linguistics"
"C2024_A","CIPCODE","16.0201","African Languages, Literatures, and Linguistics"
"C2024_A","CIPCODE","16.03","East Asian Languages, Literatures, and Linguistics"
"C2024_A","CIPCODE","16.0300","East Asian Languages, Literatures, and Linguistics, General"
"C2024_A","CIPCODE","16.0301","Chinese Language and Literature"
"C2024_A","CIPCODE","16.0302","Japanese Language and Literature"
"C2024_A","CIPCODE","16.0303","Korean Language and Literature"
"C2024_A","CIPCODE","16.0304","Tibetan Language and Literature"
"C2024_A","CIPCODE","16.0399","East Asian Languages, Literatures, and Linguistics, Other"
"C2024_A","CIPCODE","16.04","Slavic, Baltic and Albanian Languages, Literatures, and Linguistics"
"C2024_A","CIPCODE","16.0400","Slavic Languages, Literatures, and Linguistics, General"
"C2024_A","CIPCODE","16.0401","Baltic Languages, Literatures, and Linguistics"
"C2024_A","CIPCODE","16.0402","Russian Language and Literature"
"C2024_A","CIPCODE","16.0404","Albanian Language and Literature"
"C2024_A","CIPCODE","16.0405","Bulgarian Language and Literature"
"C2024_A","CIPCODE","16.0406","Czech Language and Literature"
"C2024_A","CIPCODE","16.0407","Polish Language and Literature"
"C2024_A","CIPCODE","16.0408","Bosnian, Serbian, and Croatian Languages and Literatures"
"C2024_A","CIPCODE","16.0409","Slovak Language and Literature"
"C2024_A","CIPCODE","16.0410","Ukrainian Language and Literature"
"C2024_A","CIPCODE","16.0499","Slavic, Baltic, and Albanian Languages, Literatures, and Linguistics, Other"
"C2024_A","CIPCODE","16.05","Germanic Languages, Literatures, and Linguistics"
"C2024_A","CIPCODE","16.0500","Germanic Languages, Literatures, and Linguistics, General"
"C2024_A","CIPCODE","16.0501","German Language and Literature"
"C2024_A","CIPCODE","16.0502","Scandinavian Languages, Literatures, and Linguistics"
"C2024_A","CIPCODE","16.0503","Danish Language and Literature"
"C2024_A","CIPCODE","16.0504","Dutch/Flemish Language and Literature"
"C2024_A","CIPCODE","16.0505","Norwegian Language and Literature"
"C2024_A","CIPCODE","16.0506","Swedish Language and Literature"
"C2024_A","CIPCODE","16.0599","Germanic Languages, Literatures, and Linguistics, Other"
"C2024_A","CIPCODE","16.06","Modern Greek Language and Literature"
"C2024_A","CIPCODE","16.0601","Modern Greek Language and Literature"
"C2024_A","CIPCODE","16.07","South Asian Languages, Literatures, and Linguistics"
"C2024_A","CIPCODE","16.0700","South Asian Languages, Literatures, and Linguistics, General"
"C2024_A","CIPCODE","16.0701","Hindi Language and Literature"
"C2024_A","CIPCODE","16.0702","Sanskrit and Classical Indian Languages, Literatures, and Linguistics"
"C2024_A","CIPCODE","16.0704","Bengali Language and Literature"
"C2024_A","CIPCODE","16.0705","Punjabi Language and Literature"
"C2024_A","CIPCODE","16.0706","Tamil Language and Literature"
"C2024_A","CIPCODE","16.0707","Urdu Language and Literature"
"C2024_A","CIPCODE","16.0799","South Asian Languages, Literatures, and Linguistics, Other"
"C2024_A","CIPCODE","16.08","Iranian/Persian Languages, Literatures, and Linguistics"
"C2024_A","CIPCODE","16.0801","Iranian Languages, Literatures, and Linguistics"
"C2024_A","CIPCODE","16.09","Romance Languages, Literatures, and Linguistics"
"C2024_A","CIPCODE","16.0900","Romance Languages, Literatures, and Linguistics, General"
"C2024_A","CIPCODE","16.0901","French Language and Literature"
"C2024_A","CIPCODE","16.0902","Italian Language and Literature"
"C2024_A","CIPCODE","16.0904","Portuguese Language and Literature"
"C2024_A","CIPCODE","16.0905","Spanish Language and Literature"
"C2024_A","CIPCODE","16.0906","Romanian Language and Literature"
"C2024_A","CIPCODE","16.0907","Catalan Language and Literature"
"C2024_A","CIPCODE","16.0908","Hispanic and Latin American Languages, Literatures, and Linguistics, General"
"C2024_A","CIPCODE","16.0999","Romance Languages, Literatures, and Linguistics, Other"
"C2024_A","CIPCODE","16.10","American Indian/Native American Languages, Literatures, and Linguistics"
"C2024_A","CIPCODE","16.1001","American Indian/Native American Languages, Literatures, and Linguistics"
"C2024_A","CIPCODE","16.11","Middle/Near Eastern and Semitic Languages, Literatures, and Linguistics"
"C2024_A","CIPCODE","16.1100","Middle/Near Eastern and Semitic Languages, Literatures, and Linguistics, General"
"C2024_A","CIPCODE","16.1101","Arabic Language and Literature"
"C2024_A","CIPCODE","16.1102","Hebrew Language and Literature"
"C2024_A","CIPCODE","16.1103","Ancient Near Eastern and Biblical Languages, Literatures, and Linguistics"
"C2024_A","CIPCODE","16.1199","Middle/Near Eastern and Semitic Languages, Literatures, and Linguistics, Other"
"C2024_A","CIPCODE","16.12","Classics and Classical Languages, Literatures, and Linguistics"
"C2024_A","CIPCODE","16.1200","Classics and Classical Languages, Literatures, and Linguistics, General"
"C2024_A","CIPCODE","16.1202","Ancient/Classical Greek Language and Literature"
"C2024_A","CIPCODE","16.1203","Latin Language and Literature"
"C2024_A","CIPCODE","16.1299","Classics and Classical Languages, Literatures, and Linguistics, Other"
"C2024_A","CIPCODE","16.13","Celtic Languages, Literatures, and Linguistics"
"C2024_A","CIPCODE","16.1301","Celtic Languages, Literatures, and Linguistics"
"C2024_A","CIPCODE","16.14","Southeast Asian and Australasian/Pacific Languages, Literatures, and Linguistics"
"C2024_A","CIPCODE","16.1400","Southeast Asian Languages, Literatures, and Linguistics, General"
"C2024_A","CIPCODE","16.1401","Australian/Oceanic/Pacific Languages, Literatures, and Linguistics"
"C2024_A","CIPCODE","16.1402","Indonesian/Malay Languages and Literatures"
"C2024_A","CIPCODE","16.1403","Burmese Language and Literature"
"C2024_A","CIPCODE","16.1404","Filipino/Tagalog Language and Literature"
"C2024_A","CIPCODE","16.1405","Khmer/Cambodian Language and Literature"
"C2024_A","CIPCODE","16.1406","Lao Language and Literature"
"C2024_A","CIPCODE","16.1407","Thai Language and Literature"
"C2024_A","CIPCODE","16.1408","Vietnamese Language and Literature"
"C2024_A","CIPCODE","16.1409","Hawaiian Language and Literature"
"C2024_A","CIPCODE","16.1499","Southeast Asian and Australasian/Pacific Languages, Literatures, and Linguistics, Other"
"C2024_A","CIPCODE","16.15","Turkic, Uralic-Altaic, Caucasian, and Central Asian Languages, Literatures, and Linguistics"
"C2024_A","CIPCODE","16.1501","Turkish Language and Literature"
"C2024_A","CIPCODE","16.1502","Uralic Languages, Literatures, and Linguistics"
"C2024_A","CIPCODE","16.1503","Hungarian/Magyar Language and Literature"
"C2024_A","CIPCODE","16.1504","Mongolian Language and Literature"
"C2024_A","CIPCODE","16.1599","Turkic, Uralic-Altaic, Caucasian, and Central Asian Languages, Literatures, and Linguistics, Other"
"C2024_A","CIPCODE","16.16","American Sign Language"
"C2024_A","CIPCODE","16.1601","American Sign Language (ASL)"
"C2024_A","CIPCODE","16.1602","Linguistics of ASL and Other Sign Languages"
"C2024_A","CIPCODE","16.1603","Sign Language Interpretation and Translation"
"C2024_A","CIPCODE","16.1699","American Sign Language, Other"
"C2024_A","CIPCODE","16.17","Second Language Learning"
"C2024_A","CIPCODE","16.1701","English as a Second Language"
"C2024_A","CIPCODE","16.18","Armenian Languages, Literatures, and Linguistics"
"C2024_A","CIPCODE","16.1801","Armenian Language and Literature"
"C2024_A","CIPCODE","16.99","Foreign Languages, Literatures, and Linguistics, Other"
"C2024_A","CIPCODE","16.9999","Foreign Languages, Literatures, and Linguistics, Other"
"C2024_A","CIPCODE","19","Family and Consumer Sciences/Human Sciences"
"C2024_A","CIPCODE","19.01","Family and Consumer Sciences/Human Sciences, General"
"C2024_A","CIPCODE","19.0101","Family and Consumer Sciences/Human Sciences, General"
"C2024_A","CIPCODE","19.02","Family and Consumer Sciences/Human Sciences Business Services"
"C2024_A","CIPCODE","19.0201","Business Family and Consumer Sciences/Human Sciences"
"C2024_A","CIPCODE","19.0202","Family and Consumer Sciences/Human Sciences Communication"
"C2024_A","CIPCODE","19.0203","Consumer Merchandising/Retailing Management"
"C2024_A","CIPCODE","19.0299","Family and Consumer Sciences/Human Sciences Business Services, Other"
"C2024_A","CIPCODE","19.04","Family and Consumer Economics and Related Studies"
"C2024_A","CIPCODE","19.0401","Family Resource Management Studies, General"
"C2024_A","CIPCODE","19.0402","Consumer Economics"
"C2024_A","CIPCODE","19.0403","Consumer Services and Advocacy"
"C2024_A","CIPCODE","19.0499","Family and Consumer Economics and Related Services, Other"
"C2024_A","CIPCODE","19.05","Foods, Nutrition, and Related Services"
"C2024_A","CIPCODE","19.0501","Foods, Nutrition, and Wellness Studies, General"
"C2024_A","CIPCODE","19.0504","Human Nutrition"
"C2024_A","CIPCODE","19.0505","Foodservice Systems Administration/Management"
"C2024_A","CIPCODE","19.0599","Foods, Nutrition, and Related Services, Other"
"C2024_A","CIPCODE","19.06","Housing and Human Environments"
"C2024_A","CIPCODE","19.0601","Housing and Human Environments, General"
"C2024_A","CIPCODE","19.0604","Facilities Planning and Management"
"C2024_A","CIPCODE","19.0605","Home Furnishings and Equipment Installers"
"C2024_A","CIPCODE","19.0699","Housing and Human Environments, Other"
"C2024_A","CIPCODE","19.07","Human Development, Family Studies, and Related Services"
"C2024_A","CIPCODE","19.0701","Human Development and Family Studies, General"
"C2024_A","CIPCODE","19.0702","Adult Development and Aging"
"C2024_A","CIPCODE","19.0704","Family Systems"
"C2024_A","CIPCODE","19.0706","Child Development"
"C2024_A","CIPCODE","19.0707","Family and Community Services"
"C2024_A","CIPCODE","19.0708","Child Care and Support Services Management"
"C2024_A","CIPCODE","19.0709","Child Care Provider/Assistant"
"C2024_A","CIPCODE","19.0710","Developmental Services Worker"
"C2024_A","CIPCODE","19.0711","Early Childhood and Family Studies"
"C2024_A","CIPCODE","19.0712","Parent Education Services"
"C2024_A","CIPCODE","19.0799","Human Development, Family Studies, and Related Services, Other"
"C2024_A","CIPCODE","19.09","Apparel and Textiles"
"C2024_A","CIPCODE","19.0901","Apparel and Textiles, General"
"C2024_A","CIPCODE","19.0902","Apparel and Textile Manufacture"
"C2024_A","CIPCODE","19.0904","Textile Science"
"C2024_A","CIPCODE","19.0905","Apparel and Textile Marketing Management"
"C2024_A","CIPCODE","19.0906","Fashion and Fabric Consultant"
"C2024_A","CIPCODE","19.0999","Apparel and Textiles, Other"
"C2024_A","CIPCODE","19.10","Work and Family Studies"
"C2024_A","CIPCODE","19.1001","Work and Family Studies"
"C2024_A","CIPCODE","19.99","Family and Consumer Sciences/Human Sciences, Other"
"C2024_A","CIPCODE","19.9999","Family and Consumer Sciences/Human Sciences, Other"
"C2024_A","CIPCODE","22","Legal Professions and Studies"
"C2024_A","CIPCODE","22.00","Non-Professional Legal Studies"
"C2024_A","CIPCODE","22.0000","Legal Studies"
"C2024_A","CIPCODE","22.0001","Pre-Law Studies"
"C2024_A","CIPCODE","22.0099","Non-Professional Legal Studies, Other"
"C2024_A","CIPCODE","22.01","Law"
"C2024_A","CIPCODE","22.0101","Law"
"C2024_A","CIPCODE","22.02","Legal Research and Advanced Professional Studies"
"C2024_A","CIPCODE","22.0201","Advanced Legal Research/Studies, General"
"C2024_A","CIPCODE","22.0202","Programs for Foreign Lawyers"
"C2024_A","CIPCODE","22.0203","American/U.S. Law/Legal Studies/Jurisprudence"
"C2024_A","CIPCODE","22.0204","Canadian Law/Legal Studies/Jurisprudence"
"C2024_A","CIPCODE","22.0205","Banking, Corporate, Finance, and Securities Law"
"C2024_A","CIPCODE","22.0206","Comparative Law"
"C2024_A","CIPCODE","22.0207","Energy, Environment, and Natural Resources Law"
"C2024_A","CIPCODE","22.0208","Health Law"
"C2024_A","CIPCODE","22.0209","International Law and Legal Studies"
"C2024_A","CIPCODE","22.0210","International Business, Trade, and Tax Law"
"C2024_A","CIPCODE","22.0211","Tax Law/Taxation"
"C2024_A","CIPCODE","22.0212","Intellectual Property Law"
"C2024_A","CIPCODE","22.0213","Patent Law"
"C2024_A","CIPCODE","22.0214","Agriculture Law"
"C2024_A","CIPCODE","22.0215","Arts and Entertainment Law"
"C2024_A","CIPCODE","22.0216","Compliance Law"
"C2024_A","CIPCODE","22.0217","Criminal Law and Procedure"
"C2024_A","CIPCODE","22.0218","Entrepreneurship Law"
"C2024_A","CIPCODE","22.0219","Family/Child/Elder Law"
"C2024_A","CIPCODE","22.0220","Human Resources Law"
"C2024_A","CIPCODE","22.0221","Insurance Law"
"C2024_A","CIPCODE","22.0222","Real Estate and Land Development Law"
"C2024_A","CIPCODE","22.0223","Transportation Law"
"C2024_A","CIPCODE","22.0224","Tribal/Indigenous Law"
"C2024_A","CIPCODE","22.0299","Legal Research and Advanced Professional Studies, Other"
"C2024_A","CIPCODE","22.03","Legal Support Services"
"C2024_A","CIPCODE","22.0301","Legal Administrative Assistant/Secretary"
"C2024_A","CIPCODE","22.0302","Legal Assistant/Paralegal"
"C2024_A","CIPCODE","22.0303","Court Reporting and Captioning/Court Reporter"
"C2024_A","CIPCODE","22.0304","Court Interpreter"
"C2024_A","CIPCODE","22.0305","Scopist"
"C2024_A","CIPCODE","22.0399","Legal Support Services, Other"
"C2024_A","CIPCODE","22.99","Legal Professions and Studies, Other"
"C2024_A","CIPCODE","22.9999","Legal Professions and Studies, Other"
"C2024_A","CIPCODE","23","English Language and Literature/Letters"
"C2024_A","CIPCODE","23.01","English Language and Literature, General"
"C2024_A","CIPCODE","23.0101","English Language and Literature, General"
"C2024_A","CIPCODE","23.13","Rhetoric and Composition/Writing Studies"
"C2024_A","CIPCODE","23.1301","Writing, General"
"C2024_A","CIPCODE","23.1302","Creative Writing"
"C2024_A","CIPCODE","23.1303","Professional, Technical, Business, and Scientific Writing"
"C2024_A","CIPCODE","23.1304","Rhetoric and Composition"
"C2024_A","CIPCODE","23.1399","Rhetoric and Composition/Writing Studies, Other"
"C2024_A","CIPCODE","23.14","Literature"
"C2024_A","CIPCODE","23.1401","General Literature"
"C2024_A","CIPCODE","23.1402","American Literature (United States)"
"C2024_A","CIPCODE","23.1403","American Literature (Canadian)"
"C2024_A","CIPCODE","23.1404","English Literature (British and Commonwealth)"
"C2024_A","CIPCODE","23.1405","Children's and Adolescent Literature"
"C2024_A","CIPCODE","23.1499","Literature, Other"
"C2024_A","CIPCODE","23.99","English Language and Literature/Letters, Other"
"C2024_A","CIPCODE","23.9999","English Language and Literature/Letters, Other"
"C2024_A","CIPCODE","24","Liberal Arts and Sciences, General Studies and Humanities"
"C2024_A","CIPCODE","24.01","Liberal Arts and Sciences, General Studies and Humanities"
"C2024_A","CIPCODE","24.0101","Liberal Arts and Sciences/Liberal Studies"
"C2024_A","CIPCODE","24.0102","General Studies"
"C2024_A","CIPCODE","24.0103","Humanities/Humanistic Studies"
"C2024_A","CIPCODE","24.0199","Liberal Arts and Sciences, General Studies and Humanities, Other"
"C2024_A","CIPCODE","25","Library Science"
"C2024_A","CIPCODE","25.01","Library Science and Administration"
"C2024_A","CIPCODE","25.0101","Library and Information Science"
"C2024_A","CIPCODE","25.0102","Children and Youth Library Services"
"C2024_A","CIPCODE","25.0103","Archives/Archival Administration"
"C2024_A","CIPCODE","25.0199","Library Science and Administration, Other"
"C2024_A","CIPCODE","25.03","Library and Archives Assisting"
"C2024_A","CIPCODE","25.0301","Library and Archives Assisting"
"C2024_A","CIPCODE","25.99","Library Science, Other"
"C2024_A","CIPCODE","25.9999","Library Science, Other"
"C2024_A","CIPCODE","26","Biological and Biomedical Sciences"
"C2024_A","CIPCODE","26.01","Biology, General"
"C2024_A","CIPCODE","26.0101","Biology/Biological Sciences, General"
"C2024_A","CIPCODE","26.0102","Biomedical Sciences, General"
"C2024_A","CIPCODE","26.02","Biochemistry, Biophysics and Molecular Biology"
"C2024_A","CIPCODE","26.0202","Biochemistry"
"C2024_A","CIPCODE","26.0203","Biophysics"
"C2024_A","CIPCODE","26.0204","Molecular Biology"
"C2024_A","CIPCODE","26.0205","Molecular Biochemistry"
"C2024_A","CIPCODE","26.0206","Molecular Biophysics"
"C2024_A","CIPCODE","26.0207","Structural Biology"
"C2024_A","CIPCODE","26.0208","Photobiology"
"C2024_A","CIPCODE","26.0209","Radiation Biology/Radiobiology"
"C2024_A","CIPCODE","26.0210","Biochemistry and Molecular Biology"
"C2024_A","CIPCODE","26.0299","Biochemistry, Biophysics and Molecular Biology, Other"
"C2024_A","CIPCODE","26.03","Botany/Plant Biology"
"C2024_A","CIPCODE","26.0301","Botany/Plant Biology"
"C2024_A","CIPCODE","26.0305","Plant Pathology/Phytopathology"
"C2024_A","CIPCODE","26.0307","Plant Physiology"
"C2024_A","CIPCODE","26.0308","Plant Molecular Biology"
"C2024_A","CIPCODE","26.0399","Botany/Plant Biology, Other"
"C2024_A","CIPCODE","26.04","Cell/Cellular Biology and Anatomical Sciences"
"C2024_A","CIPCODE","26.0401","Cell/Cellular Biology and Histology"
"C2024_A","CIPCODE","26.0403","Anatomy"
"C2024_A","CIPCODE","26.0404","Developmental Biology and Embryology"
"C2024_A","CIPCODE","26.0406","Cell/Cellular and Molecular Biology"
"C2024_A","CIPCODE","26.0407","Cell Biology and Anatomy"
"C2024_A","CIPCODE","26.0499","Cell/Cellular Biology and Anatomical Sciences, Other"
"C2024_A","CIPCODE","26.05","Microbiological Sciences and Immunology"
"C2024_A","CIPCODE","26.0502","Microbiology, General"
"C2024_A","CIPCODE","26.0503","Medical Microbiology and Bacteriology"
"C2024_A","CIPCODE","26.0504","Virology"
"C2024_A","CIPCODE","26.0505","Parasitology"
"C2024_A","CIPCODE","26.0506","Mycology"
"C2024_A","CIPCODE","26.0507","Immunology"
"C2024_A","CIPCODE","26.0508","Microbiology and Immunology"
"C2024_A","CIPCODE","26.0509","Infectious Disease and Global Health"
"C2024_A","CIPCODE","26.0599","Microbiological Sciences and Immunology, Other"
"C2024_A","CIPCODE","26.07","Zoology/Animal Biology"
"C2024_A","CIPCODE","26.0701","Zoology/Animal Biology"
"C2024_A","CIPCODE","26.0702","Entomology"
"C2024_A","CIPCODE","26.0707","Animal Physiology"
"C2024_A","CIPCODE","26.0708","Animal Behavior and Ethology"
"C2024_A","CIPCODE","26.0709","Wildlife Biology"
"C2024_A","CIPCODE","26.0799","Zoology/Animal Biology, Other"
"C2024_A","CIPCODE","26.08","Genetics"
"C2024_A","CIPCODE","26.0801","Genetics, General"
"C2024_A","CIPCODE","26.0802","Molecular Genetics"
"C2024_A","CIPCODE","26.0803","Microbial and Eukaryotic Genetics"
"C2024_A","CIPCODE","26.0804","Animal Genetics"
"C2024_A","CIPCODE","26.0805","Plant Genetics"
"C2024_A","CIPCODE","26.0806","Human/Medical Genetics"
"C2024_A","CIPCODE","26.0807","Genome Sciences/Genomics"
"C2024_A","CIPCODE","26.0899","Genetics, Other"
"C2024_A","CIPCODE","26.09","Physiology, Pathology and Related Sciences"
"C2024_A","CIPCODE","26.0901","Physiology, General"
"C2024_A","CIPCODE","26.0902","Molecular Physiology"
"C2024_A","CIPCODE","26.0903","Cell Physiology"
"C2024_A","CIPCODE","26.0904","Endocrinology"
"C2024_A","CIPCODE","26.0905","Reproductive Biology"
"C2024_A","CIPCODE","26.0907","Cardiovascular Science"
"C2024_A","CIPCODE","26.0908","Exercise Physiology and Kinesiology"
"C2024_A","CIPCODE","26.0909","Vision Science/Physiological Optics"
"C2024_A","CIPCODE","26.0910","Pathology/Experimental Pathology"
"C2024_A","CIPCODE","26.0911","Oncology and Cancer Biology"
"C2024_A","CIPCODE","26.0912","Aerospace Physiology and Medicine"
"C2024_A","CIPCODE","26.0913","Biomechanics"
"C2024_A","CIPCODE","26.0999","Physiology, Pathology, and Related Sciences, Other"
"C2024_A","CIPCODE","26.10","Pharmacology and Toxicology"
"C2024_A","CIPCODE","26.1001","Pharmacology"
"C2024_A","CIPCODE","26.1002","Molecular Pharmacology"
"C2024_A","CIPCODE","26.1003","Neuropharmacology"
"C2024_A","CIPCODE","26.1004","Toxicology"
"C2024_A","CIPCODE","26.1005","Molecular Toxicology"
"C2024_A","CIPCODE","26.1006","Environmental Toxicology"
"C2024_A","CIPCODE","26.1007","Pharmacology and Toxicology"
"C2024_A","CIPCODE","26.1099","Pharmacology and Toxicology, Other"
"C2024_A","CIPCODE","26.11","Biomathematics, Bioinformatics, and Computational Biology"
"C2024_A","CIPCODE","26.1101","Biometry/Biometrics"
"C2024_A","CIPCODE","26.1102","Biostatistics"
"C2024_A","CIPCODE","26.1103","Bioinformatics"
"C2024_A","CIPCODE","26.1104","Computational Biology"
"C2024_A","CIPCODE","26.1199","Biomathematics, Bioinformatics, and Computational Biology, Other"
"C2024_A","CIPCODE","26.12","Biotechnology"
"C2024_A","CIPCODE","26.1201","Biotechnology"
"C2024_A","CIPCODE","26.13","Ecology, Evolution, Systematics, and Population Biology"
"C2024_A","CIPCODE","26.1301","Ecology"
"C2024_A","CIPCODE","26.1302","Marine Biology and Biological Oceanography"
"C2024_A","CIPCODE","26.1303","Evolutionary Biology"
"C2024_A","CIPCODE","26.1304","Aquatic Biology/Limnology"
"C2024_A","CIPCODE","26.1305","Environmental Biology"
"C2024_A","CIPCODE","26.1306","Population Biology"
"C2024_A","CIPCODE","26.1307","Conservation Biology"
"C2024_A","CIPCODE","26.1308","Systematic Biology/Biological Systematics"
"C2024_A","CIPCODE","26.1309","Epidemiology"
"C2024_A","CIPCODE","26.1310","Ecology and Evolutionary Biology"
"C2024_A","CIPCODE","26.1311","Epidemiology and Biostatistics"
"C2024_A","CIPCODE","26.1399","Ecology, Evolution, Systematics and Population Biology, Other"
"C2024_A","CIPCODE","26.14","Molecular Medicine"
"C2024_A","CIPCODE","26.1401","Molecular Medicine"
"C2024_A","CIPCODE","26.15","Neurobiology and Neurosciences"
"C2024_A","CIPCODE","26.1501","Neuroscience"
"C2024_A","CIPCODE","26.1502","Neuroanatomy"
"C2024_A","CIPCODE","26.1503","Neurobiology and Anatomy"
"C2024_A","CIPCODE","26.1504","Neurobiology and Behavior"
"C2024_A","CIPCODE","26.1599","Neurobiology and Neurosciences, Other"
"C2024_A","CIPCODE","26.99","Biological and Biomedical Sciences, Other"
"C2024_A","CIPCODE","26.9999","Biological and Biomedical Sciences, Other"
"C2024_A","CIPCODE","27","Mathematics and Statistics"
"C2024_A","CIPCODE","27.01","Mathematics"
"C2024_A","CIPCODE","27.0101","Mathematics, General"
"C2024_A","CIPCODE","27.0102","Algebra and Number Theory"
"C2024_A","CIPCODE","27.0103","Analysis and Functional Analysis"
"C2024_A","CIPCODE","27.0104","Geometry/Geometric Analysis"
"C2024_A","CIPCODE","27.0105","Topology and Foundations"
"C2024_A","CIPCODE","27.0199","Mathematics, Other"
"C2024_A","CIPCODE","27.03","Applied Mathematics"
"C2024_A","CIPCODE","27.0301","Applied Mathematics, General"
"C2024_A","CIPCODE","27.0303","Computational Mathematics"
"C2024_A","CIPCODE","27.0304","Computational and Applied Mathematics"
"C2024_A","CIPCODE","27.0305","Financial Mathematics"
"C2024_A","CIPCODE","27.0306","Mathematical Biology"
"C2024_A","CIPCODE","27.0399","Applied Mathematics, Other"
"C2024_A","CIPCODE","27.05","Statistics"
"C2024_A","CIPCODE","27.0501","Statistics, General"
"C2024_A","CIPCODE","27.0502","Mathematical Statistics and Probability"
"C2024_A","CIPCODE","27.0503","Mathematics and Statistics"
"C2024_A","CIPCODE","27.0599","Statistics, Other"
"C2024_A","CIPCODE","27.06","Applied Statistics"
"C2024_A","CIPCODE","27.0601","Applied Statistics, General"
"C2024_A","CIPCODE","27.99","Mathematics and Statistics, Other"
"C2024_A","CIPCODE","27.9999","Mathematics and Statistics, Other"
"C2024_A","CIPCODE","29","Military Technologies and Applied Sciences"
"C2024_A","CIPCODE","29.02","Intelligence, Command Control and Information Operations"
"C2024_A","CIPCODE","29.0201","Intelligence, General"
"C2024_A","CIPCODE","29.0202","Strategic Intelligence"
"C2024_A","CIPCODE","29.0203","Signal/Geospatial Intelligence"
"C2024_A","CIPCODE","29.0204","Command & Control (C3, C4I) Systems and Operations"
"C2024_A","CIPCODE","29.0205","Information Operations/Joint Information Operations"
"C2024_A","CIPCODE","29.0206","Information/Psychological Warfare and Military Media Relations"
"C2024_A","CIPCODE","29.0207","Cyber/Electronic Operations and Warfare"
"C2024_A","CIPCODE","29.0299","Intelligence, Command Control and Information Operations, Other"
"C2024_A","CIPCODE","29.03","Military Applied Sciences"
"C2024_A","CIPCODE","29.0301","Combat Systems Engineering"
"C2024_A","CIPCODE","29.0302","Directed Energy Systems"
"C2024_A","CIPCODE","29.0303","Engineering Acoustics"
"C2024_A","CIPCODE","29.0304","Low-Observables and Stealth Technology"
"C2024_A","CIPCODE","29.0305","Space Systems Operations"
"C2024_A","CIPCODE","29.0306","Operational Oceanography"
"C2024_A","CIPCODE","29.0307","Undersea Warfare"
"C2024_A","CIPCODE","29.0399","Military Applied Sciences, Other"
"C2024_A","CIPCODE","29.04","Military Systems and Maintenance Technology"
"C2024_A","CIPCODE","29.0401","Aerospace Ground Equipment Technology"
"C2024_A","CIPCODE","29.0402","Air and Space Operations Technology"
"C2024_A","CIPCODE","29.0403","Aircraft Armament Systems Technology"
"C2024_A","CIPCODE","29.0404","Explosive Ordinance/Bomb Disposal"
"C2024_A","CIPCODE","29.0405","Joint Command/Task Force (C3, C4I) Systems"
"C2024_A","CIPCODE","29.0406","Military Information Systems Technology"
"C2024_A","CIPCODE","29.0407","Missile and Space Systems Technology"
"C2024_A","CIPCODE","29.0408","Munitions Systems/Ordinance Technology"
"C2024_A","CIPCODE","29.0409","Radar Communications and Systems Technology"
"C2024_A","CIPCODE","29.0499","Military Systems and Maintenance Technology, Other"
"C2024_A","CIPCODE","29.06","Military Technology and Applied Sciences Management"
"C2024_A","CIPCODE","29.0601","Military Technology and Applied Sciences Management"
"C2024_A","CIPCODE","29.99","Military Technologies and Applied Sciences, Other"
"C2024_A","CIPCODE","29.9999","Military Technologies and Applied Sciences, Other"
"C2024_A","CIPCODE","30","Multi/Interdisciplinary Studies"
"C2024_A","CIPCODE","30.00","Multi-/Interdisciplinary Studies, General"
"C2024_A","CIPCODE","30.0000","Multi-/Interdisciplinary Studies, General"
"C2024_A","CIPCODE","30.0001","Comprehensive Transition and Postsecondary (CTP) Program"
"C2024_A","CIPCODE","30.01","Biological and Physical Sciences"
"C2024_A","CIPCODE","30.0101","Biological and Physical Sciences"
"C2024_A","CIPCODE","30.05","Peace Studies and Conflict Resolution"
"C2024_A","CIPCODE","30.0501","Peace Studies and Conflict Resolution"
"C2024_A","CIPCODE","30.06","Systems Science and Theory"
"C2024_A","CIPCODE","30.0601","Systems Science and Theory"
"C2024_A","CIPCODE","30.08","Mathematics and Computer Science"
"C2024_A","CIPCODE","30.0801","Mathematics and Computer Science"
"C2024_A","CIPCODE","30.10","Biopsychology"
"C2024_A","CIPCODE","30.1001","Biopsychology"
"C2024_A","CIPCODE","30.11","Gerontology"
"C2024_A","CIPCODE","30.1101","Gerontology"
"C2024_A","CIPCODE","30.12","Historic Preservation and Conservation"
"C2024_A","CIPCODE","30.1201","Historic Preservation and Conservation, General"
"C2024_A","CIPCODE","30.1202","Cultural Resource Management and Policy Analysis"
"C2024_A","CIPCODE","30.1299","Historic Preservation and Conservation, Other"
"C2024_A","CIPCODE","30.13","Medieval and Renaissance Studies"
"C2024_A","CIPCODE","30.1301","Medieval and Renaissance Studies"
"C2024_A","CIPCODE","30.14","Museology/Museum Studies"
"C2024_A","CIPCODE","30.1401","Museology/Museum Studies"
"C2024_A","CIPCODE","30.15","Science, Technology and Society"
"C2024_A","CIPCODE","30.1501","Science, Technology and Society"
"C2024_A","CIPCODE","30.16","Accounting and Computer Science"
"C2024_A","CIPCODE","30.1601","Accounting and Computer Science"
"C2024_A","CIPCODE","30.17","Behavioral Sciences"
"C2024_A","CIPCODE","30.1701","Behavioral Sciences"
"C2024_A","CIPCODE","30.18","Natural Sciences"
"C2024_A","CIPCODE","30.1801","Natural Sciences"
"C2024_A","CIPCODE","30.19","Nutrition Sciences"
"C2024_A","CIPCODE","30.1901","Nutrition Sciences"
"C2024_A","CIPCODE","30.20","International/Globalization Studies"
"C2024_A","CIPCODE","30.2001","International/Globalization Studies"
"C2024_A","CIPCODE","30.21","Holocaust and Related Studies"
"C2024_A","CIPCODE","30.2101","Holocaust and Related Studies"
"C2024_A","CIPCODE","30.22","Classical and Ancient Studies"
"C2024_A","CIPCODE","30.2201","Ancient Studies/Civilization"
"C2024_A","CIPCODE","30.2202","Classical, Ancient Mediterranean, and Near Eastern Studies and Archaeology"
"C2024_A","CIPCODE","30.2299","Classical and Ancient Studies, Other"
"C2024_A","CIPCODE","30.23","Intercultural/Multicultural and Diversity Studies"
"C2024_A","CIPCODE","30.2301","Intercultural/Multicultural and Diversity Studies"
"C2024_A","CIPCODE","30.25","Cognitive Science"
"C2024_A","CIPCODE","30.2501","Cognitive Science, General"
"C2024_A","CIPCODE","30.2502","Contemplative Studies/Inquiry"
"C2024_A","CIPCODE","30.2599","Cognitive Science, Other"
"C2024_A","CIPCODE","30.26","Cultural Studies/Critical Theory and Analysis"
"C2024_A","CIPCODE","30.2601","Cultural Studies/Critical Theory and Analysis"
"C2024_A","CIPCODE","30.27","Human Biology"
"C2024_A","CIPCODE","30.2701","Human Biology"
"C2024_A","CIPCODE","30.28","Dispute Resolution"
"C2024_A","CIPCODE","30.2801","Dispute Resolution"
"C2024_A","CIPCODE","30.29","Maritime Studies"
"C2024_A","CIPCODE","30.2901","Maritime Studies"
"C2024_A","CIPCODE","30.30","Computational Science"
"C2024_A","CIPCODE","30.3001","Computational Science"
"C2024_A","CIPCODE","30.31","Human Computer Interaction"
"C2024_A","CIPCODE","30.3101","Human Computer Interaction"
"C2024_A","CIPCODE","30.32","Marine Sciences"
"C2024_A","CIPCODE","30.3201","Marine Sciences"
"C2024_A","CIPCODE","30.33","Sustainability Studies"
"C2024_A","CIPCODE","30.3301","Sustainability Studies"
"C2024_A","CIPCODE","30.34","Anthrozoology"
"C2024_A","CIPCODE","30.3401","Anthrozoology"
"C2024_A","CIPCODE","30.35","Climate Science"
"C2024_A","CIPCODE","30.3501","Climate Science"
"C2024_A","CIPCODE","30.36","Cultural Studies and Comparative Literature"
"C2024_A","CIPCODE","30.3601","Cultural Studies and Comparative Literature"
"C2024_A","CIPCODE","30.37","Design for Human Health"
"C2024_A","CIPCODE","30.3701","Design for Human Health"
"C2024_A","CIPCODE","30.38","Earth Systems Science"
"C2024_A","CIPCODE","30.3801","Earth Systems Science"
"C2024_A","CIPCODE","30.39","Economics and Computer Science"
"C2024_A","CIPCODE","30.3901","Economics and Computer Science"
"C2024_A","CIPCODE","30.40","Economics and Foreign Language/Literature"
"C2024_A","CIPCODE","30.4001","Economics and Foreign Language/Literature"
"C2024_A","CIPCODE","30.41","Environmental Geosciences"
"C2024_A","CIPCODE","30.4101","Environmental Geosciences"
"C2024_A","CIPCODE","30.42","Geoarcheaology"
"C2024_A","CIPCODE","30.4201","Geoarcheaology"
"C2024_A","CIPCODE","30.43","Geobiology"
"C2024_A","CIPCODE","30.4301","Geobiology"
"C2024_A","CIPCODE","30.44","Geography and Environmental Studies"
"C2024_A","CIPCODE","30.4401","Geography and Environmental Studies"
"C2024_A","CIPCODE","30.45","History and Language/Literature"
"C2024_A","CIPCODE","30.4501","History and Language/Literature"
"C2024_A","CIPCODE","30.46","History and Political Science"
"C2024_A","CIPCODE","30.4601","History and Political Science"
"C2024_A","CIPCODE","30.47","Linguistics and Anthropology"
"C2024_A","CIPCODE","30.4701","Linguistics and Anthropology"
"C2024_A","CIPCODE","30.48","Linguistics and Computer Science"
"C2024_A","CIPCODE","30.4801","Linguistics and Computer Science"
"C2024_A","CIPCODE","30.49","Mathematical Economics"
"C2024_A","CIPCODE","30.4901","Mathematical Economics"
"C2024_A","CIPCODE","30.50","Mathematics and Atmospheric/Oceanic Science"
"C2024_A","CIPCODE","30.5001","Mathematics and Atmospheric/Oceanic Science"
"C2024_A","CIPCODE","30.51","Philosophy, Politics, and Economics"
"C2024_A","CIPCODE","30.5101","Philosophy, Politics, and Economics"
"C2024_A","CIPCODE","30.52","Digital Humanities and Textual Studies"
"C2024_A","CIPCODE","30.5201","Digital Humanities and Textual Studies, General"
"C2024_A","CIPCODE","30.5202","Digital Humanities"
"C2024_A","CIPCODE","30.5203","Textual Studies"
"C2024_A","CIPCODE","30.5299","Digital Humanities and Textual Studies, Other"
"C2024_A","CIPCODE","30.53","Thanatology"
"C2024_A","CIPCODE","30.5301","Thanatology"
"C2024_A","CIPCODE","30.70","Data Science"
"C2024_A","CIPCODE","30.7001","Data Science, General"
"C2024_A","CIPCODE","30.7099","Data Science, Other"
"C2024_A","CIPCODE","30.71","Data Analytics"
"C2024_A","CIPCODE","30.7101","Data Analytics, General"
"C2024_A","CIPCODE","30.7102","Business Analytics"
"C2024_A","CIPCODE","30.7103","Data Visualization"
"C2024_A","CIPCODE","30.7104","Financial Analytics"
"C2024_A","CIPCODE","30.7199","Data Analytics, Other"
"C2024_A","CIPCODE","30.99","Multi/Interdisciplinary Studies, Other"
"C2024_A","CIPCODE","30.9999","Multi-/Interdisciplinary Studies, Other"
"C2024_A","CIPCODE","31","Parks, Recreation, Leisure, Fitness, and Kinesiology"
"C2024_A","CIPCODE","31.01","Parks, Recreation, and Leisure Studies"
"C2024_A","CIPCODE","31.0101","Parks, Recreation, and Leisure Studies"
"C2024_A","CIPCODE","31.03","Parks, Recreation, and Leisure Facilities Management"
"C2024_A","CIPCODE","31.0301","Parks, Recreation, and Leisure Facilities Management, General"
"C2024_A","CIPCODE","31.0302","Golf Course Operation and Grounds Management"
"C2024_A","CIPCODE","31.0399","Parks, Recreation, and Leisure Facilities Management, Other"
"C2024_A","CIPCODE","31.05","Sports, Kinesiology, and Physical Education/Fitness"
"C2024_A","CIPCODE","31.0501","Sports, Kinesiology, and Physical Education/Fitness, General"
"C2024_A","CIPCODE","31.0504","Sport and Fitness Administration/Management"
"C2024_A","CIPCODE","31.0505","Exercise Science and Kinesiology"
"C2024_A","CIPCODE","31.0507","Physical Fitness Technician"
"C2024_A","CIPCODE","31.0508","Sports Studies"
"C2024_A","CIPCODE","31.0599","Sports, Kinesiology, and Physical Education/Fitness, Other"
"C2024_A","CIPCODE","31.06","Outdoor Education"
"C2024_A","CIPCODE","31.0601","Outdoor Education"
"C2024_A","CIPCODE","31.99","Parks, Recreation, Leisure, Fitness, and Kinesiology, Other"
"C2024_A","CIPCODE","31.9999","Parks, Recreation, Leisure, Fitness, and Kinesiology, Other"
"C2024_A","CIPCODE","38","Philosophy and Religious Studies"
"C2024_A","CIPCODE","38.00","Philosophy and Religious Studies, General"
"C2024_A","CIPCODE","38.0001","Philosophy and Religious Studies, General"
"C2024_A","CIPCODE","38.01","Philosophy"
"C2024_A","CIPCODE","38.0101","Philosophy"
"C2024_A","CIPCODE","38.0102","Logic"
"C2024_A","CIPCODE","38.0103","Ethics"
"C2024_A","CIPCODE","38.0104","Applied and Professional Ethics"
"C2024_A","CIPCODE","38.0199","Philosophy, Other"
"C2024_A","CIPCODE","38.02","Religion/Religious Studies"
"C2024_A","CIPCODE","38.0201","Religion/Religious Studies"
"C2024_A","CIPCODE","38.0202","Buddhist Studies"
"C2024_A","CIPCODE","38.0203","Christian Studies"
"C2024_A","CIPCODE","38.0204","Hindu Studies"
"C2024_A","CIPCODE","38.0205","Islamic Studies"
"C2024_A","CIPCODE","38.0206","Jewish/Judaic Studies"
"C2024_A","CIPCODE","38.0207","Talmudic Studies"
"C2024_A","CIPCODE","38.0208","Catholic Studies"
"C2024_A","CIPCODE","38.0209","Mormon Studies"
"C2024_A","CIPCODE","38.0299","Religion/Religious Studies, Other"
"C2024_A","CIPCODE","38.99","Philosophy and Religious Studies, Other"
"C2024_A","CIPCODE","38.9999","Philosophy and Religious Studies, Other"
"C2024_A","CIPCODE","39","Theology and Religious Vocations"
"C2024_A","CIPCODE","39.02","Bible/Biblical Studies"
"C2024_A","CIPCODE","39.0201","Bible/Biblical Studies"
"C2024_A","CIPCODE","39.03","Missions/Missionary Studies and Missiology"
"C2024_A","CIPCODE","39.0301","Missions/Missionary Studies"
"C2024_A","CIPCODE","39.0302","Church Planting"
"C2024_A","CIPCODE","39.0399","Missions/Missionary Studies and Missiology, Other"
"C2024_A","CIPCODE","39.04","Religious Education"
"C2024_A","CIPCODE","39.0401","Religious Education"
"C2024_A","CIPCODE","39.05","Religious Music and Worship"
"C2024_A","CIPCODE","39.0501","Religious/Sacred Music"
"C2024_A","CIPCODE","39.0502","Worship Ministry"
"C2024_A","CIPCODE","39.0599","Religious Music and Worship, Other"
"C2024_A","CIPCODE","39.06","Theological and Ministerial Studies"
"C2024_A","CIPCODE","39.0601","Theology/Theological Studies"
"C2024_A","CIPCODE","39.0602","Divinity/Ministry"
"C2024_A","CIPCODE","39.0604","Pre-Theology/Pre-Ministerial Studies"
"C2024_A","CIPCODE","39.0605","Rabbinical Studies"
"C2024_A","CIPCODE","39.0699","Theological and Ministerial Studies, Other"
"C2024_A","CIPCODE","39.07","Pastoral Counseling and Specialized Ministries"
"C2024_A","CIPCODE","39.0701","Pastoral Studies/Counseling"
"C2024_A","CIPCODE","39.0702","Youth Ministry"
"C2024_A","CIPCODE","39.0703","Urban Ministry"
"C2024_A","CIPCODE","39.0704","Women's Ministry"
"C2024_A","CIPCODE","39.0705","Lay Ministry"
"C2024_A","CIPCODE","39.0706","Chaplain/Chaplaincy Studies"
"C2024_A","CIPCODE","39.0799","Pastoral Counseling and Specialized Ministries, Other"
"C2024_A","CIPCODE","39.08","Religious Institution Administration and Law"
"C2024_A","CIPCODE","39.0801","Religious Institution Administration and Management"
"C2024_A","CIPCODE","39.0802","Religious/Canon Law"
"C2024_A","CIPCODE","39.0899","Religious Institution Administration and Law, Other"
"C2024_A","CIPCODE","39.99","Theology and Religious Vocations, Other"
"C2024_A","CIPCODE","39.9999","Theology and Religious Vocations, Other"
"C2024_A","CIPCODE","40","Physical Sciences"
"C2024_A","CIPCODE","40.01","Physical Sciences, General"
"C2024_A","CIPCODE","40.0101","Physical Sciences, General"
"C2024_A","CIPCODE","40.02","Astronomy and Astrophysics"
"C2024_A","CIPCODE","40.0201","Astronomy"
"C2024_A","CIPCODE","40.0202","Astrophysics"
"C2024_A","CIPCODE","40.0203","Planetary Astronomy and Science"
"C2024_A","CIPCODE","40.0299","Astronomy and Astrophysics, Other"
"C2024_A","CIPCODE","40.04","Atmospheric Sciences and Meteorology"
"C2024_A","CIPCODE","40.0401","Atmospheric Sciences and Meteorology, General"
"C2024_A","CIPCODE","40.0402","Atmospheric Chemistry and Climatology"
"C2024_A","CIPCODE","40.0403","Atmospheric Physics and Dynamics"
"C2024_A","CIPCODE","40.0404","Meteorology"
"C2024_A","CIPCODE","40.0499","Atmospheric Sciences and Meteorology, Other"
"C2024_A","CIPCODE","40.05","Chemistry"
"C2024_A","CIPCODE","40.0501","Chemistry, General"
"C2024_A","CIPCODE","40.0502","Analytical Chemistry"
"C2024_A","CIPCODE","40.0503","Inorganic Chemistry"
"C2024_A","CIPCODE","40.0504","Organic Chemistry"
"C2024_A","CIPCODE","40.0506","Physical Chemistry"
"C2024_A","CIPCODE","40.0507","Polymer Chemistry"
"C2024_A","CIPCODE","40.0508","Chemical Physics"
"C2024_A","CIPCODE","40.0509","Environmental Chemistry"
"C2024_A","CIPCODE","40.0510","Forensic Chemistry"
"C2024_A","CIPCODE","40.0511","Theoretical Chemistry"
"C2024_A","CIPCODE","40.0512","Cheminformatics/Chemistry Informatics"
"C2024_A","CIPCODE","40.0599","Chemistry, Other"
"C2024_A","CIPCODE","40.06","Geological and Earth Sciences/Geosciences"
"C2024_A","CIPCODE","40.0601","Geology/Earth Science, General"
"C2024_A","CIPCODE","40.0602","Geochemistry"
"C2024_A","CIPCODE","40.0603","Geophysics and Seismology"
"C2024_A","CIPCODE","40.0604","Paleontology"
"C2024_A","CIPCODE","40.0605","Hydrology and Water Resources Science"
"C2024_A","CIPCODE","40.0606","Geochemistry and Petrology"
"C2024_A","CIPCODE","40.0607","Oceanography, Chemical and Physical"
"C2024_A","CIPCODE","40.0699","Geological and Earth Sciences/Geosciences, Other"
"C2024_A","CIPCODE","40.08","Physics"
"C2024_A","CIPCODE","40.0801","Physics, General"
"C2024_A","CIPCODE","40.0802","Atomic/Molecular Physics"
"C2024_A","CIPCODE","40.0804","Elementary Particle Physics"
"C2024_A","CIPCODE","40.0805","Plasma and High-Temperature Physics"
"C2024_A","CIPCODE","40.0806","Nuclear Physics"
"C2024_A","CIPCODE","40.0807","Optics/Optical Sciences"
"C2024_A","CIPCODE","40.0808","Condensed Matter and Materials Physics"
"C2024_A","CIPCODE","40.0809","Acoustics"
"C2024_A","CIPCODE","40.0810","Theoretical and Mathematical Physics"
"C2024_A","CIPCODE","40.0899","Physics, Other"
"C2024_A","CIPCODE","40.10","Materials Sciences"
"C2024_A","CIPCODE","40.1001","Materials Science"
"C2024_A","CIPCODE","40.1002","Materials Chemistry"
"C2024_A","CIPCODE","40.1099","Materials Sciences, Other"
"C2024_A","CIPCODE","40.11","Physics and Astronomy"
"C2024_A","CIPCODE","40.1101","Physics and Astronomy"
"C2024_A","CIPCODE","40.99","Physical Sciences, Other"
"C2024_A","CIPCODE","40.9999","Physical Sciences, Other"
"C2024_A","CIPCODE","41","Science Technologies/Technicians"
"C2024_A","CIPCODE","41.00","Science Technologies/Technicians, General"
"C2024_A","CIPCODE","41.0000","Science Technologies/Technicians, General"
"C2024_A","CIPCODE","41.01","Biology/Biotechnology Technologies/Technicians"
"C2024_A","CIPCODE","41.0101","Biology/Biotechnology Technology/Technician"
"C2024_A","CIPCODE","41.02","Nuclear and Industrial Radiologic Technologies/Technicians"
"C2024_A","CIPCODE","41.0204","Industrial Radiologic Technology/Technician"
"C2024_A","CIPCODE","41.0205","Nuclear/Nuclear Power Technology/Technician"
"C2024_A","CIPCODE","41.0299","Nuclear and Industrial Radiologic Technologies/Technicians, Other"
"C2024_A","CIPCODE","41.03","Physical Science Technologies/Technicians"
"C2024_A","CIPCODE","41.0301","Chemical Technology/Technician"
"C2024_A","CIPCODE","41.0303","Chemical Process Technology"
"C2024_A","CIPCODE","41.0399","Physical Science Technologies/Technicians, Other"
"C2024_A","CIPCODE","41.99","Science Technologies/Technicians, Other"
"C2024_A","CIPCODE","41.9999","Science Technologies/Technicians, Other"
"C2024_A","CIPCODE","42","Psychology"
"C2024_A","CIPCODE","42.01","Psychology, General"
"C2024_A","CIPCODE","42.0101","Psychology, General"
"C2024_A","CIPCODE","42.27","Research and Experimental Psychology"
"C2024_A","CIPCODE","42.2701","Cognitive Psychology and Psycholinguistics"
"C2024_A","CIPCODE","42.2702","Comparative Psychology"
"C2024_A","CIPCODE","42.2703","Developmental and Child Psychology"
"C2024_A","CIPCODE","42.2704","Experimental Psychology"
"C2024_A","CIPCODE","42.2705","Personality Psychology"
"C2024_A","CIPCODE","42.2706","Behavioral Neuroscience"
"C2024_A","CIPCODE","42.2707","Social Psychology"
"C2024_A","CIPCODE","42.2708","Psychometrics and Quantitative Psychology"
"C2024_A","CIPCODE","42.2709","Psychopharmacology"
"C2024_A","CIPCODE","42.2710","Developmental and Adolescent Psychology"
"C2024_A","CIPCODE","42.2799","Research and Experimental Psychology, Other"
"C2024_A","CIPCODE","42.28","Clinical, Counseling and Applied Psychology"
"C2024_A","CIPCODE","42.2801","Clinical Psychology"
"C2024_A","CIPCODE","42.2802","Community Psychology"
"C2024_A","CIPCODE","42.2803","Counseling Psychology"
"C2024_A","CIPCODE","42.2804","Industrial and Organizational Psychology"
"C2024_A","CIPCODE","42.2805","School Psychology"
"C2024_A","CIPCODE","42.2806","Educational Psychology"
"C2024_A","CIPCODE","42.2807","Clinical Child Psychology"
"C2024_A","CIPCODE","42.2808","Environmental Psychology"
"C2024_A","CIPCODE","42.2809","Geropsychology"
"C2024_A","CIPCODE","42.2810","Health/Medical Psychology"
"C2024_A","CIPCODE","42.2811","Family Psychology"
"C2024_A","CIPCODE","42.2812","Forensic Psychology"
"C2024_A","CIPCODE","42.2813","Applied Psychology"
"C2024_A","CIPCODE","42.2814","Applied Behavior Analysis"
"C2024_A","CIPCODE","42.2815","Performance and Sport Psychology"
"C2024_A","CIPCODE","42.2816","Somatic Psychology"
"C2024_A","CIPCODE","42.2817","Transpersonal/Spiritual Psychology"
"C2024_A","CIPCODE","42.2899","Clinical, Counseling and Applied Psychology, Other"
"C2024_A","CIPCODE","42.99","Psychology, Other"
"C2024_A","CIPCODE","42.9999","Psychology, Other"
"C2024_A","CIPCODE","43","Homeland Security, Law Enforcement, Firefighting and Related Protective Services"
"C2024_A","CIPCODE","43.01","Criminal Justice and Corrections"
"C2024_A","CIPCODE","43.0100","Criminal Justice and Corrections, General"
"C2024_A","CIPCODE","43.0102","Corrections"
"C2024_A","CIPCODE","43.0103","Criminal Justice/Law Enforcement Administration"
"C2024_A","CIPCODE","43.0104","Criminal Justice/Safety Studies"
"C2024_A","CIPCODE","43.0107","Criminal Justice/Police Science"
"C2024_A","CIPCODE","43.0109","Security and Loss Prevention Services"
"C2024_A","CIPCODE","43.0110","Juvenile Corrections"
"C2024_A","CIPCODE","43.0112","Securities Services Administration/Management"
"C2024_A","CIPCODE","43.0113","Corrections Administration"
"C2024_A","CIPCODE","43.0114","Law Enforcement Investigation and Interviewing"
"C2024_A","CIPCODE","43.0115","Law Enforcement Record-Keeping and Evidence Management"
"C2024_A","CIPCODE","43.0119","Critical Incident Response/Special Police Operations"
"C2024_A","CIPCODE","43.0120","Protective Services Operations"
"C2024_A","CIPCODE","43.0121","Suspension and Debarment Investigation"
"C2024_A","CIPCODE","43.0122","Maritime Law Enforcement"
"C2024_A","CIPCODE","43.0123","Cultural/Archaelogical Resources Protection"
"C2024_A","CIPCODE","43.0199","Corrections and Criminal Justice, Other"
"C2024_A","CIPCODE","43.02","Fire Protection"
"C2024_A","CIPCODE","43.0201","Fire Prevention and Safety Technology/Technician"
"C2024_A","CIPCODE","43.0202","Fire Services Administration"
"C2024_A","CIPCODE","43.0203","Fire Science/Fire-fighting"
"C2024_A","CIPCODE","43.0204","Fire Systems Technology"
"C2024_A","CIPCODE","43.0205","Fire/Arson Investigation and Prevention"
"C2024_A","CIPCODE","43.0206","Wildland/Forest Firefighting and Investigation"
"C2024_A","CIPCODE","43.0299","Fire Protection, Other"
"C2024_A","CIPCODE","43.03","Homeland Security"
"C2024_A","CIPCODE","43.0301","Homeland Security"
"C2024_A","CIPCODE","43.0302","Crisis/Emergency/Disaster Management"
"C2024_A","CIPCODE","43.0303","Critical Infrastructure Protection"
"C2024_A","CIPCODE","43.0304","Terrorism and Counterterrorism Operations"
"C2024_A","CIPCODE","43.0399","Homeland Security, Other"
"C2024_A","CIPCODE","43.04","Security Science and Technology"
"C2024_A","CIPCODE","43.0401","Security Science and Technology, General"
"C2024_A","CIPCODE","43.0402","Criminalistics and Criminal Science"
"C2024_A","CIPCODE","43.0403","Cyber/Computer Forensics and Counterterrorism"
"C2024_A","CIPCODE","43.0404","Cybersecurity Defense Strategy/Policy"
"C2024_A","CIPCODE","43.0405","Financial Forensics and Fraud Investigation"
"C2024_A","CIPCODE","43.0406","Forensic Science and Technology"
"C2024_A","CIPCODE","43.0407","Geospatial Intelligence"
"C2024_A","CIPCODE","43.0408","Law Enforcement Intelligence Analysis"
"C2024_A","CIPCODE","43.0499","Security Science and Technology, Other"
"C2024_A","CIPCODE","43.99","Homeland Security, Law Enforcement, Firefighting and Related Protective Services, Other"
"C2024_A","CIPCODE","43.9999","Homeland Security, Law Enforcement, Firefighting and Related Protective Services, Other"
"C2024_A","CIPCODE","44","Public Administration and Social Service Professions"
"C2024_A","CIPCODE","44.00","Human Services, General"
"C2024_A","CIPCODE","44.0000","Human Services, General"
"C2024_A","CIPCODE","44.02","Community Organization and Advocacy"
"C2024_A","CIPCODE","44.0201","Community Organization and Advocacy"
"C2024_A","CIPCODE","44.04","Public Administration"
"C2024_A","CIPCODE","44.0401","Public Administration"
"C2024_A","CIPCODE","44.0402","Public Works Management"
"C2024_A","CIPCODE","44.0403","Transportation and Infrastructure Planning/Studies"
"C2024_A","CIPCODE","44.0499","Public Administration, Other"
"C2024_A","CIPCODE","44.05","Public Policy Analysis"
"C2024_A","CIPCODE","44.0501","Public Policy Analysis, General"
"C2024_A","CIPCODE","44.0502","Education Policy Analysis"
"C2024_A","CIPCODE","44.0503","Health Policy Analysis"
"C2024_A","CIPCODE","44.0504","International Policy Analysis"
"C2024_A","CIPCODE","44.0599","Public Policy Analysis, Other"
"C2024_A","CIPCODE","44.07","Social Work"
"C2024_A","CIPCODE","44.0701","Social Work"
"C2024_A","CIPCODE","44.0702","Youth Services/Administration"
"C2024_A","CIPCODE","44.0703","Forensic Social Work"
"C2024_A","CIPCODE","44.0799","Social Work, Other"
"C2024_A","CIPCODE","44.99","Public Administration and Social Service Professions, Other"
"C2024_A","CIPCODE","44.9999","Public Administration and Social Service Professions, Other"
"C2024_A","CIPCODE","45","Social Sciences"
"C2024_A","CIPCODE","45.01","Social Sciences, General"
"C2024_A","CIPCODE","45.0101","Social Sciences, General"
"C2024_A","CIPCODE","45.0102","Research Methodology and Quantitative Methods"
"C2024_A","CIPCODE","45.0103","Survey Research/Methodology"
"C2024_A","CIPCODE","45.0199","Social Sciences, Other"
"C2024_A","CIPCODE","45.02","Anthropology"
"C2024_A","CIPCODE","45.0201","Anthropology, General"
"C2024_A","CIPCODE","45.0202","Physical and Biological Anthropology"
"C2024_A","CIPCODE","45.0203","Medical Anthropology"
"C2024_A","CIPCODE","45.0204","Cultural Anthropology"
"C2024_A","CIPCODE","45.0205","Forensic Anthropology"
"C2024_A","CIPCODE","45.0299","Anthropology, Other"
"C2024_A","CIPCODE","45.03","Archeology"
"C2024_A","CIPCODE","45.0301","Archeology"
"C2024_A","CIPCODE","45.04","Criminology"
"C2024_A","CIPCODE","45.0401","Criminology"
"C2024_A","CIPCODE","45.05","Demography"
"C2024_A","CIPCODE","45.0501","Demography and Population Studies"
"C2024_A","CIPCODE","45.0502","Applied Demography"
"C2024_A","CIPCODE","45.0599","Demography, Other"
"C2024_A","CIPCODE","45.06","Economics"
"C2024_A","CIPCODE","45.0601","Economics, General"
"C2024_A","CIPCODE","45.0602","Applied Economics"
"C2024_A","CIPCODE","45.0603","Econometrics and Quantitative Economics"
"C2024_A","CIPCODE","45.0604","Development Economics and International Development"
"C2024_A","CIPCODE","45.0605","International Economics"
"C2024_A","CIPCODE","45.0699","Economics, Other"
"C2024_A","CIPCODE","45.07","Geography and Cartography"
"C2024_A","CIPCODE","45.0701","Geography"
"C2024_A","CIPCODE","45.0702","Geographic Information Science and Cartography"
"C2024_A","CIPCODE","45.0799","Geography, Other"
"C2024_A","CIPCODE","45.09","International Relations and National Security Studies"
"C2024_A","CIPCODE","45.0901","International Relations and Affairs"
"C2024_A","CIPCODE","45.0902","National Security Policy Studies"
"C2024_A","CIPCODE","45.0999","International Relations and National Security Studies, Other"
"C2024_A","CIPCODE","45.10","Political Science and Government"
"C2024_A","CIPCODE","45.1001","Political Science and Government, General"
"C2024_A","CIPCODE","45.1002","American Government and Politics (United States)"
"C2024_A","CIPCODE","45.1003","Canadian Government and Politics"
"C2024_A","CIPCODE","45.1004","Political Economy"
"C2024_A","CIPCODE","45.1099","Political Science and Government, Other"
"C2024_A","CIPCODE","45.11","Sociology"
"C2024_A","CIPCODE","45.1101","Sociology, General"
"C2024_A","CIPCODE","45.1102","Applied/Public Sociology"
"C2024_A","CIPCODE","45.1103","Rural Sociology"
"C2024_A","CIPCODE","45.1199","Sociology, Other"
"C2024_A","CIPCODE","45.12","Urban Studies/Affairs"
"C2024_A","CIPCODE","45.1201","Urban Studies/Affairs"
"C2024_A","CIPCODE","45.13","Sociology and Anthropology"
"C2024_A","CIPCODE","45.1301","Sociology and Anthropology"
"C2024_A","CIPCODE","45.15","Geography and Anthropology"
"C2024_A","CIPCODE","45.1501","Geography and Anthropology"
"C2024_A","CIPCODE","45.99","Social Sciences, Other"
"C2024_A","CIPCODE","45.9999","Social Sciences, Other"
"C2024_A","CIPCODE","46","Construction Trades"
"C2024_A","CIPCODE","46.00","Construction Trades, General"
"C2024_A","CIPCODE","46.0000","Construction Trades, General"
"C2024_A","CIPCODE","46.01","Mason/Masonry"
"C2024_A","CIPCODE","46.0101","Mason/Masonry"
"C2024_A","CIPCODE","46.02","Carpenters"
"C2024_A","CIPCODE","46.0201","Carpentry/Carpenter"
"C2024_A","CIPCODE","46.03","Electrical and Power Transmission Installers"
"C2024_A","CIPCODE","46.0301","Electrical and Power Transmission Installation/Installer, General"
"C2024_A","CIPCODE","46.0302","Electrician"
"C2024_A","CIPCODE","46.0303","Lineworker"
"C2024_A","CIPCODE","46.0399","Electrical and Power Transmission Installers, Other"
"C2024_A","CIPCODE","46.04","Building/Construction Finishing, Management, and Inspection"
"C2024_A","CIPCODE","46.0401","Building/Property Maintenance"
"C2024_A","CIPCODE","46.0402","Concrete Finishing/Concrete Finisher"
"C2024_A","CIPCODE","46.0403","Building/Home/Construction Inspection/Inspector"
"C2024_A","CIPCODE","46.0404","Drywall Installation/Drywaller"
"C2024_A","CIPCODE","46.0406","Glazier"
"C2024_A","CIPCODE","46.0408","Painting/Painter and Wall Coverer"
"C2024_A","CIPCODE","46.0410","Roofer"
"C2024_A","CIPCODE","46.0411","Metal Building Assembly/Assembler"
"C2024_A","CIPCODE","46.0412","Building/Construction Site Management/Manager"
"C2024_A","CIPCODE","46.0413","Carpet, Floor, and Tile Worker"
"C2024_A","CIPCODE","46.0414","Insulator"
"C2024_A","CIPCODE","46.0415","Building Construction Technology/Technician"
"C2024_A","CIPCODE","46.0499","Building/Construction Finishing, Management, and Inspection, Other"
"C2024_A","CIPCODE","46.05","Plumbing and Related Water Supply Services"
"C2024_A","CIPCODE","46.0502","Pipefitting/Pipefitter and Sprinkler Fitter"
"C2024_A","CIPCODE","46.0503","Plumbing Technology/Plumber"
"C2024_A","CIPCODE","46.0504","Well Drilling/Driller"
"C2024_A","CIPCODE","46.0505","Blasting/Blaster"
"C2024_A","CIPCODE","46.0599","Plumbing and Related Water Supply Services, Other"
"C2024_A","CIPCODE","46.99","Construction Trades, Other"
"C2024_A","CIPCODE","46.9999","Construction Trades, Other"
"C2024_A","CIPCODE","47","Mechanic and Repair Technologies/Technicians"
"C2024_A","CIPCODE","47.00","Mechanics and Repairers, General"
"C2024_A","CIPCODE","47.0000","Mechanics and Repairers, General"
"C2024_A","CIPCODE","47.01","Electrical/Electronics Maintenance and Repair Technologies/Technicians"
"C2024_A","CIPCODE","47.0101","Electrical/Electronics Equipment Installation and Repair Technology/Technician, General"
"C2024_A","CIPCODE","47.0102","Business Machine Repair"
"C2024_A","CIPCODE","47.0103","Communications Systems Installation and Repair Technology/Technician"
"C2024_A","CIPCODE","47.0104","Computer Installation and Repair Technology/Technician"
"C2024_A","CIPCODE","47.0105","Industrial Electronics Technology/Technician"
"C2024_A","CIPCODE","47.0106","Appliance Installation and Repair Technology/Technician"
"C2024_A","CIPCODE","47.0110","Security System Installation, Repair, and Inspection Technology/Technician"
"C2024_A","CIPCODE","47.0199","Electrical/Electronics Maintenance and Repair Technologies/Technicians, Other"
"C2024_A","CIPCODE","47.02","Heating, Air Conditioning, Ventilation and Refrigeration Maintenance Technology/Technician (HAC, HACR, HVAC, HVACR)"
"C2024_A","CIPCODE","47.0201","Heating, Air Conditioning, Ventilation and Refrigeration Maintenance Technology/Technician"
"C2024_A","CIPCODE","47.03","Heavy/Industrial Equipment Maintenance Technologies/Technicians"
"C2024_A","CIPCODE","47.0302","Heavy Equipment Maintenance Technology/Technician"
"C2024_A","CIPCODE","47.0303","Industrial Mechanics and Maintenance Technology/Technician"
"C2024_A","CIPCODE","47.0399","Heavy/Industrial Equipment Maintenance Technologies/Technicians, Other"
"C2024_A","CIPCODE","47.04","Precision Systems Maintenance and Repair Technologies/Technicians"
"C2024_A","CIPCODE","47.0402","Gunsmithing/Gunsmith"
"C2024_A","CIPCODE","47.0403","Locksmithing and Safe Repair"
"C2024_A","CIPCODE","47.0404","Musical Instrument Fabrication and Repair"
"C2024_A","CIPCODE","47.0408","Watchmaking and Jewelrymaking"
"C2024_A","CIPCODE","47.0409","Parts and Warehousing Operations and Maintenance Technology/Technician"
"C2024_A","CIPCODE","47.0499","Precision Systems Maintenance and Repair Technologies/Technicians, Other"
"C2024_A","CIPCODE","47.06","Vehicle Maintenance and Repair Technologies/Technicians"
"C2024_A","CIPCODE","47.0600","Vehicle Maintenance and Repair Technology/Technician, General"
"C2024_A","CIPCODE","47.0603","Autobody/Collision and Repair Technology/Technician"
"C2024_A","CIPCODE","47.0604","Automobile/Automotive Mechanics Technology/Technician"
"C2024_A","CIPCODE","47.0605","Diesel Mechanics Technology/Technician"
"C2024_A","CIPCODE","47.0606","Small Engine Mechanics and Repair Technology/Technician"
"C2024_A","CIPCODE","47.0607","Airframe Mechanics and Aircraft Maintenance Technology/Technician"
"C2024_A","CIPCODE","47.0608","Aircraft Powerplant Technology/Technician"
"C2024_A","CIPCODE","47.0609","Avionics Maintenance Technology/Technician"
"C2024_A","CIPCODE","47.0610","Bicycle Mechanics and Repair Technology/Technician"
"C2024_A","CIPCODE","47.0611","Motorcycle Maintenance and Repair Technology/Technician"
"C2024_A","CIPCODE","47.0612","Vehicle Emissions Inspection and Maintenance Technology/Technician"
"C2024_A","CIPCODE","47.0613","Medium/Heavy Vehicle and Truck Technology/Technician"
"C2024_A","CIPCODE","47.0614","Alternative Fuel Vehicle Technology/Technician"
"C2024_A","CIPCODE","47.0615","Engine Machinist"
"C2024_A","CIPCODE","47.0616","Marine Maintenance/Fitter and Ship Repair Technology/Technician"
"C2024_A","CIPCODE","47.0617","High Performance and Custom Engine Technician/Mechanic"
"C2024_A","CIPCODE","47.0618","Recreation Vehicle (RV) Service Technician"
"C2024_A","CIPCODE","47.0699","Vehicle Maintenance and Repair Technologies/Technicians, Other"
"C2024_A","CIPCODE","47.07","Energy Systems Maintenance and Repair Technologies/Technicians"
"C2024_A","CIPCODE","47.0701","Energy Systems Installation and Repair Technology/Technician"
"C2024_A","CIPCODE","47.0703","Solar Energy System Installation and Repair Technology/Technician"
"C2024_A","CIPCODE","47.0704","Wind Energy System Installation and Repair Technology/Technician"
"C2024_A","CIPCODE","47.0705","Hydroelectric Energy System Installation and Repair Technology/Technician"
"C2024_A","CIPCODE","47.0706","Geothermal Energy System Installation and Repair Technology/Technician"
"C2024_A","CIPCODE","47.0799","Energy Systems Maintenance and Repair Technologies/Technicians, Other"
"C2024_A","CIPCODE","47.99","Mechanic and Repair Technologies/Technicians, Other"
"C2024_A","CIPCODE","47.9999","Mechanic and Repair Technologies/Technicians, Other"
"C2024_A","CIPCODE","48","Precision Production"
"C2024_A","CIPCODE","48.00","Precision Production Trades, General"
"C2024_A","CIPCODE","48.0000","Precision Production Trades, General"
"C2024_A","CIPCODE","48.03","Leatherworking and Upholstery"
"C2024_A","CIPCODE","48.0303","Upholstery/Upholsterer"
"C2024_A","CIPCODE","48.0304","Shoe, Boot and Leather Repair"
"C2024_A","CIPCODE","48.0399","Leatherworking and Upholstery, Other"
"C2024_A","CIPCODE","48.05","Precision Metal Working"
"C2024_A","CIPCODE","48.0501","Machine Tool Technology/Machinist"
"C2024_A","CIPCODE","48.0503","Machine Shop Technology/Assistant"
"C2024_A","CIPCODE","48.0506","Sheet Metal Technology/Sheetworking"
"C2024_A","CIPCODE","48.0507","Tool and Die Technology/Technician"
"C2024_A","CIPCODE","48.0508","Welding Technology/Welder"
"C2024_A","CIPCODE","48.0509","Ironworking/Ironworker"
"C2024_A","CIPCODE","48.0510","Computer Numerically Controlled (CNC) Machinist Technology/CNC Machinist"
"C2024_A","CIPCODE","48.0511","Metal Fabricator"
"C2024_A","CIPCODE","48.0599","Precision Metal Working, Other"
"C2024_A","CIPCODE","48.07","Woodworking"
"C2024_A","CIPCODE","48.0701","Woodworking, General"
"C2024_A","CIPCODE","48.0702","Furniture Design and Manufacturing"
"C2024_A","CIPCODE","48.0703","Cabinetmaking and Millwork"
"C2024_A","CIPCODE","48.0704","Wooden Boatbuilding Technology/Technician"
"C2024_A","CIPCODE","48.0799","Woodworking, Other"
"C2024_A","CIPCODE","48.08","Boilermaking/Boilermaker"
"C2024_A","CIPCODE","48.0801","Boilermaking/Boilermaker"
"C2024_A","CIPCODE","48.99","Precision Production, Other"
"C2024_A","CIPCODE","48.9999","Precision Production, Other"
"C2024_A","CIPCODE","49","Transportation and Materials Moving"
"C2024_A","CIPCODE","49.01","Air Transportation"
"C2024_A","CIPCODE","49.0101","Aeronautics/Aviation/Aerospace Science and Technology, General"
"C2024_A","CIPCODE","49.0102","Airline/Commercial/Professional Pilot and Flight Crew"
"C2024_A","CIPCODE","49.0104","Aviation/Airway Management and Operations"
"C2024_A","CIPCODE","49.0105","Air Traffic Controller"
"C2024_A","CIPCODE","49.0106","Airline Flight Attendant"
"C2024_A","CIPCODE","49.0108","Flight Instructor"
"C2024_A","CIPCODE","49.0109","Remote Aircraft Pilot"
"C2024_A","CIPCODE","49.0199","Air Transportation, Other"
"C2024_A","CIPCODE","49.02","Ground Transportation"
"C2024_A","CIPCODE","49.0202","Construction/Heavy Equipment/Earthmoving Equipment Operation"
"C2024_A","CIPCODE","49.0205","Truck and Bus Driver/Commercial Vehicle Operator and Instructor"
"C2024_A","CIPCODE","49.0206","Mobil Crane Operator/Operation"
"C2024_A","CIPCODE","49.0207","Flagging and Traffic Control"
"C2024_A","CIPCODE","49.0208","Railroad and Railway Transportation"
"C2024_A","CIPCODE","49.0209","Forklift Operation/Operator"
"C2024_A","CIPCODE","49.0299","Ground Transportation, Other"
"C2024_A","CIPCODE","49.03","Marine Transportation"
"C2024_A","CIPCODE","49.0303","Commercial Fishing"
"C2024_A","CIPCODE","49.0304","Diver, Professional and Instructor"
"C2024_A","CIPCODE","49.0309","Marine Science/Merchant Marine Officer"
"C2024_A","CIPCODE","49.0399","Marine Transportation, Other"
"C2024_A","CIPCODE","49.99","Transportation and Materials Moving, Other"
"C2024_A","CIPCODE","49.9999","Transportation and Materials Moving, Other"
"C2024_A","CIPCODE","50","Visual and Performing Arts"
"C2024_A","CIPCODE","50.01","Visual and Performing Arts, General"
"C2024_A","CIPCODE","50.0101","Visual and Performing Arts, General"
"C2024_A","CIPCODE","50.0102","Digital Arts"
"C2024_A","CIPCODE","50.02","Crafts/Craft Design, Folk Art and Artisanry"
"C2024_A","CIPCODE","50.0201","Crafts/Craft Design, Folk Art and Artisanry"
"C2024_A","CIPCODE","50.03","Dance"
"C2024_A","CIPCODE","50.0301","Dance, General"
"C2024_A","CIPCODE","50.0302","Ballet"
"C2024_A","CIPCODE","50.0399","Dance, Other"
"C2024_A","CIPCODE","50.04","Design and Applied Arts"
"C2024_A","CIPCODE","50.0401","Design and Visual Communications, General"
"C2024_A","CIPCODE","50.0402","Commercial and Advertising Art"
"C2024_A","CIPCODE","50.0404","Industrial and Product Design"
"C2024_A","CIPCODE","50.0406","Commercial Photography"
"C2024_A","CIPCODE","50.0407","Fashion/Apparel Design"
"C2024_A","CIPCODE","50.0408","Interior Design"
"C2024_A","CIPCODE","50.0409","Graphic Design"
"C2024_A","CIPCODE","50.0410","Illustration"
"C2024_A","CIPCODE","50.0411","Game and Interactive Media Design"
"C2024_A","CIPCODE","50.0499","Design and Applied Arts, Other"
"C2024_A","CIPCODE","50.05","Drama/Theatre Arts and Stagecraft"
"C2024_A","CIPCODE","50.0501","Drama and Dramatics/Theatre Arts, General"
"C2024_A","CIPCODE","50.0502","Technical Theatre/Theatre Design and Technology"
"C2024_A","CIPCODE","50.0504","Playwriting and Screenwriting"
"C2024_A","CIPCODE","50.0505","Theatre Literature, History and Criticism"
"C2024_A","CIPCODE","50.0506","Acting"
"C2024_A","CIPCODE","50.0507","Directing and Theatrical Production"
"C2024_A","CIPCODE","50.0509","Musical Theatre"
"C2024_A","CIPCODE","50.0510","Costume Design"
"C2024_A","CIPCODE","50.0511","Comedy Writing and Performance"
"C2024_A","CIPCODE","50.0512","Theatre and Dance"
"C2024_A","CIPCODE","50.0599","Dramatic/Theatre Arts and Stagecraft, Other"
"C2024_A","CIPCODE","50.06","Film/Video and Photographic Arts"
"C2024_A","CIPCODE","50.0601","Film/Cinema/Media Studies"
"C2024_A","CIPCODE","50.0602","Cinematography and Film/Video Production"
"C2024_A","CIPCODE","50.0605","Photography"
"C2024_A","CIPCODE","50.0607","Documentary Production"
"C2024_A","CIPCODE","50.0699","Film/Video and Photographic Arts, Other"
"C2024_A","CIPCODE","50.07","Fine and Studio Arts"
"C2024_A","CIPCODE","50.0701","Art/Art Studies, General"
"C2024_A","CIPCODE","50.0702","Fine/Studio Arts, General"
"C2024_A","CIPCODE","50.0703","Art History, Criticism and Conservation"
"C2024_A","CIPCODE","50.0705","Drawing"
"C2024_A","CIPCODE","50.0706","Intermedia/Multimedia"
"C2024_A","CIPCODE","50.0708","Painting"
"C2024_A","CIPCODE","50.0709","Sculpture"
"C2024_A","CIPCODE","50.0710","Printmaking"
"C2024_A","CIPCODE","50.0711","Ceramic Arts and Ceramics"
"C2024_A","CIPCODE","50.0712","Fiber, Textile and Weaving Arts"
"C2024_A","CIPCODE","50.0713","Jewelry Arts"
"C2024_A","CIPCODE","50.0714","Metal Arts"
"C2024_A","CIPCODE","50.0799","Fine Arts and Art Studies, Other"
"C2024_A","CIPCODE","50.09","Music"
"C2024_A","CIPCODE","50.0901","Music, General"
"C2024_A","CIPCODE","50.0902","Music History, Literature, and Theory"
"C2024_A","CIPCODE","50.0903","Music Performance, General"
"C2024_A","CIPCODE","50.0904","Music Theory and Composition"
"C2024_A","CIPCODE","50.0905","Musicology and Ethnomusicology"
"C2024_A","CIPCODE","50.0906","Conducting"
"C2024_A","CIPCODE","50.0907","Keyboard Instruments"
"C2024_A","CIPCODE","50.0908","Voice and Opera"
"C2024_A","CIPCODE","50.0910","Jazz/Jazz Studies"
"C2024_A","CIPCODE","50.0911","Stringed Instruments"
"C2024_A","CIPCODE","50.0912","Music Pedagogy"
"C2024_A","CIPCODE","50.0913","Music Technology"
"C2024_A","CIPCODE","50.0914","Brass Instruments"
"C2024_A","CIPCODE","50.0915","Woodwind Instruments"
"C2024_A","CIPCODE","50.0916","Percussion Instruments"
"C2024_A","CIPCODE","50.0917","Sound Arts"
"C2024_A","CIPCODE","50.0999","Music, Other"
"C2024_A","CIPCODE","50.10","Arts, Entertainment, and Media Management"
"C2024_A","CIPCODE","50.1001","Arts, Entertainment, and Media Management, General"
"C2024_A","CIPCODE","50.1002","Fine and Studio Arts Management"
"C2024_A","CIPCODE","50.1003","Music Management"
"C2024_A","CIPCODE","50.1004","Theatre/Theatre Arts Management"
"C2024_A","CIPCODE","50.1099","Arts, Entertainment, and Media Management, Other"
"C2024_A","CIPCODE","50.11","Community/Environmental/Socially-Engaged Art"
"C2024_A","CIPCODE","50.1101","Community/Environmental/Socially-Engaged Art"
"C2024_A","CIPCODE","50.99","Visual and Performing Arts, Other"
"C2024_A","CIPCODE","50.9999","Visual and Performing Arts, Other"
"C2024_A","CIPCODE","51","Health Professions and Related Programs"
"C2024_A","CIPCODE","51.00","Health Services/Allied Health/Health Sciences, General"
"C2024_A","CIPCODE","51.0000","Health Services/Allied Health/Health Sciences, General"
"C2024_A","CIPCODE","51.0001","Health and Wellness, General"
"C2024_A","CIPCODE","51.01","Chiropractic"
"C2024_A","CIPCODE","51.0101","Chiropractic"
"C2024_A","CIPCODE","51.02","Communication Disorders Sciences and Services"
"C2024_A","CIPCODE","51.0201","Communication Sciences and Disorders, General"
"C2024_A","CIPCODE","51.0202","Audiology/Audiologist"
"C2024_A","CIPCODE","51.0203","Speech-Language Pathology/Pathologist"
"C2024_A","CIPCODE","51.0204","Audiology/Audiologist and Speech-Language Pathology/Pathologist"
"C2024_A","CIPCODE","51.0299","Communication Disorders Sciences and Services, Other"
"C2024_A","CIPCODE","51.04","Dentistry"
"C2024_A","CIPCODE","51.0401","Dentistry"
"C2024_A","CIPCODE","51.05","Advanced/Graduate Dentistry and Oral Sciences"
"C2024_A","CIPCODE","51.0501","Dental Clinical Sciences, General"
"C2024_A","CIPCODE","51.0502","Advanced General Dentistry"
"C2024_A","CIPCODE","51.0503","Oral Biology and Oral and Maxillofacial Pathology"
"C2024_A","CIPCODE","51.0504","Dental Public Health and Education"
"C2024_A","CIPCODE","51.0505","Dental Materials"
"C2024_A","CIPCODE","51.0506","Endodontics/Endodontology"
"C2024_A","CIPCODE","51.0507","Oral/Maxillofacial Surgery"
"C2024_A","CIPCODE","51.0508","Orthodontics/Orthodontology"
"C2024_A","CIPCODE","51.0509","Pediatric Dentistry/Pedodontics"
"C2024_A","CIPCODE","51.0510","Periodontics/Periodontology"
"C2024_A","CIPCODE","51.0511","Prosthodontics/Prosthodontology"
"C2024_A","CIPCODE","51.0512","Digital Dentistry"
"C2024_A","CIPCODE","51.0513","Geriatric Dentistry"
"C2024_A","CIPCODE","51.0514","Implantology/Implant Dentistry"
"C2024_A","CIPCODE","51.0599","Advanced/Graduate Dentistry and Oral Sciences, Other"
"C2024_A","CIPCODE","51.06","Dental Support Services and Allied Professions"
"C2024_A","CIPCODE","51.0601","Dental Assisting/Assistant"
"C2024_A","CIPCODE","51.0602","Dental Hygiene/Hygienist"
"C2024_A","CIPCODE","51.0603","Dental Laboratory Technology/Technician"
"C2024_A","CIPCODE","51.0699","Dental Services and Allied Professions, Other"
"C2024_A","CIPCODE","51.07","Health and Medical Administrative Services"
"C2024_A","CIPCODE","51.0701","Health/Health Care Administration/Management"
"C2024_A","CIPCODE","51.0702","Hospital and Health Care Facilities Administration/Management"
"C2024_A","CIPCODE","51.0703","Health Unit Coordinator/Ward Clerk"
"C2024_A","CIPCODE","51.0704","Health Unit Manager/Ward Supervisor"
"C2024_A","CIPCODE","51.0705","Medical Office Management/Administration"
"C2024_A","CIPCODE","51.0706","Health Information/Medical Records Administration/Administrator"
"C2024_A","CIPCODE","51.0707","Health Information/Medical Records Technology/Technician"
"C2024_A","CIPCODE","51.0708","Medical Transcription/Transcriptionist"
"C2024_A","CIPCODE","51.0709","Medical Office Computer Specialist/Assistant"
"C2024_A","CIPCODE","51.0710","Medical Office Assistant/Specialist"
"C2024_A","CIPCODE","51.0711","Medical/Health Management and Clinical Assistant/Specialist"
"C2024_A","CIPCODE","51.0712","Medical Reception/Receptionist"
"C2024_A","CIPCODE","51.0713","Medical Insurance Coding Specialist/Coder"
"C2024_A","CIPCODE","51.0714","Medical Insurance Specialist/Medical Biller"
"C2024_A","CIPCODE","51.0715","Health/Medical Claims Examiner"
"C2024_A","CIPCODE","51.0716","Medical Administrative/Executive Assistant and Medical Secretary"
"C2024_A","CIPCODE","51.0717","Medical Staff Services Technology/Technician"
"C2024_A","CIPCODE","51.0718","Long Term Care Administration/Management"
"C2024_A","CIPCODE","51.0719","Clinical Research Coordinator"
"C2024_A","CIPCODE","51.0720","Regulatory Science/Affairs"
"C2024_A","CIPCODE","51.0721","Disease Registry Data Management"
"C2024_A","CIPCODE","51.0722","Healthcare Innovation"
"C2024_A","CIPCODE","51.0723","Healthcare Information Privacy Assurance and Security"
"C2024_A","CIPCODE","51.0799","Health and Medical Administrative Services, Other"
"C2024_A","CIPCODE","51.08","Allied Health and Medical Assisting Services"
"C2024_A","CIPCODE","51.0801","Medical/Clinical Assistant"
"C2024_A","CIPCODE","51.0802","Clinical/Medical Laboratory Assistant"
"C2024_A","CIPCODE","51.0803","Occupational Therapist Assistant"
"C2024_A","CIPCODE","51.0805","Pharmacy Technician/Assistant"
"C2024_A","CIPCODE","51.0806","Physical Therapy Assistant"
"C2024_A","CIPCODE","51.0809","Anesthesiologist Assistant"
"C2024_A","CIPCODE","51.0810","Emergency Care Attendant (EMT Ambulance)"
"C2024_A","CIPCODE","51.0811","Pathology/Pathologist Assistant"
"C2024_A","CIPCODE","51.0812","Respiratory Therapy Technician/Assistant"
"C2024_A","CIPCODE","51.0813","Chiropractic Technician/Assistant"
"C2024_A","CIPCODE","51.0814","Radiologist Assistant"
"C2024_A","CIPCODE","51.0815","Lactation Consultant"
"C2024_A","CIPCODE","51.0816","Speech-Language Pathology Assistant"
"C2024_A","CIPCODE","51.0899","Allied Health and Medical Assisting Services, Other"
"C2024_A","CIPCODE","51.09","Allied Health Diagnostic, Intervention, and Treatment Professions"
"C2024_A","CIPCODE","51.0901","Cardiovascular Technology/Technologist"
"C2024_A","CIPCODE","51.0902","Electrocardiograph Technology/Technician"
"C2024_A","CIPCODE","51.0903","Electroneurodiagnostic/Electroencephalographic Technology/Technologist"
"C2024_A","CIPCODE","51.0904","Emergency Medical Technology/Technician (EMT Paramedic)"
"C2024_A","CIPCODE","51.0905","Nuclear Medical Technology/Technologist"
"C2024_A","CIPCODE","51.0906","Perfusion Technology/Perfusionist"
"C2024_A","CIPCODE","51.0907","Medical Radiologic Technology/Science - Radiation Therapist"
"C2024_A","CIPCODE","51.0908","Respiratory Care Therapy/Therapist"
"C2024_A","CIPCODE","51.0909","Surgical Technology/Technologist"
"C2024_A","CIPCODE","51.0910","Diagnostic Medical Sonography/Sonographer and Ultrasound Technician"
"C2024_A","CIPCODE","51.0911","Radiologic Technology/Science - Radiographer"
"C2024_A","CIPCODE","51.0912","Physician Assistant"
"C2024_A","CIPCODE","51.0913","Athletic Training/Trainer"
"C2024_A","CIPCODE","51.0914","Gene/Genetic Therapy"
"C2024_A","CIPCODE","51.0915","Cardiopulmonary Technology/Technologist"
"C2024_A","CIPCODE","51.0916","Radiation Protection/Health Physics Technician"
"C2024_A","CIPCODE","51.0917","Polysomnography"
"C2024_A","CIPCODE","51.0918","Hearing Instrument Specialist"
"C2024_A","CIPCODE","51.0919","Mammography Technology/Technician"
"C2024_A","CIPCODE","51.0920","Magnetic Resonance Imaging (MRI) Technology/Technician"
"C2024_A","CIPCODE","51.0921","Hyperbaric Medicine Technology/Technician"
"C2024_A","CIPCODE","51.0922","Intraoperative Neuromonitoring Technology/Technician"
"C2024_A","CIPCODE","51.0923","Orthopedic Technology/Technician"
"C2024_A","CIPCODE","51.0999","Allied Health Diagnostic, Intervention, and Treatment Professions, Other"
"C2024_A","CIPCODE","51.10","Clinical/Medical Laboratory Science/Research and Allied Professions"
"C2024_A","CIPCODE","51.1001","Blood Bank Technology Specialist"
"C2024_A","CIPCODE","51.1002","Cytotechnology/Cytotechnologist"
"C2024_A","CIPCODE","51.1003","Hematology Technology/Technician"
"C2024_A","CIPCODE","51.1004","Clinical/Medical Laboratory Technician"
"C2024_A","CIPCODE","51.1005","Clinical Laboratory Science/Medical Technology/Technologist"
"C2024_A","CIPCODE","51.1006","Ophthalmic Laboratory Technology/Technician"
"C2024_A","CIPCODE","51.1007","Histologic Technology/Histotechnologist"
"C2024_A","CIPCODE","51.1008","Histologic Technician"
"C2024_A","CIPCODE","51.1009","Phlebotomy Technician/Phlebotomist"
"C2024_A","CIPCODE","51.1010","Cytogenetics/Genetics/Clinical Genetics Technology/Technologist"
"C2024_A","CIPCODE","51.1011","Renal/Dialysis Technologist/Technician"
"C2024_A","CIPCODE","51.1012","Sterile Processing Technology/Technician"
"C2024_A","CIPCODE","51.1099","Clinical/Medical Laboratory Science and Allied Professions, Other"
"C2024_A","CIPCODE","51.11","Health/Medical Preparatory Programs"
"C2024_A","CIPCODE","51.1101","Pre-Dentistry Studies"
"C2024_A","CIPCODE","51.1102","Pre-Medicine/Pre-Medical Studies"
"C2024_A","CIPCODE","51.1103","Pre-Pharmacy Studies"
"C2024_A","CIPCODE","51.1105","Pre-Nursing Studies"
"C2024_A","CIPCODE","51.1106","Pre-Chiropractic Studies"
"C2024_A","CIPCODE","51.1107","Pre-Occupational Therapy Studies"
"C2024_A","CIPCODE","51.1108","Pre-Optometry Studies"
"C2024_A","CIPCODE","51.1109","Pre-Physical Therapy Studies"
"C2024_A","CIPCODE","51.1110","Pre-Art Therapy"
"C2024_A","CIPCODE","51.1111","Pre-Physician Assistant"
"C2024_A","CIPCODE","51.1199","Health/Medical Preparatory Programs, Other"
"C2024_A","CIPCODE","51.12","Medicine"
"C2024_A","CIPCODE","51.1201","Medicine"
"C2024_A","CIPCODE","51.1202","Osteopathic Medicine/Osteopathy"
"C2024_A","CIPCODE","51.1203","Podiatric Medicine/Podiatry"
"C2024_A","CIPCODE","51.1299","Medicine, Other"
"C2024_A","CIPCODE","51.14","Medical Clinical Sciences/Graduate Medical Studies"
"C2024_A","CIPCODE","51.1401","Medical Science/Scientist"
"C2024_A","CIPCODE","51.1402","Clinical and Translational Science"
"C2024_A","CIPCODE","51.1403","Pain Management"
"C2024_A","CIPCODE","51.1404","Temporomandibular Disorders and Orofacial Pain"
"C2024_A","CIPCODE","51.1405","Tropical Medicine"
"C2024_A","CIPCODE","51.1499","Medical Clinical Sciences/Graduate Medical Studies, Other"
"C2024_A","CIPCODE","51.15","Mental and Social Health Services and Allied Professions"
"C2024_A","CIPCODE","51.1501","Substance Abuse/Addiction Counseling"
"C2024_A","CIPCODE","51.1502","Psychiatric/Mental Health Services Technician"
"C2024_A","CIPCODE","51.1503","Clinical/Medical Social Work"
"C2024_A","CIPCODE","51.1504","Community Health Services/Liaison/Counseling"
"C2024_A","CIPCODE","51.1505","Marriage and Family Therapy/Counseling"
"C2024_A","CIPCODE","51.1506","Clinical Pastoral Counseling/Patient Counseling"
"C2024_A","CIPCODE","51.1507","Psychoanalysis and Psychotherapy"
"C2024_A","CIPCODE","51.1508","Mental Health Counseling/Counselor"
"C2024_A","CIPCODE","51.1509","Genetic Counseling/Counselor"
"C2024_A","CIPCODE","51.1510","Infant/Toddler Mental Health Services"
"C2024_A","CIPCODE","51.1511","Medical Family Therapy/Therapist"
"C2024_A","CIPCODE","51.1512","Hospice and Palliative Care"
"C2024_A","CIPCODE","51.1513","Trauma Counseling"
"C2024_A","CIPCODE","51.1599","Mental and Social Health Services and Allied Professions, Other"
"C2024_A","CIPCODE","51.17","Optometry"
"C2024_A","CIPCODE","51.1701","Optometry"
"C2024_A","CIPCODE","51.18","Ophthalmic and Optometric Support Services and Allied Professions"
"C2024_A","CIPCODE","51.1801","Opticianry/Ophthalmic Dispensing Optician"
"C2024_A","CIPCODE","51.1802","Optometric Technician/Assistant"
"C2024_A","CIPCODE","51.1803","Ophthalmic Technician/Technologist"
"C2024_A","CIPCODE","51.1804","Orthoptics/Orthoptist"
"C2024_A","CIPCODE","51.1899","Ophthalmic and Optometric Support Services and Allied Professions, Other"
"C2024_A","CIPCODE","51.20","Pharmacy, Pharmaceutical Sciences, and Administration"
"C2024_A","CIPCODE","51.2001","Pharmacy"
"C2024_A","CIPCODE","51.2002","Pharmacy Administration and Pharmacy Policy and Regulatory Affairs"
"C2024_A","CIPCODE","51.2003","Pharmaceutics and Drug Design"
"C2024_A","CIPCODE","51.2004","Medicinal and Pharmaceutical Chemistry"
"C2024_A","CIPCODE","51.2005","Natural Products Chemistry and Pharmacognosy"
"C2024_A","CIPCODE","51.2006","Clinical and Industrial Drug Development"
"C2024_A","CIPCODE","51.2007","Pharmacoeconomics/Pharmaceutical Economics"
"C2024_A","CIPCODE","51.2008","Clinical, Hospital, and Managed Care Pharmacy"
"C2024_A","CIPCODE","51.2009","Industrial and Physical Pharmacy and Cosmetic Sciences"
"C2024_A","CIPCODE","51.2010","Pharmaceutical Sciences"
"C2024_A","CIPCODE","51.2011","Pharmaceutical Marketing and Management"
"C2024_A","CIPCODE","51.2099","Pharmacy, Pharmaceutical Sciences, and Administration, Other"
"C2024_A","CIPCODE","51.22","Public Health"
"C2024_A","CIPCODE","51.2201","Public Health, General"
"C2024_A","CIPCODE","51.2202","Environmental Health"
"C2024_A","CIPCODE","51.2205","Health/Medical  Physics"
"C2024_A","CIPCODE","51.2206","Occupational Health and Industrial Hygiene"
"C2024_A","CIPCODE","51.2207","Public Health Education and Promotion"
"C2024_A","CIPCODE","51.2208","Community Health and Preventive Medicine"
"C2024_A","CIPCODE","51.2209","Maternal and Child Health"
"C2024_A","CIPCODE","51.2210","International Public Health/International Health"
"C2024_A","CIPCODE","51.2211","Health Services Administration"
"C2024_A","CIPCODE","51.2212","Behavioral Aspects of Health"
"C2024_A","CIPCODE","51.2213","Patient Safety and Healthcare Quality"
"C2024_A","CIPCODE","51.2214","Public Health Genetics"
"C2024_A","CIPCODE","51.2299","Public Health, Other"
"C2024_A","CIPCODE","51.23","Rehabilitation and Therapeutic Professions"
"C2024_A","CIPCODE","51.2300","Rehabilitation and Therapeutic Professions, General"
"C2024_A","CIPCODE","51.2301","Art Therapy/Therapist"
"C2024_A","CIPCODE","51.2302","Dance Therapy/Therapist"
"C2024_A","CIPCODE","51.2305","Music Therapy/Therapist"
"C2024_A","CIPCODE","51.2306","Occupational Therapy/Therapist"
"C2024_A","CIPCODE","51.2307","Orthotist/Prosthetist"
"C2024_A","CIPCODE","51.2308","Physical Therapy/Therapist"
"C2024_A","CIPCODE","51.2309","Therapeutic Recreation/Recreational Therapy"
"C2024_A","CIPCODE","51.2310","Vocational Rehabilitation Counseling/Counselor"
"C2024_A","CIPCODE","51.2311","Kinesiotherapy/Kinesiotherapist"
"C2024_A","CIPCODE","51.2312","Assistive/Augmentative Technology and Rehabilitation Engineering"
"C2024_A","CIPCODE","51.2313","Animal-Assisted Therapy"
"C2024_A","CIPCODE","51.2314","Rehabilitation Science"
"C2024_A","CIPCODE","51.2315","Drama Therapy/Therapist"
"C2024_A","CIPCODE","51.2316","Horticulture Therapy/Therapist"
"C2024_A","CIPCODE","51.2317","Play Therapy/Therapist"
"C2024_A","CIPCODE","51.2399","Rehabilitation and Therapeutic Professions, Other"
"C2024_A","CIPCODE","51.26","Health Aides/Attendants/Orderlies"
"C2024_A","CIPCODE","51.2601","Health Aide"
"C2024_A","CIPCODE","51.2602","Home Health Aide/Home Attendant"
"C2024_A","CIPCODE","51.2603","Medication Aide"
"C2024_A","CIPCODE","51.2604","Rehabilitation Aide"
"C2024_A","CIPCODE","51.2605","Physical Therapy Technician/Aide"
"C2024_A","CIPCODE","51.2699","Health Aides/Attendants/Orderlies, Other"
"C2024_A","CIPCODE","51.27","Medical Illustration and Informatics"
"C2024_A","CIPCODE","51.2703","Medical Illustration/Medical Illustrator"
"C2024_A","CIPCODE","51.2706","Medical Informatics"
"C2024_A","CIPCODE","51.2799","Medical Illustration and Informatics, Other"
"C2024_A","CIPCODE","51.31","Dietetics and Clinical Nutrition Services"
"C2024_A","CIPCODE","51.3101","Dietetics/Dietitian"
"C2024_A","CIPCODE","51.3102","Clinical Nutrition/Nutritionist"
"C2024_A","CIPCODE","51.3103","Dietetic Technician"
"C2024_A","CIPCODE","51.3104","Dietitian Assistant"
"C2024_A","CIPCODE","51.3199","Dietetics and Clinical Nutrition Services, Other"
"C2024_A","CIPCODE","51.32","Health Professions Education, Ethics, and Humanities"
"C2024_A","CIPCODE","51.3201","Bioethics/Medical Ethics"
"C2024_A","CIPCODE","51.3202","Health Professions Education"
"C2024_A","CIPCODE","51.3203","Nursing Education"
"C2024_A","CIPCODE","51.3204","Medical/Health Humanities"
"C2024_A","CIPCODE","51.3205","History of Medicine"
"C2024_A","CIPCODE","51.3206","Arts in Medicine/Health"
"C2024_A","CIPCODE","51.3299","Health Professions Education, Ethics, and Humanities, Other"
"C2024_A","CIPCODE","51.33","Alternative and Complementary Medicine and Medical Systems"
"C2024_A","CIPCODE","51.3300","Alternative and Complementary Medicine and Medical Systems, General"
"C2024_A","CIPCODE","51.3301","Acupuncture and Oriental Medicine"
"C2024_A","CIPCODE","51.3302","Traditional Chinese Medicine and Chinese Herbology"
"C2024_A","CIPCODE","51.3303","Naturopathic Medicine/Naturopathy"
"C2024_A","CIPCODE","51.3304","Homeopathic Medicine/Homeopathy"
"C2024_A","CIPCODE","51.3305","Ayurvedic Medicine/Ayurveda"
"C2024_A","CIPCODE","51.3306","Holistic/Integrative Health"
"C2024_A","CIPCODE","51.3399","Alternative and Complementary Medicine and Medical Systems, Other"
"C2024_A","CIPCODE","51.34","Alternative and Complementary Medical Support Services"
"C2024_A","CIPCODE","51.3401","Direct Entry Midwifery"
"C2024_A","CIPCODE","51.3499","Alternative and Complementary Medical Support Services, Other"
"C2024_A","CIPCODE","51.35","Somatic Bodywork and Related Therapeutic Services"
"C2024_A","CIPCODE","51.3501","Massage Therapy/Therapeutic Massage"
"C2024_A","CIPCODE","51.3502","Asian Bodywork Therapy"
"C2024_A","CIPCODE","51.3503","Somatic Bodywork"
"C2024_A","CIPCODE","51.3599","Somatic Bodywork and Related Therapeutic Services, Other"
"C2024_A","CIPCODE","51.36","Movement and Mind-Body Therapies and Education"
"C2024_A","CIPCODE","51.3601","Movement Therapy and Movement Education"
"C2024_A","CIPCODE","51.3602","Yoga Teacher Training/Yoga Therapy"
"C2024_A","CIPCODE","51.3603","Hypnotherapy/Hypnotherapist"
"C2024_A","CIPCODE","51.3699","Movement and Mind-Body Therapies and Education, Other"
"C2024_A","CIPCODE","51.37","Energy and Biologically Based Therapies"
"C2024_A","CIPCODE","51.3701","Aromatherapy"
"C2024_A","CIPCODE","51.3702","Herbalism/Herbalist"
"C2024_A","CIPCODE","51.3703","Polarity Therapy"
"C2024_A","CIPCODE","51.3704","Reiki"
"C2024_A","CIPCODE","51.3799","Energy and Biologically Based Therapies, Other"
"C2024_A","CIPCODE","51.38","Registered Nursing, Nursing Administration, Nursing Research and Clinical Nursing"
"C2024_A","CIPCODE","51.3801","Registered Nursing/Registered Nurse"
"C2024_A","CIPCODE","51.3802","Nursing Administration"
"C2024_A","CIPCODE","51.3803","Adult Health Nurse/Nursing"
"C2024_A","CIPCODE","51.3804","Nurse Anesthetist"
"C2024_A","CIPCODE","51.3805","Family Practice Nurse/Nursing"
"C2024_A","CIPCODE","51.3806","Maternal/Child Health and Neonatal Nurse/Nursing"
"C2024_A","CIPCODE","51.3807","Nurse Midwife/Nursing Midwifery"
"C2024_A","CIPCODE","51.3808","Nursing Science"
"C2024_A","CIPCODE","51.3809","Pediatric Nurse/Nursing"
"C2024_A","CIPCODE","51.3810","Psychiatric/Mental Health Nurse/Nursing"
"C2024_A","CIPCODE","51.3811","Public Health/Community Nurse/Nursing"
"C2024_A","CIPCODE","51.3812","Perioperative/Operating Room and Surgical Nurse/Nursing"
"C2024_A","CIPCODE","51.3813","Clinical Nurse Specialist"
"C2024_A","CIPCODE","51.3814","Critical Care Nursing"
"C2024_A","CIPCODE","51.3815","Occupational and Environmental Health Nursing"
"C2024_A","CIPCODE","51.3816","Emergency Room/Trauma Nursing"
"C2024_A","CIPCODE","51.3818","Nursing Practice"
"C2024_A","CIPCODE","51.3819","Palliative Care Nursing"
"C2024_A","CIPCODE","51.3820","Clinical Nurse Leader"
"C2024_A","CIPCODE","51.3821","Geriatric Nurse/Nursing"
"C2024_A","CIPCODE","51.3822","Women's Health Nurse/Nursing"
"C2024_A","CIPCODE","51.3824","Forensic Nursing"
"C2024_A","CIPCODE","51.3899","Registered Nursing, Nursing Administration, Nursing Research and Clinical Nursing, Other"
"C2024_A","CIPCODE","51.39","Practical Nursing, Vocational Nursing and Nursing Assistants"
"C2024_A","CIPCODE","51.3901","Licensed Practical/Vocational Nurse Training"
"C2024_A","CIPCODE","51.3902","Nursing Assistant/Aide and Patient Care Assistant/Aide"
"C2024_A","CIPCODE","51.3999","Practical Nursing, Vocational Nursing and Nursing Assistants, Other"
"C2024_A","CIPCODE","51.99","Health Professions and Related Clinical Sciences, Other"
"C2024_A","CIPCODE","51.9999","Health Professions and Related Clinical Sciences, Other"
"C2024_A","CIPCODE","52","Business, Management, Marketing, and Related Support Services"
"C2024_A","CIPCODE","52.01","Business/Commerce, General"
"C2024_A","CIPCODE","52.0101","Business/Commerce, General"
"C2024_A","CIPCODE","52.02","Business Administration, Management and Operations"
"C2024_A","CIPCODE","52.0201","Business Administration and Management, General"
"C2024_A","CIPCODE","52.0202","Purchasing, Procurement/Acquisitions and Contracts Management"
"C2024_A","CIPCODE","52.0203","Logistics, Materials, and Supply Chain Management"
"C2024_A","CIPCODE","52.0204","Office Management and Supervision"
"C2024_A","CIPCODE","52.0205","Operations Management and Supervision"
"C2024_A","CIPCODE","52.0206","Non-Profit/Public/Organizational Management"
"C2024_A","CIPCODE","52.0207","Customer Service Management"
"C2024_A","CIPCODE","52.0208","E-Commerce/Electronic Commerce"
"C2024_A","CIPCODE","52.0209","Transportation/Mobility Management"
"C2024_A","CIPCODE","52.0210","Research and Development Management"
"C2024_A","CIPCODE","52.0211","Project Management"
"C2024_A","CIPCODE","52.0212","Retail Management"
"C2024_A","CIPCODE","52.0213","Organizational Leadership"
"C2024_A","CIPCODE","52.0214","Research Administration"
"C2024_A","CIPCODE","52.0215","Risk Management"
"C2024_A","CIPCODE","52.0216","Science/Technology Management"
"C2024_A","CIPCODE","52.0299","Business Administration, Management and Operations, Other"
"C2024_A","CIPCODE","52.03","Accounting and Related Services"
"C2024_A","CIPCODE","52.0301","Accounting"
"C2024_A","CIPCODE","52.0302","Accounting Technology/Technician and Bookkeeping"
"C2024_A","CIPCODE","52.0303","Auditing"
"C2024_A","CIPCODE","52.0304","Accounting and Finance"
"C2024_A","CIPCODE","52.0305","Accounting and Business/Management"
"C2024_A","CIPCODE","52.0399","Accounting and Related Services, Other"
"C2024_A","CIPCODE","52.04","Business Operations Support and Assistant Services"
"C2024_A","CIPCODE","52.0401","Administrative Assistant and Secretarial Science, General"
"C2024_A","CIPCODE","52.0402","Executive Assistant/Executive Secretary"
"C2024_A","CIPCODE","52.0406","Receptionist"
"C2024_A","CIPCODE","52.0407","Business/Office Automation/Technology/Data Entry"
"C2024_A","CIPCODE","52.0408","General Office Occupations and Clerical Services"
"C2024_A","CIPCODE","52.0409","Parts, Warehousing, and Inventory Management Operations"
"C2024_A","CIPCODE","52.0410","Traffic, Customs, and Transportation Clerk/Technician"
"C2024_A","CIPCODE","52.0411","Customer Service Support/Call Center/Teleservice Operation"
"C2024_A","CIPCODE","52.0499","Business Operations Support and Secretarial Services, Other"
"C2024_A","CIPCODE","52.05","Business/Corporate Communications"
"C2024_A","CIPCODE","52.0501","Business/Corporate Communications, General"
"C2024_A","CIPCODE","52.0502","Grantsmanship"
"C2024_A","CIPCODE","52.0599","Business/Corporate Communications, Other"
"C2024_A","CIPCODE","52.06","Business/Managerial Economics"
"C2024_A","CIPCODE","52.0601","Business/Managerial Economics"
"C2024_A","CIPCODE","52.07","Entrepreneurial and Small Business Operations"
"C2024_A","CIPCODE","52.0701","Entrepreneurship/Entrepreneurial Studies"
"C2024_A","CIPCODE","52.0702","Franchising and Franchise Operations"
"C2024_A","CIPCODE","52.0703","Small Business Administration/Management"
"C2024_A","CIPCODE","52.0704","Social Entrepreneurship"
"C2024_A","CIPCODE","52.0799","Entrepreneurial and Small Business Operations, Other"
"C2024_A","CIPCODE","52.08","Finance and Financial Management Services"
"C2024_A","CIPCODE","52.0801","Finance, General"
"C2024_A","CIPCODE","52.0803","Banking and Financial Support Services"
"C2024_A","CIPCODE","52.0804","Financial Planning and Services"
"C2024_A","CIPCODE","52.0806","International Finance"
"C2024_A","CIPCODE","52.0807","Investments and Securities"
"C2024_A","CIPCODE","52.0808","Public Finance"
"C2024_A","CIPCODE","52.0809","Credit Management"
"C2024_A","CIPCODE","52.0810","Financial Risk Management"
"C2024_A","CIPCODE","52.0899","Finance and Financial Management Services, Other"
"C2024_A","CIPCODE","52.09","Hospitality Administration/Management"
"C2024_A","CIPCODE","52.0901","Hospitality Administration/Management, General"
"C2024_A","CIPCODE","52.0903","Tourism and Travel Services Management"
"C2024_A","CIPCODE","52.0904","Hotel/Motel Administration/Management"
"C2024_A","CIPCODE","52.0905","Restaurant/Food Services Management"
"C2024_A","CIPCODE","52.0906","Resort Management"
"C2024_A","CIPCODE","52.0907","Meeting and Event Planning"
"C2024_A","CIPCODE","52.0908","Casino Management"
"C2024_A","CIPCODE","52.0909","Hotel, Motel, and Restaurant Management"
"C2024_A","CIPCODE","52.0910","Brewery/Brewpub Operations/Management"
"C2024_A","CIPCODE","52.0999","Hospitality Administration/Management, Other"
"C2024_A","CIPCODE","52.10","Human Resources Management and Services"
"C2024_A","CIPCODE","52.1001","Human Resources Management/Personnel Administration, General"
"C2024_A","CIPCODE","52.1002","Labor and Industrial Relations"
"C2024_A","CIPCODE","52.1003","Organizational Behavior Studies"
"C2024_A","CIPCODE","52.1004","Labor Studies"
"C2024_A","CIPCODE","52.1005","Human Resources Development"
"C2024_A","CIPCODE","52.1006","Executive/Career Coaching"
"C2024_A","CIPCODE","52.1099","Human Resources Management and Services, Other"
"C2024_A","CIPCODE","52.11","International Business"
"C2024_A","CIPCODE","52.1101","International Business/Trade/Commerce"
"C2024_A","CIPCODE","52.12","Management Information Systems and Services"
"C2024_A","CIPCODE","52.1201","Management Information Systems, General"
"C2024_A","CIPCODE","52.1206","Information Resources Management"
"C2024_A","CIPCODE","52.1207","Knowledge Management"
"C2024_A","CIPCODE","52.1299","Management Information Systems and Services, Other"
"C2024_A","CIPCODE","52.13","Management Sciences and Quantitative Methods"
"C2024_A","CIPCODE","52.1301","Management Science"
"C2024_A","CIPCODE","52.1302","Business Statistics"
"C2024_A","CIPCODE","52.1304","Actuarial Science"
"C2024_A","CIPCODE","52.1399","Management Sciences and Quantitative Methods, Other"
"C2024_A","CIPCODE","52.14","Marketing"
"C2024_A","CIPCODE","52.1401","Marketing/Marketing Management, General"
"C2024_A","CIPCODE","52.1402","Marketing Research"
"C2024_A","CIPCODE","52.1403","International Marketing"
"C2024_A","CIPCODE","52.1404","Digital Marketing"
"C2024_A","CIPCODE","52.1499","Marketing, Other"
"C2024_A","CIPCODE","52.15","Real Estate"
"C2024_A","CIPCODE","52.1501","Real Estate"
"C2024_A","CIPCODE","52.16","Taxation"
"C2024_A","CIPCODE","52.1601","Taxation"
"C2024_A","CIPCODE","52.17","Insurance"
"C2024_A","CIPCODE","52.1701","Insurance"
"C2024_A","CIPCODE","52.18","General Sales, Merchandising and Related Marketing Operations"
"C2024_A","CIPCODE","52.1801","Sales, Distribution, and Marketing Operations, General"
"C2024_A","CIPCODE","52.1802","Merchandising and Buying Operations"
"C2024_A","CIPCODE","52.1803","Retailing and Retail Operations"
"C2024_A","CIPCODE","52.1804","Selling Skills and Sales Operations"
"C2024_A","CIPCODE","52.1899","General Merchandising, Sales, and Related Marketing Operations, Other"
"C2024_A","CIPCODE","52.19","Specialized Sales, Merchandising and  Marketing Operations"
"C2024_A","CIPCODE","52.1901","Auctioneering"
"C2024_A","CIPCODE","52.1902","Fashion Merchandising"
"C2024_A","CIPCODE","52.1903","Fashion Modeling"
"C2024_A","CIPCODE","52.1904","Apparel and Accessories Marketing Operations"
"C2024_A","CIPCODE","52.1905","Tourism and Travel Services Marketing Operations"
"C2024_A","CIPCODE","52.1906","Tourism Promotion Operations"
"C2024_A","CIPCODE","52.1907","Vehicle and Vehicle Parts and Accessories Marketing Operations"
"C2024_A","CIPCODE","52.1908","Business and Personal/Financial Services Marketing Operations"
"C2024_A","CIPCODE","52.1909","Special Products Marketing Operations"
"C2024_A","CIPCODE","52.1910","Hospitality and Recreation Marketing Operations"
"C2024_A","CIPCODE","52.1999","Specialized Merchandising, Sales, and Marketing Operations, Other"
"C2024_A","CIPCODE","52.20","Construction Management"
"C2024_A","CIPCODE","52.2001","Construction Management, General"
"C2024_A","CIPCODE","52.2002","Construction Project Management"
"C2024_A","CIPCODE","52.2099","Construction Management, Other"
"C2024_A","CIPCODE","52.21","Telecommunications Management"
"C2024_A","CIPCODE","52.2101","Telecommunications Management"
"C2024_A","CIPCODE","52.99","Business, Management, Marketing, and Related Support Services, Other"
"C2024_A","CIPCODE","52.9999","Business, Management, Marketing, and Related Support Services, Other"
"C2024_A","CIPCODE","54","History"
"C2024_A","CIPCODE","54.01","History"
"C2024_A","CIPCODE","54.0101","History, General"
"C2024_A","CIPCODE","54.0102","American  History (United States)"
"C2024_A","CIPCODE","54.0103","European History"
"C2024_A","CIPCODE","54.0104","History and Philosophy of Science and Technology"
"C2024_A","CIPCODE","54.0105","Public/Applied History"
"C2024_A","CIPCODE","54.0106","Asian History"
"C2024_A","CIPCODE","54.0107","Canadian History"
"C2024_A","CIPCODE","54.0108","Military History"
"C2024_A","CIPCODE","54.0199","History, Other"
"C2024_A","AWLEVEL","15","Degrees/certificates total"
"C2024_A","AWLEVEL","12","Degrees total"
"C2024_A","AWLEVEL","3","Associate's degree"
"C2024_A","AWLEVEL","5","Bachelor's degree"
"C2024_A","AWLEVEL","7","Master's degree"
"C2024_A","AWLEVEL","17","Doctor's degree - research/scholarship "
"C2024_A","AWLEVEL","18","Doctor's degree - professional practice "
"C2024_A","AWLEVEL","19","Doctor's degree - other "
"C2024_A","AWLEVEL","13","Certificates below the baccalaureate total"
"C2024_A","AWLEVEL","1","Certificates of less than 1 year"
"C2024_A","AWLEVEL","20","Certificates of less than 12 weeks"
"C2024_A","AWLEVEL","21","Certificates of at least 12 weeks but less than 1 year"
"C2024_A","AWLEVEL","2","Certificates of at least 1 but less than 2 years"
"C2024_A","AWLEVEL","4","Certificates of at least 2 but less than 4 years"
"C2024_A","AWLEVEL","14","Certificates above the baccalaureate total"
"C2024_A","AWLEVEL","6","Postbaccalaureate certificate"
"C2024_A","AWLEVEL","8","Post-master's certificate"
"SFAV2324","PARTVT","1","Yes"
"SFAV2324","PARTVT","2","No"
"SFAV2324","PARTVT","-2","Not applicable"
"SFAV2324","PARTVT","-1","Not reported"
"SFAV2324","PO9","1","Yes"
"SFAV2324","PO9","0","No"
"SFAV2324","PO9","-2","Not applicable"
"SFAV2324","PO9","-1","Not reported"
"SFAV2324","DOD","1","Yes"
"SFAV2324","DOD","0","No"
"SFAV2324","DOD","-2","Not applicable"
"SFAV2324","DOD","-1","Not reported"
"GR2024","GRTYPE","1","4-year institutions revised cohort"
"GR2024","GRTYPE","40","Total exclusions 4-year schools"
"GR2024","GRTYPE","2","4-year institutions, Adjusted cohort (revised cohort minus exclusions)"
"GR2024","GRTYPE","3","4-year institutions, Completers within 150% of normal time"
"GR2024","GRTYPE","4","4-year institutions, Transfer-out students"
"GR2024","GRTYPE","41","4-year institutions, noncompleters still enrolled"
"GR2024","GRTYPE","42","4-year institutions, No longer enrolled"
"GR2024","GRTYPE","6","Bachelor's or equiv subcohort (4-yr institution)"
"GR2024","GRTYPE","7","Bachelor's or equiv subcohort (4-yr institution) exclusions"
"GR2024","GRTYPE","8","Bachelor's or equiv subcohort (4-yr institution) adjusted cohort (revised cohort minus exclusions)"
"GR2024","GRTYPE","9","Bachelor's or equiv subcohort (4-yr institution) Completers within 150% of normal time total"
"GR2024","GRTYPE","10","Bachelor's or equiv subcohort (4-yr institution) Completers of programs of < 2 yrs (150% of normal time)"
"GR2024","GRTYPE","11","Bachelor's or equiv subcohort (4-yr institution) Completers of programs of 2 but <4 yrs (150% of normal time)"
"GR2024","GRTYPE","12","Bachelor's or equiv subcohort (4-yr institution) Completers of bachelor's or equiv degrees total (150% of normal time)"
"GR2024","GRTYPE","13","Bachelor's or equiv subcohort (4-yr institution) Completers of bachelor's or equiv degrees in 4 years or less"
"GR2024","GRTYPE","14","Bachelor's or equiv subcohort (4-yr institution) Completers of bachelor's or equiv degrees in 5 years"
"GR2024","GRTYPE","15","Bachelor's or equiv subcohort (4-yr institution) Completers of bachelor's or equiv degrees in 6 years"
"GR2024","GRTYPE","16","Bachelor's or equiv subcohort (4-yr institution) Transfer-out students"
"GR2024","GRTYPE","43","Bachelor's or equiv subcohort (4-yr institution) noncompleters still enrolled"
"GR2024","GRTYPE","44","Bachelor's or equiv subcohort (4-yr institution), No longer enrolled"
"GR2024","GRTYPE","18","Other degree/certif-seeking subcohort (4-yr institution)"
"GR2024","GRTYPE","19","Other degree/certificate-seeking subcohort(4-yr institution) exclusions"
"GR2024","GRTYPE","20","Other degree/certif-seeking subcohort (4-yr institution) Adjusted cohort (revised cohort minus exclusions)"
"GR2024","GRTYPE","21","Other degree/certif-seeking subcohort (4-yr institution) Completers within 150% of normal time total"
"GR2024","GRTYPE","22","Other degree/certif-seeking subcohort (4-yr institution) Completers of programs < 2 yrs (150% of normal time)"
"GR2024","GRTYPE","23","Other degree/certif-seeking subcohort (4-yr institution) Completers of programs of 2 but < 4 yrs (150% of normal time)"
"GR2024","GRTYPE","24","Other degree/certif-seeking subcohort (4-yr institution) Completers of bachelor's or equiv degrees (150% of normal time)"
"GR2024","GRTYPE","25","Other degree/certif-seeking subcohort (4-yr institution) Transfer-out students"
"GR2024","GRTYPE","45","Other degree/certif-seeking subcohort (4-yr institution) noncompleters still enrolled "
"GR2024","GRTYPE","46","Other degree/certif-seeking subcohort (4-yr institution) No longer enrolled "
"GR2024","GRTYPE","27","Degree/certif-seeking students ( 2-yr institution) revised cohort"
"GR2024","GRTYPE","28","Degree/certificate-seeking subcohort(2-yr institution) exclusions"
"GR2024","GRTYPE","29","Degree/certif-seeking students ( 2-yr institution) Adjusted cohort (revised cohort minus exclusions)"
"GR2024","GRTYPE","30","Degree/certif-seeking students ( 2-yr institution) Completers within 150% of normal time total"
"GR2024","GRTYPE","31","Degree/certif-seeking students ( 2-yr institution) Completers of programs of < 2 yrs (150% of normal time)"
"GR2024","GRTYPE","32","Degree/certificate-seeking students ( 2-yr institution) Completers of programs of 2 but < 4 yrs (150% of normal time)"
"GR2024","GRTYPE","35","Degree/certif-seeking students ( 2-yr institution) Completers within 100% of normal time total"
"GR2024","GRTYPE","36","Degree/certif-seeking students ( 2-yr institution) Completers of programs of < 2 yrs (100% of normal time)"
"GR2024","GRTYPE","37","Degree/certificate-seeking students ( 2-yr institution) Completers of programs of 2 but < 4 yrs (100% of normal time)"
"GR2024","GRTYPE","33","Degree/certif-seeking students ( 2-yr institution) Transfer-out students"
"GR2024","GRTYPE","47","Degree/certif-seeking students ( 2-yr institution) noncompleters still enrolled "
"GR2024","GRTYPE","48","Degree/certif-seeking students ( 2-yr institution) No longer enrolled"
"GR2024","CHRTSTAT","10","Revised cohort"
"GR2024","CHRTSTAT","11","Exclusions"
"GR2024","CHRTSTAT","12","Adjusted cohort (revised cohort minus exclusions)"
"GR2024","CHRTSTAT","13","Completers within 150% of normal time"
"GR2024","CHRTSTAT","14","Completers of programs of less than 2 years (150% of normal time)"
"GR2024","CHRTSTAT","15","Completers of programs of 2 but less than 4 years (150% of normal time)"
"GR2024","CHRTSTAT","16","Completers of bachelor's or equivalent degrees (150% of normal time)"
"GR2024","CHRTSTAT","17","Completers of bachelor's or equivalent degrees in 4 years or less"
"GR2024","CHRTSTAT","18","Completers of bachelor's or equivalent degrees in 5 years"
"GR2024","CHRTSTAT","19","Completers of bachelor's or equivalent degrees in 6 years"
"GR2024","CHRTSTAT","20","Transfer-out students"
"GR2024","CHRTSTAT","22","Completers of programs within 100% of normal time total"
"GR2024","CHRTSTAT","23","Completers of programs of < 2 yrs within 100% of normal time (not available by race or gender)"
"GR2024","CHRTSTAT","24","Completers of programs of 2 but < 4 yrs within 100% of normal time (not available by race or gender)"
"GR2024","CHRTSTAT","31","Noncompleters, still enrolled"
"GR2024","CHRTSTAT","32","Noncompleters, no longer enrolled"
"GR2024","COHORT","1","Bachelor's/ equiv +  other degree/certif-seeking 2018 subcohorts (4-yr institution)"
"GR2024","COHORT","2","Bachelor's or equiv 2018  subcohort (4-yr institution)"
"GR2024","COHORT","3","Other degree/certif-seeking 2018 subcohort (4-yr institution)"
"GR2024","COHORT","4","Degree/certif-seeking students 2021 cohort ( 2-yr institution)"
"GR2024","SECTION","1","Bachelor's/ equiv +  other degree/certificate-seeking 2018 subcohort (4-yr institution)"
"GR2024","SECTION","2","Bachelor's or equiv 2018 subcohort (4-yr institution)"
"GR2024","SECTION","3","Other degree/certificate-seeking 2018 subcohort (4-yr institution)"
"GR2024","SECTION","4","Degree/certificate-seeking students 2021 cohort (2-yr institution)"
"GR2024","LINE","10","Revised cohort"
"GR2024","LINE","45","Exclusions"
"GR2024","LINE","50","Adjusted cohort (revised cohort minus exclusions)"
"GR2024","LINE","29A","Completers within 150% of normal time"
"GR2024","LINE","11A","Completers of programs of less than 2 years (150% of normal time)"
"GR2024","LINE","12A","Completers of programs of 2 but less than 4 years (150% of normal time)"
"GR2024","LINE","18A","Completers of bachelor's or equivalent degrees (150% of normal time)"
"GR2024","LINE","19","Completers of bachelor's or equivalent degrees in 4 years or less"
"GR2024","LINE","20","Completers of bachelor's or equivalent degrees in 5 years"
"GR2024","LINE","21","Completers of bachelor's or equivalent degrees in 6 years"
"GR2024","LINE","30","Transfer-out students"
"GR2024","LINE","46","Still enrolled in long programs (4-year institutions)"
"GR2024","LINE","47","Still enrolled in long programs (2-year institutions)"
"GR2024","LINE","999","Generated record not on original survey form"
"GR2024","LINE","57","Completers of programs within 100% of normal time total (not available by race or gender)"
"GR2024","LINE","55","Completers of programs of less than 2 years within 100% of normal time (not available by race or gender)"
"GR2024","LINE","56","Completers of programs of 2 but less than 4 years within 100% of normal time (not available by race or gender)"
"GR2024","LINE","22","Noncompleters, still enrolled"
"GR2024","LINE","23","Noncompleters, no longer enrolled"
"GR2024_PELL_SSL","PSGRTYPE","1","Total 2018 cohort (Bachelor's and other degree/certificate seeking) - four-year institutions 
"
"GR2024_PELL_SSL","PSGRTYPE","2","Bachelor's degree seeking 2018 cohort - four-year institutions 
"
"GR2024_PELL_SSL","PSGRTYPE","3","Other degree/certificate seeking 2018 cohort - four-year institutions 
"
"GR2024_PELL_SSL","PSGRTYPE","4","Degree/certificate seeking 2021 cohort (less than four-year institutions)
"
"OM2024","OMCHRT","50","Total entering, Total"
"OM2024","OMCHRT","51","Total entering, Pell Grant recipients"
"OM2024","OMCHRT","52","Total entering, Non-Pell Grant recipients"
"OM2024","OMCHRT","10","First-time, full-time entering, Total"
"OM2024","OMCHRT","11","First-time, full-time entering, Pell Grant recipients"
"OM2024","OMCHRT","12","First-time, full-time entering, Non-Pell Grant recipients"
"OM2024","OMCHRT","20","First-time, part-time entering, Total"
"OM2024","OMCHRT","21","First-time, part-time entering, Pell Grant recipients"
"OM2024","OMCHRT","22","First-time, part-time entering, Non-Pell Grant recipients"
"OM2024","OMCHRT","30","Non-first-time, full-time entering, Total"
"OM2024","OMCHRT","31","Non-first-time, full-time entering, Pell Grant recipients"
"OM2024","OMCHRT","32","Non-first-time, full-time entering, Non-Pell Grant recipients"
"OM2024","OMCHRT","40","Non-first-time, part-time entering, Total"
"OM2024","OMCHRT","41","Non-first-time, part-time entering, Pell Grant recipients"
"OM2024","OMCHRT","42","Non-first-time, part-time entering, Non-Pell Grant recipients"
"F2324_F2","F2FHA","1","Yes - (report endowment assets)"
"F2324_F2","F2FHA","2","No"
"F2324_F2","F2FHA","-2","not applicable"
"F2324_F1A","F1FHA","1","Yes - (report endowment assets)"
"F2324_F1A","F1FHA","2","No"
"F2324_F1A","F1FHA","0","Not reported - (imputed endowment assets)"
"F2324_F1A","F1FHA","-2","Not applicable"
"F2324_F3","F3F03","1","Aggregate amounts paid by multi-institution or multi-campus organization indicated in IC (diretory information)"
"F2324_F3","F3F03","2","Aggregate amounts paid by multi-institution or multi-campus organization NOT indicated in IC (diretory information)"
"F2324_F3","F3F03","3","Amounts paid by the reporting institution"
"F2324_F3","F3F03","-1","Not reported"
"F2324_F3","F3F03","-2","Not applicable"
"F2324_F1A","F1MHP","1","Yes -  pension information reported    "
"F2324_F1A","F1MHP","2","No"
"F2324_F1A","F1MHP","-1","Not reported"
"F2324_F1A","F1MHP","-2","Not applicable"
"F2324_F1A","F1MHOP","1","Yes - postemployment benefits other than pension (OPEB) reported"
"F2324_F1A","F1MHOP","2","No"
"F2324_F1A","F1MHOP","-1","Not reported"
"F2324_F1A","F1MHOP","-2","Not applicable"
"SAL2024_IS","ARANK","7","All instructional staff total"
"SAL2024_IS","ARANK","1","Professor"
"SAL2024_IS","ARANK","2","Associate professor"
"SAL2024_IS","ARANK","3","Assistant professor"
"SAL2024_IS","ARANK","4","Instructor"
"SAL2024_IS","ARANK","5","Lecturer"
"SAL2024_IS","ARANK","6","No academic rank"
"S2024_OC","SABDTYPE","10","Full-time (occupation code prior to 2012)"
"S2024_OC","SABDTYPE","11","Full-time postecondary teachers (occupation code prior to 2012)"
"S2024_OC","SABDTYPE","70","Part-time postecondary teachers (occupation code prior to 2012)"
"S2024_OC","SABDTYPE","-2","Not applicable, current occupation does not map to occupations prior to 2012"
"S2024_NH","SGTYPE","1","Full-time new hires (New hire code prior to 2012)"
"S2024_NH","SGTYPE","2","Full-time postecondary teachers (occupation code prior to 2012)"
"S2024_NH","SGTYPE","-2","Not applicable, current occupation does not map to occupations prior to 2012"
"S2024_IS","SISCAT","1","All full-time instructional staff"
"S2024_IS","SISCAT","100","Full-time instructional with faculty status"
"S2024_IS","SISCAT","101","Full-time instructional professors"
"S2024_IS","SISCAT","102","Full-time instructional associate professors"
"S2024_IS","SISCAT","103","Full-time instructional assistant professors"
"S2024_IS","SISCAT","104","Full-time instructional instructors"
"S2024_IS","SISCAT","105","Full-time instructional lecturers"
"S2024_IS","SISCAT","106","Full-time instructional no academic rank"
"S2024_IS","SISCAT","200","Full-time instructional tenured total"
"S2024_IS","SISCAT","201","Full-time instructional tenured, professors"
"S2024_IS","SISCAT","202","Full-time instructional tenured, associate professors"
"S2024_IS","SISCAT","203","Full-time instructional tenured, assistant professors"
"S2024_IS","SISCAT","204","Full-time instructional tenured, instructors"
"S2024_IS","SISCAT","205","Full-time instructional tenured, lecturers"
"S2024_IS","SISCAT","206","Full-time instructional tenured, no academic rank"
"S2024_IS","SISCAT","300","Full-time instructional on-tenure track total"
"S2024_IS","SISCAT","301","Full-time instructional on-tenure track, professors"
"S2024_IS","SISCAT","302","Full-time instructional on-tenure track, associate professors"
"S2024_IS","SISCAT","303","Full-time instructional on-tenure track, assistant professors"
"S2024_IS","SISCAT","304","Full-time instructional on-tenure track, instructors"
"S2024_IS","SISCAT","305","Full-time instructional on-tenure track, lecturers"
"S2024_IS","SISCAT","306","Full-time instructional on-tenure track, no academic rank"
"S2024_IS","SISCAT","400","Full-time instructional not on tenure track/no tenure system system total"
"S2024_IS","SISCAT","401","Full-time instructional not on tenure/no tenure system, professors"
"S2024_IS","SISCAT","402","Full-time instructional not on tenure/no tenure system, associate professors"
"S2024_IS","SISCAT","403","Full-time instructional not on tenure/no tenure system, assistant professors"
"S2024_IS","SISCAT","404","Full-time instructional not on tenure/no tenure system, instructors"
"S2024_IS","SISCAT","405","Full-time instructional not on tenure/no tenure system, lecturers"
"S2024_IS","SISCAT","406","Full-time instructional not on tenure/no tenure system, no academic rank"
"S2024_IS","SISCAT","410","Full-time instructional not on tenure track/no tenure system, multi-year and indefinite contracts, total"
"S2024_IS","SISCAT","411","Full-time instructional not on tenure track/no tenure system, multi-year and indefinite contracts, professors"
"S2024_IS","SISCAT","412","Full-time instructional not on tenure track/no tenure system, multi-year and indefinite contracts, asssociate professors"
"S2024_IS","SISCAT","413","Full-time instructional not on tenure track/no tenure system, multi-year and indefinite contracts, assistant professors"
"S2024_IS","SISCAT","414","Full-time instructional not on tenure track/no tenure system, multi-year and indefinite contracts, instructors"
"S2024_IS","SISCAT","415","Full-time instructional not on tenure track/no tenure system, multi-year and indefinite contracts contract,lecturers"
"S2024_IS","SISCAT","416","Full-time instructional not on tenure track/no tenure system, multi-year and indefinite contracts, no academic rank"
"S2024_IS","SISCAT","420","Full-time instructional not on tenure track/no tenure system, annual contract, total"
"S2024_IS","SISCAT","421","Full-time instructional not on tenure track/no tenure system, annual contract, professors"
"S2024_IS","SISCAT","422","Full-time instructional not on tenure track/no tenure system, annual contract, asssociate professors"
"S2024_IS","SISCAT","423","Full-time instructional not on tenure track/no tenure system, annual contract, assistant professors"
"S2024_IS","SISCAT","424","Full-time instructional not on tenure track/no tenure system, annual contract, instructors"
"S2024_IS","SISCAT","425","Full-time instructional not on tenure track/no tenure system, annual contract,lecturers"
"S2024_IS","SISCAT","426","Full-time instructional not on tenure track/no tenure system, annual contract, no academic rank"
"S2024_IS","SISCAT","430","Full-time instructional not on tenure track/no tenure system, less-than-annual contract, total"
"S2024_IS","SISCAT","431","Full-time instructional not on tenure track/no tenure system, less-than-annual contract, professors"
"S2024_IS","SISCAT","432","Full-time instructional not on tenure track/no tenure system, less-than-annual contract, asssociate professors"
"S2024_IS","SISCAT","433","Full-time instructional not on tenure track/no tenure system, less-than-annual contract, assistant professors"
"S2024_IS","SISCAT","434","Full-time instructional not on tenure track/no tenure system, less-than-annual contract, instructors"
"S2024_IS","SISCAT","435","Full-time instructional not on tenure track/no tenure system, less-than-annual contract,lecturers"
"S2024_IS","SISCAT","436","Full-time instructional not on tenure track/no tenure system, less-than-annual contract, no academic rank"
"S2024_IS","SISCAT","440","Full-time instructional not on tenure track/no tenure system, multi-year contract, total"
"S2024_IS","SISCAT","441","Full-time instructional not on tenure track/no tenure system, multi-year contract, professors"
"S2024_IS","SISCAT","442","Full-time instructional not on tenure track/no tenure system, multi-year contract, associate professors"
"S2024_IS","SISCAT","443","Full-time instructional not on tenure track/no tenure system, multi-year contract, assistant professors"
"S2024_IS","SISCAT","444","Full-time instructional not on tenure track/no tenure system, multi-year contract, instructors"
"S2024_IS","SISCAT","445","Full-time instructional not on tenure track/no tenure system, multi-year contract, lecturers"
"S2024_IS","SISCAT","446","Full-time instructional not on tenure track/no tenure system, multi-year contract, no academic rank"
"S2024_IS","SISCAT","450","Full-time instructional not on tenure track/no tenure system, multi-year contract, total"
"S2024_IS","SISCAT","451","Full-time instructional not on tenure track/no tenure system, indefinite contract, professors"
"S2024_IS","SISCAT","452","Full-time instructional not on tenure track/no tenure system, indefinite contract, associate professors"
"S2024_IS","SISCAT","453","Full-time instructional not on tenure track/no tenure system, indefinite contract, assistant professors"
"S2024_IS","SISCAT","454","Full-time instructional not on tenure track/no tenure system, indefinite contract, instructors"
"S2024_IS","SISCAT","455","Full-time instructional not on tenure track/no tenure system, indefinite contract, lecturers"
"S2024_IS","SISCAT","456","Full-time instructional not on tenure track/no tenure system, indefinite contract, no academic rank"
"S2024_IS","SISCAT","500","Full-time instructional without faculty status"
"S2024_IS","FACSTAT","0","All full-time instructional staff"
"S2024_IS","FACSTAT","10","With faculty status, total"
"S2024_IS","FACSTAT","20","With faculty status, tenured"
"S2024_IS","FACSTAT","30","With faculty status, on tenure track"
"S2024_IS","FACSTAT","40","With faculty status not on tenure track/No tenure system, total"
"S2024_IS","FACSTAT","41","With faculty status not on tenure track/No tenure system, multi-year and indefinite contract"
"S2024_IS","FACSTAT","44","With faculty status not on tenure track/No tenure system, multi-year contract"
"S2024_IS","FACSTAT","45","With faculty status not on tenure track/No tenure system, indefinite contract"
"S2024_IS","FACSTAT","42","With faculty status not on tenure track/No tenure system, annual contract"
"S2024_IS","FACSTAT","43","With faculty status not on tenure track/No tenure system, less-than-annual contract"
"S2024_IS","FACSTAT","50","Without faculty status"
"S2024_IS","ARANK","0","All ranks"
"S2024_IS","ARANK","1","Professors"
"S2024_IS","ARANK","2","Associate professors"
"S2024_IS","ARANK","3","Assistant professors"
"S2024_IS","ARANK","4","Instructors"
"S2024_IS","ARANK","5","Lecturers"
"S2024_IS","ARANK","6","No academic rank"
"S2024_OC","STAFFCAT","1100","Grand Total"
"S2024_OC","STAFFCAT","1200","Instructional, research and public service"
"S2024_OC","STAFFCAT","1210","Instructional staff"
"S2024_OC","STAFFCAT","1220","Research"
"S2024_OC","STAFFCAT","1230","Public service"
"S2024_OC","STAFFCAT","1250","Librarians and Library Technicians/Archivists, Curators, and Museum Technicians/Student and Academic Affairs and Other Education Services"
"S2024_OC","STAFFCAT","1260","Librarians and Library Technicians/Archivists, Curators, and Museum Technicians"
"S2024_OC","STAFFCAT","1261","Archivists, Curators, and Museum Technicians"
"S2024_OC","STAFFCAT","1262","Librarians"
"S2024_OC","STAFFCAT","1263","Library Technicians"
"S2024_OC","STAFFCAT","1264","Detailed library occupations not available for non-degree-granting institutions"
"S2024_OC","STAFFCAT","1270","Student and Academic Affairs and Other Education Services"
"S2024_OC","STAFFCAT","1300","Management"
"S2024_OC","STAFFCAT","1310","Business and Financial Operations"
"S2024_OC","STAFFCAT","1320","Computer, Engineering, and Science"
"S2024_OC","STAFFCAT","1330","Community Service, Legal, Arts, and Media"
"S2024_OC","STAFFCAT","1340","Healthcare Practioners and Technical"
"S2024_OC","STAFFCAT","1350","Service occupations"
"S2024_OC","STAFFCAT","1360","Sales and related occupations"
"S2024_OC","STAFFCAT","1370","Office and Administrative Support"
"S2024_OC","STAFFCAT","1380","Natural Resources, Construction, and Maintenance"
"S2024_OC","STAFFCAT","1390","Production, Transportation, and Material Moving"
"S2024_OC","STAFFCAT","2100","Full-time total"
"S2024_OC","STAFFCAT","2200","Full-time, Instructional, research and public service"
"S2024_OC","STAFFCAT","2210","Full-time, Instructional staff"
"S2024_OC","STAFFCAT","2220","Full-time, Research"
"S2024_OC","STAFFCAT","2230","Full-time, Public service"
"S2024_OC","STAFFCAT","2250","Full-time, Librarians and Library Technicians/Archivists, Curators, and Museum Technicians/Student and Academic Affairs and Other Education Services"
"S2024_OC","STAFFCAT","2260","Full-time, Librarians and Library Technicians/Archivists, Curators, and Museum Technicians"
"S2024_OC","STAFFCAT","2261","Full-time, Archivists, Curators, and Museum Technicians"
"S2024_OC","STAFFCAT","2262","Full-time, Librarians"
"S2024_OC","STAFFCAT","2263","Full-time, Library Technicians"
"S2024_OC","STAFFCAT","2264","Full-time, Detailed library occupations not available for non-degree-granting institutions"
"S2024_OC","STAFFCAT","2270","Full-time, Student and Academic Affairs and Other Education Services"
"S2024_OC","STAFFCAT","2300","Full-time, Management"
"S2024_OC","STAFFCAT","2310","Full-time, Business and Financial Operations"
"S2024_OC","STAFFCAT","2320","Full-time, Computer, Engineering, and Science"
"S2024_OC","STAFFCAT","2330","Full-time, Community Service, Legal, Arts, and Media"
"S2024_OC","STAFFCAT","2340","Full-time, Healthcare Practioners and Technical"
"S2024_OC","STAFFCAT","2350","Full-time, Service occupations"
"S2024_OC","STAFFCAT","2360","Full-time, Sales and related occupations"
"S2024_OC","STAFFCAT","2370","Full-time, Office and Administrative Support"
"S2024_OC","STAFFCAT","2380","Full-time, Natural Resources, Construction, and Maintenance"
"S2024_OC","STAFFCAT","2390","Full-time, Production, Transportation, and Material Moving"
"S2024_OC","STAFFCAT","3100","Part-time, total"
"S2024_OC","STAFFCAT","3200","Part-time, Instructional, research and public service"
"S2024_OC","STAFFCAT","3210","Part-time, Instructional staff"
"S2024_OC","STAFFCAT","3220","Part-time, Research"
"S2024_OC","STAFFCAT","3230","Part-time, Public service"
"S2024_OC","STAFFCAT","3250","Part-time, Librarians and Library Technicians/Archivists, Curators, and Museum Technicians/Student and Academic Affairs and Other Education Services"
"S2024_OC","STAFFCAT","3260","Part-time, Librarians and Library Technicians/Archivists, Curators, and Museum Technicians"
"S2024_OC","STAFFCAT","3261","Part-time, Archivists, Curators, and Museum Technicians"
"S2024_OC","STAFFCAT","3262","Part-time, Librarians"
"S2024_OC","STAFFCAT","3263","Part-time, Library Technicians"
"S2024_OC","STAFFCAT","3264","Part-time, Detailed library occupations not available for non-degree-granting institutions"
"S2024_OC","STAFFCAT","3270","Part-time, Student and Academic Affairs and Other Education Services"
"S2024_OC","STAFFCAT","3300","Part-time, Management"
"S2024_OC","STAFFCAT","3310","Part-time, Business and Financial Operations"
"S2024_OC","STAFFCAT","3320","Part-time, Computer, Engineering, and Science"
"S2024_OC","STAFFCAT","3330","Part-time, Community Service, Legal, Arts, and Media"
"S2024_OC","STAFFCAT","3340","Part-time, Healthcare Practioners and Technical"
"S2024_OC","STAFFCAT","3350","Part-time, Service occupations"
"S2024_OC","STAFFCAT","3360","Part-time, Sales and related occupations"
"S2024_OC","STAFFCAT","3370","Part-time, Office and Administrative Support"
"S2024_OC","STAFFCAT","3380","Part-time, Natural Resources, Construction, and Maintenance"
"S2024_OC","STAFFCAT","3390","Part-time, Production, Transportation, and Material Moving"
"S2024_OC","STAFFCAT","4400","Graduate Assistants, Total"
"S2024_OC","STAFFCAT","4410","Graduate Assistants, Teaching"
"S2024_OC","STAFFCAT","4420","Graduate Assistants, Research"
"S2024_OC","STAFFCAT","4490","Graduate Assistants, Other"
"S2024_OC","FTPT","1","All staff"
"S2024_OC","FTPT","2","Full-time"
"S2024_OC","FTPT","3","Part-time"
"S2024_OC","FTPT","4","Graduate Assistants"
"S2024_OC","OCCUPCAT","100","All staff"
"S2024_OC","OCCUPCAT","200","Instructional, research and public service staff"
"S2024_OC","OCCUPCAT","210","Instructional staff, total"
"S2024_OC","OCCUPCAT","220","Research"
"S2024_OC","OCCUPCAT","230","Public service"
"S2024_OC","OCCUPCAT","250","Librarians/Library Technicians/Archivists and Curators, and Museum technicians/Student and Academic Affairs and Other Education Services"
"S2024_OC","OCCUPCAT","260","Librarians, Curators, and Archivists"
"S2024_OC","OCCUPCAT","261","Archivists, Curators, and Museum Technicians"
"S2024_OC","OCCUPCAT","262","Librarians"
"S2024_OC","OCCUPCAT","263","Library Technicians"
"S2024_OC","OCCUPCAT","264","Detailed library occupations not available for non-degree-granting institutions"
"S2024_OC","OCCUPCAT","270","Student and Academic Affairs and Other Education Services"
"S2024_OC","OCCUPCAT","300","Management"
"S2024_OC","OCCUPCAT","310","Business and Financial Operations"
"S2024_OC","OCCUPCAT","320","Computer, Engineering, and Science"
"S2024_OC","OCCUPCAT","330","Community, Social Service, Legal, Arts,Design, Entertainment, Sports and Media"
"S2024_OC","OCCUPCAT","340","Healthcare Practioners and Technical"
"S2024_OC","OCCUPCAT","350","Service Occupations"
"S2024_OC","OCCUPCAT","360","Sales and Related Occupations"
"S2024_OC","OCCUPCAT","370","Office and Administrative Support"
"S2024_OC","OCCUPCAT","380","Natural Resources, Construction, and Maintenance"
"S2024_OC","OCCUPCAT","390","Production, Transportation, and Material Moving"
"S2024_OC","OCCUPCAT","400","Graduate Assistants Total"
"S2024_OC","OCCUPCAT","410","Graduate Assistants Teaching"
"S2024_OC","OCCUPCAT","420","Graduate Assistants Research"
"S2024_OC","OCCUPCAT","490","Graduate Assistants Other"
"S2024_NH","SNHCAT","10000","All full-time new hires"
"S2024_NH","SNHCAT","20000","Instructional, research and public service"
"S2024_NH","SNHCAT","21000","Instructional staff"
"S2024_NH","SNHCAT","21010","Instructional staff with faculty status, total"
"S2024_NH","SNHCAT","21020","Instructional staff with faculty status, Tenured"
"S2024_NH","SNHCAT","21030","Instructional staff with faculty status, On Tenure Track"
"S2024_NH","SNHCAT","21040","Instructional staff with faculty status, Not on Tenure Track/No Tenure system"
"S2024_NH","SNHCAT","21042","Instructional staff with faculty status, Not on Track/No Tenure sys, annual contract"
"S2024_NH","SNHCAT","21043","Instructional staff with faculty status, Not on Track/No Tenure sys, less-than-annual contract"
"S2024_NH","SNHCAT","21041","Instructional staff with faculty status, Not on Track/No Tenure sys, multi-year and indefinite contracts"
"S2024_NH","SNHCAT","21044","Instructional staff with faculty status, not on Tenure/No Tenure sys, multi-year contract"
"S2024_NH","SNHCAT","21045","Instructional staff with faculty status, not on Tenure/No Tenure sys, indefinite contract"
"S2024_NH","SNHCAT","21050","Instructional staff without faculty status"
"S2024_NH","SNHCAT","22000","Research"
"S2024_NH","SNHCAT","23000","Public service"
"S2024_NH","SNHCAT","25000","Library and Student and Academic Affairs and Other Education Services"
"S2024_NH","SNHCAT","30000","Management Occupations"
"S2024_NH","SNHCAT","31000","Business and Financial Operations"
"S2024_NH","SNHCAT","32000","Computer, Engineering, and Science"
"S2024_NH","SNHCAT","33000","Community, Social Service, Legal, Arts,Design, Entertainment, Sports and Media"
"S2024_NH","SNHCAT","34000","Healthcare Practioners and Technical"
"S2024_NH","SNHCAT","35000","Service occupations"
"S2024_NH","SNHCAT","36000","Sales and related occupations"
"S2024_NH","SNHCAT","37000","Office and Administrative Support"
"S2024_NH","SNHCAT","38000","Natural Resources, Construction, and Maintenance"
"S2024_NH","SNHCAT","39000","Production, Transportation, and Material Moving"
"S2024_NH","OCCUPCAT","100","All full-time new hires"
"S2024_NH","OCCUPCAT","200 ","Instructional, research and public service staff"
"S2024_NH","OCCUPCAT","210","Instructional staff"
"S2024_NH","OCCUPCAT","220","Research"
"S2024_NH","OCCUPCAT","230","Public service"
"S2024_NH","OCCUPCAT","250","Librarians/Library Technicians/Archivists and Curators, and Museum technicians/Student and Academic Affairs and Other Education Services"
"S2024_NH","OCCUPCAT","270","Student and Academic Affairs and Other Education Services"
"S2024_NH","OCCUPCAT","300","Management"
"S2024_NH","OCCUPCAT","310","Business and Financial Operations"
"S2024_NH","OCCUPCAT","320","Computer, Engineering, and Science"
"S2024_NH","OCCUPCAT","330","Community, Social Service, Legal, Arts,Design, Entertainment, Sports and Media"
"S2024_NH","OCCUPCAT","340","Healthcare Practioners and Technical"
"S2024_NH","OCCUPCAT","350","Service Occupations"
"S2024_NH","OCCUPCAT","360","Sales and Related Occupations"
"S2024_NH","OCCUPCAT","370","Office and Administrative Support"
"S2024_NH","OCCUPCAT","380","Natural Resources, Construction, and Maintenance"
"S2024_NH","OCCUPCAT","390","Production, Transportation, and Material Moving"
"S2024_NH","FACSTAT","0","All full-time new hires"
"S2024_NH","FACSTAT","10","With faculty status, total"
"S2024_NH","FACSTAT","20","With faculty status, tenured"
"S2024_NH","FACSTAT","30","With faculty status, on tenure track"
"S2024_NH","FACSTAT","40","With faculty status not on tenure track/No tenure system, total"
"S2024_NH","FACSTAT","41","With faculty status not on tenure track/No tenure system, multi-year and indefinite contract"
"S2024_NH","FACSTAT","44","With faculty status not on tenure track/No tenure system, multi-year contract"
"S2024_NH","FACSTAT","45","With faculty status not on tenure track/No tenure system, indefinite contract"
"S2024_NH","FACSTAT","42","With faculty status not on tenure track/No tenure system, annual contract"
"S2024_NH","FACSTAT","43","With faculty status not on tenure track/No tenure system, less-than-annual contract"
"S2024_NH","FACSTAT","50","Without faculty status"
"S2024_SIS","FACSTAT","0","All full-time instructional staff"
"S2024_SIS","FACSTAT","10","With faculty status, total"
"S2024_SIS","FACSTAT","20","With faculty status, tenured"
"S2024_SIS","FACSTAT","30","With faculty status, on tenure track"
"S2024_SIS","FACSTAT","40","With faculty status not on tenure track/No tenure system, total"
"S2024_SIS","FACSTAT","41","With faculty status not on tenure track/No tenure system, multi-year and indefinite contracts"
"S2024_SIS","FACSTAT","44","With faculty status not on tenure track/No tenure system, multi-year contract"
"S2024_SIS","FACSTAT","45","With faculty status not on tenure track/No tenure system, indefinite contract"
"S2024_SIS","FACSTAT","42","With faculty status not on tenure track/No tenure system, annual contract"
"S2024_SIS","FACSTAT","43","With faculty status not on tenure track/No tenure system, less-than-annual contract"
"S2024_SIS","FACSTAT","50","Without faculty status"
"EAP2024","EAPCAT","10000","All staff"
"EAP2024","EAPCAT","10010","All staff, With faculty status"
"EAP2024","EAPCAT","10020","All staff, Tenured"
"EAP2024","EAPCAT","10030","All staff, On Tenure Track"
"EAP2024","EAPCAT","10040","All staff, Not on Tenure Track/No Tenure system"
"EAP2024","EAPCAT","10042","All staff, Annual contract"
"EAP2024","EAPCAT","10043","All staff, Less-than-annual contract"
"EAP2024","EAPCAT","10041","All staff, Multi-year and indefinite contract"
"EAP2024","EAPCAT","10044","All staff, multi-year contract"
"EAP2024","EAPCAT","10045","All staff, indefinite contract"
"EAP2024","EAPCAT","10050","All staff, Without faculty status"
"EAP2024","EAPCAT","10060","All staff, faculty/tenure status not applicable nondegree-granting institutions"
"EAP2024","EAPCAT","20000","Instructional, research and public service"
"EAP2024","EAPCAT","20010","Instructional, research and public service, With faculty status"
"EAP2024","EAPCAT","20020","Instructional, research and public service, Tenured"
"EAP2024","EAPCAT","20030","Instructional, research and public service, On Tenure Track"
"EAP2024","EAPCAT","20040","Instructional, research and public service, Not on Tenure Track/No Tenure system"
"EAP2024","EAPCAT","20042","Instructional, research and public service, Annual contract"
"EAP2024","EAPCAT","20043","Instructional, research and public service, Less-than-annual contract"
"EAP2024","EAPCAT","20041","Instructional, research and public service, Multi-year and indefinite contract"
"EAP2024","EAPCAT","20044","Instructional, research and public service, Multi-year  contract"
"EAP2024","EAPCAT","20045","Instructional, research and public service, Indefinite contract"
"EAP2024","EAPCAT","20050","Instructional, research and public service, Without faculty status"
"EAP2024","EAPCAT","20060","Instructional, research and public service, Faculty/tenure status not applicable, nondegree-granting institutions"
"EAP2024","EAPCAT","21000","Instructional staff, total"
"EAP2024","EAPCAT","21010","Instructional staff, With faculty status"
"EAP2024","EAPCAT","21020","Instructional staff, Tenured"
"EAP2024","EAPCAT","21030","Instructional staff, On Tenure Track"
"EAP2024","EAPCAT","21040","Instructional staff, Not on Tenure Track/No Tenure system"
"EAP2024","EAPCAT","21042","Instructional staff, Annual contract"
"EAP2024","EAPCAT","21043","Instructional staff, Less-than-annual contract"
"EAP2024","EAPCAT","21041","Instructional staff, Multi-year and indefinite contract"
"EAP2024","EAPCAT","21044","Instructional staff, Multi-year contract"
"EAP2024","EAPCAT","21045","Instructional staff, Indefinite contract"
"EAP2024","EAPCAT","21050","Instructional staff, Without faculty status"
"EAP2024","EAPCAT","21060","Instructional staff, Faculty/tenure status not applicable, nondegree-granting institutions"
"EAP2024","EAPCAT","21100","Instructional staff, primarily instruction"
"EAP2024","EAPCAT","21110","Instructional staff, primarily instruction, With faculty status"
"EAP2024","EAPCAT","21120","Instructional staff, primarily instruction, Tenured"
"EAP2024","EAPCAT","21130","Instructional staff, primarily instruction, On Tenure Track"
"EAP2024","EAPCAT","21140","Instructional staff, primarily instruction, Not on Tenure Track/No Tenure system"
"EAP2024","EAPCAT","21142","Instructional staff, primarily instruction, Annual contract"
"EAP2024","EAPCAT","21143","Instructional staff, primarily instruction, Less-than-annual contract"
"EAP2024","EAPCAT","21141","Instructional staff, primarily instruction, Multi-year and indefinite contract"
"EAP2024","EAPCAT","21144","Instructional staff, primarily instruction, Multi-year contract"
"EAP2024","EAPCAT","21145","Instructional staff, primarily instruction, Indefinite contract"
"EAP2024","EAPCAT","21150","Instructional staff, primarily instruction, Without faculty status"
"EAP2024","EAPCAT","21160","Instructional staff, primarily instruction, Faculty/tenure status not applicable, nondegree-granting institutions"
"EAP2024","EAPCAT","21200","Instructional staff, primarily instruction, exclusively credit"
"EAP2024","EAPCAT","21210","Instructional staff, primarily instruction, exclusively credit With faculty status"
"EAP2024","EAPCAT","21220","Instructional staff, primarily instruction, exclusively credit Tenured"
"EAP2024","EAPCAT","21230","Instructional staff, primarily instruction, exclusively credit On Tenure Track"
"EAP2024","EAPCAT","21240","Instructional staff, primarily instruction, exclusively credit Not on Tenure Track/No Tenure system"
"EAP2024","EAPCAT","21242","Instructional staff, primarily instruction, exclusively credit Annual contract"
"EAP2024","EAPCAT","21243","Instructional staff, primarily instruction, exclusively credit Less-than-annual contract"
"EAP2024","EAPCAT","21241","Instructional staff, primarily instruction, exclusively credit Multi-year and indefinite contract"
"EAP2024","EAPCAT","21244","Instructional staff, primarily instruction, exclusively credit Multi-year contract"
"EAP2024","EAPCAT","21245","Instructional staff, primarily instruction, exclusively credit Indefinite contract"
"EAP2024","EAPCAT","21250","Instructional staff, primarily instruction, exclusively credit Without faculty status"
"EAP2024","EAPCAT","21260","Instructional staff, primarily instruction, exclusively credit, Faculty/tenure status not applicable, nondegree-granting institutions"
"EAP2024","EAPCAT","21300","Instructional staff, primarily instruction, exclusively not-for-credit"
"EAP2024","EAPCAT","21310","Instructional staff, primarily instruction, exclusively not-for-credit With faculty status"
"EAP2024","EAPCAT","21320","Instructional staff, primarily instruction, exclusively not-for-credit Tenured"
"EAP2024","EAPCAT","21330","Instructional staff, primarily instruction, exclusively not-for-credit On Tenure Track"
"EAP2024","EAPCAT","21340","Instructional staff, primarily instruction, exclusively not-for-credit Not on Tenure Track/No Tenure system"
"EAP2024","EAPCAT","21342","Instructional staff, primarily instruction, exclusively not-for-credit Annual contract"
"EAP2024","EAPCAT","21343","Instructional staff, primarily instruction, exclusively not-for-credit Less-than-annual contract"
"EAP2024","EAPCAT","21341","Instructional staff, primarily instruction, exclusively not-for-credit Multi-year and indefinite contract"
"EAP2024","EAPCAT","21344","Instructional staff, primarily instruction, exclusively not-for-credit Multi-year contract"
"EAP2024","EAPCAT","21345","Instructional staff, primarily instruction, exclusively not-for-credit Indefinite contract"
"EAP2024","EAPCAT","21350","Instructional staff, primarily instruction, exclusively not-for-credit Without faculty status"
"EAP2024","EAPCAT","21360","Instructional staff, primarily instruction, exclusively not-for-credit, Faculty/tenure status not applicable, degree-granting institutions"
"EAP2024","EAPCAT","21400","Instructional staff, primarily instruction, combined credit/not-for-credit"
"EAP2024","EAPCAT","21410","Instructional staff, primarily instruction, combined credit/not-for-credit With faculty status"
"EAP2024","EAPCAT","21420","Instructional staff, primarily instruction, combined credit/not-for-credit Tenured"
"EAP2024","EAPCAT","21430","Instructional staff, primarily instruction, combined credit/not-for-credit On Tenure Track"
"EAP2024","EAPCAT","21440","Instructional staff, primarily instruction, combined credit/not-for-credit Not on Tenure Track/No Tenure system"
"EAP2024","EAPCAT","21442","Instructional staff, primarily instruction, combined credit/not-for-credit Annual contract"
"EAP2024","EAPCAT","21443","Instructional staff, primarily instruction, combined credit/not-for-credit Less-than-annual contract"
"EAP2024","EAPCAT","21441","Instructional staff, primarily instruction, combined credit/not-for-credit Multi-year and indefinite contract"
"EAP2024","EAPCAT","21444","Instructional staff, primarily instruction, combined credit/not-for-credit Multi-year contract"
"EAP2024","EAPCAT","21445","Instructional staff, primarily instruction, combined credit/not-for-credit Indefinite contract"
"EAP2024","EAPCAT","21450","Instructional staff, primarily instruction, combined credit/not-for-credit Without faculty status"
"EAP2024","EAPCAT","21460","Instructional staff, primarily instruction, combined credit/not-for-credit, Faculty/tenure status not applicable, nondegree-granting institution"
"EAP2024","EAPCAT","21500","Instructional staff - Instruction/research/public service"
"EAP2024","EAPCAT","21510","Instructional staff - Instruction/research/public service With faculty status"
"EAP2024","EAPCAT","21520","Instructional staff - Instruction/research/public service Tenured"
"EAP2024","EAPCAT","21530","Instructional staff - Instruction/research/public service On Tenure Track"
"EAP2024","EAPCAT","21540","Instructional staff - Instruction/research/public service Not on Tenure Track/No Tenure system"
"EAP2024","EAPCAT","21542","Instructional staff - Instruction/research/public service Annual contract"
"EAP2024","EAPCAT","21543","Instructional staff - Instruction/research/public service Less-than-annual contract"
"EAP2024","EAPCAT","21541","Instructional staff - Instruction/research/public service Multi-year and indefinite contract"
"EAP2024","EAPCAT","21544","Instructional staff - Instruction/research/public service Multi-year contract"
"EAP2024","EAPCAT","21545","Instructional staff - Instruction/research/public service Indefinite contract"
"EAP2024","EAPCAT","21550","Instructional staff - Instruction/research/public service Without faculty status"
"EAP2024","EAPCAT","21560","Instructional staff - Instruction/research/pubic service, Faculty/tenure status not applicable nondegree-granting institutions"
"EAP2024","EAPCAT","22000","Research"
"EAP2024","EAPCAT","22010","Research With faculty status"
"EAP2024","EAPCAT","22020","Research Tenured"
"EAP2024","EAPCAT","22030","Research On Tenure Track"
"EAP2024","EAPCAT","22040","Research Not on Tenure Track/No Tenure system"
"EAP2024","EAPCAT","22042","Research Annual contract"
"EAP2024","EAPCAT","22043","Research Less-than-annual contract"
"EAP2024","EAPCAT","22041","Research Multi-year and indefinite contract"
"EAP2024","EAPCAT","22044","Research Multi-year contract"
"EAP2024","EAPCAT","22045","Research Indefinite contract"
"EAP2024","EAPCAT","22050","Research Without faculty status"
"EAP2024","EAPCAT","22060","Research Faculty/tenure status not applicable nondegree-granting institutions"
"EAP2024","EAPCAT","23000","Public service"
"EAP2024","EAPCAT","23010","Public service With faculty status"
"EAP2024","EAPCAT","23020","Public service Tenured"
"EAP2024","EAPCAT","23030","Public service On Tenure Track"
"EAP2024","EAPCAT","23040","Public service Not on Tenure Track/No Tenure system"
"EAP2024","EAPCAT","23042","Public service Annual contract"
"EAP2024","EAPCAT","23043","Public service Less-than-annual contract"
"EAP2024","EAPCAT","23041","Public service Multi-year and indefinite contract"
"EAP2024","EAPCAT","23044","Public service Multi-year contract"
"EAP2024","EAPCAT","23045","Public service Indefinite contract"
"EAP2024","EAPCAT","23050","Public service Without faculty status"
"EAP2024","EAPCAT","23060","Public service Faculty/tenure status not applicable nondegree-granting institutions"
"EAP2024","EAPCAT","25000","Library/Archivists,Curators, and Museum/Student and Acacemic Affairs and Other Education Services"
"EAP2024","EAPCAT","25010","Library/Archivists,Curators, and Museum/Student and Acacemic Affairs and Other Education ServicesWith faculty status"
"EAP2024","EAPCAT","25020","Library/Archivists,Curators, and Museum/Student and Acacemic Affairs and Other Education ServicesTenured"
"EAP2024","EAPCAT","25030","Library/Archivists,Curators, and Museum/Student and Acacemic Affairs and Other Education Services On Tenure Track"
"EAP2024","EAPCAT","25040","Library/Archivists,Curators, and Museum/ Sudent and Acacemic Affairs and Other Education Services Not on Tenure Track/No Tenure system"
"EAP2024","EAPCAT","25042","Library/Archivists,Curators, and Museum/ Sudent and Acacemic Affairs and Other Education Services  Annual contract"
"EAP2024","EAPCAT","25043","Library/Archivists,Curators, and Museum/ Sudent and Acacemic Affairs and Other Education Services  Less-than-annual contract"
"EAP2024","EAPCAT","25041","Library/Archivists,Curators, and Museum/ Sudent and Acacemic Affairs and Other Education Services  Multi-year and indefinite contract"
"EAP2024","EAPCAT","25044","Library/Archivists,Curators, and Museum/ Sudent and Acacemic Affairs and Other Education Services  Multi-year contract"
"EAP2024","EAPCAT","25045","Library/Archivists,Curators, and Museum/ Sudent and Acacemic Affairs and Other Education Services  Indefinite contract"
"EAP2024","EAPCAT","25050","Librarians, Curators, Archivists and other teaching Instructional support Without faculty status"
"EAP2024","EAPCAT","25060","Library/Archivists,Curators, and Museum/Student and Acacemic Affairs and Other Education Services  Faculty status not applicable nondegree-granting institutions"
"EAP2024","EAPCAT","26000","Librarians/Library Technicians/Archivists, Curators, and Museum Technicians"
"EAP2024","EAPCAT","26010","Librarians/Library Technicians/Archivists, Curators, and Museum Technicians With faculty status"
"EAP2024","EAPCAT","26020","Librarians/Library Technicians/Archivists, Curators, and Museum Technicians Tenured"
"EAP2024","EAPCAT","26030","Librarians/Library Technicians/Archivists, Curators, and Museum Technicians On Tenure Track"
"EAP2024","EAPCAT","26040","Librarians/Library Technicians/Archivists, Curators, and Museum Technicians Not on Tenure Track/No Tenure system"
"EAP2024","EAPCAT","26042","Librarians/Library Technicians/Archivists, Curators, and Museum Technicians Annual contract"
"EAP2024","EAPCAT","26043","Librarians/Library Technicians/Archivists, Curators, and Museum Technicians Less-than-annual contract"
"EAP2024","EAPCAT","26041","Librarians/Library Technicians/Archivists, Curators, and Museum Technicians Multi-year and indefinite contract"
"EAP2024","EAPCAT","26044","Librarians/Library Technicians/Archivists, Curators, and Museum Technicians Multi-year contract"
"EAP2024","EAPCAT","26045","Librarians/Library Technicians/Archivists, Curators, and Museum Technicians Indefinite contract"
"EAP2024","EAPCAT","26050","Librarians/Library Technicians/Archivists, Curators, and Museum Technicians Without faculty status"
"EAP2024","EAPCAT","26060","Librarians/Library Technicians/Archivists, Curators, and Museum Technicians not applicable, nondegree-granting institutions"
"EAP2024","EAPCAT","26100","Archivists, Curators, and Museum Technicians"
"EAP2024","EAPCAT","26110","Archivists, Curators, and Museum Technicians With faculty status"
"EAP2024","EAPCAT","26120","Archivists, Curators, and Museum Technicians Tenured"
"EAP2024","EAPCAT","26130","Archivists, Curators, and Museum Technicians On Tenure Track"
"EAP2024","EAPCAT","26140","Archivists, Curators, and Museum Technicians Not on Tenure Track/No Tenure system"
"EAP2024","EAPCAT","26142","Archivists, Curators, and Museum Technicians Annual contract"
"EAP2024","EAPCAT","26143","Archivists, Curators, and Museum Technicians Less-than-annual contract"
"EAP2024","EAPCAT","26141","Archivists, Curators, and Museum Technicians Multi-year and indefinite contract"
"EAP2024","EAPCAT","26144","Archivists, Curators, and Museum Technicians Multi-year contract"
"EAP2024","EAPCAT","26145","Archivists, Curators, and Museum Technicians Indefinite contract"
"EAP2024","EAPCAT","26150","Archivists, Curators, and Museum Technicians Without faculty status"
"EAP2024","EAPCAT","26160","Archivists, Curators, and Museum Technicians Faculty/tenure status not applicable, nondegree-granting institutions"
"EAP2024","EAPCAT","26200","Librarians"
"EAP2024","EAPCAT","26210","Librarians With faculty status"
"EAP2024","EAPCAT","26220","Librarians Tenured"
"EAP2024","EAPCAT","26230","Librarians On Tenure Track"
"EAP2024","EAPCAT","26240","Librarians Not on Tenure Track/No Tenure system"
"EAP2024","EAPCAT","26242","Librarians Annual contract"
"EAP2024","EAPCAT","26243","Librarians Less-than-annual contract"
"EAP2024","EAPCAT","26241","Librarians Multi-year and indefinite contract"
"EAP2024","EAPCAT","26244","Librarians Multi-year contract"
"EAP2024","EAPCAT","26245","Librarians Indefinite contract"
"EAP2024","EAPCAT","26250","Librarians Without faculty status"
"EAP2024","EAPCAT","26260","Librarians Faculty/tenure status not applicable, nondegree-granting institutions"
"EAP2024","EAPCAT","26300","Library Technicians"
"EAP2024","EAPCAT","26310","Library Technicians With faculty status"
"EAP2024","EAPCAT","26320","Library Technicians Tenured"
"EAP2024","EAPCAT","26330","Library Technicians On Tenure Track"
"EAP2024","EAPCAT","26340","Library Technicians Not on Tenure Track/No Tenure system"
"EAP2024","EAPCAT","26342","Library Technicians Annual contract"
"EAP2024","EAPCAT","26343","Library Technicians Less-than-annual contract"
"EAP2024","EAPCAT","26341","Library Technicians Multi-year and indefinite contract"
"EAP2024","EAPCAT","26344","Library Technicians Multi-year contract"
"EAP2024","EAPCAT","26345","Library Technicians Indefinite contract"
"EAP2024","EAPCAT","26350","Library Technicians Without faculty status"
"EAP2024","EAPCAT","26360","Library Technicians Faculty/tenure status not applicable, nondegree-granting institutions"
"EAP2024","EAPCAT","26400","Detailed library occupations not available for non-degree-granting institutions"
"EAP2024","EAPCAT","26410","Detailed library occupations not available for non-degree-granting institutions With faculty status"
"EAP2024","EAPCAT","26420","Detailed library occupations not available for non-degree-granting institutions Tenured"
"EAP2024","EAPCAT","26430","Detailed library occupations not available for non-degree-granting institutions On Tenure Track"
"EAP2024","EAPCAT","26440","Detailed library occupations not available for non-degree-granting institutions Not on Tenure Track/No Tenure system"
"EAP2024","EAPCAT","26442","Detailed library occupations not available for non-degree-granting institutions Annual contract"
"EAP2024","EAPCAT","26443","Detailed library occupations not available for non-degree-granting institutions Less-than-annual contract"
"EAP2024","EAPCAT","26441","Detailed library occupations not available for non-degree-granting institutions Multi-year and indefinite contract"
"EAP2024","EAPCAT","26444","Detailed library occupations not available for non-degree-granting institutions Multi-year contract"
"EAP2024","EAPCAT","26445","Detailed library occupations not available for non-degree-granting institutions Indefinite contract"
"EAP2024","EAPCAT","26450","Detailed library occupations not available for non-degree-granting institutions Without faculty status"
"EAP2024","EAPCAT","26460","Detailed library occupations and faculty/tenure status not applicable, nondegree-granting institutions"
"EAP2024","EAPCAT","27000","Student and Academic Affairs and Other Education Services"
"EAP2024","EAPCAT","27010","Student and Academic Affairs and Other Education Services  With faculty status"
"EAP2024","EAPCAT","27020","Student and Academic Affairs and Other Education Services Tenured"
"EAP2024","EAPCAT","27030","Student and Academic Affairs and Other Education Services On Tenure Track"
"EAP2024","EAPCAT","27040","Student and Academic Affairs and Other Education Services  Not on Tenure Track/No Tenure system"
"EAP2024","EAPCAT","27042","Student and Academic Affairs and Other Education Services  Annual contract"
"EAP2024","EAPCAT","27043","Student and Academic Affairs and Other Education Services  Less-than-annual contract"
"EAP2024","EAPCAT","27041","Student and Academic Affairs and Other Education Services  Multi-year and indefinite contract"
"EAP2024","EAPCAT","27044","Student and Academic Affairs and Other Education Services  Multi-year contract"
"EAP2024","EAPCAT","27045","Student and Academic Affairs and Other Education Services  Indefinite contract"
"EAP2024","EAPCAT","27050","Student and Academic Affairs and Other Education Services  Without faculty status"
"EAP2024","EAPCAT","27060","Student and Academic Affairs and Other Education Services  Faculty/tenure status not applicable"
"EAP2024","EAPCAT","30000","Management"
"EAP2024","EAPCAT","30010","Management With faculty status"
"EAP2024","EAPCAT","30020","Management Tenured"
"EAP2024","EAPCAT","30030","Management On Tenure Track"
"EAP2024","EAPCAT","30040","Management Not on Tenure Track/No Tenure system"
"EAP2024","EAPCAT","30042","Management Annual contract"
"EAP2024","EAPCAT","30043","Management Less-than-annual contract"
"EAP2024","EAPCAT","30041","Management Multi-year and indefinite contract"
"EAP2024","EAPCAT","30044","Management Multi-year contract"
"EAP2024","EAPCAT","30045","Management Indefinite contract"
"EAP2024","EAPCAT","30050","Management Without faculty status"
"EAP2024","EAPCAT","30060","Management Faculty/tenure status not applicble non degree-granting institutions"
"EAP2024","EAPCAT","31000","Business and Financial Operations"
"EAP2024","EAPCAT","31010","Business and Financial Operations  With faculty status"
"EAP2024","EAPCAT","31020","Business and Financial Operations  Tenured"
"EAP2024","EAPCAT","31030","Business and Financial Operations  On Tenure Track"
"EAP2024","EAPCAT","31040","Business and Financial Operations  Not on Tenure Track/No Tenure system"
"EAP2024","EAPCAT","31042","Business and Financial Operations  Annual contract"
"EAP2024","EAPCAT","31043","Business and Financial Operations  Less-than-annual contract"
"EAP2024","EAPCAT","31041","Business and Financial Operations  Multi-year and indefinite contract"
"EAP2024","EAPCAT","31044","Business and Financial Operations  Multi-year contract"
"EAP2024","EAPCAT","31045","Business and Financial Operations  Indefinite contract"
"EAP2024","EAPCAT","31050","Business and Financial Operations  Without faculty status"
"EAP2024","EAPCAT","31060","Business and Financial Operations Faculty/tenure status not applicble non degree-granting institutions"
"EAP2024","EAPCAT","32000","Computer, Engineering, and Science"
"EAP2024","EAPCAT","32010","Computer, Engineering, and Science With faculty status"
"EAP2024","EAPCAT","32020","Computer, Engineering, and Science Tenured"
"EAP2024","EAPCAT","32030","Computer, Engineering, and Science On Tenure Track"
"EAP2024","EAPCAT","32040","Computer, Engineering, and Science Not on Tenure Track/No Tenure system"
"EAP2024","EAPCAT","32042","Computer, Engineering, and Science Annual contract"
"EAP2024","EAPCAT","32043","Computer, Engineering, and Science Less-than-annual contract"
"EAP2024","EAPCAT","32041","Computer, Engineering, and Science Multi-year and indefinite contract"
"EAP2024","EAPCAT","32044","Computer, Engineering, and Science Multi-year contract"
"EAP2024","EAPCAT","32045","Computer, Engineering, and Science Indefinite contract"
"EAP2024","EAPCAT","32050","Computer, Engineering, and Science Without faculty status"
"EAP2024","EAPCAT","32060","Computer, Engineering, and Science Faculty/tenure status not applicble non degree-granting institutions"
"EAP2024","EAPCAT","33000","Community, Social Service, Legal, Arts, Design, Entertainment, Sports and Media"
"EAP2024","EAPCAT","33010","Community, Social Service, Legal, Arts, Design, Entertainment, Sports and Media With faculty status"
"EAP2024","EAPCAT","33020","Community, Social Service, Legal, Arts, Design, Entertainment, Sports and Media Tenured"
"EAP2024","EAPCAT","33030","Community, Social Service, Legal, Arts, Design, Entertainment, Sports and Media On Tenure Track"
"EAP2024","EAPCAT","33040","Community, Social Service, Legal, Arts, Design, Entertainment, Sports and Media Not on Tenure Track/No Tenure system"
"EAP2024","EAPCAT","33042","Community, Social Service, Legal, Arts, Design, Entertainment, Sports and Media Annual contract"
"EAP2024","EAPCAT","33043","Community, Social Service, Legal, Arts, Design, Entertainment, Sports and MediaLess-than-annual contract"
"EAP2024","EAPCAT","33041","Community, Social Service, Legal, Arts, Design, Entertainment, Sports and Media Multi-year and indefinite contract"
"EAP2024","EAPCAT","33044","Community, Social Service, Legal, Arts, Design, Entertainment, Sports and Media Multi-year contract"
"EAP2024","EAPCAT","33045","Community, Social Service, Legal, Arts, Design, Entertainment, Sports and Media Indefinite contract"
"EAP2024","EAPCAT","33050","Community, Social Service, Legal, Arts, Design, Entertainment, Sports and Media Without faculty status"
"EAP2024","EAPCAT","33060","Community Service, Legal, Arts, and Media Faculty/tenure status not applicble non degree-granting institutions"
"EAP2024","EAPCAT","34000","Healthcare Practioners and Technical"
"EAP2024","EAPCAT","34010","Healthcare Practioners and Technical With faculty status"
"EAP2024","EAPCAT","34020","Healthcare Practioners and Technical Tenured"
"EAP2024","EAPCAT","34030","Healthcare Practioners and Technical On Tenure Track"
"EAP2024","EAPCAT","34040","Healthcare Practioners and Technical Not on Tenure Track/No Tenure system"
"EAP2024","EAPCAT","34042","Healthcare Practioners and Technical Annual contract"
"EAP2024","EAPCAT","34043","Healthcare Practioners and Technical Less-than-annual contract"
"EAP2024","EAPCAT","34041","Healthcare Practioners and Technical Multi-year and indefinite contract"
"EAP2024","EAPCAT","34044","Healthcare Practioners and Technical Multi-year contract"
"EAP2024","EAPCAT","34045","Healthcare Practioners and Technical Indefinite contract"
"EAP2024","EAPCAT","34050","Healthcare Practioners and Technical Without faculty status"
"EAP2024","EAPCAT","34060","Healthcare Practioners and Technical Faculty/tenure status not applicble non degree-granting institutions"
"EAP2024","EAPCAT","35000","Service Occupations"
"EAP2024","EAPCAT","35060","Service Occupations Faculty/tenure status not applicble non degree-granting institutions"
"EAP2024","EAPCAT","36000","Sales and Related Occupations"
"EAP2024","EAPCAT","36060","Sales and Related Occupations Faculty/tenure status not applicble non degree-granting institutions"
"EAP2024","EAPCAT","37000","Office and Administrative Support"
"EAP2024","EAPCAT","37060","Office and Administrative Support Faculty/tenure status not applicble non degree-granting institutions"
"EAP2024","EAPCAT","38000","Natural Resources, Construction, and Maintenance"
"EAP2024","EAPCAT","38060","Natural Resources, Construction, and Maintenance Faculty/tenure status not applicble non degree-granting institutions"
"EAP2024","EAPCAT","39000","Production, Transportation, and Material Moving"
"EAP2024","EAPCAT","39060","Production, Transportation, and Material Moving Faculty/tenure status not applicble non degree-granting institutions"
"EAP2024","EAPCAT","40000","Graduate Assistants"
"EAP2024","EAPCAT","41000","Graduate Assistants Teaching"
"EAP2024","EAPCAT","42000","Graduate Assistants Research"
"EAP2024","EAPCAT","49000","Graduate Assistants Other"
"EAP2024","OCCUPCAT","100","All staff"
"EAP2024","OCCUPCAT","200","Instructional, research and public service staff"
"EAP2024","OCCUPCAT","210","Instructional staff, total"
"EAP2024","OCCUPCAT","211","Instructional staff, primarily instruction"
"EAP2024","OCCUPCAT","212","Instructional staff, primarily instruction, exclusively credit"
"EAP2024","OCCUPCAT","213","Instructional staff, primarily instruction, exclusively not-for-credit"
"EAP2024","OCCUPCAT","214","Instructional staff, primarily instruction, combined credit/not-for-credit"
"EAP2024","OCCUPCAT","215","Instructional staff - Instruction/research/public service"
"EAP2024","OCCUPCAT","220","Research"
"EAP2024","OCCUPCAT","230","Public service"
"EAP2024","OCCUPCAT","250","Librarians/Library Technicians/Archivists and Curators, and Museum technicians/Student and Academic Affairs and Other Education Services"
"EAP2024","OCCUPCAT","260","Librarians, Curators, and Archivists"
"EAP2024","OCCUPCAT","261","Archivists, Curators, and Museum Technicians"
"EAP2024","OCCUPCAT","262","Librarians"
"EAP2024","OCCUPCAT","263","Library Technicians"
"EAP2024","OCCUPCAT","264","Detailed library occupations not available for non-degree-granting institutions"
"EAP2024","OCCUPCAT","270","Student and Academic Affairs and Other Education Services"
"EAP2024","OCCUPCAT","300","Management"
"EAP2024","OCCUPCAT","310","Business and Financial Operations"
"EAP2024","OCCUPCAT","320","Computer, Engineering, and Science"
"EAP2024","OCCUPCAT","330","Community Social Service, Legal, Arts, Design, Entertainment, Sports and Media"
"EAP2024","OCCUPCAT","340","Healthcare Practioners and Technical"
"EAP2024","OCCUPCAT","350","Service Occupations"
"EAP2024","OCCUPCAT","360","Sales and Related Occupations"
"EAP2024","OCCUPCAT","370","Office and Administrative Support"
"EAP2024","OCCUPCAT","380","Natural Resources, Construction, and Maintenance"
"EAP2024","OCCUPCAT","390","Production, Transportation, and Material Moving"
"EAP2024","OCCUPCAT","400","Graduate Assistants Total"
"EAP2024","OCCUPCAT","410","Graduate Assistants Teaching"
"EAP2024","OCCUPCAT","420","Graduate Assistants Research"
"EAP2024","OCCUPCAT","490","Graduate Assistants Other"
"EAP2024","FACSTAT","0","All staff"
"EAP2024","FACSTAT","10","With faculty status, total"
"EAP2024","FACSTAT","20","With faculty status, tenured"
"EAP2024","FACSTAT","30","With faculty status, on tenure track"
"EAP2024","FACSTAT","40","With faculty status not on tenure track/No tenure system, total"
"EAP2024","FACSTAT","41","With faculty status not on tenure track/No tenure system, multi-year and indefinite contract"
"EAP2024","FACSTAT","44","With faculty status not on tenure track/No tenure system, multi-year contract"
"EAP2024","FACSTAT","45","With faculty status not on tenure track/No tenure system, indefinite contract"
"EAP2024","FACSTAT","42","With faculty status not on tenure track/No tenure system, annual contract"
"EAP2024","FACSTAT","43","With faculty status not on tenure track/No tenure system, less-than-annual contract"
"EAP2024","FACSTAT","50","Without faculty status"
"EAP2024","FACSTAT","60","Faculty/tenure status not applicable, nondegree-granting institutions"
"AL2024","LCOLELYN","1","Yes"
"AL2024","LCOLELYN","2","No"
"AL2024","LCOLELYN","-2","Not applicable"
"AL2024","LCOLELYN","-1","Not reported"
"AL2024","LEXP100K","1","Greater than or equal to $100,000"
"AL2024","LEXP100K","2","Less than $100,000"
"AL2024","LEXP100K","-2","Not applicable"
"AL2024","LEXP100K","-1","Not reported"
"AL2024","LFRNGBYN","1","Yes"
"AL2024","LFRNGBYN","2","No"
"AL2024","LFRNGBYN","-2","Not applicable"
"AL2024","LFRNGBYN","-1","Not reported"
"AL2024","LILLDYN","1","Yes"
"AL2024","LILLDYN","2","No"
"AL2024","LILLDYN","-2","Not applicable"
"AL2024","LILLDYN","-1","Not reported"
"AL2024","LILSYN","1","Yes"
"AL2024","LILSYN","2","No"
"AL2024","LILSYN","-2","Not applicable"
"AL2024","LILSYN","-1","Not reported"
"COST1_2024","TUITVARY","1","Yes"
"COST1_2024","TUITVARY","2","No"
"COST1_2024","TUITVARY","-1","Not reported"
"COST1_2024","TUITVARY","-2","Not applicable"
"COST1_2024","ROOM","1","Yes"
"COST1_2024","ROOM","2","No"
"COST1_2024","ROOM","-1","Not reported"
"COST1_2024","ROOM","-2","Not applicable"
"COST1_2024","BOARD","1","Yes, number of meals in the maximum meal plan offered"
"COST1_2024","BOARD","2","Yes, number of meals per week can vary"
"COST1_2024","BOARD","3","No"
"COST1_2024","BOARD","-1","Not reported"
"COST1_2024","BOARD","-2","Not applicable"
"COST1_2024","CIPCODE1","01.0000","Agriculture, General"
"COST1_2024","CIPCODE1","11.0202","Computer Programming, Specific Applications"
"COST1_2024","CIPCODE1","12.0301","Funeral Service and Mortuary Science, General"
"COST1_2024","CIPCODE1","13.1209","Early Childhood Education and Teaching"
"COST1_2024","CIPCODE1","14.1004","Metallurgical Engineering"
"COST1_2024","CIPCODE1","24.0101","Liberal Arts and Sciences/Liberal Studies"
"COST1_2024","CIPCODE1","30.7199","Interdisciplinary Studies, Other (30.7199)"
"COST1_2024","CIPCODE1","39.0602","Divinity/Ministry (BD, MDiv.)"
"COST1_2024","CIPCODE1","46.0201","Carpentry/Carpenter"
"COST1_2024","CIPCODE1","46.0503","Plumbing Technology/Plumber"
"COST1_2024","CIPCODE1","47.0199","Electrical/Electronics Maintenance and Repair Technology, Other"
"COST1_2024","CIPCODE1","50.0407","Fashion/Apparel Design"
"COST1_2024","CIPCODE1","51.0812","Respiratory Therapy Technician/Assistant"
"COST1_2024","CIPCODE1","52.0204","Office Management and Supervision"
"COST1_2024","CIPCODE1","01.0104","Farm/Farm and Ranch Management"
"COST1_2024","CIPCODE1","01.0307","Horse Husbandry/Equine Science and Management"
"COST1_2024","CIPCODE1","01.0504","Dog/Pet/Animal Grooming"
"COST1_2024","CIPCODE1","01.8101","Veterinary Sciences/Veterinary Clinical Sciences, General"
"COST1_2024","CIPCODE1","01.8301","Veterinary/Animal Health Technology/Technician and Veterinary Assistant"
"COST1_2024","CIPCODE1","09.0701","Radio and Television"
"COST1_2024","CIPCODE1","10.0202","Radio and Television Broadcasting Technology/Technician"
"COST1_2024","CIPCODE1","10.0203","Recording Arts Technology/Technician"
"COST1_2024","CIPCODE1","10.0299","Audiovisual Communications Technologies/Technicians, Other"
"COST1_2024","CIPCODE1","10.0304","Animation, Interactive Technology, Video Graphics, and Special Effects"
"COST1_2024","CIPCODE1","10.9999","Communications Technologies/Technicians and Support Services, Other"
"COST1_2024","CIPCODE1","11.0101","Computer and Information Sciences, General"
"COST1_2024","CIPCODE1","11.0103","Information Technology"
"COST1_2024","CIPCODE1","11.0205","Computer Programming, Specific Platforms"
"COST1_2024","CIPCODE1","11.0301","Data Processing and Data Processing Technology/Technician"
"COST1_2024","CIPCODE1","11.0801","Web Page, Digital/Multimedia and Information Resources Design"
"COST1_2024","CIPCODE1","11.0901","Computer Systems Networking and Telecommunications"
"COST1_2024","CIPCODE1","11.1001","Network and System Administration/Administrator"
"COST1_2024","CIPCODE1","11.1003","Computer and Information Systems Security/Auditing/Information Assurance"
"COST1_2024","CIPCODE1","11.1006","Computer Support Specialist"
"COST1_2024","CIPCODE1","12.0302","Funeral Direction/Service"
"COST1_2024","CIPCODE1","12.0401","Cosmetology/Cosmetologist, General"
"COST1_2024","CIPCODE1","12.0402","Barbering/Barber"
"COST1_2024","CIPCODE1","12.0404","Electrolysis/Electrology and Electrolysis Technician"
"COST1_2024","CIPCODE1","12.0406","Make-Up Artist/Specialist"
"COST1_2024","CIPCODE1","12.0407","Hair Styling/Stylist and Hair Design"
"COST1_2024","CIPCODE1","12.0408","Facial Treatment Specialist/Facialist"
"COST1_2024","CIPCODE1","12.0409","Aesthetician/Esthetician and Skin Care Specialist"
"COST1_2024","CIPCODE1","12.0410","Nail Technician/Specialist and Manicurist"
"COST1_2024","CIPCODE1","12.0413","Cosmetology, Barber/Styling, and Nail Instructor"
"COST1_2024","CIPCODE1","12.0414","Master Aesthetician/Esthetician"
"COST1_2024","CIPCODE1","12.0499","Cosmetology and Related Personal Grooming Arts, Other"
"COST1_2024","CIPCODE1","12.0500","Cooking and Related Culinary Arts, General"
"COST1_2024","CIPCODE1","12.0501","Baking and Pastry Arts/Baker/Pastry Chef"
"COST1_2024","CIPCODE1","12.0503","Culinary Arts/Chef Training"
"COST1_2024","CIPCODE1","12.0599","Culinary Arts and Related Services, Other"
"COST1_2024","CIPCODE1","12.0602","Casino Dealing"
"COST1_2024","CIPCODE1","13.1207","Montessori Teacher Education"
"COST1_2024","CIPCODE1","14.1001","Electrical and Electronics Engineering"
"COST1_2024","CIPCODE1","15.0303","Electrical, Electronic, and Communications Engineering Technology/Technician"
"COST1_2024","CIPCODE1","15.0403","Electromechanical/Electromechanical Engineering Technology/Technician"
"COST1_2024","CIPCODE1","15.0501","Heating, Ventilation, Air Conditioning and Refrigeration Engineering Technology/Technician"
"COST1_2024","CIPCODE1","15.0799","Quality Control and Safety Technologies/Technicians, Other"
"COST1_2024","CIPCODE1","15.0801","Aeronautical/Aerospace Engineering Technology/Technician"
"COST1_2024","CIPCODE1","15.1202","Computer/Computer Systems Technology/Technician"
"COST1_2024","CIPCODE1","19.0708","Child Care and Support Services Management"
"COST1_2024","CIPCODE1","22.0302","Legal Assistant/Paralegal"
"COST1_2024","CIPCODE1","22.0303","Court Reporting and Captioning/Court Reporter"
"COST1_2024","CIPCODE1","23.0101","English Language and Literature, General"
"COST1_2024","CIPCODE1","23.1301","Writing, General"
"COST1_2024","CIPCODE1","31.0507","Physical Fitness Technician"
"COST1_2024","CIPCODE1","39.0699","Theological and Ministerial Studies, Other"
"COST1_2024","CIPCODE1","43.0102","Corrections"
"COST1_2024","CIPCODE1","43.0107","Criminal Justice/Police Science"
"COST1_2024","CIPCODE1","43.0203","Fire Science/Fire-fighting"
"COST1_2024","CIPCODE1","46.0000","Construction Trades, General"
"COST1_2024","CIPCODE1","46.0301","Electrical and Power Transmission Installation/Installer, General"
"COST1_2024","CIPCODE1","46.0302","Electrician"
"COST1_2024","CIPCODE1","46.0303","Lineworker"
"COST1_2024","CIPCODE1","46.0401","Building/Property Maintenance"
"COST1_2024","CIPCODE1","46.0415","Building Construction Technology/Technician"
"COST1_2024","CIPCODE1","47.0101","Electrical/Electronics Equipment Installation and Repair Technology/Technician, General"
"COST1_2024","CIPCODE1","47.0103","Communications Systems Installation and Repair Technology/Technician"
"COST1_2024","CIPCODE1","47.0104","Computer Installation and Repair Technology/Technician"
"COST1_2024","CIPCODE1","47.0201","Heating, Air Conditioning, Ventilation and Refrigeration Maintenance Technology/Technician"
"COST1_2024","CIPCODE1","47.0303","Industrial Mechanics and Maintenance Technology/Technician"
"COST1_2024","CIPCODE1","47.0402","Gunsmithing/Gunsmith"
"COST1_2024","CIPCODE1","47.0403","Locksmithing and Safe Repair"
"COST1_2024","CIPCODE1","47.0404","Musical Instrument Fabrication and Repair"
"COST1_2024","CIPCODE1","47.0604","Automobile/Automotive Mechanics Technology/Technician"
"COST1_2024","CIPCODE1","47.0605","Diesel Mechanics Technology/Technician"
"COST1_2024","CIPCODE1","47.0607","Airframe Mechanics and Aircraft Maintenance Technology/Technician"
"COST1_2024","CIPCODE1","47.0608","Aircraft Powerplant Technology/Technician"
"COST1_2024","CIPCODE1","47.0609","Avionics Maintenance Technology/Technician"
"COST1_2024","CIPCODE1","47.0611","Motorcycle Maintenance and Repair Technology/Technician"
"COST1_2024","CIPCODE1","47.0613","Medium/Heavy Vehicle and Truck Technology/Technician"
"COST1_2024","CIPCODE1","47.0615","Engine Machinist"
"COST1_2024","CIPCODE1","47.0616","Marine Maintenance/Fitter and Ship Repair Technology/Technician"
"COST1_2024","CIPCODE1","48.0501","Machine Tool Technology/Machinist"
"COST1_2024","CIPCODE1","48.0508","Welding Technology/Welder"
"COST1_2024","CIPCODE1","48.0511","Metal Fabricator"
"COST1_2024","CIPCODE1","48.0702","Furniture Design and Manufacturing"
"COST1_2024","CIPCODE1","49.0102","Airline/Commercial/Professional Pilot and Flight Crew"
"COST1_2024","CIPCODE1","49.0199","Air Transportation, Other"
"COST1_2024","CIPCODE1","49.0202","Construction/Heavy Equipment/Earthmoving Equipment Operation"
"COST1_2024","CIPCODE1","49.0205","Truck and Bus Driver/Commercial Vehicle Operator and Instructor"
"COST1_2024","CIPCODE1","49.0304","Diver, Professional and Instructor"
"COST1_2024","CIPCODE1","50.0102","Digital Arts"
"COST1_2024","CIPCODE1","50.0406","Commercial Photography"
"COST1_2024","CIPCODE1","50.0410","Illustration"
"COST1_2024","CIPCODE1","50.0501","Drama and Dramatics/Theatre Arts, General"
"COST1_2024","CIPCODE1","50.0602","Cinematography and Film/Video Production"
"COST1_2024","CIPCODE1","50.0699","Film/Video and Photographic Arts, Other"
"COST1_2024","CIPCODE1","50.0702","Fine/Studio Arts, General"
"COST1_2024","CIPCODE1","50.0713","Jewelry Arts"
"COST1_2024","CIPCODE1","50.0913","Music Technology"
"COST1_2024","CIPCODE1","51.0000","Health Services/Allied Health/Health Sciences, General"
"COST1_2024","CIPCODE1","51.0001","Health and Wellness, General"
"COST1_2024","CIPCODE1","51.0601","Dental Assisting/Assistant"
"COST1_2024","CIPCODE1","51.0602","Dental Hygiene/Hygienist"
"COST1_2024","CIPCODE1","51.0701","Health/Health Care Administration/Management"
"COST1_2024","CIPCODE1","51.0702","Hospital and Health Care Facilities Administration/Management"
"COST1_2024","CIPCODE1","51.0705","Medical Office Management/Administration"
"COST1_2024","CIPCODE1","51.0707","Health Information/Medical Records Technology/Technician"
"COST1_2024","CIPCODE1","51.0710","Medical Office Assistant/Specialist"
"COST1_2024","CIPCODE1","51.0713","Medical Insurance Coding Specialist/Coder"
"COST1_2024","CIPCODE1","51.0714","Medical Insurance Specialist/Medical Biller"
"COST1_2024","CIPCODE1","51.0716","Medical Administrative/Executive Assistant and Medical Secretary"
"COST1_2024","CIPCODE1","51.0799","Health and Medical Administrative Services, Other"
"COST1_2024","CIPCODE1","51.0801","Medical/Clinical Assistant"
"COST1_2024","CIPCODE1","51.0802","Clinical/Medical Laboratory Assistant"
"COST1_2024","CIPCODE1","51.0805","Pharmacy Technician/Assistant"
"COST1_2024","CIPCODE1","51.0806","Physical Therapy Assistant"
"COST1_2024","CIPCODE1","51.0810","Emergency Care Attendant (EMT Ambulance)"
"COST1_2024","CIPCODE1","51.0899","Allied Health and Medical Assisting Services, Other"
"COST1_2024","CIPCODE1","51.0901","Cardiovascular Technology/Technologist"
"COST1_2024","CIPCODE1","51.0904","Emergency Medical Technology/Technician (EMT Paramedic)"
"COST1_2024","CIPCODE1","51.0908","Respiratory Care Therapy/Therapist"
"COST1_2024","CIPCODE1","51.0909","Surgical Technology/Technologist"
"COST1_2024","CIPCODE1","51.0910","Diagnostic Medical Sonography/Sonographer and Ultrasound Technician"
"COST1_2024","CIPCODE1","51.0911","Radiologic Technology/Science - Radiographer"
"COST1_2024","CIPCODE1","51.0920","Magnetic Resonance Imaging (MRI) Technology/Technician"
"COST1_2024","CIPCODE1","51.1001","Blood Bank Technology Specialist"
"COST1_2024","CIPCODE1","51.1004","Clinical/Medical Laboratory Technician"
"COST1_2024","CIPCODE1","51.1009","Phlebotomy Technician/Phlebotomist"
"COST1_2024","CIPCODE1","51.1012","Sterile Processing Technology/Technician"
"COST1_2024","CIPCODE1","51.1501","Substance Abuse/Addiction Counseling"
"COST1_2024","CIPCODE1","51.2602","Home Health Aide/Home Attendant"
"COST1_2024","CIPCODE1","51.3203","Nursing Education"
"COST1_2024","CIPCODE1","51.3306","Holistic/Integrative Health"
"COST1_2024","CIPCODE1","51.3501","Massage Therapy/Therapeutic Massage"
"COST1_2024","CIPCODE1","51.3503","Somatic Bodywork"
"COST1_2024","CIPCODE1","51.3603","Hypnotherapy/Hypnotherapist"
"COST1_2024","CIPCODE1","51.3801","Registered Nursing/Registered Nurse"
"COST1_2024","CIPCODE1","51.3808","Nursing Science"
"COST1_2024","CIPCODE1","51.3899","Registered Nursing, Nursing Administration, Nursing Research and Clinical Nursing, Other"
"COST1_2024","CIPCODE1","51.3901","Licensed Practical/Vocational Nurse Training"
"COST1_2024","CIPCODE1","51.3902","Nursing Assistant/Aide and Patient Care Assistant/Aide"
"COST1_2024","CIPCODE1","51.3999","Practical Nursing, Vocational Nursing and Nursing Assistants, Other"
"COST1_2024","CIPCODE1","52.0201","Business Administration and Management, General"
"COST1_2024","CIPCODE1","52.0302","Accounting Technology/Technician and Bookkeeping"
"COST1_2024","CIPCODE1","52.0401","Administrative Assistant and Secretarial Science, General"
"COST1_2024","CIPCODE1","52.0407","Business/Office Automation/Technology/Data Entry"
"COST1_2024","CIPCODE1","52.0410","Traffic, Customs, and Transportation Clerk/Technician"
"COST1_2024","CIPCODE1","-2","Not applicable"
"COST1_2024","PRGMSR1","1","Clock hours"
"COST1_2024","PRGMSR1","2","Credit hours"
"COST1_2024","PRGMSR1","-1","Not reported"
"COST1_2024","PRGMSR1","-2","Not applicable"
"COST1_2024","CIPCODE2","11.1099","Computer/Information Technology Services Administration and Management, Other"
"COST1_2024","CIPCODE2","12.0500","Cooking and Related Culinary Arts, General"
"COST1_2024","CIPCODE2","12.0602","Baking and Pastry Arts/Baker/Pastry Chef"
"COST1_2024","CIPCODE2","15.1303","Forestry Equipment Operation and Maintenance"
"COST1_2024","CIPCODE2","38.0101","Philosophy"
"COST1_2024","CIPCODE2","46.9999","Construction Trades, Other"
"COST1_2024","CIPCODE2","47.0105","Industrial Electronics Technology/Technician"
"COST1_2024","CIPCODE2","48.0511","Metal Fabricator"
"COST1_2024","CIPCODE2","48.0704","Tool and Die Technology/Technician"
"COST1_2024","CIPCODE2","50.0402","Commercial and Advertising Art"
"COST1_2024","CIPCODE2","50.0407","Fashion/Apparel Design"
"COST1_2024","CIPCODE2","50.0409","Graphic Design"
"COST1_2024","CIPCODE2","50.0411","Game and Interactive Media Design"
"COST1_2024","CIPCODE2","51.0711","Radiologic Technology/Science – Radiographer"
"COST1_2024","CIPCODE2","01.0307","Horse Husbandry/Equine Science and Management"
"COST1_2024","CIPCODE2","01.0504","Dog/Pet/Animal Grooming"
"COST1_2024","CIPCODE2","01.1201","Soil Science and Agronomy, General"
"COST1_2024","CIPCODE2","01.8101","Veterinary Sciences/Veterinary Clinical Sciences, General"
"COST1_2024","CIPCODE2","01.8301","Veterinary/Animal Health Technology/Technician and Veterinary Assistant"
"COST1_2024","CIPCODE2","09.0702","Digital Communication and Media/Multimedia"
"COST1_2024","CIPCODE2","09.0907","International and Intercultural Communication"
"COST1_2024","CIPCODE2","10.0201","Photographic and Film/Video Technology/Technician"
"COST1_2024","CIPCODE2","10.0202","Radio and Television Broadcasting Technology/Technician"
"COST1_2024","CIPCODE2","10.0203","Recording Arts Technology/Technician"
"COST1_2024","CIPCODE2","11.0101","Computer and Information Sciences, General"
"COST1_2024","CIPCODE2","11.0103","Information Technology"
"COST1_2024","CIPCODE2","11.0199","Computer and Information Sciences,  Other"
"COST1_2024","CIPCODE2","11.0201","Computer Programming/Programmer, General"
"COST1_2024","CIPCODE2","11.0202","Computer Programming, Specific Applications"
"COST1_2024","CIPCODE2","11.0299","Computer Programming, Other"
"COST1_2024","CIPCODE2","11.0401","Information Science/Studies"
"COST1_2024","CIPCODE2","11.0801","Web Page, Digital/Multimedia and Information Resources Design"
"COST1_2024","CIPCODE2","11.0901","Computer Systems Networking and Telecommunications"
"COST1_2024","CIPCODE2","11.1001","Network and System Administration/Administrator"
"COST1_2024","CIPCODE2","11.1002","System, Networking, and LAN/WAN Management/Manager"
"COST1_2024","CIPCODE2","11.1003","Computer and Information Systems Security/Auditing/Information Assurance"
"COST1_2024","CIPCODE2","11.1004","Web/Multimedia Management and Webmaster"
"COST1_2024","CIPCODE2","11.1006","Computer Support Specialist"
"COST1_2024","CIPCODE2","11.9999","Computer and Information Sciences and Support Services, Other"
"COST1_2024","CIPCODE2","12.0301","Funeral Service and Mortuary Science, General"
"COST1_2024","CIPCODE2","12.0399","Funeral Service and Mortuary Science, Other"
"COST1_2024","CIPCODE2","12.0401","Cosmetology/Cosmetologist, General"
"COST1_2024","CIPCODE2","12.0402","Barbering/Barber"
"COST1_2024","CIPCODE2","12.0404","Electrolysis/Electrology and Electrolysis Technician"
"COST1_2024","CIPCODE2","12.0406","Make-Up Artist/Specialist"
"COST1_2024","CIPCODE2","12.0407","Hair Styling/Stylist and Hair Design"
"COST1_2024","CIPCODE2","12.0408","Facial Treatment Specialist/Facialist"
"COST1_2024","CIPCODE2","12.0409","Aesthetician/Esthetician and Skin Care Specialist"
"COST1_2024","CIPCODE2","12.0410","Nail Technician/Specialist and Manicurist"
"COST1_2024","CIPCODE2","12.0413","Cosmetology, Barber/Styling, and Nail Instructor"
"COST1_2024","CIPCODE2","12.0414","Master Aesthetician/Esthetician"
"COST1_2024","CIPCODE2","12.0499","Cosmetology and Related Personal Grooming Arts, Other"
"COST1_2024","CIPCODE2","12.0501","Baking and Pastry Arts/Baker/Pastry Chef"
"COST1_2024","CIPCODE2","12.0502","Bartending/Bartender"
"COST1_2024","CIPCODE2","12.0503","Culinary Arts/Chef Training"
"COST1_2024","CIPCODE2","13.1207","Montessori Teacher Education"
"COST1_2024","CIPCODE2","13.1299","Teacher Education and Professional Development, Specific Levels and Methods, Other"
"COST1_2024","CIPCODE2","13.1399","Teacher Education and Professional Development, Specific Subject Areas, Other"
"COST1_2024","CIPCODE2","14.0102","Pre-Engineering"
"COST1_2024","CIPCODE2","14.1001","Electrical and Electronics Engineering"
"COST1_2024","CIPCODE2","14.1004","Telecommunications Engineering"
"COST1_2024","CIPCODE2","15.0399","Electrical/Electronic Engineering Technologies/Technicians, Other"
"COST1_2024","CIPCODE2","15.0404","Instrumentation Technology/Technician"
"COST1_2024","CIPCODE2","15.0501","Heating, Ventilation, Air Conditioning and Refrigeration Engineering Technology/Technician"
"COST1_2024","CIPCODE2","15.0613","Manufacturing Engineering Technology/Technician"
"COST1_2024","CIPCODE2","15.0799","Quality Control and Safety Technologies/Technicians, Other"
"COST1_2024","CIPCODE2","15.0803","Automotive Engineering Technology/Technician"
"COST1_2024","CIPCODE2","15.0899","Mechanical Engineering Related Technologies/Technicians, Other"
"COST1_2024","CIPCODE2","15.1301","Drafting and Design Technology/Technician, General"
"COST1_2024","CIPCODE2","15.1302","CAD/CADD Drafting and/or Design Technology/Technician"
"COST1_2024","CIPCODE2","15.1307","3-D Modeling and Design Technology/Technician"
"COST1_2024","CIPCODE2","16.1701","English as a Second Language"
"COST1_2024","CIPCODE2","19.0902","Apparel and Textile Manufacture"
"COST1_2024","CIPCODE2","22.0302","Legal Assistant/Paralegal"
"COST1_2024","CIPCODE2","22.0303","Court Reporting and Captioning/Court Reporter"
"COST1_2024","CIPCODE2","23.0101","English Language and Literature, General"
"COST1_2024","CIPCODE2","26.0102","Biomedical Sciences, General"
"COST1_2024","CIPCODE2","31.0507","Physical Fitness Technician"
"COST1_2024","CIPCODE2","31.9999","Parks, Recreation, Leisure, Fitness, and Kinesiology, Other"
"COST1_2024","CIPCODE2","42.0101","Psychology, General"
"COST1_2024","CIPCODE2","43.0100","Criminal Justice and Corrections, General"
"COST1_2024","CIPCODE2","43.0102","Corrections"
"COST1_2024","CIPCODE2","43.0107","Criminal Justice/Police Science"
"COST1_2024","CIPCODE2","43.0203","Fire Science/Fire-fighting"
"COST1_2024","CIPCODE2","46.0201","Carpentry/Carpenter"
"COST1_2024","CIPCODE2","46.0301","Electrical and Power Transmission Installation/Installer, General"
"COST1_2024","CIPCODE2","46.0302","Electrician"
"COST1_2024","CIPCODE2","46.0303","Lineworker"
"COST1_2024","CIPCODE2","46.0399","Electrical and Power Transmission Installers, Other"
"COST1_2024","CIPCODE2","46.0401","Building/Property Maintenance"
"COST1_2024","CIPCODE2","46.0403","Building/Home/Construction Inspection/Inspector"
"COST1_2024","CIPCODE2","46.0415","Building Construction Technology/Technician"
"COST1_2024","CIPCODE2","46.0503","Plumbing Technology/Plumber"
"COST1_2024","CIPCODE2","47.0101","Electrical/Electronics Equipment Installation and Repair Technology/Technician, General"
"COST1_2024","CIPCODE2","47.0103","Communications Systems Installation and Repair Technology/Technician"
"COST1_2024","CIPCODE2","47.0104","Computer Installation and Repair Technology/Technician"
"COST1_2024","CIPCODE2","47.0199","Electrical/Electronics Maintenance and Repair Technologies/Technicians, Other"
"COST1_2024","CIPCODE2","47.0201","Heating, Air Conditioning, Ventilation and Refrigeration Maintenance Technology/Technician"
"COST1_2024","CIPCODE2","47.0302","Heavy Equipment Maintenance Technology/Technician"
"COST1_2024","CIPCODE2","47.0303","Industrial Mechanics and Maintenance Technology/Technician"
"COST1_2024","CIPCODE2","47.0403","Locksmithing and Safe Repair"
"COST1_2024","CIPCODE2","47.0408","Watchmaking and Jewelrymaking"
"COST1_2024","CIPCODE2","47.0603","Autobody/Collision and Repair Technology/Technician"
"COST1_2024","CIPCODE2","47.0604","Automobile/Automotive Mechanics Technology/Technician"
"COST1_2024","CIPCODE2","47.0605","Diesel Mechanics Technology/Technician"
"COST1_2024","CIPCODE2","47.0606","Small Engine Mechanics and Repair Technology/Technician"
"COST1_2024","CIPCODE2","47.0607","Airframe Mechanics and Aircraft Maintenance Technology/Technician"
"COST1_2024","CIPCODE2","47.0608","Aircraft Powerplant Technology/Technician"
"COST1_2024","CIPCODE2","47.0609","Avionics Maintenance Technology/Technician"
"COST1_2024","CIPCODE2","47.0611","Motorcycle Maintenance and Repair Technology/Technician"
"COST1_2024","CIPCODE2","47.0613","Medium/Heavy Vehicle and Truck Technology/Technician"
"COST1_2024","CIPCODE2","47.0615","Engine Machinist"
"COST1_2024","CIPCODE2","47.0616","Marine Maintenance/Fitter and Ship Repair Technology/Technician"
"COST1_2024","CIPCODE2","48.0501","Machine Tool Technology/Machinist"
"COST1_2024","CIPCODE2","48.0508","Welding Technology/Welder"
"COST1_2024","CIPCODE2","49.0102","Airline/Commercial/Professional Pilot and Flight Crew"
"COST1_2024","CIPCODE2","49.0205","Truck and Bus Driver/Commercial Vehicle Operator and Instructor"
"COST1_2024","CIPCODE2","49.0304","Diver, Professional and Instructor"
"COST1_2024","CIPCODE2","50.0401","Design and Visual Communications, General"
"COST1_2024","CIPCODE2","50.0602","Cinematography and Film/Video Production"
"COST1_2024","CIPCODE2","50.0699","Film/Video and Photographic Arts, Other"
"COST1_2024","CIPCODE2","50.0702","Fine/Studio Arts, General"
"COST1_2024","CIPCODE2","50.0713","Jewelry Arts"
"COST1_2024","CIPCODE2","50.0913","Music Technology"
"COST1_2024","CIPCODE2","51.0000","Health Services/Allied Health/Health Sciences, General"
"COST1_2024","CIPCODE2","51.0001","Health and Wellness, General"
"COST1_2024","CIPCODE2","51.0601","Dental Assisting/Assistant"
"COST1_2024","CIPCODE2","51.0602","Dental Hygiene/Hygienist"
"COST1_2024","CIPCODE2","51.0603","Dental Laboratory Technology/Technician"
"COST1_2024","CIPCODE2","51.0701","Health/Health Care Administration/Management"
"COST1_2024","CIPCODE2","51.0705","Medical Office Management/Administration"
"COST1_2024","CIPCODE2","51.0707","Health Information/Medical Records Technology/Technician"
"COST1_2024","CIPCODE2","51.0710","Medical Office Assistant/Specialist"
"COST1_2024","CIPCODE2","51.0713","Medical Insurance Coding Specialist/Coder"
"COST1_2024","CIPCODE2","51.0714","Medical Insurance Specialist/Medical Biller"
"COST1_2024","CIPCODE2","51.0716","Medical Administrative/Executive Assistant and Medical Secretary"
"COST1_2024","CIPCODE2","51.0801","Medical/Clinical Assistant"
"COST1_2024","CIPCODE2","51.0802","Clinical/Medical Laboratory Assistant"
"COST1_2024","CIPCODE2","51.0803","Occupational Therapist Assistant"
"COST1_2024","CIPCODE2","51.0805","Pharmacy Technician/Assistant"
"COST1_2024","CIPCODE2","51.0806","Physical Therapy Assistant"
"COST1_2024","CIPCODE2","51.0810","Emergency Care Attendant (EMT Ambulance)"
"COST1_2024","CIPCODE2","51.0812","Respiratory Therapy Technician/Assistant"
"COST1_2024","CIPCODE2","51.0899","Allied Health and Medical Assisting Services, Other"
"COST1_2024","CIPCODE2","51.0901","Cardiovascular Technology/Technologist"
"COST1_2024","CIPCODE2","51.0904","Emergency Medical Technology/Technician (EMT Paramedic)"
"COST1_2024","CIPCODE2","51.0908","Respiratory Care Therapy/Therapist"
"COST1_2024","CIPCODE2","51.0909","Surgical Technology/Technologist"
"COST1_2024","CIPCODE2","51.0910","Diagnostic Medical Sonography/Sonographer and Ultrasound Technician"
"COST1_2024","CIPCODE2","51.0911","Radiologic Technology/Science - Radiographer"
"COST1_2024","CIPCODE2","51.0920","Magnetic Resonance Imaging (MRI) Technology/Technician"
"COST1_2024","CIPCODE2","51.1001","Blood Bank Technology Specialist"
"COST1_2024","CIPCODE2","51.1009","Phlebotomy Technician/Phlebotomist"
"COST1_2024","CIPCODE2","51.1012","Sterile Processing Technology/Technician"
"COST1_2024","CIPCODE2","51.1501","Substance Abuse/Addiction Counseling"
"COST1_2024","CIPCODE2","51.2309","Therapeutic Recreation/Recreational Therapy"
"COST1_2024","CIPCODE2","51.2602","Home Health Aide/Home Attendant"
"COST1_2024","CIPCODE2","51.2699","Health Aides/Attendants/Orderlies, Other"
"COST1_2024","CIPCODE2","51.3306","Holistic/Integrative Health"
"COST1_2024","CIPCODE2","51.3501","Massage Therapy/Therapeutic Massage"
"COST1_2024","CIPCODE2","51.3603","Hypnotherapy/Hypnotherapist"
"COST1_2024","CIPCODE2","51.3801","Registered Nursing/Registered Nurse"
"COST1_2024","CIPCODE2","51.3803","Adult Health Nurse/Nursing"
"COST1_2024","CIPCODE2","51.3818","Nursing Practice"
"COST1_2024","CIPCODE2","51.3901","Licensed Practical/Vocational Nurse Training"
"COST1_2024","CIPCODE2","51.3902","Nursing Assistant/Aide and Patient Care Assistant/Aide"
"COST1_2024","CIPCODE2","51.3999","Practical Nursing, Vocational Nursing and Nursing Assistants, Other"
"COST1_2024","CIPCODE2","51.9999","Health Professions and Related Clinical Sciences, Other"
"COST1_2024","CIPCODE2","52.0201","Business Administration and Management, General"
"COST1_2024","CIPCODE2","52.0204","Office Management and Supervision"
"COST1_2024","CIPCODE2","52.0211","Project Management"
"COST1_2024","CIPCODE2","52.0299","Business Administration, Management and Operations, Other"
"COST1_2024","CIPCODE2","52.0301","Accounting"
"COST1_2024","CIPCODE2","52.0302","Accounting Technology/Technician and Bookkeeping"
"COST1_2024","CIPCODE2","52.0401","Administrative Assistant and Secretarial Science, General"
"COST1_2024","CIPCODE2","52.0407","Business/Office Automation/Technology/Data Entry"
"COST1_2024","CIPCODE2","52.0408","General Office Occupations and Clerical Services"
"COST1_2024","CIPCODE2","-2","Not applicable"
"COST1_2024","PRGMSR2","1","Clock hours"
"COST1_2024","PRGMSR2","2","Credit hours"
"COST1_2024","PRGMSR2","-1","Not reported"
"COST1_2024","PRGMSR2","-2","Not applicable"
"COST1_2024","CIPCODE3","11.0199","Computer and Information Sciences, Other"
"COST1_2024","CIPCODE3","11.1099","Computer/Information Technology Services Administration and Management, Other"
"COST1_2024","CIPCODE3","12.0502","Bartending/Bartender"
"COST1_2024","CIPCODE3","13.1210","Early Childhood Education and Teaching (Kindergarten/Pre-K)"
"COST1_2024","CIPCODE3","13.1320","Trade and Industrial Teacher Education"
"COST1_2024","CIPCODE3","13.1401","Teaching English as a Second or Foreign Language/ESL Instructor"
"COST1_2024","CIPCODE3","14.4802","Modeling, Virtual Environments and Simulation"
"COST1_2024","CIPCODE3","15.0801","Aeronautical/Aerospace Engineering Technology/Technician"
"COST1_2024","CIPCODE3","15.1202","Computer Technology/Computer Systems Technology"
"COST1_2024","CIPCODE3","15.1302","Forestry Technology/Technician"
"COST1_2024","CIPCODE3","19.0902","Apparel and Textile Manufacture"
"COST1_2024","CIPCODE3","41.0101","Biology/Biological Sciences, General"
"COST1_2024","CIPCODE3","44.0402","Community Organization and Advocacy"
"COST1_2024","CIPCODE3","44.0499","Public Administration and Social Service Professions, Other"
"COST1_2024","CIPCODE3","47.0608","Manufacturing Engineering Technology/Technician"
"COST1_2024","CIPCODE3","50.0406","Commercial Photography"
"COST1_2024","CIPCODE3","51.0715","Health/Medical Physics"
"COST1_2024","CIPCODE3","51.3202","Bioethics/Medical Ethics"
"COST1_2024","CIPCODE3","51.3803","Adult Health Nurse/Nursing"
"COST1_2024","CIPCODE3","52.0410","Public Finance and Financial Management Services"
"COST1_2024","CIPCODE3","52.0701","Entrepreneurship/Entrepreneurial Studies"
"COST1_2024","CIPCODE3","52.1904","Executive Assistant/Executive Secretary"
"COST1_2024","CIPCODE3","01.0504","Dog/Pet/Animal Grooming"
"COST1_2024","CIPCODE3","01.0601","Applied Horticulture/Horticulture Operations, General"
"COST1_2024","CIPCODE3","01.1103","Horticultural Science"
"COST1_2024","CIPCODE3","01.8101","Veterinary Sciences/Veterinary Clinical Sciences, General"
"COST1_2024","CIPCODE3","01.8301","Veterinary/Animal Health Technology/Technician and Veterinary Assistant"
"COST1_2024","CIPCODE3","09.0702","Digital Communication and Media/Multimedia"
"COST1_2024","CIPCODE3","09.0799","Radio, Television, and Digital Communication, Other"
"COST1_2024","CIPCODE3","09.0906","Sports Communication"
"COST1_2024","CIPCODE3","10.0201","Photographic and Film/Video Technology/Technician"
"COST1_2024","CIPCODE3","10.0203","Recording Arts Technology/Technician"
"COST1_2024","CIPCODE3","10.0301","Graphic Communications, General"
"COST1_2024","CIPCODE3","10.0304","Animation, Interactive Technology, Video Graphics, and Special Effects"
"COST1_2024","CIPCODE3","11.0101","Computer and Information Sciences, General"
"COST1_2024","CIPCODE3","11.0103","Information Technology"
"COST1_2024","CIPCODE3","11.0201","Computer Programming/Programmer, General"
"COST1_2024","CIPCODE3","11.0401","Information Science/Studies"
"COST1_2024","CIPCODE3","11.0701","Computer Science"
"COST1_2024","CIPCODE3","11.0801","Web Page, Digital/Multimedia and Information Resources Design"
"COST1_2024","CIPCODE3","11.0901","Computer Systems Networking and Telecommunications"
"COST1_2024","CIPCODE3","11.0902","Cloud Computing"
"COST1_2024","CIPCODE3","11.1001","Network and System Administration/Administrator"
"COST1_2024","CIPCODE3","11.1002","System, Networking, and LAN/WAN Management/Manager"
"COST1_2024","CIPCODE3","11.1003","Computer and Information Systems Security/Auditing/Information Assurance"
"COST1_2024","CIPCODE3","11.1006","Computer Support Specialist"
"COST1_2024","CIPCODE3","12.0301","Funeral Service and Mortuary Science, General"
"COST1_2024","CIPCODE3","12.0399","Funeral Service and Mortuary Science, Other"
"COST1_2024","CIPCODE3","12.0401","Cosmetology/Cosmetologist, General"
"COST1_2024","CIPCODE3","12.0402","Barbering/Barber"
"COST1_2024","CIPCODE3","12.0404","Electrolysis/Electrology and Electrolysis Technician"
"COST1_2024","CIPCODE3","12.0406","Make-Up Artist/Specialist"
"COST1_2024","CIPCODE3","12.0407","Hair Styling/Stylist and Hair Design"
"COST1_2024","CIPCODE3","12.0408","Facial Treatment Specialist/Facialist"
"COST1_2024","CIPCODE3","12.0409","Aesthetician/Esthetician and Skin Care Specialist"
"COST1_2024","CIPCODE3","12.0410","Nail Technician/Specialist and Manicurist"
"COST1_2024","CIPCODE3","12.0411","Permanent Cosmetics/Makeup and Tattooing"
"COST1_2024","CIPCODE3","12.0412","Salon/Beauty Salon Management/Manager"
"COST1_2024","CIPCODE3","12.0413","Cosmetology, Barber/Styling, and Nail Instructor"
"COST1_2024","CIPCODE3","12.0414","Master Aesthetician/Esthetician"
"COST1_2024","CIPCODE3","12.0499","Cosmetology and Related Personal Grooming Arts, Other"
"COST1_2024","CIPCODE3","12.0500","Cooking and Related Culinary Arts, General"
"COST1_2024","CIPCODE3","12.0501","Baking and Pastry Arts/Baker/Pastry Chef"
"COST1_2024","CIPCODE3","12.0503","Culinary Arts/Chef Training"
"COST1_2024","CIPCODE3","12.0504","Restaurant, Culinary, and Catering Management/Manager"
"COST1_2024","CIPCODE3","12.0602","Casino Dealing"
"COST1_2024","CIPCODE3","13.0101","Education, General"
"COST1_2024","CIPCODE3","13.1207","Montessori Teacher Education"
"COST1_2024","CIPCODE3","13.1319","Technical Teacher Education"
"COST1_2024","CIPCODE3","13.1399","Teacher Education and Professional Development, Specific Subject Areas, Other"
"COST1_2024","CIPCODE3","14.0101","Engineering, General"
"COST1_2024","CIPCODE3","14.0102","Pre-Engineering"
"COST1_2024","CIPCODE3","14.1001","Electrical and Electronics Engineering"
"COST1_2024","CIPCODE3","15.0303","Electrical, Electronic, and Communications Engineering Technology/Technician"
"COST1_2024","CIPCODE3","15.0304","Laser and Optical Technology/Technician"
"COST1_2024","CIPCODE3","15.0399","Electrical/Electronic Engineering Technologies/Technicians, Other"
"COST1_2024","CIPCODE3","15.0403","Electromechanical/Electromechanical Engineering Technology/Technician"
"COST1_2024","CIPCODE3","15.0404","Instrumentation Technology/Technician"
"COST1_2024","CIPCODE3","15.0501","Heating, Ventilation, Air Conditioning and Refrigeration Engineering Technology/Technician"
"COST1_2024","CIPCODE3","15.0607","Plastics and Polymer Engineering Technology/Technician"
"COST1_2024","CIPCODE3","15.0617","Composite Materials Technology/Technician"
"COST1_2024","CIPCODE3","15.0803","Automotive Engineering Technology/Technician"
"COST1_2024","CIPCODE3","15.1303","Architectural Drafting and Architectural CAD/CADD"
"COST1_2024","CIPCODE3","15.1703","Solar Energy Technology/Technician"
"COST1_2024","CIPCODE3","16.1701","English as a Second Language"
"COST1_2024","CIPCODE3","19.0709","Child Care Provider/Assistant"
"COST1_2024","CIPCODE3","22.0302","Legal Assistant/Paralegal"
"COST1_2024","CIPCODE3","22.0303","Court Reporting and Captioning/Court Reporter"
"COST1_2024","CIPCODE3","22.9999","Legal Professions and Studies, Other"
"COST1_2024","CIPCODE3","30.1901","Nutrition Sciences"
"COST1_2024","CIPCODE3","31.0507","Physical Fitness Technician"
"COST1_2024","CIPCODE3","42.0101","Psychology, General"
"COST1_2024","CIPCODE3","43.0102","Corrections"
"COST1_2024","CIPCODE3","43.0104","Criminal Justice/Safety Studies"
"COST1_2024","CIPCODE3","43.0107","Criminal Justice/Police Science"
"COST1_2024","CIPCODE3","43.0203","Fire Science/Fire-fighting"
"COST1_2024","CIPCODE3","43.9999","Homeland Security, Law Enforcement, Firefighting and Related Protective Services, Other"
"COST1_2024","CIPCODE3","44.0000","Human Services, General"
"COST1_2024","CIPCODE3","46.0000","Construction Trades, General"
"COST1_2024","CIPCODE3","46.0201","Carpentry/Carpenter"
"COST1_2024","CIPCODE3","46.0301","Electrical and Power Transmission Installation/Installer, General"
"COST1_2024","CIPCODE3","46.0302","Electrician"
"COST1_2024","CIPCODE3","46.0303","Lineworker"
"COST1_2024","CIPCODE3","46.0399","Electrical and Power Transmission Installers, Other"
"COST1_2024","CIPCODE3","46.0401","Building/Property Maintenance"
"COST1_2024","CIPCODE3","46.0402","Concrete Finishing/Concrete Finisher"
"COST1_2024","CIPCODE3","46.0415","Building Construction Technology/Technician"
"COST1_2024","CIPCODE3","46.0503","Plumbing Technology/Plumber"
"COST1_2024","CIPCODE3","46.0599","Plumbing and Related Water Supply Services, Other"
"COST1_2024","CIPCODE3","46.9999","Construction Trades, Other"
"COST1_2024","CIPCODE3","47.0101","Electrical/Electronics Equipment Installation and Repair Technology/Technician, General"
"COST1_2024","CIPCODE3","47.0103","Communications Systems Installation and Repair Technology/Technician"
"COST1_2024","CIPCODE3","47.0104","Computer Installation and Repair Technology/Technician"
"COST1_2024","CIPCODE3","47.0110","Security System Installation, Repair, and Inspection Technology/Technician"
"COST1_2024","CIPCODE3","47.0201","Heating, Air Conditioning, Ventilation and Refrigeration Maintenance Technology/Technician"
"COST1_2024","CIPCODE3","47.0302","Heavy Equipment Maintenance Technology/Technician"
"COST1_2024","CIPCODE3","47.0303","Industrial Mechanics and Maintenance Technology/Technician"
"COST1_2024","CIPCODE3","47.0403","Locksmithing and Safe Repair"
"COST1_2024","CIPCODE3","47.0408","Watchmaking and Jewelrymaking"
"COST1_2024","CIPCODE3","47.0603","Autobody/Collision and Repair Technology/Technician"
"COST1_2024","CIPCODE3","47.0604","Automobile/Automotive Mechanics Technology/Technician"
"COST1_2024","CIPCODE3","47.0605","Diesel Mechanics Technology/Technician"
"COST1_2024","CIPCODE3","47.0607","Airframe Mechanics and Aircraft Maintenance Technology/Technician"
"COST1_2024","CIPCODE3","47.0609","Avionics Maintenance Technology/Technician"
"COST1_2024","CIPCODE3","47.0611","Motorcycle Maintenance and Repair Technology/Technician"
"COST1_2024","CIPCODE3","47.0613","Medium/Heavy Vehicle and Truck Technology/Technician"
"COST1_2024","CIPCODE3","47.0616","Marine Maintenance/Fitter and Ship Repair Technology/Technician"
"COST1_2024","CIPCODE3","48.0000","Precision Production Trades, General"
"COST1_2024","CIPCODE3","48.0501","Machine Tool Technology/Machinist"
"COST1_2024","CIPCODE3","48.0503","Machine Shop Technology/Assistant"
"COST1_2024","CIPCODE3","48.0508","Welding Technology/Welder"
"COST1_2024","CIPCODE3","48.0510","Computer Numerically Controlled (CNC) Machinist Technology/CNC Machinist"
"COST1_2024","CIPCODE3","48.0599","Precision Metal Working, Other"
"COST1_2024","CIPCODE3","49.0102","Airline/Commercial/Professional Pilot and Flight Crew"
"COST1_2024","CIPCODE3","49.0202","Construction/Heavy Equipment/Earthmoving Equipment Operation"
"COST1_2024","CIPCODE3","49.0205","Truck and Bus Driver/Commercial Vehicle Operator and Instructor"
"COST1_2024","CIPCODE3","49.0299","Ground Transportation, Other"
"COST1_2024","CIPCODE3","49.0304","Diver, Professional and Instructor"
"COST1_2024","CIPCODE3","50.0102","Digital Arts"
"COST1_2024","CIPCODE3","50.0402","Commercial and Advertising Art"
"COST1_2024","CIPCODE3","50.0409","Graphic Design"
"COST1_2024","CIPCODE3","50.0411","Game and Interactive Media Design"
"COST1_2024","CIPCODE3","50.0601","Film/Cinema/Media Studies"
"COST1_2024","CIPCODE3","50.0602","Cinematography and Film/Video Production"
"COST1_2024","CIPCODE3","50.0605","Photography"
"COST1_2024","CIPCODE3","50.0713","Jewelry Arts"
"COST1_2024","CIPCODE3","50.0913","Music Technology"
"COST1_2024","CIPCODE3","51.0000","Health Services/Allied Health/Health Sciences, General"
"COST1_2024","CIPCODE3","51.0001","Health and Wellness, General"
"COST1_2024","CIPCODE3","51.0601","Dental Assisting/Assistant"
"COST1_2024","CIPCODE3","51.0602","Dental Hygiene/Hygienist"
"COST1_2024","CIPCODE3","51.0701","Health/Health Care Administration/Management"
"COST1_2024","CIPCODE3","51.0705","Medical Office Management/Administration"
"COST1_2024","CIPCODE3","51.0706","Health Information/Medical Records Administration/Administrator"
"COST1_2024","CIPCODE3","51.0707","Health Information/Medical Records Technology/Technician"
"COST1_2024","CIPCODE3","51.0710","Medical Office Assistant/Specialist"
"COST1_2024","CIPCODE3","51.0711","Medical/Health Management and Clinical Assistant/Specialist"
"COST1_2024","CIPCODE3","51.0713","Medical Insurance Coding Specialist/Coder"
"COST1_2024","CIPCODE3","51.0714","Medical Insurance Specialist/Medical Biller"
"COST1_2024","CIPCODE3","51.0716","Medical Administrative/Executive Assistant and Medical Secretary"
"COST1_2024","CIPCODE3","51.0799","Health and Medical Administrative Services, Other"
"COST1_2024","CIPCODE3","51.0801","Medical/Clinical Assistant"
"COST1_2024","CIPCODE3","51.0802","Clinical/Medical Laboratory Assistant"
"COST1_2024","CIPCODE3","51.0803","Occupational Therapist Assistant"
"COST1_2024","CIPCODE3","51.0805","Pharmacy Technician/Assistant"
"COST1_2024","CIPCODE3","51.0806","Physical Therapy Assistant"
"COST1_2024","CIPCODE3","51.0810","Emergency Care Attendant (EMT Ambulance)"
"COST1_2024","CIPCODE3","51.0812","Respiratory Therapy Technician/Assistant"
"COST1_2024","CIPCODE3","51.0899","Allied Health and Medical Assisting Services, Other"
"COST1_2024","CIPCODE3","51.0901","Cardiovascular Technology/Technologist"
"COST1_2024","CIPCODE3","51.0902","Electrocardiograph Technology/Technician"
"COST1_2024","CIPCODE3","51.0904","Emergency Medical Technology/Technician (EMT Paramedic)"
"COST1_2024","CIPCODE3","51.0907","Medical Radiologic Technology/Science - Radiation Therapist"
"COST1_2024","CIPCODE3","51.0908","Respiratory Care Therapy/Therapist"
"COST1_2024","CIPCODE3","51.0909","Surgical Technology/Technologist"
"COST1_2024","CIPCODE3","51.0910","Diagnostic Medical Sonography/Sonographer and Ultrasound Technician"
"COST1_2024","CIPCODE3","51.0911","Radiologic Technology/Science - Radiographer"
"COST1_2024","CIPCODE3","51.0913","Athletic Training/Trainer"
"COST1_2024","CIPCODE3","51.0920","Magnetic Resonance Imaging (MRI) Technology/Technician"
"COST1_2024","CIPCODE3","51.1001","Blood Bank Technology Specialist"
"COST1_2024","CIPCODE3","51.1004","Clinical/Medical Laboratory Technician"
"COST1_2024","CIPCODE3","51.1009","Phlebotomy Technician/Phlebotomist"
"COST1_2024","CIPCODE3","51.1011","Renal/Dialysis Technologist/Technician"
"COST1_2024","CIPCODE3","51.1012","Sterile Processing Technology/Technician"
"COST1_2024","CIPCODE3","51.1501","Substance Abuse/Addiction Counseling"
"COST1_2024","CIPCODE3","51.2306","Occupational Therapy/Therapist"
"COST1_2024","CIPCODE3","51.2399","Rehabilitation and Therapeutic Professions, Other"
"COST1_2024","CIPCODE3","51.2602","Home Health Aide/Home Attendant"
"COST1_2024","CIPCODE3","51.2605","Physical Therapy Technician/Aide"
"COST1_2024","CIPCODE3","51.3101","Dietetics/Dietitian"
"COST1_2024","CIPCODE3","51.3203","Nursing Education"
"COST1_2024","CIPCODE3","51.3305","Ayurvedic Medicine/Ayurveda"
"COST1_2024","CIPCODE3","51.3306","Holistic/Integrative Health"
"COST1_2024","CIPCODE3","51.3501","Massage Therapy/Therapeutic Massage"
"COST1_2024","CIPCODE3","51.3801","Registered Nursing/Registered Nurse"
"COST1_2024","CIPCODE3","51.3805","Family Practice Nurse/Nursing"
"COST1_2024","CIPCODE3","51.3818","Nursing Practice"
"COST1_2024","CIPCODE3","51.3901","Licensed Practical/Vocational Nurse Training"
"COST1_2024","CIPCODE3","51.3902","Nursing Assistant/Aide and Patient Care Assistant/Aide"
"COST1_2024","CIPCODE3","51.3999","Practical Nursing, Vocational Nursing and Nursing Assistants, Other"
"COST1_2024","CIPCODE3","51.9999","Health Professions and Related Clinical Sciences, Other"
"COST1_2024","CIPCODE3","52.0201","Business Administration and Management, General"
"COST1_2024","CIPCODE3","52.0204","Office Management and Supervision"
"COST1_2024","CIPCODE3","52.0213","Organizational Leadership"
"COST1_2024","CIPCODE3","52.0299","Business Administration, Management and Operations, Other"
"COST1_2024","CIPCODE3","52.0301","Accounting"
"COST1_2024","CIPCODE3","52.0302","Accounting Technology/Technician and Bookkeeping"
"COST1_2024","CIPCODE3","52.0401","Administrative Assistant and Secretarial Science, General"
"COST1_2024","CIPCODE3","52.0407","Business/Office Automation/Technology/Data Entry"
"COST1_2024","CIPCODE3","52.0408","General Office Occupations and Clerical Services"
"COST1_2024","CIPCODE3","52.0499","Business Operations Support and Secretarial Services, Other"
"COST1_2024","CIPCODE3","52.1001","Human Resources Management/Personnel Administration, General"
"COST1_2024","CIPCODE3","52.1401","Marketing/Marketing Management, General"
"COST1_2024","CIPCODE3","-2","Not applicable"
"COST1_2024","CIPCODE3","-1","Not reported"
"COST1_2024","PRGMSR3","1","Clock hours"
"COST1_2024","PRGMSR3","2","Credit hours"
"COST1_2024","PRGMSR3","-1","Not reported"
"COST1_2024","PRGMSR3","-2","Not applicable"
"COST1_2024","CIPCODE4","10.0305","Graphic and Printing Equipment Operator, General Production"
"COST1_2024","CIPCODE4","11.0102","Artificial Intelligence"
"COST1_2024","CIPCODE4","13.1320","Trade and Industrial Teacher Education"
"COST1_2024","CIPCODE4","14.0101","Engineering, General"
"COST1_2024","CIPCODE4","15.0613","Manufacturing Engineering Technology/Technician"
"COST1_2024","CIPCODE4","15.0617","High Performance and Custom Engine Technician/Mechanic"
"COST1_2024","CIPCODE4","15.1303","Forestry Equipment Operation and Maintenance"
"COST1_2024","CIPCODE4","16.1701","Language Interpretation and Translation"
"COST1_2024","CIPCODE4","22.0301","Legal Administrative Assistant/Secretary"
"COST1_2024","CIPCODE4","39.0401","Religious Education"
"COST1_2024","CIPCODE4","43.0100","Criminal Justice/Law Enforcement Administration"
"COST1_2024","CIPCODE4","44.0401","Public Administration"
"COST1_2024","CIPCODE4","46.0000","Construction Trades, General"
"COST1_2024","CIPCODE4","46.0301","Electrical and Power Transmission Installation/Installer, General"
"COST1_2024","CIPCODE4","46.0399","Electrical and Power Transmission Installers, Other"
"COST1_2024","CIPCODE4","47.0302","Heavy Equipment Maintenance Technology/Technician"
"COST1_2024","CIPCODE4","47.0611","Precision Metal Working and Maintenance"
"COST1_2024","CIPCODE4","50.0504","Theatre/Theatre Arts Management"
"COST1_2024","CIPCODE4","50.0601","Film/Cinema Studies"
"COST1_2024","CIPCODE4","51.0907","Medical Radiologic Technology/Science – Radiation Therapist"
"COST1_2024","CIPCODE4","51.0999","Allied Health Diagnostic, Intervention, and Treatment Professions, Other"
"COST1_2024","CIPCODE4","51.3808","Nursing Science"
"COST1_2024","CIPCODE4","52.0101","Business/Commerce, General"
"COST1_2024","CIPCODE4","52.0801","Finance, General"
"COST1_2024","CIPCODE4","52.1001","Human Resources Management/Personnel Administration, General"
"COST1_2024","CIPCODE4","01.8101","Veterinary Sciences/Veterinary Clinical Sciences, General"
"COST1_2024","CIPCODE4","01.8301","Veterinary/Animal Health Technology/Technician and Veterinary Assistant"
"COST1_2024","CIPCODE4","09.0702","Digital Communication and Media/Multimedia"
"COST1_2024","CIPCODE4","09.0799","Radio, Television, and Digital Communication, Other"
"COST1_2024","CIPCODE4","09.0900","Public Relations, Advertising, and Applied Communication"
"COST1_2024","CIPCODE4","09.0906","Sports Communication"
"COST1_2024","CIPCODE4","10.0201","Photographic and Film/Video Technology/Technician"
"COST1_2024","CIPCODE4","10.0203","Recording Arts Technology/Technician"
"COST1_2024","CIPCODE4","10.0301","Graphic Communications, General"
"COST1_2024","CIPCODE4","10.0303","Prepress/Desktop Publishing and Digital Imaging Design"
"COST1_2024","CIPCODE4","10.0304","Animation, Interactive Technology, Video Graphics, and Special Effects"
"COST1_2024","CIPCODE4","11.0101","Computer and Information Sciences, General"
"COST1_2024","CIPCODE4","11.0103","Information Technology"
"COST1_2024","CIPCODE4","11.0201","Computer Programming/Programmer, General"
"COST1_2024","CIPCODE4","11.0202","Computer Programming, Specific Applications"
"COST1_2024","CIPCODE4","11.0205","Computer Programming, Specific Platforms"
"COST1_2024","CIPCODE4","11.0601","Data Entry/Microcomputer Applications, General"
"COST1_2024","CIPCODE4","11.0801","Web Page, Digital/Multimedia and Information Resources Design"
"COST1_2024","CIPCODE4","11.0803","Computer Graphics"
"COST1_2024","CIPCODE4","11.0899","Computer Software and Media Applications, Other"
"COST1_2024","CIPCODE4","11.0901","Computer Systems Networking and Telecommunications"
"COST1_2024","CIPCODE4","11.1001","Network and System Administration/Administrator"
"COST1_2024","CIPCODE4","11.1002","System, Networking, and LAN/WAN Management/Manager"
"COST1_2024","CIPCODE4","11.1003","Computer and Information Systems Security/Auditing/Information Assurance"
"COST1_2024","CIPCODE4","11.1006","Computer Support Specialist"
"COST1_2024","CIPCODE4","11.1099","Computer/Information Technology Services Administration and Management, Other"
"COST1_2024","CIPCODE4","11.9999","Computer and Information Sciences and Support Services, Other"
"COST1_2024","CIPCODE4","12.0401","Cosmetology/Cosmetologist, General"
"COST1_2024","CIPCODE4","12.0402","Barbering/Barber"
"COST1_2024","CIPCODE4","12.0404","Electrolysis/Electrology and Electrolysis Technician"
"COST1_2024","CIPCODE4","12.0406","Make-Up Artist/Specialist"
"COST1_2024","CIPCODE4","12.0407","Hair Styling/Stylist and Hair Design"
"COST1_2024","CIPCODE4","12.0408","Facial Treatment Specialist/Facialist"
"COST1_2024","CIPCODE4","12.0409","Aesthetician/Esthetician and Skin Care Specialist"
"COST1_2024","CIPCODE4","12.0410","Nail Technician/Specialist and Manicurist"
"COST1_2024","CIPCODE4","12.0411","Permanent Cosmetics/Makeup and Tattooing"
"COST1_2024","CIPCODE4","12.0412","Salon/Beauty Salon Management/Manager"
"COST1_2024","CIPCODE4","12.0413","Cosmetology, Barber/Styling, and Nail Instructor"
"COST1_2024","CIPCODE4","12.0414","Master Aesthetician/Esthetician"
"COST1_2024","CIPCODE4","12.0499","Cosmetology and Related Personal Grooming Arts, Other"
"COST1_2024","CIPCODE4","12.0500","Cooking and Related Culinary Arts, General"
"COST1_2024","CIPCODE4","12.0501","Baking and Pastry Arts/Baker/Pastry Chef"
"COST1_2024","CIPCODE4","12.0502","Bartending/Bartender"
"COST1_2024","CIPCODE4","12.0503","Culinary Arts/Chef Training"
"COST1_2024","CIPCODE4","12.0504","Restaurant, Culinary, and Catering Management/Manager"
"COST1_2024","CIPCODE4","12.9999","Culinary, Entertainment, and Personal Services, Other"
"COST1_2024","CIPCODE4","13.1210","Early Childhood Education and Teaching"
"COST1_2024","CIPCODE4","13.1299","Teacher Education and Professional Development, Specific Levels and Methods, Other"
"COST1_2024","CIPCODE4","13.1309","Technology Teacher Education/Industrial Arts Teacher Education"
"COST1_2024","CIPCODE4","13.1319","Technical Teacher Education"
"COST1_2024","CIPCODE4","13.1399","Teacher Education and Professional Development, Specific Subject Areas, Other"
"COST1_2024","CIPCODE4","14.0901","Computer Engineering, General"
"COST1_2024","CIPCODE4","14.1001","Electrical and Electronics Engineering"
"COST1_2024","CIPCODE4","15.0303","Electrical, Electronic, and Communications Engineering Technology/Technician"
"COST1_2024","CIPCODE4","15.0399","Electrical/Electronic Engineering Technologies/Technicians, Other"
"COST1_2024","CIPCODE4","15.0403","Electromechanical/Electromechanical Engineering Technology/Technician"
"COST1_2024","CIPCODE4","15.0404","Instrumentation Technology/Technician"
"COST1_2024","CIPCODE4","15.0501","Heating, Ventilation, Air Conditioning and Refrigeration Engineering Technology/Technician"
"COST1_2024","CIPCODE4","15.0607","Plastics and Polymer Engineering Technology/Technician"
"COST1_2024","CIPCODE4","15.0612","Industrial Technology/Technician"
"COST1_2024","CIPCODE4","15.0614","Welding Engineering Technology/Technician"
"COST1_2024","CIPCODE4","15.0803","Automotive Engineering Technology/Technician"
"COST1_2024","CIPCODE4","15.1202","Computer/Computer Systems Technology/Technician"
"COST1_2024","CIPCODE4","15.1301","Drafting and Design Technology/Technician, General"
"COST1_2024","CIPCODE4","15.1307","3-D Modeling and Design Technology/Technician"
"COST1_2024","CIPCODE4","19.0709","Child Care Provider/Assistant"
"COST1_2024","CIPCODE4","19.0901","Apparel and Textiles, General"
"COST1_2024","CIPCODE4","19.0902","Apparel and Textile Manufacture"
"COST1_2024","CIPCODE4","22.0302","Legal Assistant/Paralegal"
"COST1_2024","CIPCODE4","26.0102","Biomedical Sciences, General"
"COST1_2024","CIPCODE4","31.0504","Sport and Fitness Administration/Management"
"COST1_2024","CIPCODE4","31.0507","Physical Fitness Technician"
"COST1_2024","CIPCODE4","43.0102","Corrections"
"COST1_2024","CIPCODE4","43.0103","Criminal Justice/Law Enforcement Administration"
"COST1_2024","CIPCODE4","43.0104","Criminal Justice/Safety Studies"
"COST1_2024","CIPCODE4","43.0107","Criminal Justice/Police Science"
"COST1_2024","CIPCODE4","43.0199","Corrections and Criminal Justice, Other"
"COST1_2024","CIPCODE4","43.0203","Fire Science/Fire-fighting"
"COST1_2024","CIPCODE4","44.0000","Human Services, General"
"COST1_2024","CIPCODE4","46.0101","Mason/Masonry"
"COST1_2024","CIPCODE4","46.0201","Carpentry/Carpenter"
"COST1_2024","CIPCODE4","46.0302","Electrician"
"COST1_2024","CIPCODE4","46.0303","Lineworker"
"COST1_2024","CIPCODE4","46.0401","Building/Property Maintenance"
"COST1_2024","CIPCODE4","46.0415","Building Construction Technology/Technician"
"COST1_2024","CIPCODE4","46.0502","Pipefitting/Pipefitter and Sprinkler Fitter"
"COST1_2024","CIPCODE4","46.0503","Plumbing Technology/Plumber"
"COST1_2024","CIPCODE4","46.0599","Plumbing and Related Water Supply Services, Other"
"COST1_2024","CIPCODE4","46.9999","Construction Trades, Other"
"COST1_2024","CIPCODE4","47.0101","Electrical/Electronics Equipment Installation and Repair Technology/Technician, General"
"COST1_2024","CIPCODE4","47.0103","Communications Systems Installation and Repair Technology/Technician"
"COST1_2024","CIPCODE4","47.0104","Computer Installation and Repair Technology/Technician"
"COST1_2024","CIPCODE4","47.0105","Industrial Electronics Technology/Technician"
"COST1_2024","CIPCODE4","47.0106","Appliance Installation and Repair Technology/Technician"
"COST1_2024","CIPCODE4","47.0199","Electrical/Electronics Maintenance and Repair Technologies/Technicians, Other"
"COST1_2024","CIPCODE4","47.0201","Heating, Air Conditioning, Ventilation and Refrigeration Maintenance Technology/Technician"
"COST1_2024","CIPCODE4","47.0303","Industrial Mechanics and Maintenance Technology/Technician"
"COST1_2024","CIPCODE4","47.0402","Gunsmithing/Gunsmith"
"COST1_2024","CIPCODE4","47.0403","Locksmithing and Safe Repair"
"COST1_2024","CIPCODE4","47.0404","Musical Instrument Fabrication and Repair"
"COST1_2024","CIPCODE4","47.0408","Watchmaking and Jewelrymaking"
"COST1_2024","CIPCODE4","47.0603","Autobody/Collision and Repair Technology/Technician"
"COST1_2024","CIPCODE4","47.0604","Automobile/Automotive Mechanics Technology/Technician"
"COST1_2024","CIPCODE4","47.0605","Diesel Mechanics Technology/Technician"
"COST1_2024","CIPCODE4","47.0607","Airframe Mechanics and Aircraft Maintenance Technology/Technician"
"COST1_2024","CIPCODE4","47.0608","Aircraft Powerplant Technology/Technician"
"COST1_2024","CIPCODE4","47.0613","Medium/Heavy Vehicle and Truck Technology/Technician"
"COST1_2024","CIPCODE4","47.0616","Marine Maintenance/Fitter and Ship Repair Technology/Technician"
"COST1_2024","CIPCODE4","47.0617","High Performance and Custom Engine Technician/Mechanic"
"COST1_2024","CIPCODE4","48.0000","Precision Production Trades, General"
"COST1_2024","CIPCODE4","48.0501","Machine Tool Technology/Machinist"
"COST1_2024","CIPCODE4","48.0508","Welding Technology/Welder"
"COST1_2024","CIPCODE4","48.0511","Metal Fabricator"
"COST1_2024","CIPCODE4","48.9999","Precision Production, Other"
"COST1_2024","CIPCODE4","49.0102","Airline/Commercial/Professional Pilot and Flight Crew"
"COST1_2024","CIPCODE4","49.0202","Construction/Heavy Equipment/Earthmoving Equipment Operation"
"COST1_2024","CIPCODE4","49.0205","Truck and Bus Driver/Commercial Vehicle Operator and Instructor"
"COST1_2024","CIPCODE4","49.0304","Diver, Professional and Instructor"
"COST1_2024","CIPCODE4","50.0402","Commercial and Advertising Art"
"COST1_2024","CIPCODE4","50.0406","Commercial Photography"
"COST1_2024","CIPCODE4","50.0409","Graphic Design"
"COST1_2024","CIPCODE4","50.0506","Acting"
"COST1_2024","CIPCODE4","50.0713","Jewelry Arts"
"COST1_2024","CIPCODE4","50.0903","Music Performance, General"
"COST1_2024","CIPCODE4","51.0001","Health and Wellness, General"
"COST1_2024","CIPCODE4","51.0601","Dental Assisting/Assistant"
"COST1_2024","CIPCODE4","51.0602","Dental Hygiene/Hygienist"
"COST1_2024","CIPCODE4","51.0701","Health/Health Care Administration/Management"
"COST1_2024","CIPCODE4","51.0705","Medical Office Management/Administration"
"COST1_2024","CIPCODE4","51.0707","Health Information/Medical Records Technology/Technician"
"COST1_2024","CIPCODE4","51.0710","Medical Office Assistant/Specialist"
"COST1_2024","CIPCODE4","51.0711","Medical/Health Management and Clinical Assistant/Specialist"
"COST1_2024","CIPCODE4","51.0712","Medical Reception/Receptionist"
"COST1_2024","CIPCODE4","51.0713","Medical Insurance Coding Specialist/Coder"
"COST1_2024","CIPCODE4","51.0714","Medical Insurance Specialist/Medical Biller"
"COST1_2024","CIPCODE4","51.0716","Medical Administrative/Executive Assistant and Medical Secretary"
"COST1_2024","CIPCODE4","51.0799","Health and Medical Administrative Services, Other"
"COST1_2024","CIPCODE4","51.0801","Medical/Clinical Assistant"
"COST1_2024","CIPCODE4","51.0803","Occupational Therapist Assistant"
"COST1_2024","CIPCODE4","51.0805","Pharmacy Technician/Assistant"
"COST1_2024","CIPCODE4","51.0806","Physical Therapy Assistant"
"COST1_2024","CIPCODE4","51.0810","Emergency Care Attendant (EMT Ambulance)"
"COST1_2024","CIPCODE4","51.0812","Respiratory Therapy Technician/Assistant"
"COST1_2024","CIPCODE4","51.0899","Allied Health and Medical Assisting Services, Other"
"COST1_2024","CIPCODE4","51.0901","Cardiovascular Technology/Technologist"
"COST1_2024","CIPCODE4","51.0902","Electrocardiograph Technology/Technician"
"COST1_2024","CIPCODE4","51.0904","Emergency Medical Technology/Technician (EMT Paramedic)"
"COST1_2024","CIPCODE4","51.0908","Respiratory Care Therapy/Therapist"
"COST1_2024","CIPCODE4","51.0909","Surgical Technology/Technologist"
"COST1_2024","CIPCODE4","51.0910","Diagnostic Medical Sonography/Sonographer and Ultrasound Technician"
"COST1_2024","CIPCODE4","51.0911","Radiologic Technology/Science - Radiographer"
"COST1_2024","CIPCODE4","51.0913","Athletic Training/Trainer"
"COST1_2024","CIPCODE4","51.0920","Magnetic Resonance Imaging (MRI) Technology/Technician"
"COST1_2024","CIPCODE4","51.1001","Blood Bank Technology Specialist"
"COST1_2024","CIPCODE4","51.1004","Clinical/Medical Laboratory Technician"
"COST1_2024","CIPCODE4","51.1005","Clinical Laboratory Science/Medical Technology/Technologist"
"COST1_2024","CIPCODE4","51.1009","Phlebotomy Technician/Phlebotomist"
"COST1_2024","CIPCODE4","51.1012","Sterile Processing Technology/Technician"
"COST1_2024","CIPCODE4","51.1501","Substance Abuse/Addiction Counseling"
"COST1_2024","CIPCODE4","51.1502","Psychiatric/Mental Health Services Technician"
"COST1_2024","CIPCODE4","51.2211","Health Services Administration"
"COST1_2024","CIPCODE4","51.2306","Occupational Therapy/Therapist"
"COST1_2024","CIPCODE4","51.2602","Home Health Aide/Home Attendant"
"COST1_2024","CIPCODE4","51.2604","Rehabilitation Aide"
"COST1_2024","CIPCODE4","51.3103","Dietetic Technician"
"COST1_2024","CIPCODE4","51.3203","Nursing Education"
"COST1_2024","CIPCODE4","51.3301","Acupuncture and Oriental Medicine"
"COST1_2024","CIPCODE4","51.3306","Holistic/Integrative Health"
"COST1_2024","CIPCODE4","51.3501","Massage Therapy/Therapeutic Massage"
"COST1_2024","CIPCODE4","51.3801","Registered Nursing/Registered Nurse"
"COST1_2024","CIPCODE4","51.3899","Registered Nursing, Nursing Administration, Nursing Research and Clinical Nursing, Other"
"COST1_2024","CIPCODE4","51.3901","Licensed Practical/Vocational Nurse Training"
"COST1_2024","CIPCODE4","51.3902","Nursing Assistant/Aide and Patient Care Assistant/Aide"
"COST1_2024","CIPCODE4","51.3999","Practical Nursing, Vocational Nursing and Nursing Assistants, Other"
"COST1_2024","CIPCODE4","52.0201","Business Administration and Management, General"
"COST1_2024","CIPCODE4","52.0204","Office Management and Supervision"
"COST1_2024","CIPCODE4","52.0299","Business Administration, Management and Operations, Other"
"COST1_2024","CIPCODE4","52.0301","Accounting"
"COST1_2024","CIPCODE4","52.0302","Accounting Technology/Technician and Bookkeeping"
"COST1_2024","CIPCODE4","52.0305","Accounting and Business/Management"
"COST1_2024","CIPCODE4","52.0401","Administrative Assistant and Secretarial Science, General"
"COST1_2024","CIPCODE4","52.0407","Business/Office Automation/Technology/Data Entry"
"COST1_2024","CIPCODE4","52.0408","General Office Occupations and Clerical Services"
"COST1_2024","CIPCODE4","52.0499","Business Operations Support and Secretarial Services, Other"
"COST1_2024","CIPCODE4","52.0904","Hotel/Motel Administration/Management"
"COST1_2024","CIPCODE4","52.1201","Management Information Systems, General"
"COST1_2024","CIPCODE4","-2","Not applicable"
"COST1_2024","CIPCODE4","-1","Not reported"
"COST1_2024","PRGMSR4","1","Clock hours"
"COST1_2024","PRGMSR4","2","Credit hours"
"COST1_2024","PRGMSR4","-1","Not reported"
"COST1_2024","PRGMSR4","-2","Not applicable"
"COST1_2024","CIPCODE5","09.0102","Mass Communication/Media Studies"
"COST1_2024","CIPCODE5","10.0202","Radio and Television Broadcasting Technology/Technician"
"COST1_2024","CIPCODE5","11.0201","Computer Programming/Programmer, General"
"COST1_2024","CIPCODE5","13.1299","Teacher Education, Specific Levels and Methods, Other"
"COST1_2024","CIPCODE5","15.0303","Electromechanical Technology/Electromechanical Engineering Technology"
"COST1_2024","CIPCODE5","15.0807","Aeronautical/Aerospace Engineering Technician (Avionics)"
"COST1_2024","CIPCODE5","30.1901","Nutrition Sciences"
"COST1_2024","CIPCODE5","43.9999","Homeland Security, Law Enforcement, Firefighting and Related Protective Services, Other"
"COST1_2024","CIPCODE5","46.0402","Concrete Finishing/Concrete Finisher"
"COST1_2024","CIPCODE5","47.0408","Precision Systems Servicing and Repair Technologies, Other"
"COST1_2024","CIPCODE5","50.0699","Film/Video and Photographic Arts, Other"
"COST1_2024","CIPCODE5","50.0913","Music Technology"
"COST1_2024","CIPCODE5","51.0903","Electroneurodiagnostic/Electroencephalographic Technology/Technologist"
"COST1_2024","CIPCODE5","51.0913","Athletic Training/Trainer"
"COST1_2024","CIPCODE5","51.1502","Psychiatric/Mental Health Services Technician"
"COST1_2024","CIPCODE5","51.1803","Ophthalmic Technician/Technologist"
"COST1_2024","CIPCODE5","51.2699","Health Aides/Attendants/Orderlies, Other"
"COST1_2024","CIPCODE5","51.3103","Dietetics and Clinical Nutrition Services, Other"
"COST1_2024","CIPCODE5","51.3805","Family Practice Nurse/Nursing"
"COST1_2024","CIPCODE5","01.8101","Veterinary Sciences/Veterinary Clinical Sciences, General"
"COST1_2024","CIPCODE5","01.8301","Veterinary/Animal Health Technology/Technician and Veterinary Assistant"
"COST1_2024","CIPCODE5","09.0702","Digital Communication and Media/Multimedia"
"COST1_2024","CIPCODE5","09.0799","Radio, Television, and Digital Communication, Other"
"COST1_2024","CIPCODE5","09.0906","Sports Communication"
"COST1_2024","CIPCODE5","09.0907","International and Intercultural Communication"
"COST1_2024","CIPCODE5","10.0201","Photographic and Film/Video Technology/Technician"
"COST1_2024","CIPCODE5","10.0203","Recording Arts Technology/Technician"
"COST1_2024","CIPCODE5","10.0303","Prepress/Desktop Publishing and Digital Imaging Design"
"COST1_2024","CIPCODE5","10.0304","Animation, Interactive Technology, Video Graphics, and Special Effects"
"COST1_2024","CIPCODE5","11.0101","Computer and Information Sciences, General"
"COST1_2024","CIPCODE5","11.0103","Information Technology"
"COST1_2024","CIPCODE5","11.0199","Computer and Information Sciences,  Other"
"COST1_2024","CIPCODE5","11.0401","Information Science/Studies"
"COST1_2024","CIPCODE5","11.0701","Computer Science"
"COST1_2024","CIPCODE5","11.0801","Web Page, Digital/Multimedia and Information Resources Design"
"COST1_2024","CIPCODE5","11.0802","Data Modeling/Warehousing and Database Administration"
"COST1_2024","CIPCODE5","11.0899","Computer Software and Media Applications, Other"
"COST1_2024","CIPCODE5","11.0901","Computer Systems Networking and Telecommunications"
"COST1_2024","CIPCODE5","11.0902","Cloud Computing"
"COST1_2024","CIPCODE5","11.1001","Network and System Administration/Administrator"
"COST1_2024","CIPCODE5","11.1002","System, Networking, and LAN/WAN Management/Manager"
"COST1_2024","CIPCODE5","11.1003","Computer and Information Systems Security/Auditing/Information Assurance"
"COST1_2024","CIPCODE5","11.1006","Computer Support Specialist"
"COST1_2024","CIPCODE5","11.1099","Computer/Information Technology Services Administration and Management, Other"
"COST1_2024","CIPCODE5","11.9999","Computer and Information Sciences and Support Services, Other"
"COST1_2024","CIPCODE5","12.0401","Cosmetology/Cosmetologist, General"
"COST1_2024","CIPCODE5","12.0402","Barbering/Barber"
"COST1_2024","CIPCODE5","12.0404","Electrolysis/Electrology and Electrolysis Technician"
"COST1_2024","CIPCODE5","12.0406","Make-Up Artist/Specialist"
"COST1_2024","CIPCODE5","12.0407","Hair Styling/Stylist and Hair Design"
"COST1_2024","CIPCODE5","12.0408","Facial Treatment Specialist/Facialist"
"COST1_2024","CIPCODE5","12.0409","Aesthetician/Esthetician and Skin Care Specialist"
"COST1_2024","CIPCODE5","12.0410","Nail Technician/Specialist and Manicurist"
"COST1_2024","CIPCODE5","12.0411","Permanent Cosmetics/Makeup and Tattooing"
"COST1_2024","CIPCODE5","12.0412","Salon/Beauty Salon Management/Manager"
"COST1_2024","CIPCODE5","12.0413","Cosmetology, Barber/Styling, and Nail Instructor"
"COST1_2024","CIPCODE5","12.0414","Master Aesthetician/Esthetician"
"COST1_2024","CIPCODE5","12.0499","Cosmetology and Related Personal Grooming Arts, Other"
"COST1_2024","CIPCODE5","12.0500","Cooking and Related Culinary Arts, General"
"COST1_2024","CIPCODE5","12.0501","Baking and Pastry Arts/Baker/Pastry Chef"
"COST1_2024","CIPCODE5","12.0503","Culinary Arts/Chef Training"
"COST1_2024","CIPCODE5","12.0504","Restaurant, Culinary, and Catering Management/Manager"
"COST1_2024","CIPCODE5","12.0505","Food Preparation/Professional Cooking/Kitchen Assistant"
"COST1_2024","CIPCODE5","12.0599","Culinary Arts and Related Services, Other"
"COST1_2024","CIPCODE5","13.1201","Adult and Continuing Education and Teaching"
"COST1_2024","CIPCODE5","13.1210","Early Childhood Education and Teaching"
"COST1_2024","CIPCODE5","13.1399","Teacher Education and Professional Development, Specific Subject Areas, Other"
"COST1_2024","CIPCODE5","14.1001","Electrical and Electronics Engineering"
"COST1_2024","CIPCODE5","15.0403","Electromechanical/Electromechanical Engineering Technology/Technician"
"COST1_2024","CIPCODE5","15.0407","Mechatronics, Robotics, and Automation Engineering Technology/Technician"
"COST1_2024","CIPCODE5","15.0501","Heating, Ventilation, Air Conditioning and Refrigeration Engineering Technology/Technician"
"COST1_2024","CIPCODE5","15.0613","Manufacturing Engineering Technology/Technician"
"COST1_2024","CIPCODE5","15.0617","Composite Materials Technology/Technician"
"COST1_2024","CIPCODE5","15.0801","Aeronautical/Aerospace Engineering Technology/Technician"
"COST1_2024","CIPCODE5","15.1001","Construction Engineering Technology/Technician"
"COST1_2024","CIPCODE5","15.1201","Computer Engineering Technology/Technician"
"COST1_2024","CIPCODE5","15.1202","Computer/Computer Systems Technology/Technician"
"COST1_2024","CIPCODE5","15.1204","Computer Software Technology/Technician"
"COST1_2024","CIPCODE5","15.1701","Energy Systems Technology/Technician"
"COST1_2024","CIPCODE5","19.0708","Child Care and Support Services Management"
"COST1_2024","CIPCODE5","19.0709","Child Care Provider/Assistant"
"COST1_2024","CIPCODE5","22.0302","Legal Assistant/Paralegal"
"COST1_2024","CIPCODE5","23.0101","English Language and Literature, General"
"COST1_2024","CIPCODE5","26.0102","Biomedical Sciences, General"
"COST1_2024","CIPCODE5","31.0507","Physical Fitness Technician"
"COST1_2024","CIPCODE5","41.0101","Biology/Biotechnology Technology/Technician"
"COST1_2024","CIPCODE5","42.0101","Psychology, General"
"COST1_2024","CIPCODE5","43.0102","Corrections"
"COST1_2024","CIPCODE5","43.0107","Criminal Justice/Police Science"
"COST1_2024","CIPCODE5","43.0109","Security and Loss Prevention Services"
"COST1_2024","CIPCODE5","43.0203","Fire Science/Fire-fighting"
"COST1_2024","CIPCODE5","44.0401","Public Administration"
"COST1_2024","CIPCODE5","46.0000","Construction Trades, General"
"COST1_2024","CIPCODE5","46.0101","Mason/Masonry"
"COST1_2024","CIPCODE5","46.0201","Carpentry/Carpenter"
"COST1_2024","CIPCODE5","46.0302","Electrician"
"COST1_2024","CIPCODE5","46.0303","Lineworker"
"COST1_2024","CIPCODE5","46.0399","Electrical and Power Transmission Installers, Other"
"COST1_2024","CIPCODE5","46.0401","Building/Property Maintenance"
"COST1_2024","CIPCODE5","46.0415","Building Construction Technology/Technician"
"COST1_2024","CIPCODE5","46.0503","Plumbing Technology/Plumber"
"COST1_2024","CIPCODE5","46.9999","Construction Trades, Other"
"COST1_2024","CIPCODE5","47.0101","Electrical/Electronics Equipment Installation and Repair Technology/Technician, General"
"COST1_2024","CIPCODE5","47.0104","Computer Installation and Repair Technology/Technician"
"COST1_2024","CIPCODE5","47.0105","Industrial Electronics Technology/Technician"
"COST1_2024","CIPCODE5","47.0106","Appliance Installation and Repair Technology/Technician"
"COST1_2024","CIPCODE5","47.0110","Security System Installation, Repair, and Inspection Technology/Technician"
"COST1_2024","CIPCODE5","47.0199","Electrical/Electronics Maintenance and Repair Technologies/Technicians, Other"
"COST1_2024","CIPCODE5","47.0201","Heating, Air Conditioning, Ventilation and Refrigeration Maintenance Technology/Technician"
"COST1_2024","CIPCODE5","47.0303","Industrial Mechanics and Maintenance Technology/Technician"
"COST1_2024","CIPCODE5","47.0600","Vehicle Maintenance and Repair Technology/Technician, General"
"COST1_2024","CIPCODE5","47.0603","Autobody/Collision and Repair Technology/Technician"
"COST1_2024","CIPCODE5","47.0604","Automobile/Automotive Mechanics Technology/Technician"
"COST1_2024","CIPCODE5","47.0605","Diesel Mechanics Technology/Technician"
"COST1_2024","CIPCODE5","47.0607","Airframe Mechanics and Aircraft Maintenance Technology/Technician"
"COST1_2024","CIPCODE5","47.0608","Aircraft Powerplant Technology/Technician"
"COST1_2024","CIPCODE5","47.0611","Motorcycle Maintenance and Repair Technology/Technician"
"COST1_2024","CIPCODE5","47.0613","Medium/Heavy Vehicle and Truck Technology/Technician"
"COST1_2024","CIPCODE5","47.0615","Engine Machinist"
"COST1_2024","CIPCODE5","47.0616","Marine Maintenance/Fitter and Ship Repair Technology/Technician"
"COST1_2024","CIPCODE5","47.0699","Vehicle Maintenance and Repair Technologies/Technicians, Other"
"COST1_2024","CIPCODE5","48.0303","Upholstery/Upholsterer"
"COST1_2024","CIPCODE5","48.0501","Machine Tool Technology/Machinist"
"COST1_2024","CIPCODE5","48.0503","Machine Shop Technology/Assistant"
"COST1_2024","CIPCODE5","48.0508","Welding Technology/Welder"
"COST1_2024","CIPCODE5","48.0510","Computer Numerically Controlled (CNC) Machinist Technology/CNC Machinist"
"COST1_2024","CIPCODE5","48.9999","Precision Production, Other"
"COST1_2024","CIPCODE5","49.0104","Aviation/Airway Management and Operations"
"COST1_2024","CIPCODE5","49.0202","Construction/Heavy Equipment/Earthmoving Equipment Operation"
"COST1_2024","CIPCODE5","49.0205","Truck and Bus Driver/Commercial Vehicle Operator and Instructor"
"COST1_2024","CIPCODE5","49.0299","Ground Transportation, Other"
"COST1_2024","CIPCODE5","50.0401","Design and Visual Communications, General"
"COST1_2024","CIPCODE5","50.0402","Commercial and Advertising Art"
"COST1_2024","CIPCODE5","50.0406","Commercial Photography"
"COST1_2024","CIPCODE5","50.0407","Fashion/Apparel Design"
"COST1_2024","CIPCODE5","50.0408","Interior Design"
"COST1_2024","CIPCODE5","50.0409","Graphic Design"
"COST1_2024","CIPCODE5","50.0602","Cinematography and Film/Video Production"
"COST1_2024","CIPCODE5","50.0713","Jewelry Arts"
"COST1_2024","CIPCODE5","50.0901","Music, General"
"COST1_2024","CIPCODE5","51.0000","Health Services/Allied Health/Health Sciences, General"
"COST1_2024","CIPCODE5","51.0601","Dental Assisting/Assistant"
"COST1_2024","CIPCODE5","51.0602","Dental Hygiene/Hygienist"
"COST1_2024","CIPCODE5","51.0701","Health/Health Care Administration/Management"
"COST1_2024","CIPCODE5","51.0705","Medical Office Management/Administration"
"COST1_2024","CIPCODE5","51.0706","Health Information/Medical Records Administration/Administrator"
"COST1_2024","CIPCODE5","51.0707","Health Information/Medical Records Technology/Technician"
"COST1_2024","CIPCODE5","51.0710","Medical Office Assistant/Specialist"
"COST1_2024","CIPCODE5","51.0711","Medical/Health Management and Clinical Assistant/Specialist"
"COST1_2024","CIPCODE5","51.0713","Medical Insurance Coding Specialist/Coder"
"COST1_2024","CIPCODE5","51.0714","Medical Insurance Specialist/Medical Biller"
"COST1_2024","CIPCODE5","51.0716","Medical Administrative/Executive Assistant and Medical Secretary"
"COST1_2024","CIPCODE5","51.0799","Health and Medical Administrative Services, Other"
"COST1_2024","CIPCODE5","51.0801","Medical/Clinical Assistant"
"COST1_2024","CIPCODE5","51.0803","Occupational Therapist Assistant"
"COST1_2024","CIPCODE5","51.0805","Pharmacy Technician/Assistant"
"COST1_2024","CIPCODE5","51.0806","Physical Therapy Assistant"
"COST1_2024","CIPCODE5","51.0810","Emergency Care Attendant (EMT Ambulance)"
"COST1_2024","CIPCODE5","51.0899","Allied Health and Medical Assisting Services, Other"
"COST1_2024","CIPCODE5","51.0901","Cardiovascular Technology/Technologist"
"COST1_2024","CIPCODE5","51.0902","Electrocardiograph Technology/Technician"
"COST1_2024","CIPCODE5","51.0904","Emergency Medical Technology/Technician (EMT Paramedic)"
"COST1_2024","CIPCODE5","51.0907","Medical Radiologic Technology/Science - Radiation Therapist"
"COST1_2024","CIPCODE5","51.0908","Respiratory Care Therapy/Therapist"
"COST1_2024","CIPCODE5","51.0909","Surgical Technology/Technologist"
"COST1_2024","CIPCODE5","51.0910","Diagnostic Medical Sonography/Sonographer and Ultrasound Technician"
"COST1_2024","CIPCODE5","51.0911","Radiologic Technology/Science - Radiographer"
"COST1_2024","CIPCODE5","51.0920","Magnetic Resonance Imaging (MRI) Technology/Technician"
"COST1_2024","CIPCODE5","51.0999","Allied Health Diagnostic, Intervention, and Treatment Professions, Other"
"COST1_2024","CIPCODE5","51.1001","Blood Bank Technology Specialist"
"COST1_2024","CIPCODE5","51.1004","Clinical/Medical Laboratory Technician"
"COST1_2024","CIPCODE5","51.1009","Phlebotomy Technician/Phlebotomist"
"COST1_2024","CIPCODE5","51.1012","Sterile Processing Technology/Technician"
"COST1_2024","CIPCODE5","51.1501","Substance Abuse/Addiction Counseling"
"COST1_2024","CIPCODE5","51.2211","Health Services Administration"
"COST1_2024","CIPCODE5","51.2309","Therapeutic Recreation/Recreational Therapy"
"COST1_2024","CIPCODE5","51.2602","Home Health Aide/Home Attendant"
"COST1_2024","CIPCODE5","51.2603","Medication Aide"
"COST1_2024","CIPCODE5","51.2604","Rehabilitation Aide"
"COST1_2024","CIPCODE5","51.3305","Ayurvedic Medicine/Ayurveda"
"COST1_2024","CIPCODE5","51.3306","Holistic/Integrative Health"
"COST1_2024","CIPCODE5","51.3501","Massage Therapy/Therapeutic Massage"
"COST1_2024","CIPCODE5","51.3801","Registered Nursing/Registered Nurse"
"COST1_2024","CIPCODE5","51.3899","Registered Nursing, Nursing Administration, Nursing Research and Clinical Nursing, Other"
"COST1_2024","CIPCODE5","51.3901","Licensed Practical/Vocational Nurse Training"
"COST1_2024","CIPCODE5","51.3902","Nursing Assistant/Aide and Patient Care Assistant/Aide"
"COST1_2024","CIPCODE5","51.3999","Practical Nursing, Vocational Nursing and Nursing Assistants, Other"
"COST1_2024","CIPCODE5","52.0201","Business Administration and Management, General"
"COST1_2024","CIPCODE5","52.0299","Business Administration, Management and Operations, Other"
"COST1_2024","CIPCODE5","52.0301","Accounting"
"COST1_2024","CIPCODE5","52.0302","Accounting Technology/Technician and Bookkeeping"
"COST1_2024","CIPCODE5","52.0305","Accounting and Business/Management"
"COST1_2024","CIPCODE5","52.0401","Administrative Assistant and Secretarial Science, General"
"COST1_2024","CIPCODE5","52.0402","Executive Assistant/Executive Secretary"
"COST1_2024","CIPCODE5","52.0408","General Office Occupations and Clerical Services"
"COST1_2024","CIPCODE5","52.0410","Traffic, Customs, and Transportation Clerk/Technician"
"COST1_2024","CIPCODE5","52.0499","Business Operations Support and Secretarial Services, Other"
"COST1_2024","CIPCODE5","52.0803","Banking and Financial Support Services"
"COST1_2024","CIPCODE5","52.0904","Hotel/Motel Administration/Management"
"COST1_2024","CIPCODE5","52.0999","Hospitality Administration/Management, Other"
"COST1_2024","CIPCODE5","52.1001","Human Resources Management/Personnel Administration, General"
"COST1_2024","CIPCODE5","52.1501","Real Estate"
"COST1_2024","CIPCODE5","52.1908","Business and Personal/Financial Services Marketing Operations"
"COST1_2024","CIPCODE5","-2","Not applicable"
"COST1_2024","PRGMSR5","1","Clock hours"
"COST1_2024","PRGMSR5","2","Credit hours"
"COST1_2024","PRGMSR5","-1","Not reported"
"COST1_2024","PRGMSR5","-2","Not applicable"
"COST1_2024","CIPCODE6","01.0101","Agricultural Business and Management, General"
"COST1_2024","CIPCODE6","09.0906","Sports Communication"
"COST1_2024","CIPCODE6","10.0304","Animation, Interactive Technology, Video Graphics and Special Effects"
"COST1_2024","CIPCODE6","11.0902","Cloud Computing"
"COST1_2024","CIPCODE6","12.0508","Institutional Food Workers"
"COST1_2024","CIPCODE6","13.1320","Trade and Industrial Teacher Education"
"COST1_2024","CIPCODE6","15.0499","Electromechanical and Instrumentation Technologies, Other"
"COST1_2024","CIPCODE6","15.0617","High Performance and Custom Engine Technician/Mechanic"
"COST1_2024","CIPCODE6","15.0803","Automotive Engineering Technology/Technician"
"COST1_2024","CIPCODE6","19.0708","Child Care and Support Services Management"
"COST1_2024","CIPCODE6","22.0302","Legal Assistant/Paralegal"
"COST1_2024","CIPCODE6","31.0501","Sports, Kinesiology, and Physical Education/Fitness, General"
"COST1_2024","CIPCODE6","39.0601","Theology/Theological Studies"
"COST1_2024","CIPCODE6","43.0103","Criminal Justice/Law Enforcement/Police Protection, Other"
"COST1_2024","CIPCODE6","43.0199","Homeland Security, Law Enforcement, Firefighting and Related Protective Services, Other"
"COST1_2024","CIPCODE6","46.0599","Construction Trades, Other (Finishing/Inspection)"
"COST1_2024","CIPCODE6","46.9999","Construction Trades, Other"
"COST1_2024","CIPCODE6","47.0103","Communications Systems Installation and Repair Technology"
"COST1_2024","CIPCODE6","47.0106","Appliance Installation and Repair Technology/Technician"
"COST1_2024","CIPCODE6","47.0199","Electrical/Electronics Maintenance and Repair Technology, Other"
"COST1_2024","CIPCODE6","47.0302","Heavy Equipment Maintenance Technology/Technician"
"COST1_2024","CIPCODE6","49.0202","Construction/Heavy Equipment/Earthmoving Equipment Operation"
"COST1_2024","CIPCODE6","50.0407","Fashion/Apparel Design"
"COST1_2024","CIPCODE6","50.0602","Cinematography and Film/Video Production"
"COST1_2024","CIPCODE6","51.0902","Cardiovascular Technology/Technologist"
"COST1_2024","CIPCODE6","51.2306","Occupational Therapy Assistant"
"COST1_2024","CIPCODE6","51.2399","Rehabilitation and Therapeutic Professions, Other"
"COST1_2024","CIPCODE6","51.3808","Nursing Science"
"COST1_2024","CIPCODE6","51.3810","Psychiatric/Mental Health Nurse/Nursing"
"COST1_2024","CIPCODE6","52.0305","Accounting and Business/Management"
"COST1_2024","CIPCODE6","52.0499","Business Operations Support and Assistant Services, Other"
"COST1_2024","CIPCODE6","52.2001","Construction Management"
"COST1_2024","CIPCODE6","01.0601","Applied Horticulture/Horticulture Operations, General"
"COST1_2024","CIPCODE6","01.8101","Veterinary Sciences/Veterinary Clinical Sciences, General"
"COST1_2024","CIPCODE6","01.8301","Veterinary/Animal Health Technology/Technician and Veterinary Assistant"
"COST1_2024","CIPCODE6","01.8399","Veterinary/Animal Health Technologies/Technicians, Other"
"COST1_2024","CIPCODE6","09.0702","Digital Communication and Media/Multimedia"
"COST1_2024","CIPCODE6","09.0900","Public Relations, Advertising, and Applied Communication"
"COST1_2024","CIPCODE6","09.0907","International and Intercultural Communication"
"COST1_2024","CIPCODE6","10.0203","Recording Arts Technology/Technician"
"COST1_2024","CIPCODE6","11.0101","Computer and Information Sciences, General"
"COST1_2024","CIPCODE6","11.0102","Artificial Intelligence"
"COST1_2024","CIPCODE6","11.0103","Information Technology"
"COST1_2024","CIPCODE6","11.0201","Computer Programming/Programmer, General"
"COST1_2024","CIPCODE6","11.0501","Computer Systems Analysis/Analyst"
"COST1_2024","CIPCODE6","11.0801","Web Page, Digital/Multimedia and Information Resources Design"
"COST1_2024","CIPCODE6","11.0803","Computer Graphics"
"COST1_2024","CIPCODE6","11.0901","Computer Systems Networking and Telecommunications"
"COST1_2024","CIPCODE6","11.1001","Network and System Administration/Administrator"
"COST1_2024","CIPCODE6","11.1002","System, Networking, and LAN/WAN Management/Manager"
"COST1_2024","CIPCODE6","11.1003","Computer and Information Systems Security/Auditing/Information Assurance"
"COST1_2024","CIPCODE6","11.1006","Computer Support Specialist"
"COST1_2024","CIPCODE6","11.1099","Computer/Information Technology Services Administration and Management, Other"
"COST1_2024","CIPCODE6","11.9999","Computer and Information Sciences and Support Services, Other"
"COST1_2024","CIPCODE6","12.0401","Cosmetology/Cosmetologist, General"
"COST1_2024","CIPCODE6","12.0402","Barbering/Barber"
"COST1_2024","CIPCODE6","12.0404","Electrolysis/Electrology and Electrolysis Technician"
"COST1_2024","CIPCODE6","12.0406","Make-Up Artist/Specialist"
"COST1_2024","CIPCODE6","12.0407","Hair Styling/Stylist and Hair Design"
"COST1_2024","CIPCODE6","12.0408","Facial Treatment Specialist/Facialist"
"COST1_2024","CIPCODE6","12.0409","Aesthetician/Esthetician and Skin Care Specialist"
"COST1_2024","CIPCODE6","12.0410","Nail Technician/Specialist and Manicurist"
"COST1_2024","CIPCODE6","12.0412","Salon/Beauty Salon Management/Manager"
"COST1_2024","CIPCODE6","12.0413","Cosmetology, Barber/Styling, and Nail Instructor"
"COST1_2024","CIPCODE6","12.0414","Master Aesthetician/Esthetician"
"COST1_2024","CIPCODE6","12.0499","Cosmetology and Related Personal Grooming Arts, Other"
"COST1_2024","CIPCODE6","12.0500","Cooking and Related Culinary Arts, General"
"COST1_2024","CIPCODE6","12.0501","Baking and Pastry Arts/Baker/Pastry Chef"
"COST1_2024","CIPCODE6","12.0503","Culinary Arts/Chef Training"
"COST1_2024","CIPCODE6","12.0504","Restaurant, Culinary, and Catering Management/Manager"
"COST1_2024","CIPCODE6","12.0505","Food Preparation/Professional Cooking/Kitchen Assistant"
"COST1_2024","CIPCODE6","12.0507","Food Service, Waiter/Waitress, and Dining Room Management/Manager"
"COST1_2024","CIPCODE6","12.0599","Culinary Arts and Related Services, Other"
"COST1_2024","CIPCODE6","13.1201","Adult and Continuing Education and Teaching"
"COST1_2024","CIPCODE6","13.1210","Early Childhood Education and Teaching"
"COST1_2024","CIPCODE6","13.1399","Teacher Education and Professional Development, Specific Subject Areas, Other"
"COST1_2024","CIPCODE6","14.1001","Electrical and Electronics Engineering"
"COST1_2024","CIPCODE6","15.0201","Civil Engineering Technologies/Technicians"
"COST1_2024","CIPCODE6","15.0399","Electrical/Electronic Engineering Technologies/Technicians, Other"
"COST1_2024","CIPCODE6","15.0404","Instrumentation Technology/Technician"
"COST1_2024","CIPCODE6","15.0407","Mechatronics, Robotics, and Automation Engineering Technology/Technician"
"COST1_2024","CIPCODE6","15.0501","Heating, Ventilation, Air Conditioning and Refrigeration Engineering Technology/Technician"
"COST1_2024","CIPCODE6","15.0613","Manufacturing Engineering Technology/Technician"
"COST1_2024","CIPCODE6","15.0801","Aeronautical/Aerospace Engineering Technology/Technician"
"COST1_2024","CIPCODE6","15.0805","Mechanical/Mechanical Engineering Technology/Technician"
"COST1_2024","CIPCODE6","15.1202","Computer/Computer Systems Technology/Technician"
"COST1_2024","CIPCODE6","15.1301","Drafting and Design Technology/Technician, General"
"COST1_2024","CIPCODE6","15.1307","3-D Modeling and Design Technology/Technician"
"COST1_2024","CIPCODE6","16.1701","English as a Second Language"
"COST1_2024","CIPCODE6","19.0709","Child Care Provider/Assistant"
"COST1_2024","CIPCODE6","22.0301","Legal Administrative Assistant/Secretary"
"COST1_2024","CIPCODE6","22.0303","Court Reporting and Captioning/Court Reporter"
"COST1_2024","CIPCODE6","23.0101","English Language and Literature, General"
"COST1_2024","CIPCODE6","41.0101","Biology/Biotechnology Technology/Technician"
"COST1_2024","CIPCODE6","43.0100","Criminal Justice and Corrections, General"
"COST1_2024","CIPCODE6","43.0102","Corrections"
"COST1_2024","CIPCODE6","43.0104","Criminal Justice/Safety Studies"
"COST1_2024","CIPCODE6","43.0107","Criminal Justice/Police Science"
"COST1_2024","CIPCODE6","43.0109","Security and Loss Prevention Services"
"COST1_2024","CIPCODE6","43.0203","Fire Science/Fire-fighting"
"COST1_2024","CIPCODE6","43.9999","Homeland Security, Law Enforcement, Firefighting and Related Protective Services, Other"
"COST1_2024","CIPCODE6","44.0799","Social Work, Other"
"COST1_2024","CIPCODE6","46.0000","Construction Trades, General"
"COST1_2024","CIPCODE6","46.0101","Mason/Masonry"
"COST1_2024","CIPCODE6","46.0201","Carpentry/Carpenter"
"COST1_2024","CIPCODE6","46.0302","Electrician"
"COST1_2024","CIPCODE6","46.0303","Lineworker"
"COST1_2024","CIPCODE6","46.0399","Electrical and Power Transmission Installers, Other"
"COST1_2024","CIPCODE6","46.0401","Building/Property Maintenance"
"COST1_2024","CIPCODE6","46.0415","Building Construction Technology/Technician"
"COST1_2024","CIPCODE6","46.0502","Pipefitting/Pipefitter and Sprinkler Fitter"
"COST1_2024","CIPCODE6","46.0503","Plumbing Technology/Plumber"
"COST1_2024","CIPCODE6","47.0000","Mechanics and Repairers, General"
"COST1_2024","CIPCODE6","47.0101","Electrical/Electronics Equipment Installation and Repair Technology/Technician, General"
"COST1_2024","CIPCODE6","47.0104","Computer Installation and Repair Technology/Technician"
"COST1_2024","CIPCODE6","47.0105","Industrial Electronics Technology/Technician"
"COST1_2024","CIPCODE6","47.0201","Heating, Air Conditioning, Ventilation and Refrigeration Maintenance Technology/Technician"
"COST1_2024","CIPCODE6","47.0303","Industrial Mechanics and Maintenance Technology/Technician"
"COST1_2024","CIPCODE6","47.0399","Heavy/Industrial Equipment Maintenance Technologies/Technicians, Other"
"COST1_2024","CIPCODE6","47.0403","Locksmithing and Safe Repair"
"COST1_2024","CIPCODE6","47.0600","Vehicle Maintenance and Repair Technology/Technician, General"
"COST1_2024","CIPCODE6","47.0603","Autobody/Collision and Repair Technology/Technician"
"COST1_2024","CIPCODE6","47.0604","Automobile/Automotive Mechanics Technology/Technician"
"COST1_2024","CIPCODE6","47.0605","Diesel Mechanics Technology/Technician"
"COST1_2024","CIPCODE6","47.0606","Small Engine Mechanics and Repair Technology/Technician"
"COST1_2024","CIPCODE6","47.0607","Airframe Mechanics and Aircraft Maintenance Technology/Technician"
"COST1_2024","CIPCODE6","47.0608","Aircraft Powerplant Technology/Technician"
"COST1_2024","CIPCODE6","47.0611","Motorcycle Maintenance and Repair Technology/Technician"
"COST1_2024","CIPCODE6","47.0613","Medium/Heavy Vehicle and Truck Technology/Technician"
"COST1_2024","CIPCODE6","47.0615","Engine Machinist"
"COST1_2024","CIPCODE6","47.0616","Marine Maintenance/Fitter and Ship Repair Technology/Technician"
"COST1_2024","CIPCODE6","47.9999","Mechanic and Repair Technologies/Technicians, Other"
"COST1_2024","CIPCODE6","48.0303","Upholstery/Upholsterer"
"COST1_2024","CIPCODE6","48.0501","Machine Tool Technology/Machinist"
"COST1_2024","CIPCODE6","48.0503","Machine Shop Technology/Assistant"
"COST1_2024","CIPCODE6","48.0508","Welding Technology/Welder"
"COST1_2024","CIPCODE6","48.0510","Computer Numerically Controlled (CNC) Machinist Technology/CNC Machinist"
"COST1_2024","CIPCODE6","48.0511","Metal Fabricator"
"COST1_2024","CIPCODE6","48.0599","Precision Metal Working, Other"
"COST1_2024","CIPCODE6","48.0703","Cabinetmaking and Millwork"
"COST1_2024","CIPCODE6","49.0205","Truck and Bus Driver/Commercial Vehicle Operator and Instructor"
"COST1_2024","CIPCODE6","49.0206","Mobil Crane Operator/Operation"
"COST1_2024","CIPCODE6","50.0402","Commercial and Advertising Art"
"COST1_2024","CIPCODE6","50.0408","Interior Design"
"COST1_2024","CIPCODE6","50.0409","Graphic Design"
"COST1_2024","CIPCODE6","50.0506","Acting"
"COST1_2024","CIPCODE6","50.0713","Jewelry Arts"
"COST1_2024","CIPCODE6","51.0000","Health Services/Allied Health/Health Sciences, General"
"COST1_2024","CIPCODE6","51.0001","Health and Wellness, General"
"COST1_2024","CIPCODE6","51.0601","Dental Assisting/Assistant"
"COST1_2024","CIPCODE6","51.0602","Dental Hygiene/Hygienist"
"COST1_2024","CIPCODE6","51.0603","Dental Laboratory Technology/Technician"
"COST1_2024","CIPCODE6","51.0701","Health/Health Care Administration/Management"
"COST1_2024","CIPCODE6","51.0705","Medical Office Management/Administration"
"COST1_2024","CIPCODE6","51.0706","Health Information/Medical Records Administration/Administrator"
"COST1_2024","CIPCODE6","51.0707","Health Information/Medical Records Technology/Technician"
"COST1_2024","CIPCODE6","51.0710","Medical Office Assistant/Specialist"
"COST1_2024","CIPCODE6","51.0711","Medical/Health Management and Clinical Assistant/Specialist"
"COST1_2024","CIPCODE6","51.0713","Medical Insurance Coding Specialist/Coder"
"COST1_2024","CIPCODE6","51.0714","Medical Insurance Specialist/Medical Biller"
"COST1_2024","CIPCODE6","51.0716","Medical Administrative/Executive Assistant and Medical Secretary"
"COST1_2024","CIPCODE6","51.0799","Health and Medical Administrative Services, Other"
"COST1_2024","CIPCODE6","51.0801","Medical/Clinical Assistant"
"COST1_2024","CIPCODE6","51.0802","Clinical/Medical Laboratory Assistant"
"COST1_2024","CIPCODE6","51.0803","Occupational Therapist Assistant"
"COST1_2024","CIPCODE6","51.0805","Pharmacy Technician/Assistant"
"COST1_2024","CIPCODE6","51.0806","Physical Therapy Assistant"
"COST1_2024","CIPCODE6","51.0810","Emergency Care Attendant (EMT Ambulance)"
"COST1_2024","CIPCODE6","51.0812","Respiratory Therapy Technician/Assistant"
"COST1_2024","CIPCODE6","51.0899","Allied Health and Medical Assisting Services, Other"
"COST1_2024","CIPCODE6","51.0901","Cardiovascular Technology/Technologist"
"COST1_2024","CIPCODE6","51.0903","Electroneurodiagnostic/Electroencephalographic Technology/Technologist"
"COST1_2024","CIPCODE6","51.0904","Emergency Medical Technology/Technician (EMT Paramedic)"
"COST1_2024","CIPCODE6","51.0905","Nuclear Medical Technology/Technologist"
"COST1_2024","CIPCODE6","51.0907","Medical Radiologic Technology/Science - Radiation Therapist"
"COST1_2024","CIPCODE6","51.0908","Respiratory Care Therapy/Therapist"
"COST1_2024","CIPCODE6","51.0909","Surgical Technology/Technologist"
"COST1_2024","CIPCODE6","51.0910","Diagnostic Medical Sonography/Sonographer and Ultrasound Technician"
"COST1_2024","CIPCODE6","51.0911","Radiologic Technology/Science - Radiographer"
"COST1_2024","CIPCODE6","51.0917","Polysomnography"
"COST1_2024","CIPCODE6","51.0920","Magnetic Resonance Imaging (MRI) Technology/Technician"
"COST1_2024","CIPCODE6","51.0999","Allied Health Diagnostic, Intervention, and Treatment Professions, Other"
"COST1_2024","CIPCODE6","51.1004","Clinical/Medical Laboratory Technician"
"COST1_2024","CIPCODE6","51.1009","Phlebotomy Technician/Phlebotomist"
"COST1_2024","CIPCODE6","51.1011","Renal/Dialysis Technologist/Technician"
"COST1_2024","CIPCODE6","51.1012","Sterile Processing Technology/Technician"
"COST1_2024","CIPCODE6","51.1502","Psychiatric/Mental Health Services Technician"
"COST1_2024","CIPCODE6","51.2211","Health Services Administration"
"COST1_2024","CIPCODE6","51.2602","Home Health Aide/Home Attendant"
"COST1_2024","CIPCODE6","51.2603","Medication Aide"
"COST1_2024","CIPCODE6","51.2604","Rehabilitation Aide"
"COST1_2024","CIPCODE6","51.3305","Ayurvedic Medicine/Ayurveda"
"COST1_2024","CIPCODE6","51.3306","Holistic/Integrative Health"
"COST1_2024","CIPCODE6","51.3501","Massage Therapy/Therapeutic Massage"
"COST1_2024","CIPCODE6","51.3801","Registered Nursing/Registered Nurse"
"COST1_2024","CIPCODE6","51.3805","Family Practice Nurse/Nursing"
"COST1_2024","CIPCODE6","51.3901","Licensed Practical/Vocational Nurse Training"
"COST1_2024","CIPCODE6","51.3902","Nursing Assistant/Aide and Patient Care Assistant/Aide"
"COST1_2024","CIPCODE6","51.3999","Practical Nursing, Vocational Nursing and Nursing Assistants, Other"
"COST1_2024","CIPCODE6","52.0201","Business Administration and Management, General"
"COST1_2024","CIPCODE6","52.0203","Logistics, Materials, and Supply Chain Management"
"COST1_2024","CIPCODE6","52.0211","Project Management"
"COST1_2024","CIPCODE6","52.0299","Business Administration, Management and Operations, Other"
"COST1_2024","CIPCODE6","52.0302","Accounting Technology/Technician and Bookkeeping"
"COST1_2024","CIPCODE6","52.0401","Administrative Assistant and Secretarial Science, General"
"COST1_2024","CIPCODE6","52.0402","Executive Assistant/Executive Secretary"
"COST1_2024","CIPCODE6","52.0408","General Office Occupations and Clerical Services"
"COST1_2024","CIPCODE6","52.0803","Banking and Financial Support Services"
"COST1_2024","CIPCODE6","52.1001","Human Resources Management/Personnel Administration, General"
"COST1_2024","CIPCODE6","52.1501","Real Estate"
"COST1_2024","CIPCODE6","52.1803","Retailing and Retail Operations"
"COST1_2024","CIPCODE6","-2","Not applicable"
"COST1_2024","PRGMSR6","1","Contact hours"
"COST1_2024","PRGMSR6","2","Credit hours"
"COST1_2024","PRGMSR6","-1","Not reported"
"COST1_2024","PRGMSR6","-2","Not applicable"
"COST1_2024","ALLONCAM","1","Yes"
"COST1_2024","ALLONCAM","2","No"
"COST1_2024","ALLONCAM","-1","Not reported"
"COST1_2024","ALLONCAM","-2","Not applicable"
"COST1_2024","TUITPL","1","Yes"
"COST1_2024","TUITPL","2","No"
"COST1_2024","TUITPL","-1","Not reported"
"COST1_2024","TUITPL","-2","Not applicable"
"COST1_2024","TUITPL1","1","Yes"
"COST1_2024","TUITPL1","0","Implied no"
"COST1_2024","TUITPL1","-1","Not reported"
"COST1_2024","TUITPL1","-2","Not applicable"
"COST1_2024","TUITPL2","1","Yes"
"COST1_2024","TUITPL2","0","Implied no"
"COST1_2024","TUITPL2","-1","Not reported"
"COST1_2024","TUITPL2","-2","Not applicable"
"COST1_2024","TUITPL3","1","Yes"
"COST1_2024","TUITPL3","0","Implied no"
"COST1_2024","TUITPL3","-1","Not reported"
"COST1_2024","TUITPL3","-2","Not applicable"
"COST1_2024","TUITPL4","1","Yes"
"COST1_2024","TUITPL4","0","Implied no"
"COST1_2024","TUITPL4","-1","Not reported"
"COST1_2024","TUITPL4","-2","Not applicable"
"COST1_2024","APPFEEUW","1","Yes"
"COST1_2024","APPFEEUW","0","No"
"COST1_2024","APPFEEUW","-2","Not applicable"
"COST1_2024","APPFEEUW","-1","Not reported"
"COST1_2024","APPFEEGW","1","Yes"
"COST1_2024","APPFEEGW","0","No"
"COST1_2024","APPFEEGW","-2","Not applicable"
"COST1_2024","APPFEEGW","-1","Not reported"
"COST1_2024","APPFEEDW","1","Yes"
"COST1_2024","APPFEEDW","0","No"
"COST1_2024","APPFEEDW","-2","Not applicable"
"COST1_2024","APPFEEDW","-1","Not reported"
"COST1_2024","FAFSAQ1","1","Yes"
"COST1_2024","FAFSAQ1","2","No"
"COST1_2024","FAFSAQ1","-2","Not applicable"
"COST1_2024","FAFSAQ1","-1","Not reported"
"COST1_2024","FAFSAQ2","1","Yes"
"COST1_2024","FAFSAQ2","2","No"
"COST1_2024","FAFSAQ2","-2","Not applicable"
"COST1_2024","FAFSAQ2","-1","Not reported"
"COST1_2024","PRMPGM","1","Yes"
"COST1_2024","PRMPGM","2","No"
"COST1_2024","PRMPGM","-1","Not reported"
"COST1_2024","PRMPGM","-2","Not applicable"
"Carnegie2025","IC2025","1","Mixed Associate Large"
"Carnegie2025","IC2025","2","Mixed Associate Medium"
"Carnegie2025","IC2025","3","Mixed Associate Small"
"Carnegie2025","IC2025","4","Mixed Associate/Baccalaureate"
"Carnegie2025","IC2025","5","Mixed Baccalaureate"
"Carnegie2025","IC2025","6","Mixed Undergraduate/Graduate-Doctorate Large"
"Carnegie2025","IC2025","7","Mixed Undergraduate/Graduate-Doctorate Medium"
"Carnegie2025","IC2025","8","Mixed Undergraduate/Graduate-Doctorate Small"
"Carnegie2025","IC2025","9","Mixed Undergraduate/Graduate-Master's Large/Medium"
"Carnegie2025","IC2025","10","Mixed Undergraduate/Graduate-Master's Small"
"Carnegie2025","IC2025","11","Professions-focused Associate Large/Medium"
"Carnegie2025","IC2025","12","Professions-focused Associate Small"
"Carnegie2025","IC2025","13","Professions-focused Associate/Baccalaureate"
"Carnegie2025","IC2025","14","Professions-focused Baccalaureate Medium"
"Carnegie2025","IC2025","15","Professions-focused Baccalaureate Small"
"Carnegie2025","IC2025","16","Professions-focused Undergraduate/Graduate-Doctorate Large"
"Carnegie2025","IC2025","17","Professions-focused Undergraduate/Graduate-Doctorate Medium"
"Carnegie2025","IC2025","18","Professions-focused Undergraduate/Graduate-Doctorate Small"
"Carnegie2025","IC2025","19","Professions-focused Undergraduate/Graduate-Master's Large/Medium"
"Carnegie2025","IC2025","20","Professions-focused Undergraduate/Graduate-Master's Small"
"Carnegie2025","IC2025","21","Special Focus: Applied and Career Studies"
"Carnegie2025","IC2025","22","Special Focus: Arts and Sciences"
"Carnegie2025","IC2025","23","Special Focus: Arts, Music, and Design"
"Carnegie2025","IC2025","24","Special Focus: Business"
"Carnegie2025","IC2025","25","Special Focus: Graduate Studies"
"Carnegie2025","IC2025","26","Special Focus: Law"
"Carnegie2025","IC2025","27","Special Focus: Medical Schools and Centers"
"Carnegie2025","IC2025","28","Special Focus: Nursing"
"Carnegie2025","IC2025","29","Special Focus: Other Health Professions"
"Carnegie2025","IC2025","30","Special Focus: Technology, Engineering, and Sciences"
"Carnegie2025","IC2025","31","Special Focus: Theological Studies"
"Carnegie2025","SAEC2025","1","Lower Access, Lower Earnings"
"Carnegie2025","SAEC2025","2","Higher Access, Lower Earnings"
"Carnegie2025","SAEC2025","3","Lower Access, Medium Earnings"
"Carnegie2025","SAEC2025","4","Higher Access, Medium Earnings"
"Carnegie2025","SAEC2025","5","Lower Access, Higher Earnings"
"Carnegie2025","SAEC2025","6","Opportunity Colleges and Universities – Higher Access, Higher Earnings"
"Carnegie2025","SAEC2025","-2","Not Classified in SAEC"
"Carnegie2025","RESEARCH2025","1","Research 1: Very High Spending and Doctorate Production"
"Carnegie2025","RESEARCH2025","2","Research 2: High Spending and Doctorate Production"
"Carnegie2025","RESEARCH2025","3","Research Colleges and Universities"
"Carnegie2025","RESEARCH2025","-2","No research designation"
"Carnegie2025","APPEAL","1","Revised Academic Program Mix or Graduate Academic Program Mix"
"Carnegie2025","APPEAL","2","Adopted Graduate Academic Program Mix for the Instiutional Classification"
"Carnegie2025","APPEAL","3","Revised Award Level Focus"
"Carnegie2025","APPEAL","4","Other Appeal Granted"
"Carnegie2025","APPEAL","5","Name or Institution Location Changed from 2022-23 IPEDS Record"
"Carnegie2025","SAECVISGROUP","1","Primarily Associate"
"Carnegie2025","SAECVISGROUP","2","Baccalaureate and Above"
"Carnegie2025","SAECVISGROUP","3","Special Focus Mixed Levels"
"Carnegie2025","SAECVISGROUP","-2","Not included in the SAEC visualization"
"Carnegie2025","CONTROL","1","Public"
"Carnegie2025","CONTROL","2","Private not-for-profit"
"Carnegie2025","CONTROL","3","Private for-profit"
"Carnegie2025","HBCU","0","No"
"Carnegie2025","HBCU","1","Yes"
"Carnegie2025","PBI","0","No"
"Carnegie2025","PBI","1","Yes"
"Carnegie2025","ANNHSI","0","No"
"Carnegie2025","ANNHSI","1","Yes"
"Carnegie2025","TRIBAL","0","No"
"Carnegie2025","TRIBAL","1","Yes"
"Carnegie2025","AANAPISI","0","No"
"Carnegie2025","AANAPISI","1","Yes"
"Carnegie2025","HSI","0","No"
"Carnegie2025","HSI","1","Yes"
"Carnegie2025","NASNTI","0","No"
"Carnegie2025","NASNTI","1","Yes"
"Carnegie2025","LANDGRANT","1","Yes"
"Carnegie2025","LANDGRANT","2","No"
"Carnegie2025","WOMENONLY","0","No"
"Carnegie2025","WOMENONLY","1","Yes"
"Carnegie2025","MEDICAL","0","No"
"Carnegie2025","MEDICAL","1","Yes"
"Carnegie2025","RPU","0","No"
"Carnegie2025","RPU","1","Yes"
"Carnegie2025","CCE","0","Not classified"
"Carnegie2025","CCE","1","Classified"
"Carnegie2025","LPP","0","Not classified"
"Carnegie2025","LPP","1","Classified"
"Carnegie2025","BASIC2021","-2","Not classified, not in classification universe"
"Carnegie2025","BASIC2021","1","Associate's Colleges: High Transfer-High Traditional"
"Carnegie2025","BASIC2021","2","Associate's Colleges: High Transfer-Mixed Traditional/Nontraditional"
"Carnegie2025","BASIC2021","3","Associate's Colleges: High Transfer-High Nontraditional"
"Carnegie2025","BASIC2021","4","Associate's Colleges: Mixed Transfer/Career & Technical-High Traditional"
"Carnegie2025","BASIC2021","5","Associate's Colleges: Mixed Transfer/Career & Technical-Mixed Traditional/Nontraditional"
"Carnegie2025","BASIC2021","6","Associate's Colleges: Mixed Transfer/Career & Technical-High Nontraditional"
"Carnegie2025","BASIC2021","7","Associate's Colleges: High Career & Technical-High Traditional"
"Carnegie2025","BASIC2021","8","Associate's Colleges: High Career & Technical-Mixed Traditional/Nontraditional"
"Carnegie2025","BASIC2021","9","Associate's Colleges: High Career & Technical-High Nontraditional"
"Carnegie2025","BASIC2021","10","Special Focus Two-Year: Health Professions"
"Carnegie2025","BASIC2021","11","Special Focus Two-Year: Technical Professions"
"Carnegie2025","BASIC2021","12","Special Focus Two-Year: Arts & Design"
"Carnegie2025","BASIC2021","13","Special Focus Two-Year: Other Fields"
"Carnegie2025","BASIC2021","14","Baccalaureate/Associate's Colleges: Associate's Dominant"
"Carnegie2025","BASIC2021","15","Doctoral Universities: Very High Research Activity"
"Carnegie2025","BASIC2021","16","Doctoral Universities: High Research Activity"
"Carnegie2025","BASIC2021","17","Doctoral/Professional Universities"
"Carnegie2025","BASIC2021","18","Master's Colleges & Universities: Larger Programs"
"Carnegie2025","BASIC2021","19","Master's Colleges & Universities: Medium Programs"
"Carnegie2025","BASIC2021","20","Master's Colleges & Universities: Small Programs"
"Carnegie2025","BASIC2021","21","Baccalaureate Colleges: Arts & Sciences Focus"
"Carnegie2025","BASIC2021","22","Baccalaureate Colleges: Diverse Fields"
"Carnegie2025","BASIC2021","23","Baccalaureate/Associate's Colleges: Mixed Baccalaureate/Associate's"
"Carnegie2025","BASIC2021","24","Special Focus Four-Year: Faith-Related Institutions"
"Carnegie2025","BASIC2021","25","Special Focus Four-Year: Medical Schools & Centers"
"Carnegie2025","BASIC2021","26","Special Focus Four-Year: Other Health Professions Schools"
"Carnegie2025","BASIC2021","27","Special Focus Four-Year: Research Institution"
"Carnegie2025","BASIC2021","28","Special Focus Four-Year: Engineering and Other Technology-Related Schools"
"Carnegie2025","BASIC2021","29","Special Focus Four-Year: Business & Management Schools"
"Carnegie2025","BASIC2021","30","Special Focus Four-Year: Arts, Music & Design Schools"
"Carnegie2025","BASIC2021","31","Special Focus Four-Year: Law Schools"
"Carnegie2025","BASIC2021","32","Special Focus Four-Year: Other Special Focus Institutions"
"Carnegie2025","BASIC2021","33","Tribal Colleges and Universities"
"Carnegie2025","IC2025SIZE","1","Very Small"
"Carnegie2025","IC2025SIZE","2","Small"
"Carnegie2025","IC2025SIZE","3","Medium"
"Carnegie2025","IC2025SIZE","4","Large"
"Carnegie2025","IC2025SIZE","5","Very Large"
"Carnegie2025","IC2025ALF","1","Associate"
"Carnegie2025","IC2025ALF","2","Associate/Baccalaureate"
"Carnegie2025","IC2025ALF","3","Baccalaureate"
"Carnegie2025","IC2025ALF","4","Undergraduate/Graduate-Master's"
"Carnegie2025","IC2025ALF","5","Undergraduate/Graduate-Doctorate"
"Carnegie2025","IC2025ALF","6","Graduate-focused"
"Carnegie2025","SETTING2025","9","Graduate-focused"
"Carnegie2025","SETTING2025","1","Highly residental"
"Carnegie2025","SETTING2025","7","Mostly full-time, not residential"
"Carnegie2025","SETTING2025","8","Mostly part-time, not residential"
"Carnegie2025","SETTING2025","6","Online and on-campus learning"
"Carnegie2025","SETTING2025","4","Primarily non-residential"
"Carnegie2025","SETTING2025","5","Primarily online"
"Carnegie2025","SETTING2025","2","Primarily residential"
"Carnegie2025","SETTING2025","3","Residential"
"Carnegie2025","HIGHEST_DEGREE_2025","1","Associate"
"Carnegie2025","HIGHEST_DEGREE_2025","2","Bachelor's"
"Carnegie2025","HIGHEST_DEGREE_2025","3","Master's"
"Carnegie2025","HIGHEST_DEGREE_2025","4","Doctorate"
"Carnegie2025","APM","-2","Not classified"
"Carnegie2025","APM","1","Mixed"
"Carnegie2025","APM","2","Professions-focused"
"Carnegie2025","APM","3","SF Applied and Career Studies"
"Carnegie2025","APM","4","SF Arts and Sciences"
"Carnegie2025","APM","5","SF Arts, Music, and Design"
"Carnegie2025","APM","6","SF Business"
"Carnegie2025","APM","7","SF Law"
"Carnegie2025","APM","8","SF Medical Schools and Centers"
"Carnegie2025","APM","9","SF Nursing"
"Carnegie2025","APM","10","SF Other Health Professions"
"Carnegie2025","APM","11","SF Technology, Engineering, and Sciences"
"Carnegie2025","APM","12","SF Theological Studies"
"Carnegie2025","GPM","-2","Not classified"
"Carnegie2025","GPM","1","Mixed"
"Carnegie2025","GPM","2","Professions-focused"
"Carnegie2025","GPM","3","SF Applied and Career Studies"
"Carnegie2025","GPM","4","SF Arts and Sciences"
"Carnegie2025","GPM","5","SF Arts, Music, and Design"
"Carnegie2025","GPM","6","SF Business"
"Carnegie2025","GPM","7","SF Law"
"Carnegie2025","GPM","8","SF Medical Schools and Centers"
"Carnegie2025","GPM","9","SF Nursing"
"Carnegie2025","GPM","10","SF Other Health Professions"
"Carnegie2025","GPM","11","SF Technology, Engineering, and Sciences"
"Carnegie2025","GPM","12","SF Theological Studies"
